record_id,stock_code,company_short,source_file,source_record_no,pdf_page,time_point,equity_structure_scope,shareholder_name,investor_type_auto,shares_held_wan,capital_contribution_wan,shareholding_ratio_pct,total_shares_wan,total_capital_wan,source_evidence,auto_flags
AUTO-SNAP-001282-001,001282,三联锻造,001282_三联锻造.jsonl,14,30,2004-06-18设立后,有限公司注册资本,孙国奉,自然人/其他,,175.0,35.0,,500.0,三联有限设立时出资结构如下：孙国奉，注册资本175.00万元，出资比例35.00%，出资方式实物（机器设备），出资状态实缴出资；孙国敏，注册资本162.50万元（货币52.50万元+实物100.00万元+债权10.00万元），出资比例32.50%；张松满，注册资本162.50万元（货币57.50万元+实物105.00万元），出资比例32.50%。合计500.00万元。,
AUTO-SNAP-001282-002,001282,三联锻造,001282_三联锻造.jsonl,15,30,2004-06-18设立后,有限公司注册资本,孙国敏,自然人/其他,,162.5,32.5,,500.0,三联有限设立时出资结构如下：孙国奉，注册资本175.00万元，出资比例35.00%，出资方式实物（机器设备），出资状态实缴出资；孙国敏，注册资本162.50万元（货币52.50万元+实物100.00万元+债权10.00万元），出资比例32.50%；张松满，注册资本162.50万元（货币57.50万元+实物105.00万元），出资比例32.50%。合计500.00万元。,
AUTO-SNAP-001282-003,001282,三联锻造,001282_三联锻造.jsonl,16,30,2004-06-18设立后,有限公司注册资本,张松满,自然人/其他,,162.5,32.5,,500.0,三联有限设立时出资结构如下：孙国奉，注册资本175.00万元，出资比例35.00%，出资方式实物（机器设备），出资状态实缴出资；孙国敏，注册资本162.50万元（货币52.50万元+实物100.00万元+债权10.00万元），出资比例32.50%；张松满，注册资本162.50万元（货币57.50万元+实物105.00万元），出资比例32.50%。合计500.00万元。,
AUTO-SNAP-001282-004,001282,三联锻造,001282_三联锻造.jsonl,17,33,2007-12增资后,有限公司注册资本,温州三联锻造有限公司,产业资本/法人股东,,620.0,31.0,,2000.0,"三联有限增资1,500万元，其中由温州三联出资620万元，张爱连出资400万元，孙娟丽出资380万元，孙国奉出资100万元。2007年12月，三联有限第一次增资，注册资本：2,000万元。股权结构：温州三联31.00%，张爱连20.00%，孙娟丽19.00%，孙国奉13.75%，孙国敏8.13%，张松满8.13%。",
AUTO-SNAP-001282-005,001282,三联锻造,001282_三联锻造.jsonl,18,33,2007-12增资后,有限公司注册资本,张爱连,自然人/其他,,400.0,20.0,,2000.0,"三联有限增资1,500万元，其中由温州三联出资620万元，张爱连出资400万元，孙娟丽出资380万元，孙国奉出资100万元。2007年12月，三联有限第一次增资，注册资本：2,000万元。股权结构：温州三联31.00%，张爱连20.00%，孙娟丽19.00%，孙国奉13.75%，孙国敏8.13%，张松满8.13%。",
AUTO-SNAP-001282-006,001282,三联锻造,001282_三联锻造.jsonl,19,33,2007-12增资后,有限公司注册资本,孙娟丽,自然人/其他,,380.0,19.0,,2000.0,"三联有限增资1,500万元，其中由温州三联出资620万元，张爱连出资400万元，孙娟丽出资380万元，孙国奉出资100万元。2007年12月，三联有限第一次增资，注册资本：2,000万元。股权结构：温州三联31.00%，张爱连20.00%，孙娟丽19.00%，孙国奉13.75%，孙国敏8.13%，张松满8.13%。",
AUTO-SNAP-001282-007,001282,三联锻造,001282_三联锻造.jsonl,20,33,2007-12增资后,有限公司注册资本,孙国奉,自然人/其他,,275.0,13.75,,2000.0,"三联有限增资1,500万元，其中由温州三联出资620万元，张爱连出资400万元，孙娟丽出资380万元，孙国奉出资100万元。2007年12月，三联有限第一次增资，注册资本：2,000万元。股权结构：温州三联31.00%，张爱连20.00%，孙娟丽19.00%，孙国奉13.75%，孙国敏8.13%，张松满8.13%。",
AUTO-SNAP-001282-008,001282,三联锻造,001282_三联锻造.jsonl,21,33,2007-12增资后,有限公司注册资本,孙国敏,自然人/其他,,162.5,8.13,,2000.0,"三联有限增资1,500万元，其中由温州三联出资620万元，张爱连出资400万元，孙娟丽出资380万元，孙国奉出资100万元。2007年12月，三联有限第一次增资，注册资本：2,000万元。股权结构：温州三联31.00%，张爱连20.00%，孙娟丽19.00%，孙国奉13.75%，孙国敏8.13%，张松满8.13%。",
AUTO-SNAP-001282-009,001282,三联锻造,001282_三联锻造.jsonl,22,33,2007-12增资后,有限公司注册资本,张松满,自然人/其他,,162.5,8.13,,2000.0,"三联有限增资1,500万元，其中由温州三联出资620万元，张爱连出资400万元，孙娟丽出资380万元，孙国奉出资100万元。2007年12月，三联有限第一次增资，注册资本：2,000万元。股权结构：温州三联31.00%，张爱连20.00%，孙娟丽19.00%，孙国奉13.75%，孙国敏8.13%，张松满8.13%。",
AUTO-SNAP-001282-010,001282,三联锻造,001282_三联锻造.jsonl,23,33,2014-05增资后,有限公司注册资本,孙国奉,自然人/其他,,3325.0,66.5,,5000.0,"三联有限增资3,000万元，其中由孙国奉出资1,995万元，张松满出资1,005万元。2014年5月，三联有限第二次增资，注册资本：5,000万元。股权结构：孙国奉66.50%，张松满33.50%。",
AUTO-SNAP-001282-011,001282,三联锻造,001282_三联锻造.jsonl,24,33,2014-05增资后,有限公司注册资本,张松满,自然人/其他,,1675.0,33.5,,5000.0,"三联有限增资3,000万元，其中由孙国奉出资1,995万元，张松满出资1,005万元。2014年5月，三联有限第二次增资，注册资本：5,000万元。股权结构：孙国奉66.50%，张松满33.50%。",
AUTO-SNAP-001282-012,001282,三联锻造,001282_三联锻造.jsonl,25,33,2017-02增资后,有限公司注册资本,孙国奉,自然人/其他,,3325.0,54.06,,6150.0,"三联有限增资1,150万元，由高新同华出资1,150万元。2017年2月，三联有限第三次增资，注册资本：6,150万元。股权结构：孙国奉54.06%，张松满27.24%，高新同华18.70%。",
AUTO-SNAP-001282-013,001282,三联锻造,001282_三联锻造.jsonl,26,33,2017-02增资后,有限公司注册资本,张松满,自然人/其他,,1675.0,27.24,,6150.0,"三联有限增资1,150万元，由高新同华出资1,150万元。2017年2月，三联有限第三次增资，注册资本：6,150万元。股权结构：孙国奉54.06%，张松满27.24%，高新同华18.70%。",
AUTO-SNAP-001282-014,001282,三联锻造,001282_三联锻造.jsonl,27,33,2017-02增资后,有限公司注册资本,安徽高新同华创业投资基金（有限合伙）,PE/VC或私募基金,,1150.0,18.7,,6150.0,"三联有限增资1,150万元，由高新同华出资1,150万元。2017年2月，三联有限第三次增资，注册资本：6,150万元。股权结构：孙国奉54.06%，张松满27.24%，高新同华18.70%。",
AUTO-SNAP-001282-015,001282,三联锻造,001282_三联锻造.jsonl,28,34,2017-11增资后,有限公司注册资本,孙国奉,自然人/其他,,4655.0,57.12,,8150.0,"三联有限增资2,000万元，三联有限将未分配利润2,000万元向孙国奉、张松满定向转增注册资本，其中孙国奉定向转增1,330万元，张松满定向转增670万元。2017年11月，三联有限第四次增资，注册资本：8,150万元。股权结构：孙国奉57.12%，张松满28.77%，高新同华14.11%。",
AUTO-SNAP-001282-016,001282,三联锻造,001282_三联锻造.jsonl,29,34,2017-11增资后,有限公司注册资本,张松满,自然人/其他,,2345.0,28.77,,8150.0,"三联有限增资2,000万元，三联有限将未分配利润2,000万元向孙国奉、张松满定向转增注册资本，其中孙国奉定向转增1,330万元，张松满定向转增670万元。2017年11月，三联有限第四次增资，注册资本：8,150万元。股权结构：孙国奉57.12%，张松满28.77%，高新同华14.11%。",
AUTO-SNAP-001282-017,001282,三联锻造,001282_三联锻造.jsonl,30,34,2017-11增资后,有限公司注册资本,安徽高新同华创业投资基金（有限合伙）,PE/VC或私募基金,,1150.0,14.11,,8150.0,"三联有限增资2,000万元，三联有限将未分配利润2,000万元向孙国奉、张松满定向转增注册资本，其中孙国奉定向转增1,330万元，张松满定向转增670万元。2017年11月，三联有限第四次增资，注册资本：8,150万元。股权结构：孙国奉57.12%，张松满28.77%，高新同华14.11%。",
AUTO-SNAP-001282-018,001282,三联锻造,001282_三联锻造.jsonl,31,37,t0/报告期初,股份公司总股本（发行前）,孙国奉,自然人/其他,2287.0,2287.0,26.91,8498.0,8498.0,"本次增资完成后，公司股本结构如下：孙国奉，持股数量2,287.00万股，持股比例26.91%；张一衡，持股数量2,275.00万股，持股比例26.77%；孙国敏，持股数量2,275.00万股，持股比例26.77%；高新同华，持股数量1,150.00万股，持股比例13.53%；三联合伙，持股数量348.00万股，持股比例4.10%；孙仁豪，持股数量163.00万股，持股比例1.92%。合计8,498.00万股。",
AUTO-SNAP-001282-019,001282,三联锻造,001282_三联锻造.jsonl,32,37,t0/报告期初,股份公司总股本（发行前）,张一衡,自然人/其他,2275.0,2275.0,26.77,8498.0,8498.0,"本次增资完成后，公司股本结构如下：孙国奉，持股数量2,287.00万股，持股比例26.91%；张一衡，持股数量2,275.00万股，持股比例26.77%；孙国敏，持股数量2,275.00万股，持股比例26.77%；高新同华，持股数量1,150.00万股，持股比例13.53%；三联合伙，持股数量348.00万股，持股比例4.10%；孙仁豪，持股数量163.00万股，持股比例1.92%。合计8,498.00万股。",
AUTO-SNAP-001282-020,001282,三联锻造,001282_三联锻造.jsonl,33,37,t0/报告期初,股份公司总股本（发行前）,孙国敏,自然人/其他,2275.0,2275.0,26.77,8498.0,8498.0,"本次增资完成后，公司股本结构如下：孙国奉，持股数量2,287.00万股，持股比例26.91%；张一衡，持股数量2,275.00万股，持股比例26.77%；孙国敏，持股数量2,275.00万股，持股比例26.77%；高新同华，持股数量1,150.00万股，持股比例13.53%；三联合伙，持股数量348.00万股，持股比例4.10%；孙仁豪，持股数量163.00万股，持股比例1.92%。合计8,498.00万股。",
AUTO-SNAP-001282-021,001282,三联锻造,001282_三联锻造.jsonl,34,37,t0/报告期初,股份公司总股本（发行前）,安徽高新同华创业投资基金（有限合伙）,PE/VC或私募基金,1150.0,1150.0,13.53,8498.0,8498.0,"本次增资完成后，公司股本结构如下：孙国奉，持股数量2,287.00万股，持股比例26.91%；张一衡，持股数量2,275.00万股，持股比例26.77%；孙国敏，持股数量2,275.00万股，持股比例26.77%；高新同华，持股数量1,150.00万股，持股比例13.53%；三联合伙，持股数量348.00万股，持股比例4.10%；孙仁豪，持股数量163.00万股，持股比例1.92%。合计8,498.00万股。",
AUTO-SNAP-001282-022,001282,三联锻造,001282_三联锻造.jsonl,35,37,t0/报告期初,股份公司总股本（发行前）,芜湖三联控股合伙企业（有限合伙）,合伙企业-待复核,348.0,348.0,4.1,8498.0,8498.0,"本次增资完成后，公司股本结构如下：孙国奉，持股数量2,287.00万股，持股比例26.91%；张一衡，持股数量2,275.00万股，持股比例26.77%；孙国敏，持股数量2,275.00万股，持股比例26.77%；高新同华，持股数量1,150.00万股，持股比例13.53%；三联合伙，持股数量348.00万股，持股比例4.10%；孙仁豪，持股数量163.00万股，持股比例1.92%。合计8,498.00万股。",
AUTO-SNAP-001282-023,001282,三联锻造,001282_三联锻造.jsonl,36,37,t0/报告期初,股份公司总股本（发行前）,孙仁豪,自然人/其他,163.0,163.0,1.92,8498.0,8498.0,"本次增资完成后，公司股本结构如下：孙国奉，持股数量2,287.00万股，持股比例26.91%；张一衡，持股数量2,275.00万股，持股比例26.77%；孙国敏，持股数量2,275.00万股，持股比例26.77%；高新同华，持股数量1,150.00万股，持股比例13.53%；三联合伙，持股数量348.00万股，持股比例4.10%；孙仁豪，持股数量163.00万股，持股比例1.92%。合计8,498.00万股。",
AUTO-SNAP-301563-001,301563,云汉芯城,301563_云汉芯城.jsonl,36,55,t0/整体变更设立股份公司（2015-12-03）,"整体变更后股本总额4,000万股",曾烨,自然人/其他,1779.2,1779.2,44.48,4000.0,4000.0,序号1 曾烨，持股数量17792000股，持股比例44.48%。,
AUTO-SNAP-301563-002,301563,云汉芯城,301563_云汉芯城.jsonl,37,55,t0/整体变更设立股份公司（2015-12-03）,"整体变更后股本总额4,000万股",刘云锋,自然人/其他,741.336,741.336,18.53,4000.0,4000.0,序号2 刘云锋，持股数量7413360股，持股比例18.53%。,
AUTO-SNAP-301563-003,301563,云汉芯城,301563_云汉芯城.jsonl,38,55,t0/整体变更设立股份公司（2015-12-03）,"整体变更后股本总额4,000万股",武汉力源信息技术股份有限公司,产业资本/法人股东,500.4,500.4,12.51,4000.0,4000.0,序号3 武汉力源信息技术股份有限公司，持股数量5004000股，持股比例12.51%。,
AUTO-SNAP-301563-004,301563,云汉芯城,301563_云汉芯城.jsonl,39,55,t0/整体变更设立股份公司（2015-12-03）,"整体变更后股本总额4,000万股",芜湖富海浩研创业投资基金（有限合伙）,PE/VC或私募基金,283.532,283.532,7.09,4000.0,4000.0,序号4 芜湖富海浩研创业投资基金（有限合伙），持股数量2835320股，持股比例7.09%。,
AUTO-SNAP-301563-005,301563,云汉芯城,301563_云汉芯城.jsonl,40,55,t0/整体变更设立股份公司（2015-12-03）,"整体变更后股本总额4,000万股",东方富海（上海）创业投资企业（有限合伙）,PE/VC或私募基金,250.2,250.2,6.26,4000.0,4000.0,序号5 东方富海（上海）创业投资企业（有限合伙），持股数量2502000股，持股比例6.26%。,
AUTO-SNAP-301563-006,301563,云汉芯城,301563_云汉芯城.jsonl,41,55,t0/整体变更设立股份公司（2015-12-03）,"整体变更后股本总额4,000万股",上海为赛投资管理中心（有限合伙）,合伙企业-待复核,185.336,185.336,4.63,4000.0,4000.0,序号6 上海为赛投资管理中心（有限合伙），持股数量1853360股，持股比例4.63%。,
AUTO-SNAP-301563-007,301563,云汉芯城,301563_云汉芯城.jsonl,42,55,t0/整体变更设立股份公司（2015-12-03）,"整体变更后股本总额4,000万股",深圳市创新投资集团有限公司,产业资本/法人股东,93.332,93.332,2.33,4000.0,4000.0,序号7 深圳市创新投资集团有限公司，持股数量933319股，持股比例2.33%。,
AUTO-SNAP-301563-008,301563,云汉芯城,301563_云汉芯城.jsonl,43,55,t0/整体变更设立股份公司（2015-12-03）,"整体变更后股本总额4,000万股",丰利财富（北京）国际资本管理股份有限公司,产业资本/法人股东,66.668,66.668,1.67,4000.0,4000.0,序号8 丰利财富（北京）国际资本管理股份有限公司，持股数量666680股，持股比例1.67%。,
AUTO-SNAP-301563-009,301563,云汉芯城,301563_云汉芯城.jsonl,44,55,t0/整体变更设立股份公司（2015-12-03）,"整体变更后股本总额4,000万股",镇江红土创业投资有限公司,PE/VC或私募基金,33.332,33.332,0.83,4000.0,4000.0,序号9 镇江红土创业投资有限公司，持股数量333320股，持股比例0.83%。,
AUTO-SNAP-301563-010,301563,云汉芯城,301563_云汉芯城.jsonl,45,55,t0/整体变更设立股份公司（2015-12-03）,"整体变更后股本总额4,000万股",昆山红土高新创业投资有限公司,PE/VC或私募基金,33.332,33.332,0.83,4000.0,4000.0,序号10 昆山红土高新创业投资有限公司，持股数量333320股，持股比例0.83%。,
AUTO-SNAP-301563-011,301563,云汉芯城,301563_云汉芯城.jsonl,46,55,t0/整体变更设立股份公司（2015-12-03）,"整体变更后股本总额4,000万股",富海深湾（深圳）移动创新私募创业投资基金合伙企业（有限合伙）,PE/VC或私募基金,33.332,33.332,0.83,4000.0,4000.0,序号11 富海深湾（深圳）移动创新私募创业投资基金合伙企业（有限合伙），持股数量333320股，持股比例0.83%。,
AUTO-SNAP-301563-012,301563,云汉芯城,301563_云汉芯城.jsonl,47,59,2018年4月第一次股权转让后,"股本总额4,000万股（仅股权转让，股本不变）",曾烨,自然人/其他,1779.2,1779.2,44.48,4000.0,4000.0,序号1 曾烨，持股数量17792000股，持股比例44.48%。,
AUTO-SNAP-301563-013,301563,云汉芯城,301563_云汉芯城.jsonl,48,59,2018年4月第一次股权转让后,"股本总额4,000万股（仅股权转让，股本不变）",刘云锋,自然人/其他,741.336,741.336,18.53,4000.0,4000.0,序号2 刘云锋，持股数量7413360股，持股比例18.53%。,
AUTO-SNAP-301563-014,301563,云汉芯城,301563_云汉芯城.jsonl,49,59,2018年4月第一次股权转让后,"股本总额4,000万股（仅股权转让，股本不变）",武汉力源信息技术股份有限公司,产业资本/法人股东,500.4,500.4,12.51,4000.0,4000.0,序号3 力源信息，持股数量5004000股，持股比例12.51%。,
AUTO-SNAP-301563-015,301563,云汉芯城,301563_云汉芯城.jsonl,50,59,2018年4月第一次股权转让后,"股本总额4,000万股（仅股权转让，股本不变）",芜湖富海浩研创业投资基金（有限合伙）,PE/VC或私募基金,283.532,283.532,7.09,4000.0,4000.0,序号4 芜湖富海，持股数量2835320股，持股比例7.09%。,
AUTO-SNAP-301563-016,301563,云汉芯城,301563_云汉芯城.jsonl,51,59,2018年4月第一次股权转让后,"股本总额4,000万股（仅股权转让，股本不变）",东方富海（上海）创业投资企业（有限合伙）,PE/VC或私募基金,250.2,250.2,6.26,4000.0,4000.0,序号5 东方富海，持股数量2502000股，持股比例6.26%。,
AUTO-SNAP-301563-017,301563,云汉芯城,301563_云汉芯城.jsonl,52,59,2018年4月第一次股权转让后,"股本总额4,000万股（仅股权转让，股本不变）",上海为赛投资管理中心（有限合伙）,合伙企业-待复核,185.336,185.336,4.63,4000.0,4000.0,序号6 为赛咨询，持股数量1853360股，持股比例4.63%。,
AUTO-SNAP-301563-018,301563,云汉芯城,301563_云汉芯城.jsonl,53,59,2018年4月第一次股权转让后,"股本总额4,000万股（仅股权转让，股本不变）",深圳市创新投资集团有限公司,产业资本/法人股东,93.332,93.332,2.33,4000.0,4000.0,序号7 深创投，持股数量933319股，持股比例2.33%。,
AUTO-SNAP-301563-019,301563,云汉芯城,301563_云汉芯城.jsonl,54,59,2018年4月第一次股权转让后,"股本总额4,000万股（仅股权转让，股本不变）",天健创投,PE/VC或私募基金,66.668,66.668,1.67,4000.0,4000.0,序号8 天健创投，持股数量666680股，持股比例1.67%。,
AUTO-SNAP-301563-020,301563,云汉芯城,301563_云汉芯城.jsonl,55,59,2018年4月第一次股权转让后,"股本总额4,000万股（仅股权转让，股本不变）",镇江红土创业投资有限公司,PE/VC或私募基金,33.332,33.332,0.83,4000.0,4000.0,序号9 镇江红土，持股数量333320股，持股比例0.83%。,
AUTO-SNAP-301563-021,301563,云汉芯城,301563_云汉芯城.jsonl,56,59,2018年4月第一次股权转让后,"股本总额4,000万股（仅股权转让，股本不变）",昆山红土高新创业投资有限公司,PE/VC或私募基金,33.332,33.332,0.83,4000.0,4000.0,序号10 昆山红土，持股数量333320股，持股比例0.83%。,
AUTO-SNAP-301563-022,301563,云汉芯城,301563_云汉芯城.jsonl,57,59,2018年4月第一次股权转让后,"股本总额4,000万股（仅股权转让，股本不变）",富海深湾（深圳）移动创新私募创业投资基金合伙企业（有限合伙）,PE/VC或私募基金,33.332,33.332,0.83,4000.0,4000.0,序号11 富海深湾，持股数量333320股，持股比例0.83%。,
AUTO-SNAP-301563-023,301563,云汉芯城,301563_云汉芯城.jsonl,58,61,2018年7月C轮增资及第二次股权转让后,"C轮增资+股权转让后，股本总额4,635万股",曾烨,自然人/其他,1709.675,1709.675,36.89,4635.0,4635.0,序号1 曾烨，持股数量17096750股，持股比例36.89%。,
AUTO-SNAP-301563-024,301563,云汉芯城,301563_云汉芯城.jsonl,59,61,2018年7月C轮增资及第二次股权转让后,"C轮增资+股权转让后，股本总额4,635万股",刘云锋,自然人/其他,694.986,694.986,14.99,4635.0,4635.0,序号2 刘云锋，持股数量6949860股，持股比例14.99%。,
AUTO-SNAP-301563-025,301563,云汉芯城,301563_云汉芯城.jsonl,60,61,2018年7月C轮增资及第二次股权转让后,"C轮增资+股权转让后，股本总额4,635万股",武汉力源信息技术股份有限公司,产业资本/法人股东,500.4,500.4,10.8,4635.0,4635.0,序号3 力源信息，持股数量5004000股，持股比例10.8%。,
AUTO-SNAP-301563-026,301563,云汉芯城,301563_云汉芯城.jsonl,61,61,2018年7月C轮增资及第二次股权转让后,"C轮增资+股权转让后，股本总额4,635万股",芜湖富海浩研创业投资基金（有限合伙）,PE/VC或私募基金,283.532,283.532,6.12,4635.0,4635.0,序号4 芜湖富海，持股数量2835320股，持股比例6.12%。,
AUTO-SNAP-301563-027,301563,云汉芯城,301563_云汉芯城.jsonl,62,61,2018年7月C轮增资及第二次股权转让后,"C轮增资+股权转让后，股本总额4,635万股",北京国科瑞华战略性新兴产业投资基金（有限合伙）,PE/VC或私募基金,254.4787,254.4787,5.49,4635.0,4635.0,序号5 国科瑞华，持股数量2544787股，持股比例5.49%。,
AUTO-SNAP-301563-028,301563,云汉芯城,301563_云汉芯城.jsonl,63,61,2018年7月C轮增资及第二次股权转让后,"C轮增资+股权转让后，股本总额4,635万股",东方富海（上海）创业投资企业（有限合伙）,PE/VC或私募基金,250.2,250.2,5.4,4635.0,4635.0,序号6 东方富海，持股数量2502000股，持股比例5.4%。,
AUTO-SNAP-301563-029,301563,云汉芯城,301563_云汉芯城.jsonl,64,61,2018年7月C轮增资及第二次股权转让后,"C轮增资+股权转让后，股本总额4,635万股",上海为赛投资管理中心（有限合伙）,合伙企业-待复核,185.336,185.336,4.0,4635.0,4635.0,序号7 为赛咨询，持股数量1853360股，持股比例4.0%。,
AUTO-SNAP-301563-030,301563,云汉芯城,301563_云汉芯城.jsonl,65,61,2018年7月C轮增资及第二次股权转让后,"C轮增资+股权转让后，股本总额4,635万股",深圳南山东方富海中小微创业投资基金合伙企业（有限合伙）,PE/VC或私募基金,103.0,103.0,2.22,4635.0,4635.0,序号8 南山富海，持股数量1030000股，持股比例2.22%。,
AUTO-SNAP-301563-031,301563,云汉芯城,301563_云汉芯城.jsonl,66,61,2018年7月C轮增资及第二次股权转让后,"C轮增资+股权转让后，股本总额4,635万股",深圳市创新投资集团有限公司,产业资本/法人股东,93.332,93.332,2.01,4635.0,4635.0,序号9 深创投，持股数量933319股，持股比例2.01%。,
AUTO-SNAP-301563-032,301563,云汉芯城,301563_云汉芯城.jsonl,67,61,2018年7月C轮增资及第二次股权转让后,"C轮增资+股权转让后，股本总额4,635万股",天健创投,PE/VC或私募基金,66.668,66.668,1.44,4635.0,4635.0,序号10 天健创投，持股数量666680股，持股比例1.44%。,
AUTO-SNAP-301563-033,301563,云汉芯城,301563_云汉芯城.jsonl,68,61,2018年7月C轮增资及第二次股权转让后,"C轮增资+股权转让后，股本总额4,635万股",CASREV FUND II-USD L.P.,自然人/其他,61.8,61.8,1.33,4635.0,4635.0,序号11 CASREV FUND，持股数量618000股，持股比例1.33%。,
AUTO-SNAP-301563-034,301563,云汉芯城,301563_云汉芯城.jsonl,69,61,2018年7月C轮增资及第二次股权转让后,"C轮增资+股权转让后，股本总额4,635万股",周雪峰,自然人/其他,60.0,60.0,1.29,4635.0,4635.0,序号12 周雪峰，持股数量600000股，持股比例1.29%。,
AUTO-SNAP-301563-035,301563,云汉芯城,301563_云汉芯城.jsonl,70,61,2018年7月C轮增资及第二次股权转让后,"C轮增资+股权转让后，股本总额4,635万股",中科贵银（贵州）产业投资基金（有限合伙）,PE/VC或私募基金,54.384,54.384,1.17,4635.0,4635.0,序号13 中科贵银，持股数量543840股，持股比例1.17%。,
AUTO-SNAP-301563-036,301563,云汉芯城,301563_云汉芯城.jsonl,71,61,2018年7月C轮增资及第二次股权转让后,"C轮增资+股权转让后，股本总额4,635万股",深圳东方富海节能环保创业投资基金合伙企业（有限合伙）,PE/VC或私募基金,51.5,51.5,1.11,4635.0,4635.0,序号14 富海节能，持股数量515000股，持股比例1.11%。,
AUTO-SNAP-301563-037,301563,云汉芯城,301563_云汉芯城.jsonl,72,61,2018年7月C轮增资及第二次股权转让后,"C轮增资+股权转让后，股本总额4,635万股",鸿迪投资,自然人/其他,36.9083,36.9083,0.8,4635.0,4635.0,序号15 鸿迪投资，持股数量369082股，持股比例0.8%。,
AUTO-SNAP-301563-038,301563,云汉芯城,301563_云汉芯城.jsonl,73,61,2018年7月C轮增资及第二次股权转让后,"C轮增资+股权转让后，股本总额4,635万股",珠海拓域,自然人/其他,34.3333,34.3333,0.74,4635.0,4635.0,序号16 珠海拓域，持股数量343333股，持股比例0.74%。,
AUTO-SNAP-301563-039,301563,云汉芯城,301563_云汉芯城.jsonl,74,61,2018年7月C轮增资及第二次股权转让后,"C轮增资+股权转让后，股本总额4,635万股",富海深湾（深圳）移动创新私募创业投资基金合伙企业（有限合伙）,PE/VC或私募基金,33.332,33.332,0.72,4635.0,4635.0,序号17 富海深湾，持股数量333320股，持股比例0.72%。,
AUTO-SNAP-301563-040,301563,云汉芯城,301563_云汉芯城.jsonl,75,61,2018年7月C轮增资及第二次股权转让后,"C轮增资+股权转让后，股本总额4,635万股",镇江红土创业投资有限公司,PE/VC或私募基金,33.332,33.332,0.72,4635.0,4635.0,序号18 镇江红土，持股数量333320股，持股比例0.72%。,
AUTO-SNAP-301563-041,301563,云汉芯城,301563_云汉芯城.jsonl,76,61,2018年7月C轮增资及第二次股权转让后,"C轮增资+股权转让后，股本总额4,635万股",昆山红土高新创业投资有限公司,PE/VC或私募基金,33.332,33.332,0.72,4635.0,4635.0,序号19 昆山红土，持股数量333320股，持股比例0.72%。,
AUTO-SNAP-301563-042,301563,云汉芯城,301563_云汉芯城.jsonl,77,61,2018年7月C轮增资及第二次股权转让后,"C轮增资+股权转让后，股本总额4,635万股",临港投资,自然人/其他,27.4667,27.4667,0.59,4635.0,4635.0,序号20 临港投资，持股数量274667股，持股比例0.59%。,
AUTO-SNAP-301563-043,301563,云汉芯城,301563_云汉芯城.jsonl,78,61,2018年7月C轮增资及第二次股权转让后,"C轮增资+股权转让后，股本总额4,635万股",李文发,自然人/其他,20.0,20.0,0.43,4635.0,4635.0,序号21 李文发，持股数量200000股，持股比例0.43%。,
AUTO-SNAP-301563-044,301563,云汉芯城,301563_云汉芯城.jsonl,79,61,2018年7月C轮增资及第二次股权转让后,"C轮增资+股权转让后，股本总额4,635万股",李剑峰,自然人/其他,20.0,20.0,0.43,4635.0,4635.0,序号22 李剑峰，持股数量200000股，持股比例0.43%。,
AUTO-SNAP-301563-045,301563,云汉芯城,301563_云汉芯城.jsonl,80,61,2018年7月C轮增资及第二次股权转让后,"C轮增资+股权转让后，股本总额4,635万股",秦国君,自然人/其他,20.0,20.0,0.43,4635.0,4635.0,序号23 秦国君，持股数量200000股，持股比例0.43%。,
AUTO-SNAP-301563-046,301563,云汉芯城,301563_云汉芯城.jsonl,81,61,2018年7月C轮增资及第二次股权转让后,"C轮增资+股权转让后，股本总额4,635万股",夏东,自然人/其他,7.004,7.004,0.15,4635.0,4635.0,序号24 夏东，持股数量70040股，持股比例0.15%。,
AUTO-SNAP-301563-047,301563,云汉芯城,301563_云汉芯城.jsonl,82,62,2019年8月第三次股权转让后,"股本总额4,635万股（仅股权转让，股本不变）",曾烨,自然人/其他,1709.675,1709.675,36.89,4635.0,4635.0,序号1 曾烨，持股数量17096750股，持股比例36.89%。,
AUTO-SNAP-301563-048,301563,云汉芯城,301563_云汉芯城.jsonl,83,62,2019年8月第三次股权转让后,"股本总额4,635万股（仅股权转让，股本不变）",刘云锋,自然人/其他,694.986,694.986,14.99,4635.0,4635.0,序号2 刘云锋，持股数量6949860股，持股比例14.99%。,
AUTO-SNAP-301563-049,301563,云汉芯城,301563_云汉芯城.jsonl,84,62,2019年8月第三次股权转让后,"股本总额4,635万股（仅股权转让，股本不变）",武汉力源信息技术股份有限公司,产业资本/法人股东,500.4,500.4,10.8,4635.0,4635.0,序号3 力源信息，持股数量5004000股，持股比例10.8%。,
AUTO-SNAP-301563-050,301563,云汉芯城,301563_云汉芯城.jsonl,85,62,2019年8月第三次股权转让后,"股本总额4,635万股（仅股权转让，股本不变）",芜湖富海浩研创业投资基金（有限合伙）,PE/VC或私募基金,283.532,283.532,6.12,4635.0,4635.0,序号4 芜湖富海，持股数量2835320股，持股比例6.12%。,
AUTO-SNAP-301563-051,301563,云汉芯城,301563_云汉芯城.jsonl,86,62,2019年8月第三次股权转让后,"股本总额4,635万股（仅股权转让，股本不变）",北京国科瑞华战略性新兴产业投资基金（有限合伙）,PE/VC或私募基金,254.4787,254.4787,5.49,4635.0,4635.0,序号5 国科瑞华，持股数量2544787股，持股比例5.49%。,
AUTO-SNAP-301563-052,301563,云汉芯城,301563_云汉芯城.jsonl,87,62,2019年8月第三次股权转让后,"股本总额4,635万股（仅股权转让，股本不变）",东方富海（上海）创业投资企业（有限合伙）,PE/VC或私募基金,250.2,250.2,5.4,4635.0,4635.0,序号6 东方富海，持股数量2502000股，持股比例5.4%。,
AUTO-SNAP-301563-053,301563,云汉芯城,301563_云汉芯城.jsonl,88,62,2019年8月第三次股权转让后,"股本总额4,635万股（仅股权转让，股本不变）",上海为赛投资管理中心（有限合伙）,合伙企业-待复核,105.336,105.336,2.27,4635.0,4635.0,序号7 为赛咨询，持股数量1053360股，持股比例2.27%。,
AUTO-SNAP-301563-054,301563,云汉芯城,301563_云汉芯城.jsonl,89,62,2019年8月第三次股权转让后,"股本总额4,635万股（仅股权转让，股本不变）",深圳南山东方富海中小微创业投资基金合伙企业（有限合伙）,PE/VC或私募基金,103.0,103.0,2.22,4635.0,4635.0,序号8 南山富海，持股数量1030000股，持股比例2.22%。,
AUTO-SNAP-301563-055,301563,云汉芯城,301563_云汉芯城.jsonl,90,62,2019年8月第三次股权转让后,"股本总额4,635万股（仅股权转让，股本不变）",深圳市创新投资集团有限公司,产业资本/法人股东,93.332,93.332,2.01,4635.0,4635.0,序号9 深创投，持股数量933319股，持股比例2.01%。,
AUTO-SNAP-301563-056,301563,云汉芯城,301563_云汉芯城.jsonl,91,62,2019年8月第三次股权转让后,"股本总额4,635万股（仅股权转让，股本不变）",天健创投,PE/VC或私募基金,66.668,66.668,1.44,4635.0,4635.0,序号10 天健创投，持股数量666680股，持股比例1.44%。,
AUTO-SNAP-301563-057,301563,云汉芯城,301563_云汉芯城.jsonl,92,62,2019年8月第三次股权转让后,"股本总额4,635万股（仅股权转让，股本不变）",CASREV FUND II-USD L.P.,自然人/其他,61.8,61.8,1.33,4635.0,4635.0,序号11 CASREV FUND，持股数量618000股，持股比例1.33%。,
AUTO-SNAP-301563-058,301563,云汉芯城,301563_云汉芯城.jsonl,93,62,2019年8月第三次股权转让后,"股本总额4,635万股（仅股权转让，股本不变）",周雪峰,自然人/其他,60.0,60.0,1.29,4635.0,4635.0,序号12 周雪峰，持股数量600000股，持股比例1.29%。,
AUTO-SNAP-301563-059,301563,云汉芯城,301563_云汉芯城.jsonl,94,62,2019年8月第三次股权转让后,"股本总额4,635万股（仅股权转让，股本不变）",李文发,自然人/其他,60.0,60.0,1.29,4635.0,4635.0,序号13 李文发，持股数量600000股，持股比例1.29%。,
AUTO-SNAP-301563-060,301563,云汉芯城,301563_云汉芯城.jsonl,95,62,2019年8月第三次股权转让后,"股本总额4,635万股（仅股权转让，股本不变）",秦国君,自然人/其他,60.0,60.0,1.29,4635.0,4635.0,序号14 秦国君，持股数量600000股，持股比例1.29%。,
AUTO-SNAP-301563-061,301563,云汉芯城,301563_云汉芯城.jsonl,96,62,2019年8月第三次股权转让后,"股本总额4,635万股（仅股权转让，股本不变）",中科贵银（贵州）产业投资基金（有限合伙）,PE/VC或私募基金,54.384,54.384,1.17,4635.0,4635.0,序号15 中科贵银，持股数量543840股，持股比例1.17%。,
AUTO-SNAP-301563-062,301563,云汉芯城,301563_云汉芯城.jsonl,97,62,2019年8月第三次股权转让后,"股本总额4,635万股（仅股权转让，股本不变）",深圳东方富海节能环保创业投资基金合伙企业（有限合伙）,PE/VC或私募基金,51.5,51.5,1.11,4635.0,4635.0,序号16 富海节能，持股数量515000股，持股比例1.11%。,
AUTO-SNAP-301563-063,301563,云汉芯城,301563_云汉芯城.jsonl,98,62,2019年8月第三次股权转让后,"股本总额4,635万股（仅股权转让，股本不变）",鸿迪投资,自然人/其他,36.9083,36.9083,0.8,4635.0,4635.0,序号17 鸿迪投资，持股数量369082股，持股比例0.8%。,
AUTO-SNAP-301563-064,301563,云汉芯城,301563_云汉芯城.jsonl,99,62,2019年8月第三次股权转让后,"股本总额4,635万股（仅股权转让，股本不变）",珠海拓域,自然人/其他,34.3333,34.3333,0.74,4635.0,4635.0,序号18 珠海拓域，持股数量343333股，持股比例0.74%。,
AUTO-SNAP-301563-065,301563,云汉芯城,301563_云汉芯城.jsonl,100,62,2019年8月第三次股权转让后,"股本总额4,635万股（仅股权转让，股本不变）",镇江红土创业投资有限公司,PE/VC或私募基金,33.332,33.332,0.72,4635.0,4635.0,序号19 镇江红土，持股数量333320股，持股比例0.72%。,
AUTO-SNAP-301563-066,301563,云汉芯城,301563_云汉芯城.jsonl,101,62,2019年8月第三次股权转让后,"股本总额4,635万股（仅股权转让，股本不变）",昆山红土高新创业投资有限公司,PE/VC或私募基金,33.332,33.332,0.72,4635.0,4635.0,序号20 昆山红土，持股数量333320股，持股比例0.72%。,
AUTO-SNAP-301563-067,301563,云汉芯城,301563_云汉芯城.jsonl,102,62,2019年8月第三次股权转让后,"股本总额4,635万股（仅股权转让，股本不变）",富海深湾（深圳）移动创新私募创业投资基金合伙企业（有限合伙）,PE/VC或私募基金,33.332,33.332,0.72,4635.0,4635.0,序号21 富海深湾，持股数量333320股，持股比例0.72%。,
AUTO-SNAP-301563-068,301563,云汉芯城,301563_云汉芯城.jsonl,103,62,2019年8月第三次股权转让后,"股本总额4,635万股（仅股权转让，股本不变）",临港投资,自然人/其他,27.4667,27.4667,0.59,4635.0,4635.0,序号22 临港投资，持股数量274667股，持股比例0.59%。,
AUTO-SNAP-301563-069,301563,云汉芯城,301563_云汉芯城.jsonl,104,62,2019年8月第三次股权转让后,"股本总额4,635万股（仅股权转让，股本不变）",李剑峰,自然人/其他,20.0,20.0,0.43,4635.0,4635.0,序号23 李剑峰，持股数量200000股，持股比例0.43%。,
AUTO-SNAP-301563-070,301563,云汉芯城,301563_云汉芯城.jsonl,105,62,2019年8月第三次股权转让后,"股本总额4,635万股（仅股权转让，股本不变）",夏东,自然人/其他,7.004,7.004,0.15,4635.0,4635.0,序号24 夏东，持股数量70040股，持股比例0.15%。,
AUTO-SNAP-301563-071,301563,云汉芯城,301563_云汉芯城.jsonl,106,63,2020年5月D轮增资后,"D轮增资后，股本总额4,748.0488万股",曾烨,自然人/其他,1709.675,1709.675,36.01,4748.0488,4748.0488,序号1 曾烨，持股数量17096750股，持股比例36.01%。,
AUTO-SNAP-301563-072,301563,云汉芯城,301563_云汉芯城.jsonl,107,63,2020年5月D轮增资后,"D轮增资后，股本总额4,748.0488万股",刘云锋,自然人/其他,694.986,694.986,14.64,4748.0488,4748.0488,序号2 刘云锋，持股数量6949860股，持股比例14.64%。,
AUTO-SNAP-301563-073,301563,云汉芯城,301563_云汉芯城.jsonl,108,63,2020年5月D轮增资后,"D轮增资后，股本总额4,748.0488万股",武汉力源信息技术股份有限公司,产业资本/法人股东,500.4,500.4,10.54,4748.0488,4748.0488,序号3 力源信息，持股数量5004000股，持股比例10.54%。,
AUTO-SNAP-301563-074,301563,云汉芯城,301563_云汉芯城.jsonl,109,63,2020年5月D轮增资后,"D轮增资后，股本总额4,748.0488万股",芜湖富海浩研创业投资基金（有限合伙）,PE/VC或私募基金,283.532,283.532,5.97,4748.0488,4748.0488,序号4 芜湖富海，持股数量2835320股，持股比例5.97%。,
AUTO-SNAP-301563-075,301563,云汉芯城,301563_云汉芯城.jsonl,110,63,2020年5月D轮增资后,"D轮增资后，股本总额4,748.0488万股",北京国科瑞华战略性新兴产业投资基金（有限合伙）,PE/VC或私募基金,254.4787,254.4787,5.36,4748.0488,4748.0488,序号5 国科瑞华，持股数量2544787股，持股比例5.36%。,
AUTO-SNAP-301563-076,301563,云汉芯城,301563_云汉芯城.jsonl,111,63,2020年5月D轮增资后,"D轮增资后，股本总额4,748.0488万股",东方富海（上海）创业投资企业（有限合伙）,PE/VC或私募基金,250.2,250.2,5.27,4748.0488,4748.0488,序号6 东方富海，持股数量2502000股，持股比例5.27%。,
AUTO-SNAP-301563-077,301563,云汉芯城,301563_云汉芯城.jsonl,112,63,2020年5月D轮增资后,"D轮增资后，股本总额4,748.0488万股",火炬电子,自然人/其他,113.0488,113.0488,2.38,4748.0488,4748.0488,序号7 火炬电子，持股数量1130488股，持股比例2.38%。,
AUTO-SNAP-301563-078,301563,云汉芯城,301563_云汉芯城.jsonl,113,63,2020年5月D轮增资后,"D轮增资后，股本总额4,748.0488万股",上海为赛投资管理中心（有限合伙）,合伙企业-待复核,105.336,105.336,2.22,4748.0488,4748.0488,序号8 为赛咨询，持股数量1053360股，持股比例2.22%。,
AUTO-SNAP-301563-079,301563,云汉芯城,301563_云汉芯城.jsonl,114,63,2020年5月D轮增资后,"D轮增资后，股本总额4,748.0488万股",深圳南山东方富海中小微创业投资基金合伙企业（有限合伙）,PE/VC或私募基金,103.0,103.0,2.17,4748.0488,4748.0488,序号9 南山富海，持股数量1030000股，持股比例2.17%。,
AUTO-SNAP-301563-080,301563,云汉芯城,301563_云汉芯城.jsonl,115,63,2020年5月D轮增资后,"D轮增资后，股本总额4,748.0488万股",深圳市创新投资集团有限公司,产业资本/法人股东,93.332,93.332,1.97,4748.0488,4748.0488,序号10 深创投，持股数量933319股，持股比例1.97%。,
AUTO-SNAP-301563-081,301563,云汉芯城,301563_云汉芯城.jsonl,116,63,2020年5月D轮增资后,"D轮增资后，股本总额4,748.0488万股",天健创投,PE/VC或私募基金,66.668,66.668,1.4,4748.0488,4748.0488,序号11 天健创投，持股数量666680股，持股比例1.4%。,
AUTO-SNAP-301563-082,301563,云汉芯城,301563_云汉芯城.jsonl,117,63,2020年5月D轮增资后,"D轮增资后，股本总额4,748.0488万股",CASREV FUND II-USD L.P.,自然人/其他,61.8,61.8,1.3,4748.0488,4748.0488,序号12 CASREV FUND，持股数量618000股，持股比例1.3%。,
AUTO-SNAP-301563-083,301563,云汉芯城,301563_云汉芯城.jsonl,118,63,2020年5月D轮增资后,"D轮增资后，股本总额4,748.0488万股",周雪峰,自然人/其他,60.0,60.0,1.26,4748.0488,4748.0488,序号13 周雪峰，持股数量600000股，持股比例1.26%。,
AUTO-SNAP-301563-084,301563,云汉芯城,301563_云汉芯城.jsonl,119,63,2020年5月D轮增资后,"D轮增资后，股本总额4,748.0488万股",李文发,自然人/其他,60.0,60.0,1.26,4748.0488,4748.0488,序号14 李文发，持股数量600000股，持股比例1.26%。,
AUTO-SNAP-301563-085,301563,云汉芯城,301563_云汉芯城.jsonl,120,63,2020年5月D轮增资后,"D轮增资后，股本总额4,748.0488万股",秦国君,自然人/其他,60.0,60.0,1.26,4748.0488,4748.0488,序号15 秦国君，持股数量600000股，持股比例1.26%。,
AUTO-SNAP-301563-086,301563,云汉芯城,301563_云汉芯城.jsonl,121,63,2020年5月D轮增资后,"D轮增资后，股本总额4,748.0488万股",中科贵银（贵州）产业投资基金（有限合伙）,PE/VC或私募基金,54.384,54.384,1.15,4748.0488,4748.0488,序号16 中科贵银，持股数量543840股，持股比例1.15%。,
AUTO-SNAP-301563-087,301563,云汉芯城,301563_云汉芯城.jsonl,122,63,2020年5月D轮增资后,"D轮增资后，股本总额4,748.0488万股",深圳东方富海节能环保创业投资基金合伙企业（有限合伙）,PE/VC或私募基金,51.5,51.5,1.08,4748.0488,4748.0488,序号17 富海节能，持股数量515000股，持股比例1.08%。,
AUTO-SNAP-301563-088,301563,云汉芯城,301563_云汉芯城.jsonl,123,63,2020年5月D轮增资后,"D轮增资后，股本总额4,748.0488万股",鸿迪投资,自然人/其他,36.9083,36.9083,0.78,4748.0488,4748.0488,序号18 鸿迪投资，持股数量369082股，持股比例0.78%。,
AUTO-SNAP-301563-089,301563,云汉芯城,301563_云汉芯城.jsonl,124,63,2020年5月D轮增资后,"D轮增资后，股本总额4,748.0488万股",珠海拓域,自然人/其他,34.3333,34.3333,0.72,4748.0488,4748.0488,序号19 珠海拓域，持股数量343333股，持股比例0.72%。,
AUTO-SNAP-301563-090,301563,云汉芯城,301563_云汉芯城.jsonl,125,63,2020年5月D轮增资后,"D轮增资后，股本总额4,748.0488万股",镇江红土创业投资有限公司,PE/VC或私募基金,33.332,33.332,0.7,4748.0488,4748.0488,序号20 镇江红土，持股数量333320股，持股比例0.7%。,
AUTO-SNAP-301563-091,301563,云汉芯城,301563_云汉芯城.jsonl,126,63,2020年5月D轮增资后,"D轮增资后，股本总额4,748.0488万股",昆山红土高新创业投资有限公司,PE/VC或私募基金,33.332,33.332,0.7,4748.0488,4748.0488,序号21 昆山红土，持股数量333320股，持股比例0.7%。,
AUTO-SNAP-301563-092,301563,云汉芯城,301563_云汉芯城.jsonl,127,63,2020年5月D轮增资后,"D轮增资后，股本总额4,748.0488万股",富海深湾（深圳）移动创新私募创业投资基金合伙企业（有限合伙）,PE/VC或私募基金,33.332,33.332,0.7,4748.0488,4748.0488,序号22 富海深湾，持股数量333320股，持股比例0.7%。,
AUTO-SNAP-301563-093,301563,云汉芯城,301563_云汉芯城.jsonl,128,63,2020年5月D轮增资后,"D轮增资后，股本总额4,748.0488万股",临港投资,自然人/其他,27.4667,27.4667,0.58,4748.0488,4748.0488,序号23 临港投资，持股数量274667股，持股比例0.58%。,
AUTO-SNAP-301563-094,301563,云汉芯城,301563_云汉芯城.jsonl,129,63,2020年5月D轮增资后,"D轮增资后，股本总额4,748.0488万股",李剑峰,自然人/其他,20.0,20.0,0.42,4748.0488,4748.0488,序号24 李剑峰，持股数量200000股，持股比例0.42%。,
AUTO-SNAP-301563-095,301563,云汉芯城,301563_云汉芯城.jsonl,130,63,2020年5月D轮增资后,"D轮增资后，股本总额4,748.0488万股",夏东,自然人/其他,7.004,7.004,0.15,4748.0488,4748.0488,序号25 夏东，持股数量70040股，持股比例0.15%。,
AUTO-SNAP-301563-096,301563,云汉芯城,301563_云汉芯城.jsonl,131,65,2020年9月D+轮增资及第四次股权转让后（IPO前最终结构）,"D+轮增资及第四次股权转让后，股本总额4,883.7074万股",曾烨,自然人/其他,1613.2255,1613.2255,33.03,4883.7074,4883.7074,序号1 曾烨，持股数量16132255股，持股比例33.03%。,
AUTO-SNAP-301563-097,301563,云汉芯城,301563_云汉芯城.jsonl,132,65,2020年9月D+轮增资及第四次股权转让后（IPO前最终结构）,"D+轮增资及第四次股权转让后，股本总额4,883.7074万股",刘云锋,自然人/其他,645.482,645.482,13.22,4883.7074,4883.7074,序号2 刘云锋，持股数量6454820股，持股比例13.22%。,
AUTO-SNAP-301563-098,301563,云汉芯城,301563_云汉芯城.jsonl,133,65,2020年9月D+轮增资及第四次股权转让后（IPO前最终结构）,"D+轮增资及第四次股权转让后，股本总额4,883.7074万股",武汉力源信息技术股份有限公司,产业资本/法人股东,500.4,500.4,10.25,4883.7074,4883.7074,序号3 力源信息，持股数量5004000股，持股比例10.25%。,
AUTO-SNAP-301563-099,301563,云汉芯城,301563_云汉芯城.jsonl,134,65,2020年9月D+轮增资及第四次股权转让后（IPO前最终结构）,"D+轮增资及第四次股权转让后，股本总额4,883.7074万股",芜湖富海浩研创业投资基金（有限合伙）,PE/VC或私募基金,283.532,283.532,5.81,4883.7074,4883.7074,序号4 芜湖富海，持股数量2835320股，持股比例5.81%。,
AUTO-SNAP-301563-100,301563,云汉芯城,301563_云汉芯城.jsonl,135,65,2020年9月D+轮增资及第四次股权转让后（IPO前最终结构）,"D+轮增资及第四次股权转让后，股本总额4,883.7074万股",北京国科瑞华战略性新兴产业投资基金（有限合伙）,PE/VC或私募基金,254.4787,254.4787,5.21,4883.7074,4883.7074,序号5 国科瑞华，持股数量2544787股，持股比例5.21%。,
AUTO-SNAP-301563-101,301563,云汉芯城,301563_云汉芯城.jsonl,136,65,2020年9月D+轮增资及第四次股权转让后（IPO前最终结构）,"D+轮增资及第四次股权转让后，股本总额4,883.7074万股",东方富海（上海）创业投资企业（有限合伙）,PE/VC或私募基金,250.2,250.2,5.12,4883.7074,4883.7074,序号6 东方富海，持股数量2502000股，持股比例5.12%。,
AUTO-SNAP-301563-102,301563,云汉芯城,301563_云汉芯城.jsonl,137,65,2020年9月D+轮增资及第四次股权转让后（IPO前最终结构）,"D+轮增资及第四次股权转让后，股本总额4,883.7074万股",火炬电子,自然人/其他,113.0488,113.0488,2.31,4883.7074,4883.7074,序号7 火炬电子，持股数量1130488股，持股比例2.31%。,
AUTO-SNAP-301563-103,301563,云汉芯城,301563_云汉芯城.jsonl,138,65,2020年9月D+轮增资及第四次股权转让后（IPO前最终结构）,"D+轮增资及第四次股权转让后，股本总额4,883.7074万股",上海为赛投资管理中心（有限合伙）,合伙企业-待复核,105.336,105.336,2.16,4883.7074,4883.7074,序号8 为赛咨询，持股数量1053360股，持股比例2.16%。,
AUTO-SNAP-301563-104,301563,云汉芯城,301563_云汉芯城.jsonl,139,65,2020年9月D+轮增资及第四次股权转让后（IPO前最终结构）,"D+轮增资及第四次股权转让后，股本总额4,883.7074万股",深圳南山东方富海中小微创业投资基金合伙企业（有限合伙）,PE/VC或私募基金,103.0,103.0,2.11,4883.7074,4883.7074,序号9 南山富海，持股数量1030000股，持股比例2.11%。,
AUTO-SNAP-301563-105,301563,云汉芯城,301563_云汉芯城.jsonl,140,65,2020年9月D+轮增资及第四次股权转让后（IPO前最终结构）,"D+轮增资及第四次股权转让后，股本总额4,883.7074万股",厦门西堤,自然人/其他,96.899,96.899,1.98,4883.7074,4883.7074,序号10 厦门西堤，持股数量968990股，持股比例1.98%。,
AUTO-SNAP-301563-106,301563,云汉芯城,301563_云汉芯城.jsonl,141,65,2020年9月D+轮增资及第四次股权转让后（IPO前最终结构）,"D+轮增资及第四次股权转让后，股本总额4,883.7074万股",深圳市创新投资集团有限公司,产业资本/法人股东,93.332,93.332,1.91,4883.7074,4883.7074,序号11 深创投，持股数量933319股，持股比例1.91%。,
AUTO-SNAP-301563-107,301563,云汉芯城,301563_云汉芯城.jsonl,142,65,2020年9月D+轮增资及第四次股权转让后（IPO前最终结构）,"D+轮增资及第四次股权转让后，股本总额4,883.7074万股",鸿迪投资,自然人/其他,84.9083,84.9083,1.74,4883.7074,4883.7074,序号12 鸿迪投资，持股数量849083股，持股比例1.74%。,
AUTO-SNAP-301563-108,301563,云汉芯城,301563_云汉芯城.jsonl,143,65,2020年9月D+轮增资及第四次股权转让后（IPO前最终结构）,"D+轮增资及第四次股权转让后，股本总额4,883.7074万股",天健创投,PE/VC或私募基金,66.668,66.668,1.37,4883.7074,4883.7074,序号13 天健创投，持股数量666680股，持股比例1.37%。,
AUTO-SNAP-301563-109,301563,云汉芯城,301563_云汉芯城.jsonl,144,65,2020年9月D+轮增资及第四次股权转让后（IPO前最终结构）,"D+轮增资及第四次股权转让后，股本总额4,883.7074万股",CASREV FUND II-USD L.P.,自然人/其他,61.8,61.8,1.27,4883.7074,4883.7074,序号14 CASREV FUND，持股数量618000股，持股比例1.27%。,
AUTO-SNAP-301563-110,301563,云汉芯城,301563_云汉芯城.jsonl,145,65,2020年9月D+轮增资及第四次股权转让后（IPO前最终结构）,"D+轮增资及第四次股权转让后，股本总额4,883.7074万股",周雪峰,自然人/其他,60.0,60.0,1.23,4883.7074,4883.7074,序号15 周雪峰，持股数量600000股，持股比例1.23%。,
AUTO-SNAP-301563-111,301563,云汉芯城,301563_云汉芯城.jsonl,146,65,2020年9月D+轮增资及第四次股权转让后（IPO前最终结构）,"D+轮增资及第四次股权转让后，股本总额4,883.7074万股",李文发,自然人/其他,55.0,55.0,1.13,4883.7074,4883.7074,序号16 李文发，持股数量550000股，持股比例1.13%。,
AUTO-SNAP-301563-112,301563,云汉芯城,301563_云汉芯城.jsonl,147,65,2020年9月D+轮增资及第四次股权转让后（IPO前最终结构）,"D+轮增资及第四次股权转让后，股本总额4,883.7074万股",中科贵银（贵州）产业投资基金（有限合伙）,PE/VC或私募基金,54.384,54.384,1.11,4883.7074,4883.7074,序号17 中科贵银，持股数量543840股，持股比例1.11%。,
AUTO-SNAP-301563-113,301563,云汉芯城,301563_云汉芯城.jsonl,148,65,2020年9月D+轮增资及第四次股权转让后（IPO前最终结构）,"D+轮增资及第四次股权转让后，股本总额4,883.7074万股",深圳东方富海节能环保创业投资基金合伙企业（有限合伙）,PE/VC或私募基金,51.5,51.5,1.05,4883.7074,4883.7074,序号18 富海节能，持股数量515000股，持股比例1.05%。,
AUTO-SNAP-301563-114,301563,云汉芯城,301563_云汉芯城.jsonl,149,65,2020年9月D+轮增资及第四次股权转让后（IPO前最终结构）,"D+轮增资及第四次股权转让后，股本总额4,883.7074万股",郦韩英,自然人/其他,48.4495,48.4495,0.99,4883.7074,4883.7074,序号19 郦韩英，持股数量484495股，持股比例0.99%。,
AUTO-SNAP-301563-115,301563,云汉芯城,301563_云汉芯城.jsonl,150,65,2020年9月D+轮增资及第四次股权转让后（IPO前最终结构）,"D+轮增资及第四次股权转让后，股本总额4,883.7074万股",秦国君,自然人/其他,45.0,45.0,0.92,4883.7074,4883.7074,序号20 秦国君，持股数量450000股，持股比例0.92%。,
AUTO-SNAP-301563-116,301563,云汉芯城,301563_云汉芯城.jsonl,151,65,2020年9月D+轮增资及第四次股权转让后（IPO前最终结构）,"D+轮增资及第四次股权转让后，股本总额4,883.7074万股",中小企业发展基金（深圳南山有限合伙）,PE/VC或私募基金,38.7596,38.7596,0.79,4883.7074,4883.7074,序号21 中小企业基金，持股数量387596股，持股比例0.79%。,
AUTO-SNAP-301563-117,301563,云汉芯城,301563_云汉芯城.jsonl,152,65,2020年9月D+轮增资及第四次股权转让后（IPO前最终结构）,"D+轮增资及第四次股权转让后，股本总额4,883.7074万股",珠海拓域,自然人/其他,34.3333,34.3333,0.7,4883.7074,4883.7074,序号22 珠海拓域，持股数量343333股，持股比例0.7%。,
AUTO-SNAP-301563-118,301563,云汉芯城,301563_云汉芯城.jsonl,153,65,2020年9月D+轮增资及第四次股权转让后（IPO前最终结构）,"D+轮增资及第四次股权转让后，股本总额4,883.7074万股",富海深湾（深圳）移动创新私募创业投资基金合伙企业（有限合伙）,PE/VC或私募基金,33.332,33.332,0.68,4883.7074,4883.7074,序号23 富海深湾，持股数量333320股，持股比例0.68%。,
AUTO-SNAP-301563-119,301563,云汉芯城,301563_云汉芯城.jsonl,154,65,2020年9月D+轮增资及第四次股权转让后（IPO前最终结构）,"D+轮增资及第四次股权转让后，股本总额4,883.7074万股",镇江红土创业投资有限公司,PE/VC或私募基金,33.332,33.332,0.68,4883.7074,4883.7074,序号24 镇江红土，持股数量333320股，持股比例0.68%。,
AUTO-SNAP-301563-120,301563,云汉芯城,301563_云汉芯城.jsonl,155,65,2020年9月D+轮增资及第四次股权转让后（IPO前最终结构）,"D+轮增资及第四次股权转让后，股本总额4,883.7074万股",昆山红土高新创业投资有限公司,PE/VC或私募基金,33.332,33.332,0.68,4883.7074,4883.7074,序号25 昆山红土，持股数量333320股，持股比例0.68%。,
AUTO-SNAP-301563-121,301563,云汉芯城,301563_云汉芯城.jsonl,156,65,2020年9月D+轮增资及第四次股权转让后（IPO前最终结构）,"D+轮增资及第四次股权转让后，股本总额4,883.7074万股",湘裕君源,自然人/其他,28.5,28.5,0.58,4883.7074,4883.7074,序号26 湘裕君源，持股数量285000股，持股比例0.58%。,
AUTO-SNAP-301563-122,301563,云汉芯城,301563_云汉芯城.jsonl,157,65,2020年9月D+轮增资及第四次股权转让后（IPO前最终结构）,"D+轮增资及第四次股权转让后，股本总额4,883.7074万股",临港投资,自然人/其他,27.4667,27.4667,0.56,4883.7074,4883.7074,序号27 临港投资，持股数量274667股，持股比例0.56%。,
AUTO-SNAP-301563-123,301563,云汉芯城,301563_云汉芯城.jsonl,158,65,2020年9月D+轮增资及第四次股权转让后（IPO前最终结构）,"D+轮增资及第四次股权转让后，股本总额4,883.7074万股",李剑峰,自然人/其他,20.0,20.0,0.41,4883.7074,4883.7074,序号28 李剑峰，持股数量200000股，持股比例0.41%。,
AUTO-SNAP-301563-124,301563,云汉芯城,301563_云汉芯城.jsonl,159,65,2020年9月D+轮增资及第四次股权转让后（IPO前最终结构）,"D+轮增资及第四次股权转让后，股本总额4,883.7074万股",福建开京,自然人/其他,11.628,11.628,0.24,4883.7074,4883.7074,序号29 福建开京，持股数量116280股，持股比例0.24%。,
AUTO-SNAP-301563-125,301563,云汉芯城,301563_云汉芯城.jsonl,160,65,2020年9月D+轮增资及第四次股权转让后（IPO前最终结构）,"D+轮增资及第四次股权转让后，股本总额4,883.7074万股",沈笑彦,自然人/其他,8.5,8.5,0.17,4883.7074,4883.7074,序号30 沈笑彦，持股数量85000股，持股比例0.17%。,
AUTO-SNAP-301563-126,301563,云汉芯城,301563_云汉芯城.jsonl,161,65,2020年9月D+轮增资及第四次股权转让后（IPO前最终结构）,"D+轮增资及第四次股权转让后，股本总额4,883.7074万股",衣嘉平,自然人/其他,8.5,8.5,0.17,4883.7074,4883.7074,序号31 衣嘉平，持股数量85000股，持股比例0.17%。,
AUTO-SNAP-301563-127,301563,云汉芯城,301563_云汉芯城.jsonl,162,65,2020年9月D+轮增资及第四次股权转让后（IPO前最终结构）,"D+轮增资及第四次股权转让后，股本总额4,883.7074万股",余满芬,自然人/其他,8.5,8.5,0.17,4883.7074,4883.7074,序号32 余满芬，持股数量85000股，持股比例0.17%。,
AUTO-SNAP-301563-128,301563,云汉芯城,301563_云汉芯城.jsonl,163,65,2020年9月D+轮增资及第四次股权转让后（IPO前最终结构）,"D+轮增资及第四次股权转让后，股本总额4,883.7074万股",夏东,自然人/其他,7.004,7.004,0.14,4883.7074,4883.7074,序号33 夏东，持股数量70040股，持股比例0.14%。,
AUTO-SNAP-301563-129,301563,云汉芯城,301563_云汉芯城.jsonl,164,65,2020年9月D+轮增资及第四次股权转让后（IPO前最终结构）,"D+轮增资及第四次股权转让后，股本总额4,883.7074万股",崔振南,自然人/其他,3.876,3.876,0.08,4883.7074,4883.7074,序号34 崔振南，持股数量38760股，持股比例0.08%。,
AUTO-SNAP-301581-001,301581,黄山谷捷,301581_黄山谷捷.jsonl,4,38,t0/报告期初,有限公司注册资本结构,昆山谷捷金属制品有限公司,产业资本/法人股东,1000.0,1000.0,100.00%,1000.0,1000.0,"自有限公司设立至报告期期初，公司的股本及股东情况未发生变化。设立时，谷捷有限的股权结构如下：序号 股东姓名/名称 出资额（万元） 出资比例（%）1 昆山谷捷 1,000.00 100.00。合 计 1,000.00 100.00。",
AUTO-SNAP-301581-002,301581,黄山谷捷,301581_黄山谷捷.jsonl,5,43,吸收合并后,有限公司注册资本结构,黄山供销集团有限公司,产业资本/法人股东,936.0,936.0,78.00%,1200.0,1200.0,"吸收合并后谷捷有限的注册资本变更为 1,200 万元，其中黄山供销集团出资 936 万元，张俊武出资 132 万元，周斌出资 132 万元。吸收合并后股权结构：黄山供销集团 936.00万元/78.00%，张俊武 132.00万元/11.00%，周斌 132.00万元/11.00%。合计 1,200.00万元/100.00%。",
AUTO-SNAP-301581-003,301581,黄山谷捷,301581_黄山谷捷.jsonl,6,43,吸收合并后,有限公司注册资本结构,张俊武,自然人/其他,132.0,132.0,11.00%,1200.0,1200.0,"吸收合并后谷捷有限的注册资本变更为 1,200 万元，其中黄山供销集团出资 936 万元，张俊武出资 132 万元，周斌出资 132 万元。吸收合并后股权结构：黄山供销集团 936.00万元/78.00%，张俊武 132.00万元/11.00%，周斌 132.00万元/11.00%。合计 1,200.00万元/100.00%。",
AUTO-SNAP-301581-004,301581,黄山谷捷,301581_黄山谷捷.jsonl,7,43,吸收合并后,有限公司注册资本结构,周斌,自然人/其他,132.0,132.0,11.00%,1200.0,1200.0,"吸收合并后谷捷有限的注册资本变更为 1,200 万元，其中黄山供销集团出资 936 万元，张俊武出资 132 万元，周斌出资 132 万元。吸收合并后股权结构：黄山供销集团 936.00万元/78.00%，张俊武 132.00万元/11.00%，周斌 132.00万元/11.00%。合计 1,200.00万元/100.00%。",
AUTO-SNAP-301581-005,301581,黄山谷捷,301581_黄山谷捷.jsonl,8,44,第一次增资后,有限公司注册资本结构,黄山供销集团有限公司,产业资本/法人股东,936.0,936.0,54.60%,1714.2857,1714.2857,"本次增资完成后，公司股权结构如下：1 黄山供销集团 936.0000/54.60；2 赛格高技术 462.8571/27.00；3 张俊武 132.0000/7.70；4 周斌 132.0000/7.70；5 上汽科技 51.4286/3.00。合 计 1,714.2857/100.00。",
AUTO-SNAP-301581-006,301581,黄山谷捷,301581_黄山谷捷.jsonl,9,44,第一次增资后,有限公司注册资本结构,深圳赛格高技术投资股份有限公司,产业资本/法人股东,462.8571,462.8571,27.00%,1714.2857,1714.2857,"本次增资完成后，公司股权结构如下：1 黄山供销集团 936.0000/54.60；2 赛格高技术 462.8571/27.00；3 张俊武 132.0000/7.70；4 周斌 132.0000/7.70；5 上汽科技 51.4286/3.00。合 计 1,714.2857/100.00。",
AUTO-SNAP-301581-007,301581,黄山谷捷,301581_黄山谷捷.jsonl,10,44,第一次增资后,有限公司注册资本结构,张俊武,自然人/其他,132.0,132.0,7.70%,1714.2857,1714.2857,"本次增资完成后，公司股权结构如下：1 黄山供销集团 936.0000/54.60；2 赛格高技术 462.8571/27.00；3 张俊武 132.0000/7.70；4 周斌 132.0000/7.70；5 上汽科技 51.4286/3.00。合 计 1,714.2857/100.00。",
AUTO-SNAP-301581-008,301581,黄山谷捷,301581_黄山谷捷.jsonl,11,44,第一次增资后,有限公司注册资本结构,周斌,自然人/其他,132.0,132.0,7.70%,1714.2857,1714.2857,"本次增资完成后，公司股权结构如下：1 黄山供销集团 936.0000/54.60；2 赛格高技术 462.8571/27.00；3 张俊武 132.0000/7.70；4 周斌 132.0000/7.70；5 上汽科技 51.4286/3.00。合 计 1,714.2857/100.00。",
AUTO-SNAP-301581-009,301581,黄山谷捷,301581_黄山谷捷.jsonl,12,44,第一次增资后,有限公司注册资本结构,"SAIC TECHNOLOGIES FUND II, LLC",自然人/其他,51.4286,51.4286,3.00%,1714.2857,1714.2857,"本次增资完成后，公司股权结构如下：1 黄山供销集团 936.0000/54.60；2 赛格高技术 462.8571/27.00；3 张俊武 132.0000/7.70；4 周斌 132.0000/7.70；5 上汽科技 51.4286/3.00。合 计 1,714.2857/100.00。",
AUTO-SNAP-301581-010,301581,黄山谷捷,301581_黄山谷捷.jsonl,13,45,第二次增资后,有限公司注册资本结构,黄山供销集团有限公司,产业资本/法人股东,936.0,936.0,51.8700%,1804.5113,1804.5113,"本次增资完成后，谷捷有限的股权结构如下：1 黄山供销集团 936.0000/51.8700；2 赛格高技术 462.8571/25.6500；3 张俊武 132.0000/7.3150；4 周斌 132.0000/7.3150；5 黄山佳捷 90.2256/5.0000；6 上汽科技 51.4286/2.8500。合 计 1,804.5113/100.0000。",
AUTO-SNAP-301581-011,301581,黄山谷捷,301581_黄山谷捷.jsonl,14,45,第二次增资后,有限公司注册资本结构,深圳赛格高技术投资股份有限公司,产业资本/法人股东,462.8571,462.8571,25.6500%,1804.5113,1804.5113,"本次增资完成后，谷捷有限的股权结构如下：1 黄山供销集团 936.0000/51.8700；2 赛格高技术 462.8571/25.6500；3 张俊武 132.0000/7.3150；4 周斌 132.0000/7.3150；5 黄山佳捷 90.2256/5.0000；6 上汽科技 51.4286/2.8500。合 计 1,804.5113/100.0000。",
AUTO-SNAP-301581-012,301581,黄山谷捷,301581_黄山谷捷.jsonl,15,45,第二次增资后,有限公司注册资本结构,张俊武,自然人/其他,132.0,132.0,7.3150%,1804.5113,1804.5113,"本次增资完成后，谷捷有限的股权结构如下：1 黄山供销集团 936.0000/51.8700；2 赛格高技术 462.8571/25.6500；3 张俊武 132.0000/7.3150；4 周斌 132.0000/7.3150；5 黄山佳捷 90.2256/5.0000；6 上汽科技 51.4286/2.8500。合 计 1,804.5113/100.0000。",
AUTO-SNAP-301581-013,301581,黄山谷捷,301581_黄山谷捷.jsonl,16,45,第二次增资后,有限公司注册资本结构,周斌,自然人/其他,132.0,132.0,7.3150%,1804.5113,1804.5113,"本次增资完成后，谷捷有限的股权结构如下：1 黄山供销集团 936.0000/51.8700；2 赛格高技术 462.8571/25.6500；3 张俊武 132.0000/7.3150；4 周斌 132.0000/7.3150；5 黄山佳捷 90.2256/5.0000；6 上汽科技 51.4286/2.8500。合 计 1,804.5113/100.0000。",
AUTO-SNAP-301581-014,301581,黄山谷捷,301581_黄山谷捷.jsonl,17,45,第二次增资后,有限公司注册资本结构,黄山佳捷股权管理中心（有限合伙）,合伙企业-待复核,90.2256,90.2256,5.0000%,1804.5113,1804.5113,"本次增资完成后，谷捷有限的股权结构如下：1 黄山供销集团 936.0000/51.8700；2 赛格高技术 462.8571/25.6500；3 张俊武 132.0000/7.3150；4 周斌 132.0000/7.3150；5 黄山佳捷 90.2256/5.0000；6 上汽科技 51.4286/2.8500。合 计 1,804.5113/100.0000。",
AUTO-SNAP-301581-015,301581,黄山谷捷,301581_黄山谷捷.jsonl,18,45,第二次增资后,有限公司注册资本结构,"SAIC TECHNOLOGIES FUND II, LLC",自然人/其他,51.4286,51.4286,2.8500%,1804.5113,1804.5113,"本次增资完成后，谷捷有限的股权结构如下：1 黄山供销集团 936.0000/51.8700；2 赛格高技术 462.8571/25.6500；3 张俊武 132.0000/7.3150；4 周斌 132.0000/7.3150；5 黄山佳捷 90.2256/5.0000；6 上汽科技 51.4286/2.8500。合 计 1,804.5113/100.0000。",
AUTO-SNAP-301581-016,301581,黄山谷捷,301581_黄山谷捷.jsonl,19,39,整体变更为股份公司后,股份公司股本结构（每股面值1元）,黄山供销集团有限公司,产业资本/法人股东,3112.2,3112.2,51.8700%,6000.0,6000.0,"以截至2022年5月31日经审计的净资产20,152.51万元按1:0.29773比例折成6,000万股作为发行人总股本，每股面值1元。整体变更后股权结构：1 黄山供销集团 3,112.20/51.8700；2 赛格高技术 1,539.00/25.6500；3 张俊武 438.90/7.3150；4 周斌 438.90/7.3150；5 黄山佳捷 300.00/5.0000；6 上汽科技 171.00/2.8500。合计 6,000.00/100.0000。",
AUTO-SNAP-301581-017,301581,黄山谷捷,301581_黄山谷捷.jsonl,20,39,整体变更为股份公司后,股份公司股本结构（每股面值1元）,深圳赛格高技术投资股份有限公司,产业资本/法人股东,1539.0,1539.0,25.6500%,6000.0,6000.0,"以截至2022年5月31日经审计的净资产20,152.51万元按1:0.29773比例折成6,000万股作为发行人总股本，每股面值1元。整体变更后股权结构：1 黄山供销集团 3,112.20/51.8700；2 赛格高技术 1,539.00/25.6500；3 张俊武 438.90/7.3150；4 周斌 438.90/7.3150；5 黄山佳捷 300.00/5.0000；6 上汽科技 171.00/2.8500。合计 6,000.00/100.0000。",
AUTO-SNAP-301581-018,301581,黄山谷捷,301581_黄山谷捷.jsonl,21,39,整体变更为股份公司后,股份公司股本结构（每股面值1元）,张俊武,自然人/其他,438.9,438.9,7.3150%,6000.0,6000.0,"以截至2022年5月31日经审计的净资产20,152.51万元按1:0.29773比例折成6,000万股作为发行人总股本，每股面值1元。整体变更后股权结构：1 黄山供销集团 3,112.20/51.8700；2 赛格高技术 1,539.00/25.6500；3 张俊武 438.90/7.3150；4 周斌 438.90/7.3150；5 黄山佳捷 300.00/5.0000；6 上汽科技 171.00/2.8500。合计 6,000.00/100.0000。",
AUTO-SNAP-301581-019,301581,黄山谷捷,301581_黄山谷捷.jsonl,22,39,整体变更为股份公司后,股份公司股本结构（每股面值1元）,周斌,自然人/其他,438.9,438.9,7.3150%,6000.0,6000.0,"以截至2022年5月31日经审计的净资产20,152.51万元按1:0.29773比例折成6,000万股作为发行人总股本，每股面值1元。整体变更后股权结构：1 黄山供销集团 3,112.20/51.8700；2 赛格高技术 1,539.00/25.6500；3 张俊武 438.90/7.3150；4 周斌 438.90/7.3150；5 黄山佳捷 300.00/5.0000；6 上汽科技 171.00/2.8500。合计 6,000.00/100.0000。",
AUTO-SNAP-301581-020,301581,黄山谷捷,301581_黄山谷捷.jsonl,23,39,整体变更为股份公司后,股份公司股本结构（每股面值1元）,黄山佳捷股权管理中心（有限合伙）,合伙企业-待复核,300.0,300.0,5.0000%,6000.0,6000.0,"以截至2022年5月31日经审计的净资产20,152.51万元按1:0.29773比例折成6,000万股作为发行人总股本，每股面值1元。整体变更后股权结构：1 黄山供销集团 3,112.20/51.8700；2 赛格高技术 1,539.00/25.6500；3 张俊武 438.90/7.3150；4 周斌 438.90/7.3150；5 黄山佳捷 300.00/5.0000；6 上汽科技 171.00/2.8500。合计 6,000.00/100.0000。",
AUTO-SNAP-301581-021,301581,黄山谷捷,301581_黄山谷捷.jsonl,24,39,整体变更为股份公司后,股份公司股本结构（每股面值1元）,"SAIC TECHNOLOGIES FUND II, LLC",自然人/其他,171.0,171.0,2.8500%,6000.0,6000.0,"以截至2022年5月31日经审计的净资产20,152.51万元按1:0.29773比例折成6,000万股作为发行人总股本，每股面值1元。整体变更后股权结构：1 黄山供销集团 3,112.20/51.8700；2 赛格高技术 1,539.00/25.6500；3 张俊武 438.90/7.3150；4 周斌 438.90/7.3150；5 黄山佳捷 300.00/5.0000；6 上汽科技 171.00/2.8500。合计 6,000.00/100.0000。",
AUTO-SNAP-603418-001,603418,友升股份,603418_友升股份.jsonl,14,43,t0/报告期初,报告期初股权结构（友升有限，有限责任公司）,泽升贸易,员工持股平台/员工激励,,8190.8086,74.8,,10950.2788,"报告期初，友升有限的股权结构如下： 序号 股东名称 出资额（万元） 出资比例 1 泽升贸易 8,190.8086 74.80% 2 达晨创联基金 1,642.5418 15.00% 3 共青城泽升 930.7737 8.50% 4 罗世兵 186.1547 1.70% 合计 10,950.2788 100.00%",
AUTO-SNAP-603418-002,603418,友升股份,603418_友升股份.jsonl,15,43,t0/报告期初,报告期初股权结构（友升有限，有限责任公司）,达晨创联基金,PE/VC或私募基金,,1642.5418,15.0,,10950.2788,"报告期初，友升有限的股权结构如下： 序号 股东名称 出资额（万元） 出资比例 1 泽升贸易 8,190.8086 74.80% 2 达晨创联基金 1,642.5418 15.00% 3 共青城泽升 930.7737 8.50% 4 罗世兵 186.1547 1.70% 合计 10,950.2788 100.00%",
AUTO-SNAP-603418-003,603418,友升股份,603418_友升股份.jsonl,16,43,t0/报告期初,报告期初股权结构（友升有限，有限责任公司）,共青城泽升,员工持股平台/员工激励,,930.7737,8.5,,10950.2788,"报告期初，友升有限的股权结构如下： 序号 股东名称 出资额（万元） 出资比例 1 泽升贸易 8,190.8086 74.80% 2 达晨创联基金 1,642.5418 15.00% 3 共青城泽升 930.7737 8.50% 4 罗世兵 186.1547 1.70% 合计 10,950.2788 100.00%",
AUTO-SNAP-603418-004,603418,友升股份,603418_友升股份.jsonl,17,43,t0/报告期初,报告期初股权结构（友升有限，有限责任公司）,罗世兵,自然人/其他,,186.1547,1.7,,10950.2788,"报告期初，友升有限的股权结构如下： 序号 股东名称 出资额（万元） 出资比例 1 泽升贸易 8,190.8086 74.80% 2 达晨创联基金 1,642.5418 15.00% 3 共青城泽升 930.7737 8.50% 4 罗世兵 186.1547 1.70% 合计 10,950.2788 100.00%",
AUTO-SNAP-603418-005,603418,友升股份,603418_友升股份.jsonl,18,43,2020-09-09整体变更后,整体变更设立股份公司后股权结构，净资产按3.3735:1折股,泽升贸易,员工持股平台/员工激励,8976.0,,74.8,12000.0,,"公司整体变更设立时的股权结构如下： 序号 股东名称 股份（万股） 持股比例 1 泽升贸易 8,976.00 74.80% 2 达晨创联基金 1,800.00 15.00% 3 共青城泽升 1,020.00 8.50% 4 罗世兵 204.00 1.70% 合计 12,000.00 100.00%",
AUTO-SNAP-603418-006,603418,友升股份,603418_友升股份.jsonl,19,43,2020-09-09整体变更后,整体变更设立股份公司后股权结构，净资产按3.3735:1折股,达晨创联基金,PE/VC或私募基金,1800.0,,15.0,12000.0,,"公司整体变更设立时的股权结构如下： 序号 股东名称 股份（万股） 持股比例 1 泽升贸易 8,976.00 74.80% 2 达晨创联基金 1,800.00 15.00% 3 共青城泽升 1,020.00 8.50% 4 罗世兵 204.00 1.70% 合计 12,000.00 100.00%",
AUTO-SNAP-603418-007,603418,友升股份,603418_友升股份.jsonl,20,43,2020-09-09整体变更后,整体变更设立股份公司后股权结构，净资产按3.3735:1折股,共青城泽升,员工持股平台/员工激励,1020.0,,8.5,12000.0,,"公司整体变更设立时的股权结构如下： 序号 股东名称 股份（万股） 持股比例 1 泽升贸易 8,976.00 74.80% 2 达晨创联基金 1,800.00 15.00% 3 共青城泽升 1,020.00 8.50% 4 罗世兵 204.00 1.70% 合计 12,000.00 100.00%",
AUTO-SNAP-603418-008,603418,友升股份,603418_友升股份.jsonl,21,43,2020-09-09整体变更后,整体变更设立股份公司后股权结构，净资产按3.3735:1折股,罗世兵,自然人/其他,204.0,,1.7,12000.0,,"公司整体变更设立时的股权结构如下： 序号 股东名称 股份（万股） 持股比例 1 泽升贸易 8,976.00 74.80% 2 达晨创联基金 1,800.00 15.00% 3 共青城泽升 1,020.00 8.50% 4 罗世兵 204.00 1.70% 合计 12,000.00 100.00%",
AUTO-SNAP-603418-009,603418,友升股份,603418_友升股份.jsonl,22,44,2020-09-30增资后,2020年9月增资后股权结构，新增注册资本由金浦临港/金浦科创/上海骁墨认购，认购价8.3333元/股,泽升贸易,员工持股平台/员工激励,8976.0,,67.09,13380.0,,"本次增资后，友升股份的股权结构如下： 序号 股东名称 股份（万股） 持股比例 1 泽升贸易 8,976.00 67.09% 2 达晨创联基金 1,800.00 13.45% 3 共青城泽升 1,020.00 7.62% 4 罗世兵 204.00 1.52% 5 金浦临港基金 840.00 6.28% 6 金浦科创基金 360.00 2.69% 7 上海骁墨 180.00 1.35% 合计 13,380.00 100.00%",
AUTO-SNAP-603418-010,603418,友升股份,603418_友升股份.jsonl,23,44,2020-09-30增资后,2020年9月增资后股权结构，新增注册资本由金浦临港/金浦科创/上海骁墨认购，认购价8.3333元/股,达晨创联基金,PE/VC或私募基金,1800.0,,13.45,13380.0,,"本次增资后，友升股份的股权结构如下： 序号 股东名称 股份（万股） 持股比例 1 泽升贸易 8,976.00 67.09% 2 达晨创联基金 1,800.00 13.45% 3 共青城泽升 1,020.00 7.62% 4 罗世兵 204.00 1.52% 5 金浦临港基金 840.00 6.28% 6 金浦科创基金 360.00 2.69% 7 上海骁墨 180.00 1.35% 合计 13,380.00 100.00%",
AUTO-SNAP-603418-011,603418,友升股份,603418_友升股份.jsonl,24,44,2020-09-30增资后,2020年9月增资后股权结构，新增注册资本由金浦临港/金浦科创/上海骁墨认购，认购价8.3333元/股,共青城泽升,员工持股平台/员工激励,1020.0,,7.62,13380.0,,"本次增资后，友升股份的股权结构如下： 序号 股东名称 股份（万元） 持股比例 1 泽升贸易 8,976.00 67.09% 2 达晨创联基金 1,800.00 13.45% 3 共青城泽升 1,020.00 7.62% 4 罗世兵 204.00 1.52% 5 金浦临港基金 840.00 6.28% 6 金浦科创基金 360.00 2.69% 7 上海骁墨 180.00 1.35% 合计 13,380.00 100.00%",
AUTO-SNAP-603418-012,603418,友升股份,603418_友升股份.jsonl,25,44,2020-09-30增资后,2020年9月增资后股权结构，新增注册资本由金浦临港/金浦科创/上海骁墨认购，认购价8.3333元/股,罗世兵,自然人/其他,204.0,,1.52,13380.0,,"本次增资后，友升股份的股权结构如下： 序号 股东名称 股份（万股） 持股比例 1 泽升贸易 8,976.00 67.09% 2 达晨创联基金 1,800.00 13.45% 3 共青城泽升 1,020.00 7.62% 4 罗世兵 204.00 1.52% 5 金浦临港基金 840.00 6.28% 6 金浦科创基金 360.00 2.69% 7 上海骁墨 180.00 1.35% 合计 13,380.00 100.00%",
AUTO-SNAP-603418-013,603418,友升股份,603418_友升股份.jsonl,26,44,2020-09-30增资后,2020年9月增资后股权结构，新增注册资本由金浦临港/金浦科创/上海骁墨认购，认购价8.3333元/股,金浦临港基金,PE/VC或私募基金,840.0,,6.28,13380.0,,"本次增资后，友升股份的股权结构如下： 序号 股东名称 股份（万股） 持股比例 1 泽升贸易 8,976.00 67.09% 2 达晨创联基金 1,800.00 13.45% 3 共青城泽升 1,020.00 7.62% 4 罗世兵 204.00 1.52% 5 金浦临港基金 840.00 6.28% 6 金浦科创基金 360.00 2.69% 7 上海骁墨 180.00 1.35% 合计 13,380.00 100.00%",
AUTO-SNAP-603418-014,603418,友升股份,603418_友升股份.jsonl,27,44,2020-09-30增资后,2020年9月增资后股权结构，新增注册资本由金浦临港/金浦科创/上海骁墨认购，认购价8.3333元/股,金浦科创基金,PE/VC或私募基金,360.0,,2.69,13380.0,,"本次增资后，友升股份的股权结构如下： 序号 股东名称 股份（万股） 持股比例 1 泽升贸易 8,976.00 67.09% 2 达晨创联基金 1,800.00 13.45% 3 共青城泽升 1,020.00 7.62% 4 罗世兵 204.00 1.52% 5 金浦临港基金 840.00 6.28% 6 金浦科创基金 360.00 2.69% 7 上海骁墨 180.00 1.35% 合计 13,380.00 100.00%",
AUTO-SNAP-603418-015,603418,友升股份,603418_友升股份.jsonl,28,44,2020-09-30增资后,2020年9月增资后股权结构，新增注册资本由金浦临港/金浦科创/上海骁墨认购，认购价8.3333元/股,上海骁墨,自然人/其他,180.0,,1.35,13380.0,,"本次增资后，友升股份的股权结构如下： 序号 股东名称 股份（万股） 持股比例 1 泽升贸易 8,976.00 67.09% 2 达晨创联基金 1,800.00 13.45% 3 共青城泽升 1,020.00 7.62% 4 罗世兵 204.00 1.52% 5 金浦临港基金 840.00 6.28% 6 金浦科创基金 360.00 2.69% 7 上海骁墨 180.00 1.35% 合计 13,380.00 100.00%",
AUTO-SNAP-603418-016,603418,友升股份,603418_友升股份.jsonl,29,45,2022-12-19增资后,2022年12月增资后股权结构，新增注册资本由杉晖创业等10名认购方认购，认购价33.6323元/股,泽升贸易,员工持股平台/员工激励,8976.0,,61.99,14480.1333,,"本次增资后，友升股份的股权结构如下： | 序号 | 股东名称 | 股份（万股） | 持股比例 | | 1 | 泽升贸易 | 8,976.0000 | 61.99% | | 2 | 达晨创联基金 | 1,800.0000 | 12.43% | | 3 | 共青城泽升 | 1,020.0000 | 7.04% | | 4 | 金浦临港基金 | 840.0000 | 5.80% | | 5 | 金浦科创基金 | 360.0000 | 2.49% | | 6 | 杉晖创业 | 297.3333 | 2.05% | | 7 | 上海联炻 | 297.3333 | 2.05% | | 8 | 罗世兵 | 204.0000 | 1.41% | | 9 | 上海骁墨 | 180.0000 | 1.24% | | 10 | 安吉璞颉 | 148.6667 | 1.03% | | 11 | 财投晨源 | 89.2000 | 0.62% | | 12 | 深圳达晨创程 | 86.5984 | 0.60% | | 13 | 杉创智至 | 59.4667 | 0.41% | | 14 | 杭州达晨创程 | 51.9590 | 0.36% | | 15 | 达晨财汇 | 29.7333 | 0.21% | | 16 | 达晨财智 | 29.7333 | 0.21% | | 17 | 财智创赢 | 10.1093 | 0.07% | 合计 | 14,480.1333 | 100.00%",
AUTO-SNAP-603418-017,603418,友升股份,603418_友升股份.jsonl,30,45,2022-12-19增资后,2022年12月增资后股权结构，新增注册资本由杉晖创业等10名认购方认购，认购价33.6323元/股,达晨创联基金,PE/VC或私募基金,1800.0,,12.43,14480.1333,,"本次增资后，友升股份的股权结构如下： | 序号 | 股东名称 | 股份（万股） | 持股比例 | | 1 | 泽升贸易 | 8,976.0000 | 61.99% | | 2 | 达晨创联基金 | 1,800.0000 | 12.43% | | 3 | 共青城泽升 | 1,020.0000 | 7.04% | | 4 | 金浦临港基金 | 840.0000 | 5.80% | | 5 | 金浦科创基金 | 360.0000 | 2.49% | | 6 | 杉晖创业 | 297.3333 | 2.05% | | 7 | 上海联炻 | 297.3333 | 2.05% | | 8 | 罗世兵 | 204.0000 | 1.41% | | 9 | 上海骁墨 | 180.0000 | 1.24% | | 10 | 安吉璞颉 | 148.6667 | 1.03% | | 11 | 财投晨源 | 89.2000 | 0.62% | | 12 | 深圳达晨创程 | 86.5984 | 0.60% | | 13 | 杉创智至 | 59.4667 | 0.41% | | 14 | 杭州达晨创程 | 51.9590 | 0.36% | | 15 | 达晨财汇 | 29.7333 | 0.21% | | 16 | 达晨财智 | 29.7333 | 0.21% | | 17 | 财智创赢 | 10.1093 | 0.07% | 合计 | 14,480.1333 | 100.00%",
AUTO-SNAP-603418-018,603418,友升股份,603418_友升股份.jsonl,31,45,2022-12-19增资后,2022年12月增资后股权结构，新增注册资本由杉晖创业等10名认购方认购，认购价33.6323元/股,共青城泽升,员工持股平台/员工激励,1020.0,,7.04,14480.1333,,"本次增资后，友升股份的股权结构如下： | 序号 | 股东名称 | 股份（万股） | 持股比例 | | 1 | 泽升贸易 | 8,976.0000 | 61.99% | | 2 | 达晨创联基金 | 1,800.0000 | 12.43% | | 3 | 共青城泽升 | 1,020.0000 | 7.04% | | 4 | 金浦临港基金 | 840.0000 | 5.80% | | 5 | 金浦科创基金 | 360.0000 | 2.49% | | 6 | 杉晖创业 | 297.3333 | 2.05% | | 7 | 上海联炻 | 297.3333 | 2.05% | | 8 | 罗世兵 | 204.0000 | 1.41% | | 9 | 上海骁墨 | 180.0000 | 1.24% | | 10 | 安吉璞颉 | 148.6667 | 1.03% | | 11 | 财投晨源 | 89.2000 | 0.62% | | 12 | 深圳达晨创程 | 86.5984 | 0.60% | | 13 | 杉创智至 | 59.4667 | 0.41% | | 14 | 杭州达晨创程 | 51.9590 | 0.36% | | 15 | 达晨财汇 | 29.7333 | 0.21% | | 16 | 达晨财智 | 29.7333 | 0.21% | | 17 | 财智创赢 | 10.1093 | 0.07% | 合计 | 14,480.1333 | 100.00%",
AUTO-SNAP-603418-019,603418,友升股份,603418_友升股份.jsonl,32,45,2022-12-19增资后,2022年12月增资后股权结构，新增注册资本由杉晖创业等10名认购方认购，认购价33.6323元/股,金浦临港基金,PE/VC或私募基金,840.0,,5.8,14480.1333,,"本次增资后，友升股份的股权结构如下： | 序号 | 股东名称 | 股份（万股） | 持股比例 | | 1 | 泽升贸易 | 8,976.0000 | 61.99% | | 2 | 达晨创联基金 | 1,800.0000 | 12.43% | | 3 | 共青城泽升 | 1,020.0000 | 7.04% | | 4 | 金浦临港基金 | 840.0000 | 5.80% | | 5 | 金浦科创基金 | 360.0000 | 2.49% | | 6 | 杉晖创业 | 297.3333 | 2.05% | | 7 | 上海联炻 | 297.3333 | 2.05% | | 8 | 罗世兵 | 204.0000 | 1.41% | | 9 | 上海骁墨 | 180.0000 | 1.24% | | 10 | 安吉璞颉 | 148.6667 | 1.03% | | 11 | 财投晨源 | 89.2000 | 0.62% | | 12 | 深圳达晨创程 | 86.5984 | 0.60% | | 13 | 杉创智至 | 59.4667 | 0.41% | | 14 | 杭州达晨创程 | 51.9590 | 0.36% | | 15 | 达晨财汇 | 29.7333 | 0.21% | | 16 | 达晨财智 | 29.7333 | 0.21% | | 17 | 财智创赢 | 10.1093 | 0.07% | 合计 | 14,480.1333 | 100.00%",
AUTO-SNAP-603418-020,603418,友升股份,603418_友升股份.jsonl,33,45,2022-12-19增资后,2022年12月增资后股权结构，新增注册资本由杉晖创业等10名认购方认购，认购价33.6323元/股,金浦科创基金,PE/VC或私募基金,360.0,,2.49,14480.1333,,"本次增资后，友升股份的股权结构如下： | 序号 | 股东名称 | 股份（万股） | 持股比例 | | 1 | 泽升贸易 | 8,976.0000 | 61.99% | | 2 | 达晨创联基金 | 1,800.0000 | 12.43% | | 3 | 共青城泽升 | 1,020.0000 | 7.04% | | 4 | 金浦临港基金 | 840.0000 | 5.80% | | 5 | 金浦科创基金 | 360.0000 | 2.49% | | 6 | 杉晖创业 | 297.3333 | 2.05% | | 7 | 上海联炻 | 297.3333 | 2.05% | | 8 | 罗世兵 | 204.0000 | 1.41% | | 9 | 上海骁墨 | 180.0000 | 1.24% | | 10 | 安吉璞颉 | 148.6667 | 1.03% | | 11 | 财投晨源 | 89.2000 | 0.62% | | 12 | 深圳达晨创程 | 86.5984 | 0.60% | | 13 | 杉创智至 | 59.4667 | 0.41% | | 14 | 杭州达晨创程 | 51.9590 | 0.36% | | 15 | 达晨财汇 | 29.7333 | 0.21% | | 16 | 达晨财智 | 29.7333 | 0.21% | | 17 | 财智创赢 | 10.1093 | 0.07% | 合计 | 14,480.1333 | 100.00%",
AUTO-SNAP-603418-021,603418,友升股份,603418_友升股份.jsonl,34,45,2022-12-19增资后,2022年12月增资后股权结构，新增注册资本由杉晖创业等10名认购方认购，认购价33.6323元/股,杉晖创业,自然人/其他,297.3333,,2.05,14480.1333,,"本次增资后，友升股份的股权结构如下： | 序号 | 股东名称 | 股份（万股） | 持股比例 | | 1 | 泽升贸易 | 8,976.0000 | 61.99% | | 2 | 达晨创联基金 | 1,800.0000 | 12.43% | | 3 | 共青城泽升 | 1,020.0000 | 7.04% | | 4 | 金浦临港基金 | 840.0000 | 5.80% | | 5 | 金浦科创基金 | 360.0000 | 2.49% | | 6 | 杉晖创业 | 297.3333 | 2.05% | | 7 | 上海联炻 | 297.3333 | 2.05% | | 8 | 罗世兵 | 204.0000 | 1.41% | | 9 | 上海骁墨 | 180.0000 | 1.24% | | 10 | 安吉璞颉 | 148.6667 | 1.03% | | 11 | 财投晨源 | 89.2000 | 0.62% | | 12 | 深圳达晨创程 | 86.5984 | 0.60% | | 13 | 杉创智至 | 59.4667 | 0.41% | | 14 | 杭州达晨创程 | 51.9590 | 0.36% | | 15 | 达晨财汇 | 29.7333 | 0.21% | | 16 | 达晨财智 | 29.7333 | 0.21% | | 17 | 财智创赢 | 10.1093 | 0.07% | 合计 | 14,480.1333 | 100.00%",
AUTO-SNAP-603418-022,603418,友升股份,603418_友升股份.jsonl,35,45,2022-12-19增资后,2022年12月增资后股权结构，新增注册资本由杉晖创业等10名认购方认购，认购价33.6323元/股,上海联炻,自然人/其他,297.3333,,2.05,14480.1333,,"本次增资后，友升股份的股权结构如下： | 序号 | 股东名称 | 股份（万股） | 持股比例 | | 1 | 泽升贸易 | 8,976.0000 | 61.99% | | 2 | 达晨创联基金 | 1,800.0000 | 12.43% | | 3 | 共青城泽升 | 1,020.0000 | 7.04% | | 4 | 金浦临港基金 | 840.0000 | 5.80% | | 5 | 金浦科创基金 | 360.0000 | 2.49% | | 6 | 杉晖创业 | 297.3333 | 2.05% | | 7 | 上海联炻 | 297.3333 | 2.05% | | 8 | 罗世兵 | 204.0000 | 1.41% | | 9 | 上海骁墨 | 180.0000 | 1.24% | | 10 | 安吉璞颉 | 148.6667 | 1.03% | | 11 | 财投晨源 | 89.2000 | 0.62% | | 12 | 深圳达晨创程 | 86.5984 | 0.60% | | 13 | 杉创智至 | 59.4667 | 0.41% | | 14 | 杭州达晨创程 | 51.9590 | 0.36% | | 15 | 达晨财汇 | 29.7333 | 0.21% | | 16 | 达晨财智 | 29.7333 | 0.21% | | 17 | 财智创赢 | 10.1093 | 0.07% | 合计 | 14,480.1333 | 100.00%",
AUTO-SNAP-603418-023,603418,友升股份,603418_友升股份.jsonl,36,45,2022-12-19增资后,2022年12月增资后股权结构，新增注册资本由杉晖创业等10名认购方认购，认购价33.6323元/股,罗世兵,自然人/其他,204.0,,1.41,14480.1333,,"本次增资后，友升股份的股权结构如下： | 序号 | 股东名称 | 股份（万股） | 持股比例 | | 1 | 泽升贸易 | 8,976.0000 | 61.99% | | 2 | 达晨创联基金 | 1,800.0000 | 12.43% | | 3 | 共青城泽升 | 1,020.0000 | 7.04% | | 4 | 金浦临港基金 | 840.0000 | 5.80% | | 5 | 金浦科创基金 | 360.0000 | 2.49% | | 6 | 杉晖创业 | 297.3333 | 2.05% | | 7 | 上海联炻 | 297.3333 | 2.05% | | 8 | 罗世兵 | 204.0000 | 1.41% | | 9 | 上海骁墨 | 180.0000 | 1.24% | | 10 | 安吉璞颉 | 148.6667 | 1.03% | | 11 | 财投晨源 | 89.2000 | 0.62% | | 12 | 深圳达晨创程 | 86.5984 | 0.60% | | 13 | 杉创智至 | 59.4667 | 0.41% | | 14 | 杭州达晨创程 | 51.9590 | 0.36% | | 15 | 达晨财汇 | 29.7333 | 0.21% | | 16 | 达晨财智 | 29.7333 | 0.21% | | 17 | 财智创赢 | 10.1093 | 0.07% | 合计 | 14,480.1333 | 100.00%",
AUTO-SNAP-603418-024,603418,友升股份,603418_友升股份.jsonl,37,45,2022-12-19增资后,2022年12月增资后股权结构，新增注册资本由杉晖创业等10名认购方认购，认购价33.6323元/股,上海骁墨,自然人/其他,180.0,,1.24,14480.1333,,"本次增资后，友升股份的股权结构如下： | 序号 | 股东名称 | 股份（万股） | 持股比例 | | 1 | 泽升贸易 | 8,976.0000 | 61.99% | | 2 | 达晨创联基金 | 1,800.0000 | 12.43% | | 3 | 共青城泽升 | 1,020.0000 | 7.04% | | 4 | 金浦临港基金 | 840.0000 | 5.80% | | 5 | 金浦科创基金 | 360.0000 | 2.49% | | 6 | 杉晖创业 | 297.3333 | 2.05% | | 7 | 上海联炻 | 297.3333 | 2.05% | | 8 | 罗世兵 | 204.0000 | 1.41% | | 9 | 上海骁墨 | 180.0000 | 1.24% | | 10 | 安吉璞颉 | 148.6667 | 1.03% | | 11 | 财投晨源 | 89.2000 | 0.62% | | 12 | 深圳达晨创程 | 86.5984 | 0.60% | | 13 | 杉创智至 | 59.4667 | 0.41% | | 14 | 杭州达晨创程 | 51.9590 | 0.36% | | 15 | 达晨财汇 | 29.7333 | 0.21% | | 16 | 达晨财智 | 29.7333 | 0.21% | | 17 | 财智创赢 | 10.1093 | 0.07% | 合计 | 14,480.1333 | 100.00%",
AUTO-SNAP-603418-025,603418,友升股份,603418_友升股份.jsonl,38,45,2022-12-19增资后,2022年12月增资后股权结构，新增注册资本由杉晖创业等10名认购方认购，认购价33.6323元/股,安吉璞颉,自然人/其他,148.6667,,1.03,14480.1333,,"本次增资后，友升股份的股权结构如下： | 序号 | 股东名称 | 股份（万股） | 持股比例 | | 1 | 泽升贸易 | 8,976.0000 | 61.99% | | 2 | 达晨创联基金 | 1,800.0000 | 12.43% | | 3 | 共青城泽升 | 1,020.0000 | 7.04% | | 4 | 金浦临港基金 | 840.0000 | 5.80% | | 5 | 金浦科创基金 | 360.0000 | 2.49% | | 6 | 杉晖创业 | 297.3333 | 2.05% | | 7 | 上海联炻 | 297.3333 | 2.05% | | 8 | 罗世兵 | 204.0000 | 1.41% | | 9 | 上海骁墨 | 180.0000 | 1.24% | | 10 | 安吉璞颉 | 148.6667 | 1.03% | | 11 | 财投晨源 | 89.2000 | 0.62% | | 12 | 深圳达晨创程 | 86.5984 | 0.60% | | 13 | 杉创智至 | 59.4667 | 0.41% | | 14 | 杭州达晨创程 | 51.9590 | 0.36% | | 15 | 达晨财汇 | 29.7333 | 0.21% | | 16 | 达晨财智 | 29.7333 | 0.21% | | 17 | 财智创赢 | 10.1093 | 0.07% | 合计 | 14,480.1333 | 100.00%",
AUTO-SNAP-603418-026,603418,友升股份,603418_友升股份.jsonl,39,45,2022-12-19增资后,2022年12月增资后股权结构，新增注册资本由杉晖创业等10名认购方认购，认购价33.6323元/股,财投晨源,自然人/其他,89.2,,0.62,14480.1333,,"本次增资后，友升股份的股权结构如下： | 序号 | 股东名称 | 股份（万股） | 持股比例 | | 1 | 泽升贸易 | 8,976.0000 | 61.99% | | 2 | 达晨创联基金 | 1,800.0000 | 12.43% | | 3 | 共青城泽升 | 1,020.0000 | 7.04% | | 4 | 金浦临港基金 | 840.0000 | 5.80% | | 5 | 金浦科创基金 | 360.0000 | 2.49% | | 6 | 杉晖创业 | 297.3333 | 2.05% | | 7 | 上海联炻 | 297.3333 | 2.05% | | 8 | 罗世兵 | 204.0000 | 1.41% | | 9 | 上海骁墨 | 180.0000 | 1.24% | | 10 | 安吉璞颉 | 148.6667 | 1.03% | | 11 | 财投晨源 | 89.2000 | 0.62% | | 12 | 深圳达晨创程 | 86.5984 | 0.60% | | 13 | 杉创智至 | 59.4667 | 0.41% | | 14 | 杭州达晨创程 | 51.9590 | 0.36% | | 15 | 达晨财汇 | 29.7333 | 0.21% | | 16 | 达晨财智 | 29.7333 | 0.21% | | 17 | 财智创赢 | 10.1093 | 0.07% | 合计 | 14,480.1333 | 100.00%",
AUTO-SNAP-603418-027,603418,友升股份,603418_友升股份.jsonl,40,45,2022-12-19增资后,2022年12月增资后股权结构，新增注册资本由杉晖创业等10名认购方认购，认购价33.6323元/股,深圳达晨创程,PE/VC或私募基金,86.5984,,0.6,14480.1333,,"本次增资后，友升股份的股权结构如下： | 序号 | 股东名称 | 股份（万股） | 持股比例 | | 1 | 泽升贸易 | 8,976.0000 | 61.99% | | 2 | 达晨创联基金 | 1,800.0000 | 12.43% | | 3 | 共青城泽升 | 1,020.0000 | 7.04% | | 4 | 金浦临港基金 | 840.0000 | 5.80% | | 5 | 金浦科创基金 | 360.0000 | 2.49% | | 6 | 杉晖创业 | 297.3333 | 2.05% | | 7 | 上海联炻 | 297.3333 | 2.05% | | 8 | 罗世兵 | 204.0000 | 1.41% | | 9 | 上海骁墨 | 180.0000 | 1.24% | | 10 | 安吉璞颉 | 148.6667 | 1.03% | | 11 | 财投晨源 | 89.2000 | 0.62% | | 12 | 深圳达晨创程 | 86.5984 | 0.60% | | 13 | 杉创智至 | 59.4667 | 0.41% | | 14 | 杭州达晨创程 | 51.9590 | 0.36% | | 15 | 达晨财汇 | 29.7333 | 0.21% | | 16 | 达晨财智 | 29.7333 | 0.21% | | 17 | 财智创赢 | 10.1093 | 0.07% | 合计 | 14,480.1333 | 100.00%",
AUTO-SNAP-603418-028,603418,友升股份,603418_友升股份.jsonl,41,45,2022-12-19增资后,2022年12月增资后股权结构，新增注册资本由杉晖创业等10名认购方认购，认购价33.6323元/股,杉创智至,自然人/其他,59.4667,,0.41,14480.1333,,"本次增资后，友升股份的股权结构如下： | 序号 | 股东名称 | 股份（万股） | 持股比例 | | 1 | 泽升贸易 | 8,976.0000 | 61.99% | | 2 | 达晨创联基金 | 1,800.0000 | 12.43% | | 3 | 共青城泽升 | 1,020.0000 | 7.04% | | 4 | 金浦临港基金 | 840.0000 | 5.80% | | 5 | 金浦科创基金 | 360.0000 | 2.49% | | 6 | 杉晖创业 | 297.3333 | 2.05% | | 7 | 上海联炻 | 297.3333 | 2.05% | | 8 | 罗世兵 | 204.0000 | 1.41% | | 9 | 上海骁墨 | 180.0000 | 1.24% | | 10 | 安吉璞颉 | 148.6667 | 1.03% | | 11 | 财投晨源 | 89.2000 | 0.62% | | 12 | 深圳达晨创程 | 86.5984 | 0.60% | | 13 | 杉创智至 | 59.4667 | 0.41% | | 14 | 杭州达晨创程 | 51.9590 | 0.36% | | 15 | 达晨财汇 | 29.7333 | 0.21% | | 16 | 达晨财智 | 29.7333 | 0.21% | | 17 | 财智创赢 | 10.1093 | 0.07% | 合计 | 14,480.1333 | 100.00%",
AUTO-SNAP-603418-029,603418,友升股份,603418_友升股份.jsonl,42,45,2022-12-19增资后,2022年12月增资后股权结构，新增注册资本由杉晖创业等10名认购方认购，认购价33.6323元/股,杭州达晨创程,PE/VC或私募基金,51.959,,0.36,14480.1333,,"本次增资后，友升股份的股权结构如下： | 序号 | 股东名称 | 股份（万股） | 持股比例 | | 1 | 泽升贸易 | 8,976.0000 | 61.99% | | 2 | 达晨创联基金 | 1,800.0000 | 12.43% | | 3 | 共青城泽升 | 1,020.0000 | 7.04% | | 4 | 金浦临港基金 | 840.0000 | 5.80% | | 5 | 金浦科创基金 | 360.0000 | 2.49% | | 6 | 杉晖创业 | 297.3333 | 2.05% | | 7 | 上海联炻 | 297.3333 | 2.05% | | 8 | 罗世兵 | 204.0000 | 1.41% | | 9 | 上海骁墨 | 180.0000 | 1.24% | | 10 | 安吉璞颉 | 148.6667 | 1.03% | | 11 | 财投晨源 | 89.2000 | 0.62% | | 12 | 深圳达晨创程 | 86.5984 | 0.60% | | 13 | 杉创智至 | 59.4667 | 0.41% | | 14 | 杭州达晨创程 | 51.9590 | 0.36% | | 15 | 达晨财汇 | 29.7333 | 0.21% | | 16 | 达晨财智 | 29.7333 | 0.21% | | 17 | 财智创赢 | 10.1093 | 0.07% | 合计 | 14,480.1333 | 100.00%",
AUTO-SNAP-603418-030,603418,友升股份,603418_友升股份.jsonl,43,45,2022-12-19增资后,2022年12月增资后股权结构，新增注册资本由杉晖创业等10名认购方认购，认购价33.6323元/股,达晨财汇,PE/VC或私募基金,29.7333,,0.21,14480.1333,,"本次增资后，友升股份的股权结构如下： | 序号 | 股东名称 | 股份（万股） | 持股比例 | | 1 | 泽升贸易 | 8,976.0000 | 61.99% | | 2 | 达晨创联基金 | 1,800.0000 | 12.43% | | 3 | 共青城泽升 | 1,020.0000 | 7.04% | | 4 | 金浦临港基金 | 840.0000 | 5.80% | | 5 | 金浦科创基金 | 360.0000 | 2.49% | | 6 | 杉晖创业 | 297.3333 | 2.05% | | 7 | 上海联炻 | 297.3333 | 2.05% | | 8 | 罗世兵 | 204.0000 | 1.41% | | 9 | 上海骁墨 | 180.0000 | 1.24% | | 10 | 安吉璞颉 | 148.6667 | 1.03% | | 11 | 财投晨源 | 89.2000 | 0.62% | | 12 | 深圳达晨创程 | 86.5984 | 0.60% | | 13 | 杉创智至 | 59.4667 | 0.41% | | 14 | 杭州达晨创程 | 51.9590 | 0.36% | | 15 | 达晨财汇 | 29.7333 | 0.21% | | 16 | 达晨财智 | 29.7333 | 0.21% | | 17 | 财智创赢 | 10.1093 | 0.07% | 合计 | 14,480.1333 | 100.00%",
AUTO-SNAP-603418-031,603418,友升股份,603418_友升股份.jsonl,44,45,2022-12-19增资后,2022年12月增资后股权结构，新增注册资本由杉晖创业等10名认购方认购，认购价33.6323元/股,达晨财智,PE/VC或私募基金,29.7333,,0.21,14480.1333,,"本次增资后，友升股份的股权结构如下： | 序号 | 股东名称 | 股份（万股） | 持股比例 | | 1 | 泽升贸易 | 8,976.0000 | 61.99% | | 2 | 达晨创联基金 | 1,800.0000 | 12.43% | | 3 | 共青城泽升 | 1,020.0000 | 7.04% | | 4 | 金浦临港基金 | 840.0000 | 5.80% | | 5 | 金浦科创基金 | 360.0000 | 2.49% | | 6 | 杉晖创业 | 297.3333 | 2.05% | | 7 | 上海联炻 | 297.3333 | 2.05% | | 8 | 罗世兵 | 204.0000 | 1.41% | | 9 | 上海骁墨 | 180.0000 | 1.24% | | 10 | 安吉璞颉 | 148.6667 | 1.03% | | 11 | 财投晨源 | 89.2000 | 0.62% | | 12 | 深圳达晨创程 | 86.5984 | 0.60% | | 13 | 杉创智至 | 59.4667 | 0.41% | | 14 | 杭州达晨创程 | 51.9590 | 0.36% | | 15 | 达晨财汇 | 29.7333 | 0.21% | | 16 | 达晨财智 | 29.7333 | 0.21% | | 17 | 财智创赢 | 10.1093 | 0.07% | 合计 | 14,480.1333 | 100.00%",
AUTO-SNAP-603418-032,603418,友升股份,603418_友升股份.jsonl,45,45,2022-12-19增资后,2022年12月增资后股权结构，新增注册资本由杉晖创业等10名认购方认购，认购价33.6323元/股,财智创赢,自然人/其他,10.1093,,0.07,14480.1333,,"本次增资后，友升股份的股权结构如下： | 序号 | 股东名称 | 股份（万股） | 持股比例 | | 1 | 泽升贸易 | 8,976.0000 | 61.99% | | 2 | 达晨创联基金 | 1,800.0000 | 12.43% | | 3 | 共青城泽升 | 1,020.0000 | 7.04% | | 4 | 金浦临港基金 | 840.0000 | 5.80% | | 5 | 金浦科创基金 | 360.0000 | 2.49% | | 6 | 杉晖创业 | 297.3333 | 2.05% | | 7 | 上海联炻 | 297.3333 | 2.05% | | 8 | 罗世兵 | 204.0000 | 1.41% | | 9 | 上海骁墨 | 180.0000 | 1.24% | | 10 | 安吉璞颉 | 148.6667 | 1.03% | | 11 | 财投晨源 | 89.2000 | 0.62% | | 12 | 深圳达晨创程 | 86.5984 | 0.60% | | 13 | 杉创智至 | 59.4667 | 0.41% | | 14 | 杭州达晨创程 | 51.9590 | 0.36% | | 15 | 达晨财汇 | 29.7333 | 0.21% | | 16 | 达晨财智 | 29.7333 | 0.21% | | 17 | 财智创赢 | 10.1093 | 0.07% | 合计 | 14,480.1333 | 100.00%",
AUTO-SNAP-688758-001,688758,赛分科技,688758_赛分科技.jsonl,11,51,t0/报告期初,,黄学英,自然人/其他,,360.0,90.0,10.7537,1.0,"苏州赛分科技股份有限公司 首次公开发行股票并在科创板上市招股说明书 2010 年 6 月 17 日，苏州建信会计师事务所有限公司出具建信内验（2010） 字第153号《验资报告》，截至 2010年6月17日，赛分有限已收到黄学英第二 期缴纳的注册资本（实收资本）合计 1,000,000元整，全部以货币出资。 2011 年 4 月 19 日，苏州建信会计师事务所有限公司出具建信内验（2011） 字第065号《验资报告》，截至 2011 年4月18日，赛分有限已收到黄学英、沈 建林、潘鼎第三期缴纳的注册资本（实收资本）合计 5,000,000 元整，全部以货 币出资。至此，赛分有限注册资本实缴完毕。 2009年3月16日，赛分有限（筹）就设立事项办理完毕工商登记手续，取 得了江苏省苏州工业园区工商行政管理局核发的《企业法人营业执照》。 公司设立时的股权结构情况如下： 认缴出资额 实缴出资额 出资比例 序号 股东姓名 出资方式 （万元） （万元） （%） 1 黄学英 900.00 360.00 90.00 货币 2 沈建林 50.00 20.00 5.00 货币 3 潘鼎 50.00 20.00 5.00 货币 合计 1,000.00 400.00 100.00 / （二）股份公司的设立情况 2021 年 8 月 9 日，万隆（上海）资产评估有限公司就赛分有限整体变更设 立股份公司事项出",
AUTO-SNAP-688758-002,688758,赛分科技,688758_赛分科技.jsonl,12,51,t0/报告期初,,沈建林,自然人/其他,,20.0,5.0,10.7537,1.0,"苏州赛分科技股份有限公司 首次公开发行股票并在科创板上市招股说明书 2010 年 6 月 17 日，苏州建信会计师事务所有限公司出具建信内验（2010） 字第153号《验资报告》，截至 2010年6月17日，赛分有限已收到黄学英第二 期缴纳的注册资本（实收资本）合计 1,000,000元整，全部以货币出资。 2011 年 4 月 19 日，苏州建信会计师事务所有限公司出具建信内验（2011） 字第065号《验资报告》，截至 2011 年4月18日，赛分有限已收到黄学英、沈 建林、潘鼎第三期缴纳的注册资本（实收资本）合计 5,000,000 元整，全部以货 币出资。至此，赛分有限注册资本实缴完毕。 2009年3月16日，赛分有限（筹）就设立事项办理完毕工商登记手续，取 得了江苏省苏州工业园区工商行政管理局核发的《企业法人营业执照》。 公司设立时的股权结构情况如下： 认缴出资额 实缴出资额 出资比例 序号 股东姓名 出资方式 （万元） （万元） （%） 1 黄学英 900.00 360.00 90.00 货币 2 沈建林 50.00 20.00 5.00 货币 3 潘鼎 50.00 20.00 5.00 货币 合计 1,000.00 400.00 100.00 / （二）股份公司的设立情况 2021 年 8 月 9 日，万隆（上海）资产评估有限公司就赛分有限整体变更设 立股份公司事项出",
AUTO-SNAP-688758-003,688758,赛分科技,688758_赛分科技.jsonl,13,51,t0/报告期初,,潘鼎,自然人/其他,,20.0,5.0,10.7537,1.0,"苏州赛分科技股份有限公司 首次公开发行股票并在科创板上市招股说明书 2010 年 6 月 17 日，苏州建信会计师事务所有限公司出具建信内验（2010） 字第153号《验资报告》，截至 2010年6月17日，赛分有限已收到黄学英第二 期缴纳的注册资本（实收资本）合计 1,000,000元整，全部以货币出资。 2011 年 4 月 19 日，苏州建信会计师事务所有限公司出具建信内验（2011） 字第065号《验资报告》，截至 2011 年4月18日，赛分有限已收到黄学英、沈 建林、潘鼎第三期缴纳的注册资本（实收资本）合计 5,000,000 元整，全部以货 币出资。至此，赛分有限注册资本实缴完毕。 2009年3月16日，赛分有限（筹）就设立事项办理完毕工商登记手续，取 得了江苏省苏州工业园区工商行政管理局核发的《企业法人营业执照》。 公司设立时的股权结构情况如下： 认缴出资额 实缴出资额 出资比例 序号 股东姓名 出资方式 （万元） （万元） （%） 1 黄学英 900.00 360.00 90.00 货币 2 沈建林 50.00 20.00 5.00 货币 3 潘鼎 50.00 20.00 5.00 货币 合计 1,000.00 400.00 100.00 / （二）股份公司的设立情况 2021 年 8 月 9 日，万隆（上海）资产评估有限公司就赛分有限整体变更设 立股份公司事项出",
AUTO-SNAP-688758-004,688758,赛分科技,688758_赛分科技.jsonl,14,52,t0/报告期初,,黄学英,自然人/其他,29.1989,,,27.0,,"苏州赛分科技股份有限公司 首次公开发行股票并在科创板上市招股说明书 份总额，每股面值1元，共计 27,506,769股，未折股部分 268,293,931.26元将全 额计入股份公司的资本公积金。公司全体股东作为发起人，按照目前各自在公司 的出资比例持有相应数额的股份。 2021年8月25日，赛分科技召开创立大会暨第一次股东大会，审议通过《关 于苏州赛分科技股份有限公司筹办情况的报告》《关于苏州赛分科技股份有限公 司整体变更设立股份公司的议案》《关于制定<苏州赛分科技股份有限公司章程> 的议案》等相关议案，选举并产生了第一届董事会和第一届监事会的股东代表监 事，并与职工代表大会选举产生的职工监事共同组成第一届监事会。 2021年8月25日，容诚会计师事务所（特殊普通合伙）对本次整体变更进 行了验资，并出具容诚验字[2021]210Z0020 号《验资报告》。经审验，截至 2021 年 8 月 25 日，赛分科技各发起人以其拥有的赛分有限截至 2021 年 5 月 31 日经 审计的账面净资产 295,800,700.26 元（评估值为 330,045,075.98 元）折股投入， 其中 27,506,769.00 元折合为赛分科技的股本，股本总额 27,506,769 股，每股面 值1元，净资产折合股本后的余额计入资本公积。 2021年9月16日，赛分科技就整体变更为股份有限公司事",持股比例未披露，保留空值
AUTO-SNAP-688758-005,688758,赛分科技,688758_赛分科技.jsonl,15,52,t0/报告期初,,周金清,自然人/其他,10.1793,,,27.0,,"苏州赛分科技股份有限公司 首次公开发行股票并在科创板上市招股说明书 份总额，每股面值1元，共计 27,506,769股，未折股部分 268,293,931.26元将全 额计入股份公司的资本公积金。公司全体股东作为发起人，按照目前各自在公司 的出资比例持有相应数额的股份。 2021年8月25日，赛分科技召开创立大会暨第一次股东大会，审议通过《关 于苏州赛分科技股份有限公司筹办情况的报告》《关于苏州赛分科技股份有限公 司整体变更设立股份公司的议案》《关于制定<苏州赛分科技股份有限公司章程> 的议案》等相关议案，选举并产生了第一届董事会和第一届监事会的股东代表监 事，并与职工代表大会选举产生的职工监事共同组成第一届监事会。 2021年8月25日，容诚会计师事务所（特殊普通合伙）对本次整体变更进 行了验资，并出具容诚验字[2021]210Z0020 号《验资报告》。经审验，截至 2021 年 8 月 25 日，赛分科技各发起人以其拥有的赛分有限截至 2021 年 5 月 31 日经 审计的账面净资产 295,800,700.26 元（评估值为 330,045,075.98 元）折股投入， 其中 27,506,769.00 元折合为赛分科技的股本，股本总额 27,506,769 股，每股面 值1元，净资产折合股本后的余额计入资本公积。 2021年9月16日，赛分科技就整体变更为股份有限公司事",持股比例未披露，保留空值
AUTO-SNAP-688758-006,688758,赛分科技,688758_赛分科技.jsonl,16,52,t0/报告期初,,高新同华,自然人/其他,9.8158,,,27.0,,"苏州赛分科技股份有限公司 首次公开发行股票并在科创板上市招股说明书 份总额，每股面值1元，共计 27,506,769股，未折股部分 268,293,931.26元将全 额计入股份公司的资本公积金。公司全体股东作为发起人，按照目前各自在公司 的出资比例持有相应数额的股份。 2021年8月25日，赛分科技召开创立大会暨第一次股东大会，审议通过《关 于苏州赛分科技股份有限公司筹办情况的报告》《关于苏州赛分科技股份有限公 司整体变更设立股份公司的议案》《关于制定<苏州赛分科技股份有限公司章程> 的议案》等相关议案，选举并产生了第一届董事会和第一届监事会的股东代表监 事，并与职工代表大会选举产生的职工监事共同组成第一届监事会。 2021年8月25日，容诚会计师事务所（特殊普通合伙）对本次整体变更进 行了验资，并出具容诚验字[2021]210Z0020 号《验资报告》。经审验，截至 2021 年 8 月 25 日，赛分科技各发起人以其拥有的赛分有限截至 2021 年 5 月 31 日经 审计的账面净资产 295,800,700.26 元（评估值为 330,045,075.98 元）折股投入， 其中 27,506,769.00 元折合为赛分科技的股本，股本总额 27,506,769 股，每股面 值1元，净资产折合股本后的余额计入资本公积。 2021年9月16日，赛分科技就整体变更为股份有限公司事",持股比例未披露，保留空值
AUTO-SNAP-688758-007,688758,赛分科技,688758_赛分科技.jsonl,17,52,t0/报告期初,,陆民,自然人/其他,9.3577,,,27.0,,"苏州赛分科技股份有限公司 首次公开发行股票并在科创板上市招股说明书 份总额，每股面值1元，共计 27,506,769股，未折股部分 268,293,931.26元将全 额计入股份公司的资本公积金。公司全体股东作为发起人，按照目前各自在公司 的出资比例持有相应数额的股份。 2021年8月25日，赛分科技召开创立大会暨第一次股东大会，审议通过《关 于苏州赛分科技股份有限公司筹办情况的报告》《关于苏州赛分科技股份有限公 司整体变更设立股份公司的议案》《关于制定<苏州赛分科技股份有限公司章程> 的议案》等相关议案，选举并产生了第一届董事会和第一届监事会的股东代表监 事，并与职工代表大会选举产生的职工监事共同组成第一届监事会。 2021年8月25日，容诚会计师事务所（特殊普通合伙）对本次整体变更进 行了验资，并出具容诚验字[2021]210Z0020 号《验资报告》。经审验，截至 2021 年 8 月 25 日，赛分科技各发起人以其拥有的赛分有限截至 2021 年 5 月 31 日经 审计的账面净资产 295,800,700.26 元（评估值为 330,045,075.98 元）折股投入， 其中 27,506,769.00 元折合为赛分科技的股本，股本总额 27,506,769 股，每股面 值1元，净资产折合股本后的余额计入资本公积。 2021年9月16日，赛分科技就整体变更为股份有限公司事",持股比例未披露，保留空值
AUTO-SNAP-688758-008,688758,赛分科技,688758_赛分科技.jsonl,18,52,t0/报告期初,,国寿疌泉,自然人/其他,9.0909,,,27.0,,"苏州赛分科技股份有限公司 首次公开发行股票并在科创板上市招股说明书 份总额，每股面值1元，共计 27,506,769股，未折股部分 268,293,931.26元将全 额计入股份公司的资本公积金。公司全体股东作为发起人，按照目前各自在公司 的出资比例持有相应数额的股份。 2021年8月25日，赛分科技召开创立大会暨第一次股东大会，审议通过《关 于苏州赛分科技股份有限公司筹办情况的报告》《关于苏州赛分科技股份有限公 司整体变更设立股份公司的议案》《关于制定<苏州赛分科技股份有限公司章程> 的议案》等相关议案，选举并产生了第一届董事会和第一届监事会的股东代表监 事，并与职工代表大会选举产生的职工监事共同组成第一届监事会。 2021年8月25日，容诚会计师事务所（特殊普通合伙）对本次整体变更进 行了验资，并出具容诚验字[2021]210Z0020 号《验资报告》。经审验，截至 2021 年 8 月 25 日，赛分科技各发起人以其拥有的赛分有限截至 2021 年 5 月 31 日经 审计的账面净资产 295,800,700.26 元（评估值为 330,045,075.98 元）折股投入， 其中 27,506,769.00 元折合为赛分科技的股本，股本总额 27,506,769 股，每股面 值1元，净资产折合股本后的余额计入资本公积。 2021年9月16日，赛分科技就整体变更为股份有限公司事",持股比例未披露，保留空值
AUTO-SNAP-688758-009,688758,赛分科技,688758_赛分科技.jsonl,19,52,t0/报告期初,,华泰大健康一号,PE/VC或私募基金,6.3689,,,27.0,,"苏州赛分科技股份有限公司 首次公开发行股票并在科创板上市招股说明书 份总额，每股面值1元，共计 27,506,769股，未折股部分 268,293,931.26元将全 额计入股份公司的资本公积金。公司全体股东作为发起人，按照目前各自在公司 的出资比例持有相应数额的股份。 2021年8月25日，赛分科技召开创立大会暨第一次股东大会，审议通过《关 于苏州赛分科技股份有限公司筹办情况的报告》《关于苏州赛分科技股份有限公 司整体变更设立股份公司的议案》《关于制定<苏州赛分科技股份有限公司章程> 的议案》等相关议案，选举并产生了第一届董事会和第一届监事会的股东代表监 事，并与职工代表大会选举产生的职工监事共同组成第一届监事会。 2021年8月25日，容诚会计师事务所（特殊普通合伙）对本次整体变更进 行了验资，并出具容诚验字[2021]210Z0020 号《验资报告》。经审验，截至 2021 年 8 月 25 日，赛分科技各发起人以其拥有的赛分有限截至 2021 年 5 月 31 日经 审计的账面净资产 295,800,700.26 元（评估值为 330,045,075.98 元）折股投入， 其中 27,506,769.00 元折合为赛分科技的股本，股本总额 27,506,769 股，每股面 值1元，净资产折合股本后的余额计入资本公积。 2021年9月16日，赛分科技就整体变更为股份有限公司事",持股比例未披露，保留空值
AUTO-SNAP-688758-010,688758,赛分科技,688758_赛分科技.jsonl,20,52,t0/报告期初,,苏州贤达,员工持股平台/员工激励,4.877,,,27.0,,"苏州赛分科技股份有限公司 首次公开发行股票并在科创板上市招股说明书 份总额，每股面值1元，共计 27,506,769股，未折股部分 268,293,931.26元将全 额计入股份公司的资本公积金。公司全体股东作为发起人，按照目前各自在公司 的出资比例持有相应数额的股份。 2021年8月25日，赛分科技召开创立大会暨第一次股东大会，审议通过《关 于苏州赛分科技股份有限公司筹办情况的报告》《关于苏州赛分科技股份有限公 司整体变更设立股份公司的议案》《关于制定<苏州赛分科技股份有限公司章程> 的议案》等相关议案，选举并产生了第一届董事会和第一届监事会的股东代表监 事，并与职工代表大会选举产生的职工监事共同组成第一届监事会。 2021年8月25日，容诚会计师事务所（特殊普通合伙）对本次整体变更进 行了验资，并出具容诚验字[2021]210Z0020 号《验资报告》。经审验，截至 2021 年 8 月 25 日，赛分科技各发起人以其拥有的赛分有限截至 2021 年 5 月 31 日经 审计的账面净资产 295,800,700.26 元（评估值为 330,045,075.98 元）折股投入， 其中 27,506,769.00 元折合为赛分科技的股本，股本总额 27,506,769 股，每股面 值1元，净资产折合股本后的余额计入资本公积。 2021年9月16日，赛分科技就整体变更为股份有限公司事",持股比例未披露，保留空值
AUTO-SNAP-688758-011,688758,赛分科技,688758_赛分科技.jsonl,21,52,t0/报告期初,,复星惟盈,自然人/其他,4.5939,,,27.0,,"苏州赛分科技股份有限公司 首次公开发行股票并在科创板上市招股说明书 份总额，每股面值1元，共计 27,506,769股，未折股部分 268,293,931.26元将全 额计入股份公司的资本公积金。公司全体股东作为发起人，按照目前各自在公司 的出资比例持有相应数额的股份。 2021年8月25日，赛分科技召开创立大会暨第一次股东大会，审议通过《关 于苏州赛分科技股份有限公司筹办情况的报告》《关于苏州赛分科技股份有限公 司整体变更设立股份公司的议案》《关于制定<苏州赛分科技股份有限公司章程> 的议案》等相关议案，选举并产生了第一届董事会和第一届监事会的股东代表监 事，并与职工代表大会选举产生的职工监事共同组成第一届监事会。 2021年8月25日，容诚会计师事务所（特殊普通合伙）对本次整体变更进 行了验资，并出具容诚验字[2021]210Z0020 号《验资报告》。经审验，截至 2021 年 8 月 25 日，赛分科技各发起人以其拥有的赛分有限截至 2021 年 5 月 31 日经 审计的账面净资产 295,800,700.26 元（评估值为 330,045,075.98 元）折股投入， 其中 27,506,769.00 元折合为赛分科技的股本，股本总额 27,506,769 股，每股面 值1元，净资产折合股本后的余额计入资本公积。 2021年9月16日，赛分科技就整体变更为股份有限公司事",持股比例未披露，保留空值
AUTO-SNAP-688758-012,688758,赛分科技,688758_赛分科技.jsonl,22,52,t0/报告期初,,苏州博达,员工持股平台/员工激励,4.1786,,,27.0,,"苏州赛分科技股份有限公司 首次公开发行股票并在科创板上市招股说明书 份总额，每股面值1元，共计 27,506,769股，未折股部分 268,293,931.26元将全 额计入股份公司的资本公积金。公司全体股东作为发起人，按照目前各自在公司 的出资比例持有相应数额的股份。 2021年8月25日，赛分科技召开创立大会暨第一次股东大会，审议通过《关 于苏州赛分科技股份有限公司筹办情况的报告》《关于苏州赛分科技股份有限公 司整体变更设立股份公司的议案》《关于制定<苏州赛分科技股份有限公司章程> 的议案》等相关议案，选举并产生了第一届董事会和第一届监事会的股东代表监 事，并与职工代表大会选举产生的职工监事共同组成第一届监事会。 2021年8月25日，容诚会计师事务所（特殊普通合伙）对本次整体变更进 行了验资，并出具容诚验字[2021]210Z0020 号《验资报告》。经审验，截至 2021 年 8 月 25 日，赛分科技各发起人以其拥有的赛分有限截至 2021 年 5 月 31 日经 审计的账面净资产 295,800,700.26 元（评估值为 330,045,075.98 元）折股投入， 其中 27,506,769.00 元折合为赛分科技的股本，股本总额 27,506,769 股，每股面 值1元，净资产折合股本后的余额计入资本公积。 2021年9月16日，赛分科技就整体变更为股份有限公司事",持股比例未披露，保留空值
AUTO-SNAP-688758-013,688758,赛分科技,688758_赛分科技.jsonl,23,52,t0/报告期初,,苏州杰贤,员工持股平台/员工激励,2.5259,,,27.0,,"苏州赛分科技股份有限公司 首次公开发行股票并在科创板上市招股说明书 份总额，每股面值1元，共计 27,506,769股，未折股部分 268,293,931.26元将全 额计入股份公司的资本公积金。公司全体股东作为发起人，按照目前各自在公司 的出资比例持有相应数额的股份。 2021年8月25日，赛分科技召开创立大会暨第一次股东大会，审议通过《关 于苏州赛分科技股份有限公司筹办情况的报告》《关于苏州赛分科技股份有限公 司整体变更设立股份公司的议案》《关于制定<苏州赛分科技股份有限公司章程> 的议案》等相关议案，选举并产生了第一届董事会和第一届监事会的股东代表监 事，并与职工代表大会选举产生的职工监事共同组成第一届监事会。 2021年8月25日，容诚会计师事务所（特殊普通合伙）对本次整体变更进 行了验资，并出具容诚验字[2021]210Z0020 号《验资报告》。经审验，截至 2021 年 8 月 25 日，赛分科技各发起人以其拥有的赛分有限截至 2021 年 5 月 31 日经 审计的账面净资产 295,800,700.26 元（评估值为 330,045,075.98 元）折股投入， 其中 27,506,769.00 元折合为赛分科技的股本，股本总额 27,506,769 股，每股面 值1元，净资产折合股本后的余额计入资本公积。 2021年9月16日，赛分科技就整体变更为股份有限公司事",持股比例未披露，保留空值
AUTO-SNAP-688758-014,688758,赛分科技,688758_赛分科技.jsonl,24,52,t0/报告期初,,潘鼎,自然人/其他,2.2976,,,27.0,,"苏州赛分科技股份有限公司 首次公开发行股票并在科创板上市招股说明书 份总额，每股面值1元，共计 27,506,769股，未折股部分 268,293,931.26元将全 额计入股份公司的资本公积金。公司全体股东作为发起人，按照目前各自在公司 的出资比例持有相应数额的股份。 2021年8月25日，赛分科技召开创立大会暨第一次股东大会，审议通过《关 于苏州赛分科技股份有限公司筹办情况的报告》《关于苏州赛分科技股份有限公 司整体变更设立股份公司的议案》《关于制定<苏州赛分科技股份有限公司章程> 的议案》等相关议案，选举并产生了第一届董事会和第一届监事会的股东代表监 事，并与职工代表大会选举产生的职工监事共同组成第一届监事会。 2021年8月25日，容诚会计师事务所（特殊普通合伙）对本次整体变更进 行了验资，并出具容诚验字[2021]210Z0020 号《验资报告》。经审验，截至 2021 年 8 月 25 日，赛分科技各发起人以其拥有的赛分有限截至 2021 年 5 月 31 日经 审计的账面净资产 295,800,700.26 元（评估值为 330,045,075.98 元）折股投入， 其中 27,506,769.00 元折合为赛分科技的股本，股本总额 27,506,769 股，每股面 值1元，净资产折合股本后的余额计入资本公积。 2021年9月16日，赛分科技就整体变更为股份有限公司事",持股比例未披露，保留空值
AUTO-SNAP-688758-015,688758,赛分科技,688758_赛分科技.jsonl,25,52,t0/报告期初,,海佳同康,自然人/其他,1.7232,,,27.0,,"苏州赛分科技股份有限公司 首次公开发行股票并在科创板上市招股说明书 份总额，每股面值1元，共计 27,506,769股，未折股部分 268,293,931.26元将全 额计入股份公司的资本公积金。公司全体股东作为发起人，按照目前各自在公司 的出资比例持有相应数额的股份。 2021年8月25日，赛分科技召开创立大会暨第一次股东大会，审议通过《关 于苏州赛分科技股份有限公司筹办情况的报告》《关于苏州赛分科技股份有限公 司整体变更设立股份公司的议案》《关于制定<苏州赛分科技股份有限公司章程> 的议案》等相关议案，选举并产生了第一届董事会和第一届监事会的股东代表监 事，并与职工代表大会选举产生的职工监事共同组成第一届监事会。 2021年8月25日，容诚会计师事务所（特殊普通合伙）对本次整体变更进 行了验资，并出具容诚验字[2021]210Z0020 号《验资报告》。经审验，截至 2021 年 8 月 25 日，赛分科技各发起人以其拥有的赛分有限截至 2021 年 5 月 31 日经 审计的账面净资产 295,800,700.26 元（评估值为 330,045,075.98 元）折股投入， 其中 27,506,769.00 元折合为赛分科技的股本，股本总额 27,506,769 股，每股面 值1元，净资产折合股本后的余额计入资本公积。 2021年9月16日，赛分科技就整体变更为股份有限公司事",持股比例未披露，保留空值
AUTO-SNAP-688758-016,688758,赛分科技,688758_赛分科技.jsonl,26,53,t0/报告期初,,苏州敦行,自然人/其他,1.4542,,,,2.0,"苏州赛分科技股份有限公司 首次公开发行股票并在科创板上市招股说明书 序号 发起人姓名/名称 持股数量（股） 持股比例（%） 13 苏州敦行 400,000 1.4542 14 陈志华 300,400 1.0921 15 耿卫东 300,000 1.0906 16 骏耀投资 200,000 0.7271 17 朱勤华 194,081 0.7056 18 华泰大健康二号 120,034 0.4364 19 唐斌 30,041 0.1092 20 道兴投资 28,079 0.1021 21 张敏 20,654 0.0751 合 计 27,506,769 100.0000 赛分有限在整体变更设立股份有限公司时，存在改制基准日累计未分配利润 为负的情形。截至2021年5月 31 日，赛分有限未分配利润-49,602,682.54元。 发行人改制基准日累计未分配利润为负的形成原因主要为，有限公司前期阶 段，发行人收入规模较小，研发投入高。2020 年，发行人营业收入为 9,766.97 万元，研发投入为 2,133.01 万元，净利润为 938.57 万元。2021 年，公司实现收 入 15,488.71 万元，对应净利润 2,162.02 万元。公司营业规模快速扩大，盈利能 力大幅提升。股改基准日之后，发行人盈利能力较弱的情形已消除。综上所述， 截至本招股说明书签署日，发行人整体变更设立股份",持股比例未披露，保留空值
AUTO-SNAP-688758-017,688758,赛分科技,688758_赛分科技.jsonl,27,53,t0/报告期初,,陈志华,自然人/其他,1.0921,,,,2.0,"苏州赛分科技股份有限公司 首次公开发行股票并在科创板上市招股说明书 序号 发起人姓名/名称 持股数量（股） 持股比例（%） 13 苏州敦行 400,000 1.4542 14 陈志华 300,400 1.0921 15 耿卫东 300,000 1.0906 16 骏耀投资 200,000 0.7271 17 朱勤华 194,081 0.7056 18 华泰大健康二号 120,034 0.4364 19 唐斌 30,041 0.1092 20 道兴投资 28,079 0.1021 21 张敏 20,654 0.0751 合 计 27,506,769 100.0000 赛分有限在整体变更设立股份有限公司时，存在改制基准日累计未分配利润 为负的情形。截至2021年5月 31 日，赛分有限未分配利润-49,602,682.54元。 发行人改制基准日累计未分配利润为负的形成原因主要为，有限公司前期阶 段，发行人收入规模较小，研发投入高。2020 年，发行人营业收入为 9,766.97 万元，研发投入为 2,133.01 万元，净利润为 938.57 万元。2021 年，公司实现收 入 15,488.71 万元，对应净利润 2,162.02 万元。公司营业规模快速扩大，盈利能 力大幅提升。股改基准日之后，发行人盈利能力较弱的情形已消除。综上所述， 截至本招股说明书签署日，发行人整体变更设立股份",持股比例未披露，保留空值
AUTO-SNAP-688758-018,688758,赛分科技,688758_赛分科技.jsonl,28,53,t0/报告期初,,耿卫东,自然人/其他,1.0906,,,,2.0,"苏州赛分科技股份有限公司 首次公开发行股票并在科创板上市招股说明书 序号 发起人姓名/名称 持股数量（股） 持股比例（%） 13 苏州敦行 400,000 1.4542 14 陈志华 300,400 1.0921 15 耿卫东 300,000 1.0906 16 骏耀投资 200,000 0.7271 17 朱勤华 194,081 0.7056 18 华泰大健康二号 120,034 0.4364 19 唐斌 30,041 0.1092 20 道兴投资 28,079 0.1021 21 张敏 20,654 0.0751 合 计 27,506,769 100.0000 赛分有限在整体变更设立股份有限公司时，存在改制基准日累计未分配利润 为负的情形。截至2021年5月 31 日，赛分有限未分配利润-49,602,682.54元。 发行人改制基准日累计未分配利润为负的形成原因主要为，有限公司前期阶 段，发行人收入规模较小，研发投入高。2020 年，发行人营业收入为 9,766.97 万元，研发投入为 2,133.01 万元，净利润为 938.57 万元。2021 年，公司实现收 入 15,488.71 万元，对应净利润 2,162.02 万元。公司营业规模快速扩大，盈利能 力大幅提升。股改基准日之后，发行人盈利能力较弱的情形已消除。综上所述， 截至本招股说明书签署日，发行人整体变更设立股份",持股比例未披露，保留空值
AUTO-SNAP-688758-019,688758,赛分科技,688758_赛分科技.jsonl,29,53,t0/报告期初,,骏耀投资,自然人/其他,0.7271,,,,2.0,"苏州赛分科技股份有限公司 首次公开发行股票并在科创板上市招股说明书 序号 发起人姓名/名称 持股数量（股） 持股比例（%） 13 苏州敦行 400,000 1.4542 14 陈志华 300,400 1.0921 15 耿卫东 300,000 1.0906 16 骏耀投资 200,000 0.7271 17 朱勤华 194,081 0.7056 18 华泰大健康二号 120,034 0.4364 19 唐斌 30,041 0.1092 20 道兴投资 28,079 0.1021 21 张敏 20,654 0.0751 合 计 27,506,769 100.0000 赛分有限在整体变更设立股份有限公司时，存在改制基准日累计未分配利润 为负的情形。截至2021年5月 31 日，赛分有限未分配利润-49,602,682.54元。 发行人改制基准日累计未分配利润为负的形成原因主要为，有限公司前期阶 段，发行人收入规模较小，研发投入高。2020 年，发行人营业收入为 9,766.97 万元，研发投入为 2,133.01 万元，净利润为 938.57 万元。2021 年，公司实现收 入 15,488.71 万元，对应净利润 2,162.02 万元。公司营业规模快速扩大，盈利能 力大幅提升。股改基准日之后，发行人盈利能力较弱的情形已消除。综上所述， 截至本招股说明书签署日，发行人整体变更设立股份",持股比例未披露，保留空值
AUTO-SNAP-688758-020,688758,赛分科技,688758_赛分科技.jsonl,30,53,t0/报告期初,,朱勤华,自然人/其他,0.7056,,,,2.0,"苏州赛分科技股份有限公司 首次公开发行股票并在科创板上市招股说明书 序号 发起人姓名/名称 持股数量（股） 持股比例（%） 13 苏州敦行 400,000 1.4542 14 陈志华 300,400 1.0921 15 耿卫东 300,000 1.0906 16 骏耀投资 200,000 0.7271 17 朱勤华 194,081 0.7056 18 华泰大健康二号 120,034 0.4364 19 唐斌 30,041 0.1092 20 道兴投资 28,079 0.1021 21 张敏 20,654 0.0751 合 计 27,506,769 100.0000 赛分有限在整体变更设立股份有限公司时，存在改制基准日累计未分配利润 为负的情形。截至2021年5月 31 日，赛分有限未分配利润-49,602,682.54元。 发行人改制基准日累计未分配利润为负的形成原因主要为，有限公司前期阶 段，发行人收入规模较小，研发投入高。2020 年，发行人营业收入为 9,766.97 万元，研发投入为 2,133.01 万元，净利润为 938.57 万元。2021 年，公司实现收 入 15,488.71 万元，对应净利润 2,162.02 万元。公司营业规模快速扩大，盈利能 力大幅提升。股改基准日之后，发行人盈利能力较弱的情形已消除。综上所述， 截至本招股说明书签署日，发行人整体变更设立股份",持股比例未披露，保留空值
AUTO-SNAP-688758-021,688758,赛分科技,688758_赛分科技.jsonl,31,53,t0/报告期初,,华泰大健康二号,PE/VC或私募基金,0.4364,,,,2.0,"苏州赛分科技股份有限公司 首次公开发行股票并在科创板上市招股说明书 序号 发起人姓名/名称 持股数量（股） 持股比例（%） 13 苏州敦行 400,000 1.4542 14 陈志华 300,400 1.0921 15 耿卫东 300,000 1.0906 16 骏耀投资 200,000 0.7271 17 朱勤华 194,081 0.7056 18 华泰大健康二号 120,034 0.4364 19 唐斌 30,041 0.1092 20 道兴投资 28,079 0.1021 21 张敏 20,654 0.0751 合 计 27,506,769 100.0000 赛分有限在整体变更设立股份有限公司时，存在改制基准日累计未分配利润 为负的情形。截至2021年5月 31 日，赛分有限未分配利润-49,602,682.54元。 发行人改制基准日累计未分配利润为负的形成原因主要为，有限公司前期阶 段，发行人收入规模较小，研发投入高。2020 年，发行人营业收入为 9,766.97 万元，研发投入为 2,133.01 万元，净利润为 938.57 万元。2021 年，公司实现收 入 15,488.71 万元，对应净利润 2,162.02 万元。公司营业规模快速扩大，盈利能 力大幅提升。股改基准日之后，发行人盈利能力较弱的情形已消除。综上所述， 截至本招股说明书签署日，发行人整体变更设立股份",持股比例未披露，保留空值
AUTO-SNAP-688758-022,688758,赛分科技,688758_赛分科技.jsonl,32,53,t0/报告期初,,唐斌,自然人/其他,0.1092,,,,2.0,"苏州赛分科技股份有限公司 首次公开发行股票并在科创板上市招股说明书 序号 发起人姓名/名称 持股数量（股） 持股比例（%） 13 苏州敦行 400,000 1.4542 14 陈志华 300,400 1.0921 15 耿卫东 300,000 1.0906 16 骏耀投资 200,000 0.7271 17 朱勤华 194,081 0.7056 18 华泰大健康二号 120,034 0.4364 19 唐斌 30,041 0.1092 20 道兴投资 28,079 0.1021 21 张敏 20,654 0.0751 合 计 27,506,769 100.0000 赛分有限在整体变更设立股份有限公司时，存在改制基准日累计未分配利润 为负的情形。截至2021年5月 31 日，赛分有限未分配利润-49,602,682.54元。 发行人改制基准日累计未分配利润为负的形成原因主要为，有限公司前期阶 段，发行人收入规模较小，研发投入高。2020 年，发行人营业收入为 9,766.97 万元，研发投入为 2,133.01 万元，净利润为 938.57 万元。2021 年，公司实现收 入 15,488.71 万元，对应净利润 2,162.02 万元。公司营业规模快速扩大，盈利能 力大幅提升。股改基准日之后，发行人盈利能力较弱的情形已消除。综上所述， 截至本招股说明书签署日，发行人整体变更设立股份",持股比例未披露，保留空值
AUTO-SNAP-688758-023,688758,赛分科技,688758_赛分科技.jsonl,33,53,t0/报告期初,,道兴投资,自然人/其他,0.1021,,,,2.0,"苏州赛分科技股份有限公司 首次公开发行股票并在科创板上市招股说明书 序号 发起人姓名/名称 持股数量（股） 持股比例（%） 13 苏州敦行 400,000 1.4542 14 陈志华 300,400 1.0921 15 耿卫东 300,000 1.0906 16 骏耀投资 200,000 0.7271 17 朱勤华 194,081 0.7056 18 华泰大健康二号 120,034 0.4364 19 唐斌 30,041 0.1092 20 道兴投资 28,079 0.1021 21 张敏 20,654 0.0751 合 计 27,506,769 100.0000 赛分有限在整体变更设立股份有限公司时，存在改制基准日累计未分配利润 为负的情形。截至2021年5月 31 日，赛分有限未分配利润-49,602,682.54元。 发行人改制基准日累计未分配利润为负的形成原因主要为，有限公司前期阶 段，发行人收入规模较小，研发投入高。2020 年，发行人营业收入为 9,766.97 万元，研发投入为 2,133.01 万元，净利润为 938.57 万元。2021 年，公司实现收 入 15,488.71 万元，对应净利润 2,162.02 万元。公司营业规模快速扩大，盈利能 力大幅提升。股改基准日之后，发行人盈利能力较弱的情形已消除。综上所述， 截至本招股说明书签署日，发行人整体变更设立股份",持股比例未披露，保留空值
AUTO-SNAP-688758-024,688758,赛分科技,688758_赛分科技.jsonl,34,53,t0/报告期初,,张敏,自然人/其他,0.0751,,,,2.0,"苏州赛分科技股份有限公司 首次公开发行股票并在科创板上市招股说明书 序号 发起人姓名/名称 持股数量（股） 持股比例（%） 13 苏州敦行 400,000 1.4542 14 陈志华 300,400 1.0921 15 耿卫东 300,000 1.0906 16 骏耀投资 200,000 0.7271 17 朱勤华 194,081 0.7056 18 华泰大健康二号 120,034 0.4364 19 唐斌 30,041 0.1092 20 道兴投资 28,079 0.1021 21 张敏 20,654 0.0751 合 计 27,506,769 100.0000 赛分有限在整体变更设立股份有限公司时，存在改制基准日累计未分配利润 为负的情形。截至2021年5月 31 日，赛分有限未分配利润-49,602,682.54元。 发行人改制基准日累计未分配利润为负的形成原因主要为，有限公司前期阶 段，发行人收入规模较小，研发投入高。2020 年，发行人营业收入为 9,766.97 万元，研发投入为 2,133.01 万元，净利润为 938.57 万元。2021 年，公司实现收 入 15,488.71 万元，对应净利润 2,162.02 万元。公司营业规模快速扩大，盈利能 力大幅提升。股改基准日之后，发行人盈利能力较弱的情形已消除。综上所述， 截至本招股说明书签署日，发行人整体变更设立股份",持股比例未披露，保留空值
AUTO-SNAP-688758-025,688758,赛分科技,688758_赛分科技.jsonl,35,54,t0/报告期初,,黄学英,自然人/其他,,883.39,36.69,,,"苏州赛分科技股份有限公司 首次公开发行股票并在科创板上市招股说明书 认缴出资额 实缴出资额 出资比例 序号 股东姓名/名称 出资方式 （万元） （万元） （%） 1 黄学英 883.39 883.39 36.69 货币 2 周金清 280.00 280.00 11.63 货币 3 陆民 257.40 257.40 10.69 货币 4 高新同华 248.00 248.00 10.30 货币 5 华泰大健康一号 175.19 175.19 7.28 货币 6 苏州贤达 134.15 134.15 5.57 货币 7 苏州博达 114.94 114.94 4.77 货币 8 苏州杰贤 69.48 69.48 2.89 货币 9 潘鼎 63.20 63.20 2.62 货币 10 海佳同康 47.40 47.40 1.97 货币 11 苏州敦行 40.00 40.00 1.66 货币 12 陈志华 30.04 30.04 1.25 货币 13 耿卫东 30.00 30.00 1.25 货币 14 骏耀投资 20.00 20.00 0.83 货币 15 华泰大健康二号 12.00 12.00 0.50 货币 16 道兴投资 2.81 2.81 0.12 货币 合计 2,408.00 2,408.00 100.00 / 报告期内，公司进行了 3 次增资、2 次股权转让、1 次资本公积转增股本",
AUTO-SNAP-688758-026,688758,赛分科技,688758_赛分科技.jsonl,36,54,t0/报告期初,,周金清,自然人/其他,,280.0,11.63,,,"苏州赛分科技股份有限公司 首次公开发行股票并在科创板上市招股说明书 认缴出资额 实缴出资额 出资比例 序号 股东姓名/名称 出资方式 （万元） （万元） （%） 1 黄学英 883.39 883.39 36.69 货币 2 周金清 280.00 280.00 11.63 货币 3 陆民 257.40 257.40 10.69 货币 4 高新同华 248.00 248.00 10.30 货币 5 华泰大健康一号 175.19 175.19 7.28 货币 6 苏州贤达 134.15 134.15 5.57 货币 7 苏州博达 114.94 114.94 4.77 货币 8 苏州杰贤 69.48 69.48 2.89 货币 9 潘鼎 63.20 63.20 2.62 货币 10 海佳同康 47.40 47.40 1.97 货币 11 苏州敦行 40.00 40.00 1.66 货币 12 陈志华 30.04 30.04 1.25 货币 13 耿卫东 30.00 30.00 1.25 货币 14 骏耀投资 20.00 20.00 0.83 货币 15 华泰大健康二号 12.00 12.00 0.50 货币 16 道兴投资 2.81 2.81 0.12 货币 合计 2,408.00 2,408.00 100.00 / 报告期内，公司进行了 3 次增资、2 次股权转让、1 次资本公积转增股本",
AUTO-SNAP-688758-027,688758,赛分科技,688758_赛分科技.jsonl,37,54,t0/报告期初,,陆民,自然人/其他,,257.4,10.69,,,"苏州赛分科技股份有限公司 首次公开发行股票并在科创板上市招股说明书 认缴出资额 实缴出资额 出资比例 序号 股东姓名/名称 出资方式 （万元） （万元） （%） 1 黄学英 883.39 883.39 36.69 货币 2 周金清 280.00 280.00 11.63 货币 3 陆民 257.40 257.40 10.69 货币 4 高新同华 248.00 248.00 10.30 货币 5 华泰大健康一号 175.19 175.19 7.28 货币 6 苏州贤达 134.15 134.15 5.57 货币 7 苏州博达 114.94 114.94 4.77 货币 8 苏州杰贤 69.48 69.48 2.89 货币 9 潘鼎 63.20 63.20 2.62 货币 10 海佳同康 47.40 47.40 1.97 货币 11 苏州敦行 40.00 40.00 1.66 货币 12 陈志华 30.04 30.04 1.25 货币 13 耿卫东 30.00 30.00 1.25 货币 14 骏耀投资 20.00 20.00 0.83 货币 15 华泰大健康二号 12.00 12.00 0.50 货币 16 道兴投资 2.81 2.81 0.12 货币 合计 2,408.00 2,408.00 100.00 / 报告期内，公司进行了 3 次增资、2 次股权转让、1 次资本公积转增股本",
AUTO-SNAP-688758-028,688758,赛分科技,688758_赛分科技.jsonl,38,54,t0/报告期初,,高新同华,自然人/其他,,248.0,10.3,,,"苏州赛分科技股份有限公司 首次公开发行股票并在科创板上市招股说明书 认缴出资额 实缴出资额 出资比例 序号 股东姓名/名称 出资方式 （万元） （万元） （%） 1 黄学英 883.39 883.39 36.69 货币 2 周金清 280.00 280.00 11.63 货币 3 陆民 257.40 257.40 10.69 货币 4 高新同华 248.00 248.00 10.30 货币 5 华泰大健康一号 175.19 175.19 7.28 货币 6 苏州贤达 134.15 134.15 5.57 货币 7 苏州博达 114.94 114.94 4.77 货币 8 苏州杰贤 69.48 69.48 2.89 货币 9 潘鼎 63.20 63.20 2.62 货币 10 海佳同康 47.40 47.40 1.97 货币 11 苏州敦行 40.00 40.00 1.66 货币 12 陈志华 30.04 30.04 1.25 货币 13 耿卫东 30.00 30.00 1.25 货币 14 骏耀投资 20.00 20.00 0.83 货币 15 华泰大健康二号 12.00 12.00 0.50 货币 16 道兴投资 2.81 2.81 0.12 货币 合计 2,408.00 2,408.00 100.00 / 报告期内，公司进行了 3 次增资、2 次股权转让、1 次资本公积转增股本",
AUTO-SNAP-688758-029,688758,赛分科技,688758_赛分科技.jsonl,39,54,t0/报告期初,,华泰大健康一号,PE/VC或私募基金,,175.19,7.28,,,"苏州赛分科技股份有限公司 首次公开发行股票并在科创板上市招股说明书 认缴出资额 实缴出资额 出资比例 序号 股东姓名/名称 出资方式 （万元） （万元） （%） 1 黄学英 883.39 883.39 36.69 货币 2 周金清 280.00 280.00 11.63 货币 3 陆民 257.40 257.40 10.69 货币 4 高新同华 248.00 248.00 10.30 货币 5 华泰大健康一号 175.19 175.19 7.28 货币 6 苏州贤达 134.15 134.15 5.57 货币 7 苏州博达 114.94 114.94 4.77 货币 8 苏州杰贤 69.48 69.48 2.89 货币 9 潘鼎 63.20 63.20 2.62 货币 10 海佳同康 47.40 47.40 1.97 货币 11 苏州敦行 40.00 40.00 1.66 货币 12 陈志华 30.04 30.04 1.25 货币 13 耿卫东 30.00 30.00 1.25 货币 14 骏耀投资 20.00 20.00 0.83 货币 15 华泰大健康二号 12.00 12.00 0.50 货币 16 道兴投资 2.81 2.81 0.12 货币 合计 2,408.00 2,408.00 100.00 / 报告期内，公司进行了 3 次增资、2 次股权转让、1 次资本公积转增股本",
AUTO-SNAP-688758-030,688758,赛分科技,688758_赛分科技.jsonl,40,54,t0/报告期初,,苏州贤达,员工持股平台/员工激励,,134.15,5.57,,,"苏州赛分科技股份有限公司 首次公开发行股票并在科创板上市招股说明书 认缴出资额 实缴出资额 出资比例 序号 股东姓名/名称 出资方式 （万元） （万元） （%） 1 黄学英 883.39 883.39 36.69 货币 2 周金清 280.00 280.00 11.63 货币 3 陆民 257.40 257.40 10.69 货币 4 高新同华 248.00 248.00 10.30 货币 5 华泰大健康一号 175.19 175.19 7.28 货币 6 苏州贤达 134.15 134.15 5.57 货币 7 苏州博达 114.94 114.94 4.77 货币 8 苏州杰贤 69.48 69.48 2.89 货币 9 潘鼎 63.20 63.20 2.62 货币 10 海佳同康 47.40 47.40 1.97 货币 11 苏州敦行 40.00 40.00 1.66 货币 12 陈志华 30.04 30.04 1.25 货币 13 耿卫东 30.00 30.00 1.25 货币 14 骏耀投资 20.00 20.00 0.83 货币 15 华泰大健康二号 12.00 12.00 0.50 货币 16 道兴投资 2.81 2.81 0.12 货币 合计 2,408.00 2,408.00 100.00 / 报告期内，公司进行了 3 次增资、2 次股权转让、1 次资本公积转增股本",
AUTO-SNAP-688758-031,688758,赛分科技,688758_赛分科技.jsonl,41,54,t0/报告期初,,苏州博达,员工持股平台/员工激励,,114.94,4.77,,,"苏州赛分科技股份有限公司 首次公开发行股票并在科创板上市招股说明书 认缴出资额 实缴出资额 出资比例 序号 股东姓名/名称 出资方式 （万元） （万元） （%） 1 黄学英 883.39 883.39 36.69 货币 2 周金清 280.00 280.00 11.63 货币 3 陆民 257.40 257.40 10.69 货币 4 高新同华 248.00 248.00 10.30 货币 5 华泰大健康一号 175.19 175.19 7.28 货币 6 苏州贤达 134.15 134.15 5.57 货币 7 苏州博达 114.94 114.94 4.77 货币 8 苏州杰贤 69.48 69.48 2.89 货币 9 潘鼎 63.20 63.20 2.62 货币 10 海佳同康 47.40 47.40 1.97 货币 11 苏州敦行 40.00 40.00 1.66 货币 12 陈志华 30.04 30.04 1.25 货币 13 耿卫东 30.00 30.00 1.25 货币 14 骏耀投资 20.00 20.00 0.83 货币 15 华泰大健康二号 12.00 12.00 0.50 货币 16 道兴投资 2.81 2.81 0.12 货币 合计 2,408.00 2,408.00 100.00 / 报告期内，公司进行了 3 次增资、2 次股权转让、1 次资本公积转增股本",
AUTO-SNAP-688758-032,688758,赛分科技,688758_赛分科技.jsonl,42,54,t0/报告期初,,苏州杰贤,员工持股平台/员工激励,,69.48,2.89,,,"苏州赛分科技股份有限公司 首次公开发行股票并在科创板上市招股说明书 认缴出资额 实缴出资额 出资比例 序号 股东姓名/名称 出资方式 （万元） （万元） （%） 1 黄学英 883.39 883.39 36.69 货币 2 周金清 280.00 280.00 11.63 货币 3 陆民 257.40 257.40 10.69 货币 4 高新同华 248.00 248.00 10.30 货币 5 华泰大健康一号 175.19 175.19 7.28 货币 6 苏州贤达 134.15 134.15 5.57 货币 7 苏州博达 114.94 114.94 4.77 货币 8 苏州杰贤 69.48 69.48 2.89 货币 9 潘鼎 63.20 63.20 2.62 货币 10 海佳同康 47.40 47.40 1.97 货币 11 苏州敦行 40.00 40.00 1.66 货币 12 陈志华 30.04 30.04 1.25 货币 13 耿卫东 30.00 30.00 1.25 货币 14 骏耀投资 20.00 20.00 0.83 货币 15 华泰大健康二号 12.00 12.00 0.50 货币 16 道兴投资 2.81 2.81 0.12 货币 合计 2,408.00 2,408.00 100.00 / 报告期内，公司进行了 3 次增资、2 次股权转让、1 次资本公积转增股本",
AUTO-SNAP-688758-033,688758,赛分科技,688758_赛分科技.jsonl,43,54,t0/报告期初,,潘鼎,自然人/其他,,63.2,2.62,,,"苏州赛分科技股份有限公司 首次公开发行股票并在科创板上市招股说明书 认缴出资额 实缴出资额 出资比例 序号 股东姓名/名称 出资方式 （万元） （万元） （%） 1 黄学英 883.39 883.39 36.69 货币 2 周金清 280.00 280.00 11.63 货币 3 陆民 257.40 257.40 10.69 货币 4 高新同华 248.00 248.00 10.30 货币 5 华泰大健康一号 175.19 175.19 7.28 货币 6 苏州贤达 134.15 134.15 5.57 货币 7 苏州博达 114.94 114.94 4.77 货币 8 苏州杰贤 69.48 69.48 2.89 货币 9 潘鼎 63.20 63.20 2.62 货币 10 海佳同康 47.40 47.40 1.97 货币 11 苏州敦行 40.00 40.00 1.66 货币 12 陈志华 30.04 30.04 1.25 货币 13 耿卫东 30.00 30.00 1.25 货币 14 骏耀投资 20.00 20.00 0.83 货币 15 华泰大健康二号 12.00 12.00 0.50 货币 16 道兴投资 2.81 2.81 0.12 货币 合计 2,408.00 2,408.00 100.00 / 报告期内，公司进行了 3 次增资、2 次股权转让、1 次资本公积转增股本",
AUTO-SNAP-688758-034,688758,赛分科技,688758_赛分科技.jsonl,44,54,t0/报告期初,,海佳同康,自然人/其他,,47.4,1.97,,,"苏州赛分科技股份有限公司 首次公开发行股票并在科创板上市招股说明书 认缴出资额 实缴出资额 出资比例 序号 股东姓名/名称 出资方式 （万元） （万元） （%） 1 黄学英 883.39 883.39 36.69 货币 2 周金清 280.00 280.00 11.63 货币 3 陆民 257.40 257.40 10.69 货币 4 高新同华 248.00 248.00 10.30 货币 5 华泰大健康一号 175.19 175.19 7.28 货币 6 苏州贤达 134.15 134.15 5.57 货币 7 苏州博达 114.94 114.94 4.77 货币 8 苏州杰贤 69.48 69.48 2.89 货币 9 潘鼎 63.20 63.20 2.62 货币 10 海佳同康 47.40 47.40 1.97 货币 11 苏州敦行 40.00 40.00 1.66 货币 12 陈志华 30.04 30.04 1.25 货币 13 耿卫东 30.00 30.00 1.25 货币 14 骏耀投资 20.00 20.00 0.83 货币 15 华泰大健康二号 12.00 12.00 0.50 货币 16 道兴投资 2.81 2.81 0.12 货币 合计 2,408.00 2,408.00 100.00 / 报告期内，公司进行了 3 次增资、2 次股权转让、1 次资本公积转增股本",
AUTO-SNAP-688758-035,688758,赛分科技,688758_赛分科技.jsonl,45,54,t0/报告期初,,苏州敦行,自然人/其他,,40.0,1.66,,,"苏州赛分科技股份有限公司 首次公开发行股票并在科创板上市招股说明书 认缴出资额 实缴出资额 出资比例 序号 股东姓名/名称 出资方式 （万元） （万元） （%） 1 黄学英 883.39 883.39 36.69 货币 2 周金清 280.00 280.00 11.63 货币 3 陆民 257.40 257.40 10.69 货币 4 高新同华 248.00 248.00 10.30 货币 5 华泰大健康一号 175.19 175.19 7.28 货币 6 苏州贤达 134.15 134.15 5.57 货币 7 苏州博达 114.94 114.94 4.77 货币 8 苏州杰贤 69.48 69.48 2.89 货币 9 潘鼎 63.20 63.20 2.62 货币 10 海佳同康 47.40 47.40 1.97 货币 11 苏州敦行 40.00 40.00 1.66 货币 12 陈志华 30.04 30.04 1.25 货币 13 耿卫东 30.00 30.00 1.25 货币 14 骏耀投资 20.00 20.00 0.83 货币 15 华泰大健康二号 12.00 12.00 0.50 货币 16 道兴投资 2.81 2.81 0.12 货币 合计 2,408.00 2,408.00 100.00 / 报告期内，公司进行了 3 次增资、2 次股权转让、1 次资本公积转增股本",
AUTO-SNAP-688758-036,688758,赛分科技,688758_赛分科技.jsonl,46,54,t0/报告期初,,陈志华,自然人/其他,,30.04,1.25,,,"苏州赛分科技股份有限公司 首次公开发行股票并在科创板上市招股说明书 认缴出资额 实缴出资额 出资比例 序号 股东姓名/名称 出资方式 （万元） （万元） （%） 1 黄学英 883.39 883.39 36.69 货币 2 周金清 280.00 280.00 11.63 货币 3 陆民 257.40 257.40 10.69 货币 4 高新同华 248.00 248.00 10.30 货币 5 华泰大健康一号 175.19 175.19 7.28 货币 6 苏州贤达 134.15 134.15 5.57 货币 7 苏州博达 114.94 114.94 4.77 货币 8 苏州杰贤 69.48 69.48 2.89 货币 9 潘鼎 63.20 63.20 2.62 货币 10 海佳同康 47.40 47.40 1.97 货币 11 苏州敦行 40.00 40.00 1.66 货币 12 陈志华 30.04 30.04 1.25 货币 13 耿卫东 30.00 30.00 1.25 货币 14 骏耀投资 20.00 20.00 0.83 货币 15 华泰大健康二号 12.00 12.00 0.50 货币 16 道兴投资 2.81 2.81 0.12 货币 合计 2,408.00 2,408.00 100.00 / 报告期内，公司进行了 3 次增资、2 次股权转让、1 次资本公积转增股本",
AUTO-SNAP-688758-037,688758,赛分科技,688758_赛分科技.jsonl,47,54,t0/报告期初,,耿卫东,自然人/其他,,30.0,1.25,,,"苏州赛分科技股份有限公司 首次公开发行股票并在科创板上市招股说明书 认缴出资额 实缴出资额 出资比例 序号 股东姓名/名称 出资方式 （万元） （万元） （%） 1 黄学英 883.39 883.39 36.69 货币 2 周金清 280.00 280.00 11.63 货币 3 陆民 257.40 257.40 10.69 货币 4 高新同华 248.00 248.00 10.30 货币 5 华泰大健康一号 175.19 175.19 7.28 货币 6 苏州贤达 134.15 134.15 5.57 货币 7 苏州博达 114.94 114.94 4.77 货币 8 苏州杰贤 69.48 69.48 2.89 货币 9 潘鼎 63.20 63.20 2.62 货币 10 海佳同康 47.40 47.40 1.97 货币 11 苏州敦行 40.00 40.00 1.66 货币 12 陈志华 30.04 30.04 1.25 货币 13 耿卫东 30.00 30.00 1.25 货币 14 骏耀投资 20.00 20.00 0.83 货币 15 华泰大健康二号 12.00 12.00 0.50 货币 16 道兴投资 2.81 2.81 0.12 货币 合计 2,408.00 2,408.00 100.00 / 报告期内，公司进行了 3 次增资、2 次股权转让、1 次资本公积转增股本",
AUTO-SNAP-688758-038,688758,赛分科技,688758_赛分科技.jsonl,48,54,t0/报告期初,,骏耀投资,自然人/其他,,20.0,0.83,,,"苏州赛分科技股份有限公司 首次公开发行股票并在科创板上市招股说明书 认缴出资额 实缴出资额 出资比例 序号 股东姓名/名称 出资方式 （万元） （万元） （%） 1 黄学英 883.39 883.39 36.69 货币 2 周金清 280.00 280.00 11.63 货币 3 陆民 257.40 257.40 10.69 货币 4 高新同华 248.00 248.00 10.30 货币 5 华泰大健康一号 175.19 175.19 7.28 货币 6 苏州贤达 134.15 134.15 5.57 货币 7 苏州博达 114.94 114.94 4.77 货币 8 苏州杰贤 69.48 69.48 2.89 货币 9 潘鼎 63.20 63.20 2.62 货币 10 海佳同康 47.40 47.40 1.97 货币 11 苏州敦行 40.00 40.00 1.66 货币 12 陈志华 30.04 30.04 1.25 货币 13 耿卫东 30.00 30.00 1.25 货币 14 骏耀投资 20.00 20.00 0.83 货币 15 华泰大健康二号 12.00 12.00 0.50 货币 16 道兴投资 2.81 2.81 0.12 货币 合计 2,408.00 2,408.00 100.00 / 报告期内，公司进行了 3 次增资、2 次股权转让、1 次资本公积转增股本",
AUTO-SNAP-688758-039,688758,赛分科技,688758_赛分科技.jsonl,49,54,t0/报告期初,,华泰大健康二号,PE/VC或私募基金,,12.0,0.5,,,"苏州赛分科技股份有限公司 首次公开发行股票并在科创板上市招股说明书 认缴出资额 实缴出资额 出资比例 序号 股东姓名/名称 出资方式 （万元） （万元） （%） 1 黄学英 883.39 883.39 36.69 货币 2 周金清 280.00 280.00 11.63 货币 3 陆民 257.40 257.40 10.69 货币 4 高新同华 248.00 248.00 10.30 货币 5 华泰大健康一号 175.19 175.19 7.28 货币 6 苏州贤达 134.15 134.15 5.57 货币 7 苏州博达 114.94 114.94 4.77 货币 8 苏州杰贤 69.48 69.48 2.89 货币 9 潘鼎 63.20 63.20 2.62 货币 10 海佳同康 47.40 47.40 1.97 货币 11 苏州敦行 40.00 40.00 1.66 货币 12 陈志华 30.04 30.04 1.25 货币 13 耿卫东 30.00 30.00 1.25 货币 14 骏耀投资 20.00 20.00 0.83 货币 15 华泰大健康二号 12.00 12.00 0.50 货币 16 道兴投资 2.81 2.81 0.12 货币 合计 2,408.00 2,408.00 100.00 / 报告期内，公司进行了 3 次增资、2 次股权转让、1 次资本公积转增股本",
AUTO-SNAP-688758-040,688758,赛分科技,688758_赛分科技.jsonl,50,54,t0/报告期初,,道兴投资,自然人/其他,,2.81,0.12,,,"苏州赛分科技股份有限公司 首次公开发行股票并在科创板上市招股说明书 认缴出资额 实缴出资额 出资比例 序号 股东姓名/名称 出资方式 （万元） （万元） （%） 1 黄学英 883.39 883.39 36.69 货币 2 周金清 280.00 280.00 11.63 货币 3 陆民 257.40 257.40 10.69 货币 4 高新同华 248.00 248.00 10.30 货币 5 华泰大健康一号 175.19 175.19 7.28 货币 6 苏州贤达 134.15 134.15 5.57 货币 7 苏州博达 114.94 114.94 4.77 货币 8 苏州杰贤 69.48 69.48 2.89 货币 9 潘鼎 63.20 63.20 2.62 货币 10 海佳同康 47.40 47.40 1.97 货币 11 苏州敦行 40.00 40.00 1.66 货币 12 陈志华 30.04 30.04 1.25 货币 13 耿卫东 30.00 30.00 1.25 货币 14 骏耀投资 20.00 20.00 0.83 货币 15 华泰大健康二号 12.00 12.00 0.50 货币 16 道兴投资 2.81 2.81 0.12 货币 合计 2,408.00 2,408.00 100.00 / 报告期内，公司进行了 3 次增资、2 次股权转让、1 次资本公积转增股本",
AUTO-SNAP-688758-041,688758,赛分科技,688758_赛分科技.jsonl,51,56,t0/报告期初,,国寿疌泉,自然人/其他,,53.99,,,2.0,"苏州赛分科技股份有限公司 首次公开发行股票并在科创板上市招股说明书 转让单价 注册资本 转让价格 序号 转让方 受让方 （元/注册资本） （万元） （万元） 2 朱勤华 19.4081 1,000.0000 3 唐斌 0.8872 45.7143 4 张敏 0.6100 31.4286 注：上述表格中转让单价和转让金额之间的细微差异，系计算过程四舍五入造成。 2021 年 3 月，上述股权受让方将股权转让款项支付给黄学英。根据国家税 务总局苏州工业园区税务局第一税务所出具的完税证明，黄学英已就上述股权转 让事项缴纳了个人所得税5,882,051.40 元。 （2）报告期内第一次增资 2021年2月25日，赛分有限召开股东会并作出决议，同意公司注册资本增 加342.6769万元至2,750.6769万元。新增的342.6769万元注册资本由国寿疌泉、 复星惟盈、唐斌、张敏以人民币 1.85亿元认购。 2021年2月26日，国寿疌泉、复星惟盈、唐斌、张敏与发行人签署了《关 于苏州赛分科技有限公司之增资协议》。 本次增资具体情况如下： 认缴出资额 增资价格 增资金额 序号 股东姓名/名称 出资方式 （万元） （元/注册资本） （万元） 1 国寿疌泉 250.0615 13,500.0000 货币 2 复星惟盈 89.0431 4,807.1429 货币 53.99 3 唐斌 2.1169",持股比例未披露，保留空值
AUTO-SNAP-688758-042,688758,赛分科技,688758_赛分科技.jsonl,52,56,t0/报告期初,,复星惟盈,自然人/其他,,,,,2.0,"苏州赛分科技股份有限公司 首次公开发行股票并在科创板上市招股说明书 转让单价 注册资本 转让价格 序号 转让方 受让方 （元/注册资本） （万元） （万元） 2 朱勤华 19.4081 1,000.0000 3 唐斌 0.8872 45.7143 4 张敏 0.6100 31.4286 注：上述表格中转让单价和转让金额之间的细微差异，系计算过程四舍五入造成。 2021 年 3 月，上述股权受让方将股权转让款项支付给黄学英。根据国家税 务总局苏州工业园区税务局第一税务所出具的完税证明，黄学英已就上述股权转 让事项缴纳了个人所得税5,882,051.40 元。 （2）报告期内第一次增资 2021年2月25日，赛分有限召开股东会并作出决议，同意公司注册资本增 加342.6769万元至2,750.6769万元。新增的342.6769万元注册资本由国寿疌泉、 复星惟盈、唐斌、张敏以人民币 1.85亿元认购。 2021年2月26日，国寿疌泉、复星惟盈、唐斌、张敏与发行人签署了《关 于苏州赛分科技有限公司之增资协议》。 本次增资具体情况如下： 认缴出资额 增资价格 增资金额 序号 股东姓名/名称 出资方式 （万元） （元/注册资本） （万元） 1 国寿疌泉 250.0615 13,500.0000 货币 2 复星惟盈 89.0431 4,807.1429 货币 53.99 3 唐斌 2.1169",持股比例未披露，保留空值|股份数/出资额均未披露，进入复核
AUTO-SNAP-688758-043,688758,赛分科技,688758_赛分科技.jsonl,53,56,t0/报告期初,,唐斌,自然人/其他,,,,,2.0,"苏州赛分科技股份有限公司 首次公开发行股票并在科创板上市招股说明书 转让单价 注册资本 转让价格 序号 转让方 受让方 （元/注册资本） （万元） （万元） 2 朱勤华 19.4081 1,000.0000 3 唐斌 0.8872 45.7143 4 张敏 0.6100 31.4286 注：上述表格中转让单价和转让金额之间的细微差异，系计算过程四舍五入造成。 2021 年 3 月，上述股权受让方将股权转让款项支付给黄学英。根据国家税 务总局苏州工业园区税务局第一税务所出具的完税证明，黄学英已就上述股权转 让事项缴纳了个人所得税5,882,051.40 元。 （2）报告期内第一次增资 2021年2月25日，赛分有限召开股东会并作出决议，同意公司注册资本增 加342.6769万元至2,750.6769万元。新增的342.6769万元注册资本由国寿疌泉、 复星惟盈、唐斌、张敏以人民币 1.85亿元认购。 2021年2月26日，国寿疌泉、复星惟盈、唐斌、张敏与发行人签署了《关 于苏州赛分科技有限公司之增资协议》。 本次增资具体情况如下： 认缴出资额 增资价格 增资金额 序号 股东姓名/名称 出资方式 （万元） （元/注册资本） （万元） 1 国寿疌泉 250.0615 13,500.0000 货币 2 复星惟盈 89.0431 4,807.1429 货币 53.99 3 唐斌 2.1169",持股比例未披露，保留空值|股份数/出资额均未披露，进入复核
AUTO-SNAP-688758-044,688758,赛分科技,688758_赛分科技.jsonl,54,56,t0/报告期初,,张敏,自然人/其他,,,,,2.0,"苏州赛分科技股份有限公司 首次公开发行股票并在科创板上市招股说明书 转让单价 注册资本 转让价格 序号 转让方 受让方 （元/注册资本） （万元） （万元） 2 朱勤华 19.4081 1,000.0000 3 唐斌 0.8872 45.7143 4 张敏 0.6100 31.4286 注：上述表格中转让单价和转让金额之间的细微差异，系计算过程四舍五入造成。 2021 年 3 月，上述股权受让方将股权转让款项支付给黄学英。根据国家税 务总局苏州工业园区税务局第一税务所出具的完税证明，黄学英已就上述股权转 让事项缴纳了个人所得税5,882,051.40 元。 （2）报告期内第一次增资 2021年2月25日，赛分有限召开股东会并作出决议，同意公司注册资本增 加342.6769万元至2,750.6769万元。新增的342.6769万元注册资本由国寿疌泉、 复星惟盈、唐斌、张敏以人民币 1.85亿元认购。 2021年2月26日，国寿疌泉、复星惟盈、唐斌、张敏与发行人签署了《关 于苏州赛分科技有限公司之增资协议》。 本次增资具体情况如下： 认缴出资额 增资价格 增资金额 序号 股东姓名/名称 出资方式 （万元） （元/注册资本） （万元） 1 国寿疌泉 250.0615 13,500.0000 货币 2 复星惟盈 89.0431 4,807.1429 货币 53.99 3 唐斌 2.1169",持股比例未披露，保留空值|股份数/出资额均未披露，进入复核
AUTO-SNAP-688758-045,688758,赛分科技,688758_赛分科技.jsonl,55,56,t0/报告期初,,黄学英,自然人/其他,,825.1668,29.9987,,2.0,"苏州赛分科技股份有限公司 首次公开发行股票并在科创板上市招股说明书 转让单价 注册资本 转让价格 序号 转让方 受让方 （元/注册资本） （万元） （万元） 2 朱勤华 19.4081 1,000.0000 3 唐斌 0.8872 45.7143 4 张敏 0.6100 31.4286 注：上述表格中转让单价和转让金额之间的细微差异，系计算过程四舍五入造成。 2021 年 3 月，上述股权受让方将股权转让款项支付给黄学英。根据国家税 务总局苏州工业园区税务局第一税务所出具的完税证明，黄学英已就上述股权转 让事项缴纳了个人所得税5,882,051.40 元。 （2）报告期内第一次增资 2021年2月25日，赛分有限召开股东会并作出决议，同意公司注册资本增 加342.6769万元至2,750.6769万元。新增的342.6769万元注册资本由国寿疌泉、 复星惟盈、唐斌、张敏以人民币 1.85亿元认购。 2021年2月26日，国寿疌泉、复星惟盈、唐斌、张敏与发行人签署了《关 于苏州赛分科技有限公司之增资协议》。 本次增资具体情况如下： 认缴出资额 增资价格 增资金额 序号 股东姓名/名称 出资方式 （万元） （元/注册资本） （万元） 1 国寿疌泉 250.0615 13,500.0000 货币 2 复星惟盈 89.0431 4,807.1429 货币 53.99 3 唐斌 2.1169",
AUTO-SNAP-688758-046,688758,赛分科技,688758_赛分科技.jsonl,56,57,t0/报告期初,,周金清,自然人/其他,,280.0,10.1793,,22.0,苏州赛分科技股份有限公司 首次公开发行股票并在科创板上市招股说明书 认缴出资额 实缴出资额 出资比例 序号 股东姓名/名称 出资方式 （万元） （万元） （%） 2 周金清 280.0000 280.0000 10.1793 货币 3 陆民 257.4000 257.4000 9.3577 货币 4 国寿疌泉 250.0615 250.0615 9.0909 货币 5 高新同华 248.0000 248.0000 9.0160 货币 6 华泰大健康一号 175.1887 175.1887 6.3689 货币 7 苏州贤达 134.1500 134.1500 4.8770 货币 8 苏州博达 114.9389 114.9389 4.1786 货币 9 复星惟盈 126.3621 126.3621 4.5939 货币 10 苏州杰贤 69.4800 69.4800 2.5259 货币 11 潘鼎 63.2000 63.2000 2.2976 货币 12 海佳同康 47.4000 47.4000 1.7232 货币 13 苏州敦行 40.0000 40.0000 1.4542 货币 14 陈志华 30.0400 30.0400 1.0921 货币 15 耿卫东 30.0000 30.0000 1.0906 货币 16 骏耀投资 20.0000 20.0000 0.7271 货币 17 朱,
AUTO-SNAP-688758-047,688758,赛分科技,688758_赛分科技.jsonl,57,57,t0/报告期初,,陆民,自然人/其他,,257.4,9.3577,,22.0,苏州赛分科技股份有限公司 首次公开发行股票并在科创板上市招股说明书 认缴出资额 实缴出资额 出资比例 序号 股东姓名/名称 出资方式 （万元） （万元） （%） 2 周金清 280.0000 280.0000 10.1793 货币 3 陆民 257.4000 257.4000 9.3577 货币 4 国寿疌泉 250.0615 250.0615 9.0909 货币 5 高新同华 248.0000 248.0000 9.0160 货币 6 华泰大健康一号 175.1887 175.1887 6.3689 货币 7 苏州贤达 134.1500 134.1500 4.8770 货币 8 苏州博达 114.9389 114.9389 4.1786 货币 9 复星惟盈 126.3621 126.3621 4.5939 货币 10 苏州杰贤 69.4800 69.4800 2.5259 货币 11 潘鼎 63.2000 63.2000 2.2976 货币 12 海佳同康 47.4000 47.4000 1.7232 货币 13 苏州敦行 40.0000 40.0000 1.4542 货币 14 陈志华 30.0400 30.0400 1.0921 货币 15 耿卫东 30.0000 30.0000 1.0906 货币 16 骏耀投资 20.0000 20.0000 0.7271 货币 17 朱,
AUTO-SNAP-688758-048,688758,赛分科技,688758_赛分科技.jsonl,58,57,t0/报告期初,,国寿疌泉,自然人/其他,,250.0615,9.0909,,22.0,苏州赛分科技股份有限公司 首次公开发行股票并在科创板上市招股说明书 认缴出资额 实缴出资额 出资比例 序号 股东姓名/名称 出资方式 （万元） （万元） （%） 2 周金清 280.0000 280.0000 10.1793 货币 3 陆民 257.4000 257.4000 9.3577 货币 4 国寿疌泉 250.0615 250.0615 9.0909 货币 5 高新同华 248.0000 248.0000 9.0160 货币 6 华泰大健康一号 175.1887 175.1887 6.3689 货币 7 苏州贤达 134.1500 134.1500 4.8770 货币 8 苏州博达 114.9389 114.9389 4.1786 货币 9 复星惟盈 126.3621 126.3621 4.5939 货币 10 苏州杰贤 69.4800 69.4800 2.5259 货币 11 潘鼎 63.2000 63.2000 2.2976 货币 12 海佳同康 47.4000 47.4000 1.7232 货币 13 苏州敦行 40.0000 40.0000 1.4542 货币 14 陈志华 30.0400 30.0400 1.0921 货币 15 耿卫东 30.0000 30.0000 1.0906 货币 16 骏耀投资 20.0000 20.0000 0.7271 货币 17 朱,
AUTO-SNAP-688758-049,688758,赛分科技,688758_赛分科技.jsonl,59,57,t0/报告期初,,高新同华,自然人/其他,,248.0,9.016,,22.0,苏州赛分科技股份有限公司 首次公开发行股票并在科创板上市招股说明书 认缴出资额 实缴出资额 出资比例 序号 股东姓名/名称 出资方式 （万元） （万元） （%） 2 周金清 280.0000 280.0000 10.1793 货币 3 陆民 257.4000 257.4000 9.3577 货币 4 国寿疌泉 250.0615 250.0615 9.0909 货币 5 高新同华 248.0000 248.0000 9.0160 货币 6 华泰大健康一号 175.1887 175.1887 6.3689 货币 7 苏州贤达 134.1500 134.1500 4.8770 货币 8 苏州博达 114.9389 114.9389 4.1786 货币 9 复星惟盈 126.3621 126.3621 4.5939 货币 10 苏州杰贤 69.4800 69.4800 2.5259 货币 11 潘鼎 63.2000 63.2000 2.2976 货币 12 海佳同康 47.4000 47.4000 1.7232 货币 13 苏州敦行 40.0000 40.0000 1.4542 货币 14 陈志华 30.0400 30.0400 1.0921 货币 15 耿卫东 30.0000 30.0000 1.0906 货币 16 骏耀投资 20.0000 20.0000 0.7271 货币 17 朱,
AUTO-SNAP-688758-050,688758,赛分科技,688758_赛分科技.jsonl,60,57,t0/报告期初,,华泰大健康一号,PE/VC或私募基金,,175.1887,6.3689,,22.0,苏州赛分科技股份有限公司 首次公开发行股票并在科创板上市招股说明书 认缴出资额 实缴出资额 出资比例 序号 股东姓名/名称 出资方式 （万元） （万元） （%） 2 周金清 280.0000 280.0000 10.1793 货币 3 陆民 257.4000 257.4000 9.3577 货币 4 国寿疌泉 250.0615 250.0615 9.0909 货币 5 高新同华 248.0000 248.0000 9.0160 货币 6 华泰大健康一号 175.1887 175.1887 6.3689 货币 7 苏州贤达 134.1500 134.1500 4.8770 货币 8 苏州博达 114.9389 114.9389 4.1786 货币 9 复星惟盈 126.3621 126.3621 4.5939 货币 10 苏州杰贤 69.4800 69.4800 2.5259 货币 11 潘鼎 63.2000 63.2000 2.2976 货币 12 海佳同康 47.4000 47.4000 1.7232 货币 13 苏州敦行 40.0000 40.0000 1.4542 货币 14 陈志华 30.0400 30.0400 1.0921 货币 15 耿卫东 30.0000 30.0000 1.0906 货币 16 骏耀投资 20.0000 20.0000 0.7271 货币 17 朱,
AUTO-SNAP-688758-051,688758,赛分科技,688758_赛分科技.jsonl,61,57,t0/报告期初,,苏州贤达,员工持股平台/员工激励,,134.15,4.877,,22.0,苏州赛分科技股份有限公司 首次公开发行股票并在科创板上市招股说明书 认缴出资额 实缴出资额 出资比例 序号 股东姓名/名称 出资方式 （万元） （万元） （%） 2 周金清 280.0000 280.0000 10.1793 货币 3 陆民 257.4000 257.4000 9.3577 货币 4 国寿疌泉 250.0615 250.0615 9.0909 货币 5 高新同华 248.0000 248.0000 9.0160 货币 6 华泰大健康一号 175.1887 175.1887 6.3689 货币 7 苏州贤达 134.1500 134.1500 4.8770 货币 8 苏州博达 114.9389 114.9389 4.1786 货币 9 复星惟盈 126.3621 126.3621 4.5939 货币 10 苏州杰贤 69.4800 69.4800 2.5259 货币 11 潘鼎 63.2000 63.2000 2.2976 货币 12 海佳同康 47.4000 47.4000 1.7232 货币 13 苏州敦行 40.0000 40.0000 1.4542 货币 14 陈志华 30.0400 30.0400 1.0921 货币 15 耿卫东 30.0000 30.0000 1.0906 货币 16 骏耀投资 20.0000 20.0000 0.7271 货币 17 朱,
AUTO-SNAP-688758-052,688758,赛分科技,688758_赛分科技.jsonl,62,57,t0/报告期初,,苏州博达,员工持股平台/员工激励,,114.9389,4.1786,,22.0,苏州赛分科技股份有限公司 首次公开发行股票并在科创板上市招股说明书 认缴出资额 实缴出资额 出资比例 序号 股东姓名/名称 出资方式 （万元） （万元） （%） 2 周金清 280.0000 280.0000 10.1793 货币 3 陆民 257.4000 257.4000 9.3577 货币 4 国寿疌泉 250.0615 250.0615 9.0909 货币 5 高新同华 248.0000 248.0000 9.0160 货币 6 华泰大健康一号 175.1887 175.1887 6.3689 货币 7 苏州贤达 134.1500 134.1500 4.8770 货币 8 苏州博达 114.9389 114.9389 4.1786 货币 9 复星惟盈 126.3621 126.3621 4.5939 货币 10 苏州杰贤 69.4800 69.4800 2.5259 货币 11 潘鼎 63.2000 63.2000 2.2976 货币 12 海佳同康 47.4000 47.4000 1.7232 货币 13 苏州敦行 40.0000 40.0000 1.4542 货币 14 陈志华 30.0400 30.0400 1.0921 货币 15 耿卫东 30.0000 30.0000 1.0906 货币 16 骏耀投资 20.0000 20.0000 0.7271 货币 17 朱,
AUTO-SNAP-688758-053,688758,赛分科技,688758_赛分科技.jsonl,63,57,t0/报告期初,,复星惟盈,自然人/其他,,126.3621,4.5939,,22.0,苏州赛分科技股份有限公司 首次公开发行股票并在科创板上市招股说明书 认缴出资额 实缴出资额 出资比例 序号 股东姓名/名称 出资方式 （万元） （万元） （%） 2 周金清 280.0000 280.0000 10.1793 货币 3 陆民 257.4000 257.4000 9.3577 货币 4 国寿疌泉 250.0615 250.0615 9.0909 货币 5 高新同华 248.0000 248.0000 9.0160 货币 6 华泰大健康一号 175.1887 175.1887 6.3689 货币 7 苏州贤达 134.1500 134.1500 4.8770 货币 8 苏州博达 114.9389 114.9389 4.1786 货币 9 复星惟盈 126.3621 126.3621 4.5939 货币 10 苏州杰贤 69.4800 69.4800 2.5259 货币 11 潘鼎 63.2000 63.2000 2.2976 货币 12 海佳同康 47.4000 47.4000 1.7232 货币 13 苏州敦行 40.0000 40.0000 1.4542 货币 14 陈志华 30.0400 30.0400 1.0921 货币 15 耿卫东 30.0000 30.0000 1.0906 货币 16 骏耀投资 20.0000 20.0000 0.7271 货币 17 朱,
AUTO-SNAP-688758-054,688758,赛分科技,688758_赛分科技.jsonl,64,57,t0/报告期初,,苏州杰贤,员工持股平台/员工激励,,69.48,2.5259,,22.0,苏州赛分科技股份有限公司 首次公开发行股票并在科创板上市招股说明书 认缴出资额 实缴出资额 出资比例 序号 股东姓名/名称 出资方式 （万元） （万元） （%） 2 周金清 280.0000 280.0000 10.1793 货币 3 陆民 257.4000 257.4000 9.3577 货币 4 国寿疌泉 250.0615 250.0615 9.0909 货币 5 高新同华 248.0000 248.0000 9.0160 货币 6 华泰大健康一号 175.1887 175.1887 6.3689 货币 7 苏州贤达 134.1500 134.1500 4.8770 货币 8 苏州博达 114.9389 114.9389 4.1786 货币 9 复星惟盈 126.3621 126.3621 4.5939 货币 10 苏州杰贤 69.4800 69.4800 2.5259 货币 11 潘鼎 63.2000 63.2000 2.2976 货币 12 海佳同康 47.4000 47.4000 1.7232 货币 13 苏州敦行 40.0000 40.0000 1.4542 货币 14 陈志华 30.0400 30.0400 1.0921 货币 15 耿卫东 30.0000 30.0000 1.0906 货币 16 骏耀投资 20.0000 20.0000 0.7271 货币 17 朱,
AUTO-SNAP-688758-055,688758,赛分科技,688758_赛分科技.jsonl,65,57,t0/报告期初,,潘鼎,自然人/其他,,63.2,2.2976,,22.0,苏州赛分科技股份有限公司 首次公开发行股票并在科创板上市招股说明书 认缴出资额 实缴出资额 出资比例 序号 股东姓名/名称 出资方式 （万元） （万元） （%） 2 周金清 280.0000 280.0000 10.1793 货币 3 陆民 257.4000 257.4000 9.3577 货币 4 国寿疌泉 250.0615 250.0615 9.0909 货币 5 高新同华 248.0000 248.0000 9.0160 货币 6 华泰大健康一号 175.1887 175.1887 6.3689 货币 7 苏州贤达 134.1500 134.1500 4.8770 货币 8 苏州博达 114.9389 114.9389 4.1786 货币 9 复星惟盈 126.3621 126.3621 4.5939 货币 10 苏州杰贤 69.4800 69.4800 2.5259 货币 11 潘鼎 63.2000 63.2000 2.2976 货币 12 海佳同康 47.4000 47.4000 1.7232 货币 13 苏州敦行 40.0000 40.0000 1.4542 货币 14 陈志华 30.0400 30.0400 1.0921 货币 15 耿卫东 30.0000 30.0000 1.0906 货币 16 骏耀投资 20.0000 20.0000 0.7271 货币 17 朱,
AUTO-SNAP-688758-056,688758,赛分科技,688758_赛分科技.jsonl,66,57,t0/报告期初,,海佳同康,自然人/其他,,47.4,1.7232,,22.0,苏州赛分科技股份有限公司 首次公开发行股票并在科创板上市招股说明书 认缴出资额 实缴出资额 出资比例 序号 股东姓名/名称 出资方式 （万元） （万元） （%） 2 周金清 280.0000 280.0000 10.1793 货币 3 陆民 257.4000 257.4000 9.3577 货币 4 国寿疌泉 250.0615 250.0615 9.0909 货币 5 高新同华 248.0000 248.0000 9.0160 货币 6 华泰大健康一号 175.1887 175.1887 6.3689 货币 7 苏州贤达 134.1500 134.1500 4.8770 货币 8 苏州博达 114.9389 114.9389 4.1786 货币 9 复星惟盈 126.3621 126.3621 4.5939 货币 10 苏州杰贤 69.4800 69.4800 2.5259 货币 11 潘鼎 63.2000 63.2000 2.2976 货币 12 海佳同康 47.4000 47.4000 1.7232 货币 13 苏州敦行 40.0000 40.0000 1.4542 货币 14 陈志华 30.0400 30.0400 1.0921 货币 15 耿卫东 30.0000 30.0000 1.0906 货币 16 骏耀投资 20.0000 20.0000 0.7271 货币 17 朱,
AUTO-SNAP-688758-057,688758,赛分科技,688758_赛分科技.jsonl,67,57,t0/报告期初,,苏州敦行,自然人/其他,,40.0,1.4542,,22.0,苏州赛分科技股份有限公司 首次公开发行股票并在科创板上市招股说明书 认缴出资额 实缴出资额 出资比例 序号 股东姓名/名称 出资方式 （万元） （万元） （%） 2 周金清 280.0000 280.0000 10.1793 货币 3 陆民 257.4000 257.4000 9.3577 货币 4 国寿疌泉 250.0615 250.0615 9.0909 货币 5 高新同华 248.0000 248.0000 9.0160 货币 6 华泰大健康一号 175.1887 175.1887 6.3689 货币 7 苏州贤达 134.1500 134.1500 4.8770 货币 8 苏州博达 114.9389 114.9389 4.1786 货币 9 复星惟盈 126.3621 126.3621 4.5939 货币 10 苏州杰贤 69.4800 69.4800 2.5259 货币 11 潘鼎 63.2000 63.2000 2.2976 货币 12 海佳同康 47.4000 47.4000 1.7232 货币 13 苏州敦行 40.0000 40.0000 1.4542 货币 14 陈志华 30.0400 30.0400 1.0921 货币 15 耿卫东 30.0000 30.0000 1.0906 货币 16 骏耀投资 20.0000 20.0000 0.7271 货币 17 朱,
AUTO-SNAP-688758-058,688758,赛分科技,688758_赛分科技.jsonl,68,57,t0/报告期初,,陈志华,自然人/其他,,30.04,1.0921,,22.0,苏州赛分科技股份有限公司 首次公开发行股票并在科创板上市招股说明书 认缴出资额 实缴出资额 出资比例 序号 股东姓名/名称 出资方式 （万元） （万元） （%） 2 周金清 280.0000 280.0000 10.1793 货币 3 陆民 257.4000 257.4000 9.3577 货币 4 国寿疌泉 250.0615 250.0615 9.0909 货币 5 高新同华 248.0000 248.0000 9.0160 货币 6 华泰大健康一号 175.1887 175.1887 6.3689 货币 7 苏州贤达 134.1500 134.1500 4.8770 货币 8 苏州博达 114.9389 114.9389 4.1786 货币 9 复星惟盈 126.3621 126.3621 4.5939 货币 10 苏州杰贤 69.4800 69.4800 2.5259 货币 11 潘鼎 63.2000 63.2000 2.2976 货币 12 海佳同康 47.4000 47.4000 1.7232 货币 13 苏州敦行 40.0000 40.0000 1.4542 货币 14 陈志华 30.0400 30.0400 1.0921 货币 15 耿卫东 30.0000 30.0000 1.0906 货币 16 骏耀投资 20.0000 20.0000 0.7271 货币 17 朱,
AUTO-SNAP-688758-059,688758,赛分科技,688758_赛分科技.jsonl,69,57,t0/报告期初,,耿卫东,自然人/其他,,30.0,1.0906,,22.0,苏州赛分科技股份有限公司 首次公开发行股票并在科创板上市招股说明书 认缴出资额 实缴出资额 出资比例 序号 股东姓名/名称 出资方式 （万元） （万元） （%） 2 周金清 280.0000 280.0000 10.1793 货币 3 陆民 257.4000 257.4000 9.3577 货币 4 国寿疌泉 250.0615 250.0615 9.0909 货币 5 高新同华 248.0000 248.0000 9.0160 货币 6 华泰大健康一号 175.1887 175.1887 6.3689 货币 7 苏州贤达 134.1500 134.1500 4.8770 货币 8 苏州博达 114.9389 114.9389 4.1786 货币 9 复星惟盈 126.3621 126.3621 4.5939 货币 10 苏州杰贤 69.4800 69.4800 2.5259 货币 11 潘鼎 63.2000 63.2000 2.2976 货币 12 海佳同康 47.4000 47.4000 1.7232 货币 13 苏州敦行 40.0000 40.0000 1.4542 货币 14 陈志华 30.0400 30.0400 1.0921 货币 15 耿卫东 30.0000 30.0000 1.0906 货币 16 骏耀投资 20.0000 20.0000 0.7271 货币 17 朱,
AUTO-SNAP-688758-060,688758,赛分科技,688758_赛分科技.jsonl,70,57,t0/报告期初,,骏耀投资,自然人/其他,,20.0,0.7271,,22.0,苏州赛分科技股份有限公司 首次公开发行股票并在科创板上市招股说明书 认缴出资额 实缴出资额 出资比例 序号 股东姓名/名称 出资方式 （万元） （万元） （%） 2 周金清 280.0000 280.0000 10.1793 货币 3 陆民 257.4000 257.4000 9.3577 货币 4 国寿疌泉 250.0615 250.0615 9.0909 货币 5 高新同华 248.0000 248.0000 9.0160 货币 6 华泰大健康一号 175.1887 175.1887 6.3689 货币 7 苏州贤达 134.1500 134.1500 4.8770 货币 8 苏州博达 114.9389 114.9389 4.1786 货币 9 复星惟盈 126.3621 126.3621 4.5939 货币 10 苏州杰贤 69.4800 69.4800 2.5259 货币 11 潘鼎 63.2000 63.2000 2.2976 货币 12 海佳同康 47.4000 47.4000 1.7232 货币 13 苏州敦行 40.0000 40.0000 1.4542 货币 14 陈志华 30.0400 30.0400 1.0921 货币 15 耿卫东 30.0000 30.0000 1.0906 货币 16 骏耀投资 20.0000 20.0000 0.7271 货币 17 朱,
AUTO-SNAP-688758-061,688758,赛分科技,688758_赛分科技.jsonl,71,57,t0/报告期初,,朱勤华,自然人/其他,,19.4081,0.7056,,22.0,苏州赛分科技股份有限公司 首次公开发行股票并在科创板上市招股说明书 认缴出资额 实缴出资额 出资比例 序号 股东姓名/名称 出资方式 （万元） （万元） （%） 2 周金清 280.0000 280.0000 10.1793 货币 3 陆民 257.4000 257.4000 9.3577 货币 4 国寿疌泉 250.0615 250.0615 9.0909 货币 5 高新同华 248.0000 248.0000 9.0160 货币 6 华泰大健康一号 175.1887 175.1887 6.3689 货币 7 苏州贤达 134.1500 134.1500 4.8770 货币 8 苏州博达 114.9389 114.9389 4.1786 货币 9 复星惟盈 126.3621 126.3621 4.5939 货币 10 苏州杰贤 69.4800 69.4800 2.5259 货币 11 潘鼎 63.2000 63.2000 2.2976 货币 12 海佳同康 47.4000 47.4000 1.7232 货币 13 苏州敦行 40.0000 40.0000 1.4542 货币 14 陈志华 30.0400 30.0400 1.0921 货币 15 耿卫东 30.0000 30.0000 1.0906 货币 16 骏耀投资 20.0000 20.0000 0.7271 货币 17 朱,
AUTO-SNAP-688758-062,688758,赛分科技,688758_赛分科技.jsonl,72,57,t0/报告期初,,华泰大健康二号,PE/VC或私募基金,,12.0034,0.4364,,22.0,苏州赛分科技股份有限公司 首次公开发行股票并在科创板上市招股说明书 认缴出资额 实缴出资额 出资比例 序号 股东姓名/名称 出资方式 （万元） （万元） （%） 2 周金清 280.0000 280.0000 10.1793 货币 3 陆民 257.4000 257.4000 9.3577 货币 4 国寿疌泉 250.0615 250.0615 9.0909 货币 5 高新同华 248.0000 248.0000 9.0160 货币 6 华泰大健康一号 175.1887 175.1887 6.3689 货币 7 苏州贤达 134.1500 134.1500 4.8770 货币 8 苏州博达 114.9389 114.9389 4.1786 货币 9 复星惟盈 126.3621 126.3621 4.5939 货币 10 苏州杰贤 69.4800 69.4800 2.5259 货币 11 潘鼎 63.2000 63.2000 2.2976 货币 12 海佳同康 47.4000 47.4000 1.7232 货币 13 苏州敦行 40.0000 40.0000 1.4542 货币 14 陈志华 30.0400 30.0400 1.0921 货币 15 耿卫东 30.0000 30.0000 1.0906 货币 16 骏耀投资 20.0000 20.0000 0.7271 货币 17 朱,
AUTO-SNAP-688758-063,688758,赛分科技,688758_赛分科技.jsonl,73,57,t0/报告期初,,道兴投资,自然人/其他,,2.8079,0.1021,,22.0,苏州赛分科技股份有限公司 首次公开发行股票并在科创板上市招股说明书 认缴出资额 实缴出资额 出资比例 序号 股东姓名/名称 出资方式 （万元） （万元） （%） 2 周金清 280.0000 280.0000 10.1793 货币 3 陆民 257.4000 257.4000 9.3577 货币 4 国寿疌泉 250.0615 250.0615 9.0909 货币 5 高新同华 248.0000 248.0000 9.0160 货币 6 华泰大健康一号 175.1887 175.1887 6.3689 货币 7 苏州贤达 134.1500 134.1500 4.8770 货币 8 苏州博达 114.9389 114.9389 4.1786 货币 9 复星惟盈 126.3621 126.3621 4.5939 货币 10 苏州杰贤 69.4800 69.4800 2.5259 货币 11 潘鼎 63.2000 63.2000 2.2976 货币 12 海佳同康 47.4000 47.4000 1.7232 货币 13 苏州敦行 40.0000 40.0000 1.4542 货币 14 陈志华 30.0400 30.0400 1.0921 货币 15 耿卫东 30.0000 30.0000 1.0906 货币 16 骏耀投资 20.0000 20.0000 0.7271 货币 17 朱,
AUTO-SNAP-688758-064,688758,赛分科技,688758_赛分科技.jsonl,74,57,t0/报告期初,,唐斌,自然人/其他,,3.0041,0.1092,,22.0,苏州赛分科技股份有限公司 首次公开发行股票并在科创板上市招股说明书 认缴出资额 实缴出资额 出资比例 序号 股东姓名/名称 出资方式 （万元） （万元） （%） 2 周金清 280.0000 280.0000 10.1793 货币 3 陆民 257.4000 257.4000 9.3577 货币 4 国寿疌泉 250.0615 250.0615 9.0909 货币 5 高新同华 248.0000 248.0000 9.0160 货币 6 华泰大健康一号 175.1887 175.1887 6.3689 货币 7 苏州贤达 134.1500 134.1500 4.8770 货币 8 苏州博达 114.9389 114.9389 4.1786 货币 9 复星惟盈 126.3621 126.3621 4.5939 货币 10 苏州杰贤 69.4800 69.4800 2.5259 货币 11 潘鼎 63.2000 63.2000 2.2976 货币 12 海佳同康 47.4000 47.4000 1.7232 货币 13 苏州敦行 40.0000 40.0000 1.4542 货币 14 陈志华 30.0400 30.0400 1.0921 货币 15 耿卫东 30.0000 30.0000 1.0906 货币 16 骏耀投资 20.0000 20.0000 0.7271 货币 17 朱,
AUTO-SNAP-688758-065,688758,赛分科技,688758_赛分科技.jsonl,75,57,t0/报告期初,,张敏,自然人/其他,,2.0654,0.0751,,22.0,苏州赛分科技股份有限公司 首次公开发行股票并在科创板上市招股说明书 认缴出资额 实缴出资额 出资比例 序号 股东姓名/名称 出资方式 （万元） （万元） （%） 2 周金清 280.0000 280.0000 10.1793 货币 3 陆民 257.4000 257.4000 9.3577 货币 4 国寿疌泉 250.0615 250.0615 9.0909 货币 5 高新同华 248.0000 248.0000 9.0160 货币 6 华泰大健康一号 175.1887 175.1887 6.3689 货币 7 苏州贤达 134.1500 134.1500 4.8770 货币 8 苏州博达 114.9389 114.9389 4.1786 货币 9 复星惟盈 126.3621 126.3621 4.5939 货币 10 苏州杰贤 69.4800 69.4800 2.5259 货币 11 潘鼎 63.2000 63.2000 2.2976 货币 12 海佳同康 47.4000 47.4000 1.7232 货币 13 苏州敦行 40.0000 40.0000 1.4542 货币 14 陈志华 30.0400 30.0400 1.0921 货币 15 耿卫东 30.0000 30.0000 1.0906 货币 16 骏耀投资 20.0000 20.0000 0.7271 货币 17 朱,
AUTO-SNAP-688758-066,688758,赛分科技,688758_赛分科技.jsonl,76,58,t0/报告期初,,黄学英,自然人/其他,,803.1668,29.1989,,,苏州赛分科技股份有限公司 首次公开发行股票并在科创板上市招股说明书 双方将另行签署《股权转让协议》。 黄学英与高新同华就上述股权转让事宜签署了《股权转让协议》，就该次股 权转让事项，黄学英已经取得了免税证明。 本次股权转让后，赛分有限的股权结构如下： 认缴出资额 实缴出资额 出资比例 序号 股东姓名/名称 出资方式 （万元） （万元） （%） 1 黄学英 803.1668 803.1668 29.1989 货币 2 周金清 280.0000 280.0000 10.1793 货币 3 陆民 257.4000 257.4000 9.3577 货币 4 国寿疌泉 250.0615 250.0615 9.0909 货币 5 高新同华 270.0000 270.0000 9.8158 货币 6 华泰大健康一号 175.1887 175.1887 6.3689 货币 7 苏州贤达 134.1500 134.1500 4.8770 货币 8 苏州博达 114.9389 114.9389 4.1786 货币 9 复星惟盈 126.3621 126.3621 4.5939 货币 10 苏州杰贤 69.4800 69.4800 2.5259 货币 11 潘鼎 63.2000 63.2000 2.2976 货币 12 海佳同康 47.4000 47.4000 1.7232 货币 13 苏州敦行 40.,
AUTO-SNAP-688758-067,688758,赛分科技,688758_赛分科技.jsonl,77,58,t0/报告期初,,周金清,自然人/其他,,280.0,10.1793,,,苏州赛分科技股份有限公司 首次公开发行股票并在科创板上市招股说明书 双方将另行签署《股权转让协议》。 黄学英与高新同华就上述股权转让事宜签署了《股权转让协议》，就该次股 权转让事项，黄学英已经取得了免税证明。 本次股权转让后，赛分有限的股权结构如下： 认缴出资额 实缴出资额 出资比例 序号 股东姓名/名称 出资方式 （万元） （万元） （%） 1 黄学英 803.1668 803.1668 29.1989 货币 2 周金清 280.0000 280.0000 10.1793 货币 3 陆民 257.4000 257.4000 9.3577 货币 4 国寿疌泉 250.0615 250.0615 9.0909 货币 5 高新同华 270.0000 270.0000 9.8158 货币 6 华泰大健康一号 175.1887 175.1887 6.3689 货币 7 苏州贤达 134.1500 134.1500 4.8770 货币 8 苏州博达 114.9389 114.9389 4.1786 货币 9 复星惟盈 126.3621 126.3621 4.5939 货币 10 苏州杰贤 69.4800 69.4800 2.5259 货币 11 潘鼎 63.2000 63.2000 2.2976 货币 12 海佳同康 47.4000 47.4000 1.7232 货币 13 苏州敦行 40.,
AUTO-SNAP-688758-068,688758,赛分科技,688758_赛分科技.jsonl,78,58,t0/报告期初,,陆民,自然人/其他,,257.4,9.3577,,,苏州赛分科技股份有限公司 首次公开发行股票并在科创板上市招股说明书 双方将另行签署《股权转让协议》。 黄学英与高新同华就上述股权转让事宜签署了《股权转让协议》，就该次股 权转让事项，黄学英已经取得了免税证明。 本次股权转让后，赛分有限的股权结构如下： 认缴出资额 实缴出资额 出资比例 序号 股东姓名/名称 出资方式 （万元） （万元） （%） 1 黄学英 803.1668 803.1668 29.1989 货币 2 周金清 280.0000 280.0000 10.1793 货币 3 陆民 257.4000 257.4000 9.3577 货币 4 国寿疌泉 250.0615 250.0615 9.0909 货币 5 高新同华 270.0000 270.0000 9.8158 货币 6 华泰大健康一号 175.1887 175.1887 6.3689 货币 7 苏州贤达 134.1500 134.1500 4.8770 货币 8 苏州博达 114.9389 114.9389 4.1786 货币 9 复星惟盈 126.3621 126.3621 4.5939 货币 10 苏州杰贤 69.4800 69.4800 2.5259 货币 11 潘鼎 63.2000 63.2000 2.2976 货币 12 海佳同康 47.4000 47.4000 1.7232 货币 13 苏州敦行 40.,
AUTO-SNAP-688758-069,688758,赛分科技,688758_赛分科技.jsonl,79,58,t0/报告期初,,国寿疌泉,自然人/其他,,250.0615,9.0909,,,苏州赛分科技股份有限公司 首次公开发行股票并在科创板上市招股说明书 双方将另行签署《股权转让协议》。 黄学英与高新同华就上述股权转让事宜签署了《股权转让协议》，就该次股 权转让事项，黄学英已经取得了免税证明。 本次股权转让后，赛分有限的股权结构如下： 认缴出资额 实缴出资额 出资比例 序号 股东姓名/名称 出资方式 （万元） （万元） （%） 1 黄学英 803.1668 803.1668 29.1989 货币 2 周金清 280.0000 280.0000 10.1793 货币 3 陆民 257.4000 257.4000 9.3577 货币 4 国寿疌泉 250.0615 250.0615 9.0909 货币 5 高新同华 270.0000 270.0000 9.8158 货币 6 华泰大健康一号 175.1887 175.1887 6.3689 货币 7 苏州贤达 134.1500 134.1500 4.8770 货币 8 苏州博达 114.9389 114.9389 4.1786 货币 9 复星惟盈 126.3621 126.3621 4.5939 货币 10 苏州杰贤 69.4800 69.4800 2.5259 货币 11 潘鼎 63.2000 63.2000 2.2976 货币 12 海佳同康 47.4000 47.4000 1.7232 货币 13 苏州敦行 40.,
AUTO-SNAP-688758-070,688758,赛分科技,688758_赛分科技.jsonl,80,58,t0/报告期初,,高新同华,自然人/其他,,270.0,9.8158,,,苏州赛分科技股份有限公司 首次公开发行股票并在科创板上市招股说明书 双方将另行签署《股权转让协议》。 黄学英与高新同华就上述股权转让事宜签署了《股权转让协议》，就该次股 权转让事项，黄学英已经取得了免税证明。 本次股权转让后，赛分有限的股权结构如下： 认缴出资额 实缴出资额 出资比例 序号 股东姓名/名称 出资方式 （万元） （万元） （%） 1 黄学英 803.1668 803.1668 29.1989 货币 2 周金清 280.0000 280.0000 10.1793 货币 3 陆民 257.4000 257.4000 9.3577 货币 4 国寿疌泉 250.0615 250.0615 9.0909 货币 5 高新同华 270.0000 270.0000 9.8158 货币 6 华泰大健康一号 175.1887 175.1887 6.3689 货币 7 苏州贤达 134.1500 134.1500 4.8770 货币 8 苏州博达 114.9389 114.9389 4.1786 货币 9 复星惟盈 126.3621 126.3621 4.5939 货币 10 苏州杰贤 69.4800 69.4800 2.5259 货币 11 潘鼎 63.2000 63.2000 2.2976 货币 12 海佳同康 47.4000 47.4000 1.7232 货币 13 苏州敦行 40.,
AUTO-SNAP-688758-071,688758,赛分科技,688758_赛分科技.jsonl,81,58,t0/报告期初,,华泰大健康一号,PE/VC或私募基金,,175.1887,6.3689,,,苏州赛分科技股份有限公司 首次公开发行股票并在科创板上市招股说明书 双方将另行签署《股权转让协议》。 黄学英与高新同华就上述股权转让事宜签署了《股权转让协议》，就该次股 权转让事项，黄学英已经取得了免税证明。 本次股权转让后，赛分有限的股权结构如下： 认缴出资额 实缴出资额 出资比例 序号 股东姓名/名称 出资方式 （万元） （万元） （%） 1 黄学英 803.1668 803.1668 29.1989 货币 2 周金清 280.0000 280.0000 10.1793 货币 3 陆民 257.4000 257.4000 9.3577 货币 4 国寿疌泉 250.0615 250.0615 9.0909 货币 5 高新同华 270.0000 270.0000 9.8158 货币 6 华泰大健康一号 175.1887 175.1887 6.3689 货币 7 苏州贤达 134.1500 134.1500 4.8770 货币 8 苏州博达 114.9389 114.9389 4.1786 货币 9 复星惟盈 126.3621 126.3621 4.5939 货币 10 苏州杰贤 69.4800 69.4800 2.5259 货币 11 潘鼎 63.2000 63.2000 2.2976 货币 12 海佳同康 47.4000 47.4000 1.7232 货币 13 苏州敦行 40.,
AUTO-SNAP-688758-072,688758,赛分科技,688758_赛分科技.jsonl,82,58,t0/报告期初,,苏州贤达,员工持股平台/员工激励,,134.15,4.877,,,苏州赛分科技股份有限公司 首次公开发行股票并在科创板上市招股说明书 双方将另行签署《股权转让协议》。 黄学英与高新同华就上述股权转让事宜签署了《股权转让协议》，就该次股 权转让事项，黄学英已经取得了免税证明。 本次股权转让后，赛分有限的股权结构如下： 认缴出资额 实缴出资额 出资比例 序号 股东姓名/名称 出资方式 （万元） （万元） （%） 1 黄学英 803.1668 803.1668 29.1989 货币 2 周金清 280.0000 280.0000 10.1793 货币 3 陆民 257.4000 257.4000 9.3577 货币 4 国寿疌泉 250.0615 250.0615 9.0909 货币 5 高新同华 270.0000 270.0000 9.8158 货币 6 华泰大健康一号 175.1887 175.1887 6.3689 货币 7 苏州贤达 134.1500 134.1500 4.8770 货币 8 苏州博达 114.9389 114.9389 4.1786 货币 9 复星惟盈 126.3621 126.3621 4.5939 货币 10 苏州杰贤 69.4800 69.4800 2.5259 货币 11 潘鼎 63.2000 63.2000 2.2976 货币 12 海佳同康 47.4000 47.4000 1.7232 货币 13 苏州敦行 40.,
AUTO-SNAP-688758-073,688758,赛分科技,688758_赛分科技.jsonl,83,58,t0/报告期初,,苏州博达,员工持股平台/员工激励,,114.9389,4.1786,,,苏州赛分科技股份有限公司 首次公开发行股票并在科创板上市招股说明书 双方将另行签署《股权转让协议》。 黄学英与高新同华就上述股权转让事宜签署了《股权转让协议》，就该次股 权转让事项，黄学英已经取得了免税证明。 本次股权转让后，赛分有限的股权结构如下： 认缴出资额 实缴出资额 出资比例 序号 股东姓名/名称 出资方式 （万元） （万元） （%） 1 黄学英 803.1668 803.1668 29.1989 货币 2 周金清 280.0000 280.0000 10.1793 货币 3 陆民 257.4000 257.4000 9.3577 货币 4 国寿疌泉 250.0615 250.0615 9.0909 货币 5 高新同华 270.0000 270.0000 9.8158 货币 6 华泰大健康一号 175.1887 175.1887 6.3689 货币 7 苏州贤达 134.1500 134.1500 4.8770 货币 8 苏州博达 114.9389 114.9389 4.1786 货币 9 复星惟盈 126.3621 126.3621 4.5939 货币 10 苏州杰贤 69.4800 69.4800 2.5259 货币 11 潘鼎 63.2000 63.2000 2.2976 货币 12 海佳同康 47.4000 47.4000 1.7232 货币 13 苏州敦行 40.,
AUTO-SNAP-688758-074,688758,赛分科技,688758_赛分科技.jsonl,84,58,t0/报告期初,,复星惟盈,自然人/其他,,126.3621,4.5939,,,苏州赛分科技股份有限公司 首次公开发行股票并在科创板上市招股说明书 双方将另行签署《股权转让协议》。 黄学英与高新同华就上述股权转让事宜签署了《股权转让协议》，就该次股 权转让事项，黄学英已经取得了免税证明。 本次股权转让后，赛分有限的股权结构如下： 认缴出资额 实缴出资额 出资比例 序号 股东姓名/名称 出资方式 （万元） （万元） （%） 1 黄学英 803.1668 803.1668 29.1989 货币 2 周金清 280.0000 280.0000 10.1793 货币 3 陆民 257.4000 257.4000 9.3577 货币 4 国寿疌泉 250.0615 250.0615 9.0909 货币 5 高新同华 270.0000 270.0000 9.8158 货币 6 华泰大健康一号 175.1887 175.1887 6.3689 货币 7 苏州贤达 134.1500 134.1500 4.8770 货币 8 苏州博达 114.9389 114.9389 4.1786 货币 9 复星惟盈 126.3621 126.3621 4.5939 货币 10 苏州杰贤 69.4800 69.4800 2.5259 货币 11 潘鼎 63.2000 63.2000 2.2976 货币 12 海佳同康 47.4000 47.4000 1.7232 货币 13 苏州敦行 40.,
AUTO-SNAP-688758-075,688758,赛分科技,688758_赛分科技.jsonl,85,58,t0/报告期初,,苏州杰贤,员工持股平台/员工激励,,69.48,2.5259,,,苏州赛分科技股份有限公司 首次公开发行股票并在科创板上市招股说明书 双方将另行签署《股权转让协议》。 黄学英与高新同华就上述股权转让事宜签署了《股权转让协议》，就该次股 权转让事项，黄学英已经取得了免税证明。 本次股权转让后，赛分有限的股权结构如下： 认缴出资额 实缴出资额 出资比例 序号 股东姓名/名称 出资方式 （万元） （万元） （%） 1 黄学英 803.1668 803.1668 29.1989 货币 2 周金清 280.0000 280.0000 10.1793 货币 3 陆民 257.4000 257.4000 9.3577 货币 4 国寿疌泉 250.0615 250.0615 9.0909 货币 5 高新同华 270.0000 270.0000 9.8158 货币 6 华泰大健康一号 175.1887 175.1887 6.3689 货币 7 苏州贤达 134.1500 134.1500 4.8770 货币 8 苏州博达 114.9389 114.9389 4.1786 货币 9 复星惟盈 126.3621 126.3621 4.5939 货币 10 苏州杰贤 69.4800 69.4800 2.5259 货币 11 潘鼎 63.2000 63.2000 2.2976 货币 12 海佳同康 47.4000 47.4000 1.7232 货币 13 苏州敦行 40.,
AUTO-SNAP-688758-076,688758,赛分科技,688758_赛分科技.jsonl,86,58,t0/报告期初,,潘鼎,自然人/其他,,63.2,2.2976,,,苏州赛分科技股份有限公司 首次公开发行股票并在科创板上市招股说明书 双方将另行签署《股权转让协议》。 黄学英与高新同华就上述股权转让事宜签署了《股权转让协议》，就该次股 权转让事项，黄学英已经取得了免税证明。 本次股权转让后，赛分有限的股权结构如下： 认缴出资额 实缴出资额 出资比例 序号 股东姓名/名称 出资方式 （万元） （万元） （%） 1 黄学英 803.1668 803.1668 29.1989 货币 2 周金清 280.0000 280.0000 10.1793 货币 3 陆民 257.4000 257.4000 9.3577 货币 4 国寿疌泉 250.0615 250.0615 9.0909 货币 5 高新同华 270.0000 270.0000 9.8158 货币 6 华泰大健康一号 175.1887 175.1887 6.3689 货币 7 苏州贤达 134.1500 134.1500 4.8770 货币 8 苏州博达 114.9389 114.9389 4.1786 货币 9 复星惟盈 126.3621 126.3621 4.5939 货币 10 苏州杰贤 69.4800 69.4800 2.5259 货币 11 潘鼎 63.2000 63.2000 2.2976 货币 12 海佳同康 47.4000 47.4000 1.7232 货币 13 苏州敦行 40.,
AUTO-SNAP-688758-077,688758,赛分科技,688758_赛分科技.jsonl,87,58,t0/报告期初,,海佳同康,自然人/其他,,47.4,1.7232,,,苏州赛分科技股份有限公司 首次公开发行股票并在科创板上市招股说明书 双方将另行签署《股权转让协议》。 黄学英与高新同华就上述股权转让事宜签署了《股权转让协议》，就该次股 权转让事项，黄学英已经取得了免税证明。 本次股权转让后，赛分有限的股权结构如下： 认缴出资额 实缴出资额 出资比例 序号 股东姓名/名称 出资方式 （万元） （万元） （%） 1 黄学英 803.1668 803.1668 29.1989 货币 2 周金清 280.0000 280.0000 10.1793 货币 3 陆民 257.4000 257.4000 9.3577 货币 4 国寿疌泉 250.0615 250.0615 9.0909 货币 5 高新同华 270.0000 270.0000 9.8158 货币 6 华泰大健康一号 175.1887 175.1887 6.3689 货币 7 苏州贤达 134.1500 134.1500 4.8770 货币 8 苏州博达 114.9389 114.9389 4.1786 货币 9 复星惟盈 126.3621 126.3621 4.5939 货币 10 苏州杰贤 69.4800 69.4800 2.5259 货币 11 潘鼎 63.2000 63.2000 2.2976 货币 12 海佳同康 47.4000 47.4000 1.7232 货币 13 苏州敦行 40.,
AUTO-SNAP-688758-078,688758,赛分科技,688758_赛分科技.jsonl,88,58,t0/报告期初,,苏州敦行,自然人/其他,,40.0,1.4542,,,苏州赛分科技股份有限公司 首次公开发行股票并在科创板上市招股说明书 双方将另行签署《股权转让协议》。 黄学英与高新同华就上述股权转让事宜签署了《股权转让协议》，就该次股 权转让事项，黄学英已经取得了免税证明。 本次股权转让后，赛分有限的股权结构如下： 认缴出资额 实缴出资额 出资比例 序号 股东姓名/名称 出资方式 （万元） （万元） （%） 1 黄学英 803.1668 803.1668 29.1989 货币 2 周金清 280.0000 280.0000 10.1793 货币 3 陆民 257.4000 257.4000 9.3577 货币 4 国寿疌泉 250.0615 250.0615 9.0909 货币 5 高新同华 270.0000 270.0000 9.8158 货币 6 华泰大健康一号 175.1887 175.1887 6.3689 货币 7 苏州贤达 134.1500 134.1500 4.8770 货币 8 苏州博达 114.9389 114.9389 4.1786 货币 9 复星惟盈 126.3621 126.3621 4.5939 货币 10 苏州杰贤 69.4800 69.4800 2.5259 货币 11 潘鼎 63.2000 63.2000 2.2976 货币 12 海佳同康 47.4000 47.4000 1.7232 货币 13 苏州敦行 40.,
AUTO-SNAP-688758-079,688758,赛分科技,688758_赛分科技.jsonl,89,58,t0/报告期初,,陈志华,自然人/其他,,30.04,1.0921,,,苏州赛分科技股份有限公司 首次公开发行股票并在科创板上市招股说明书 双方将另行签署《股权转让协议》。 黄学英与高新同华就上述股权转让事宜签署了《股权转让协议》，就该次股 权转让事项，黄学英已经取得了免税证明。 本次股权转让后，赛分有限的股权结构如下： 认缴出资额 实缴出资额 出资比例 序号 股东姓名/名称 出资方式 （万元） （万元） （%） 1 黄学英 803.1668 803.1668 29.1989 货币 2 周金清 280.0000 280.0000 10.1793 货币 3 陆民 257.4000 257.4000 9.3577 货币 4 国寿疌泉 250.0615 250.0615 9.0909 货币 5 高新同华 270.0000 270.0000 9.8158 货币 6 华泰大健康一号 175.1887 175.1887 6.3689 货币 7 苏州贤达 134.1500 134.1500 4.8770 货币 8 苏州博达 114.9389 114.9389 4.1786 货币 9 复星惟盈 126.3621 126.3621 4.5939 货币 10 苏州杰贤 69.4800 69.4800 2.5259 货币 11 潘鼎 63.2000 63.2000 2.2976 货币 12 海佳同康 47.4000 47.4000 1.7232 货币 13 苏州敦行 40.,
AUTO-SNAP-688758-080,688758,赛分科技,688758_赛分科技.jsonl,90,58,t0/报告期初,,耿卫东,自然人/其他,,30.0,1.0906,,,苏州赛分科技股份有限公司 首次公开发行股票并在科创板上市招股说明书 双方将另行签署《股权转让协议》。 黄学英与高新同华就上述股权转让事宜签署了《股权转让协议》，就该次股 权转让事项，黄学英已经取得了免税证明。 本次股权转让后，赛分有限的股权结构如下： 认缴出资额 实缴出资额 出资比例 序号 股东姓名/名称 出资方式 （万元） （万元） （%） 1 黄学英 803.1668 803.1668 29.1989 货币 2 周金清 280.0000 280.0000 10.1793 货币 3 陆民 257.4000 257.4000 9.3577 货币 4 国寿疌泉 250.0615 250.0615 9.0909 货币 5 高新同华 270.0000 270.0000 9.8158 货币 6 华泰大健康一号 175.1887 175.1887 6.3689 货币 7 苏州贤达 134.1500 134.1500 4.8770 货币 8 苏州博达 114.9389 114.9389 4.1786 货币 9 复星惟盈 126.3621 126.3621 4.5939 货币 10 苏州杰贤 69.4800 69.4800 2.5259 货币 11 潘鼎 63.2000 63.2000 2.2976 货币 12 海佳同康 47.4000 47.4000 1.7232 货币 13 苏州敦行 40.,
AUTO-SNAP-688758-081,688758,赛分科技,688758_赛分科技.jsonl,91,58,t0/报告期初,,骏耀投资,自然人/其他,,20.0,0.7271,,,苏州赛分科技股份有限公司 首次公开发行股票并在科创板上市招股说明书 双方将另行签署《股权转让协议》。 黄学英与高新同华就上述股权转让事宜签署了《股权转让协议》，就该次股 权转让事项，黄学英已经取得了免税证明。 本次股权转让后，赛分有限的股权结构如下： 认缴出资额 实缴出资额 出资比例 序号 股东姓名/名称 出资方式 （万元） （万元） （%） 1 黄学英 803.1668 803.1668 29.1989 货币 2 周金清 280.0000 280.0000 10.1793 货币 3 陆民 257.4000 257.4000 9.3577 货币 4 国寿疌泉 250.0615 250.0615 9.0909 货币 5 高新同华 270.0000 270.0000 9.8158 货币 6 华泰大健康一号 175.1887 175.1887 6.3689 货币 7 苏州贤达 134.1500 134.1500 4.8770 货币 8 苏州博达 114.9389 114.9389 4.1786 货币 9 复星惟盈 126.3621 126.3621 4.5939 货币 10 苏州杰贤 69.4800 69.4800 2.5259 货币 11 潘鼎 63.2000 63.2000 2.2976 货币 12 海佳同康 47.4000 47.4000 1.7232 货币 13 苏州敦行 40.,
AUTO-SNAP-688758-082,688758,赛分科技,688758_赛分科技.jsonl,92,58,t0/报告期初,,朱勤华,自然人/其他,,19.4081,0.7056,,,苏州赛分科技股份有限公司 首次公开发行股票并在科创板上市招股说明书 双方将另行签署《股权转让协议》。 黄学英与高新同华就上述股权转让事宜签署了《股权转让协议》，就该次股 权转让事项，黄学英已经取得了免税证明。 本次股权转让后，赛分有限的股权结构如下： 认缴出资额 实缴出资额 出资比例 序号 股东姓名/名称 出资方式 （万元） （万元） （%） 1 黄学英 803.1668 803.1668 29.1989 货币 2 周金清 280.0000 280.0000 10.1793 货币 3 陆民 257.4000 257.4000 9.3577 货币 4 国寿疌泉 250.0615 250.0615 9.0909 货币 5 高新同华 270.0000 270.0000 9.8158 货币 6 华泰大健康一号 175.1887 175.1887 6.3689 货币 7 苏州贤达 134.1500 134.1500 4.8770 货币 8 苏州博达 114.9389 114.9389 4.1786 货币 9 复星惟盈 126.3621 126.3621 4.5939 货币 10 苏州杰贤 69.4800 69.4800 2.5259 货币 11 潘鼎 63.2000 63.2000 2.2976 货币 12 海佳同康 47.4000 47.4000 1.7232 货币 13 苏州敦行 40.,
AUTO-SNAP-688758-083,688758,赛分科技,688758_赛分科技.jsonl,93,58,t0/报告期初,,华泰大健康二号,PE/VC或私募基金,,12.0034,0.4364,,,苏州赛分科技股份有限公司 首次公开发行股票并在科创板上市招股说明书 双方将另行签署《股权转让协议》。 黄学英与高新同华就上述股权转让事宜签署了《股权转让协议》，就该次股 权转让事项，黄学英已经取得了免税证明。 本次股权转让后，赛分有限的股权结构如下： 认缴出资额 实缴出资额 出资比例 序号 股东姓名/名称 出资方式 （万元） （万元） （%） 1 黄学英 803.1668 803.1668 29.1989 货币 2 周金清 280.0000 280.0000 10.1793 货币 3 陆民 257.4000 257.4000 9.3577 货币 4 国寿疌泉 250.0615 250.0615 9.0909 货币 5 高新同华 270.0000 270.0000 9.8158 货币 6 华泰大健康一号 175.1887 175.1887 6.3689 货币 7 苏州贤达 134.1500 134.1500 4.8770 货币 8 苏州博达 114.9389 114.9389 4.1786 货币 9 复星惟盈 126.3621 126.3621 4.5939 货币 10 苏州杰贤 69.4800 69.4800 2.5259 货币 11 潘鼎 63.2000 63.2000 2.2976 货币 12 海佳同康 47.4000 47.4000 1.7232 货币 13 苏州敦行 40.,
AUTO-SNAP-688758-084,688758,赛分科技,688758_赛分科技.jsonl,94,58,t0/报告期初,,道兴投资,自然人/其他,,2.8079,0.1021,,,苏州赛分科技股份有限公司 首次公开发行股票并在科创板上市招股说明书 双方将另行签署《股权转让协议》。 黄学英与高新同华就上述股权转让事宜签署了《股权转让协议》，就该次股 权转让事项，黄学英已经取得了免税证明。 本次股权转让后，赛分有限的股权结构如下： 认缴出资额 实缴出资额 出资比例 序号 股东姓名/名称 出资方式 （万元） （万元） （%） 1 黄学英 803.1668 803.1668 29.1989 货币 2 周金清 280.0000 280.0000 10.1793 货币 3 陆民 257.4000 257.4000 9.3577 货币 4 国寿疌泉 250.0615 250.0615 9.0909 货币 5 高新同华 270.0000 270.0000 9.8158 货币 6 华泰大健康一号 175.1887 175.1887 6.3689 货币 7 苏州贤达 134.1500 134.1500 4.8770 货币 8 苏州博达 114.9389 114.9389 4.1786 货币 9 复星惟盈 126.3621 126.3621 4.5939 货币 10 苏州杰贤 69.4800 69.4800 2.5259 货币 11 潘鼎 63.2000 63.2000 2.2976 货币 12 海佳同康 47.4000 47.4000 1.7232 货币 13 苏州敦行 40.,
AUTO-SNAP-688758-085,688758,赛分科技,688758_赛分科技.jsonl,95,58,t0/报告期初,,唐斌,自然人/其他,,3.0041,0.1092,,,苏州赛分科技股份有限公司 首次公开发行股票并在科创板上市招股说明书 双方将另行签署《股权转让协议》。 黄学英与高新同华就上述股权转让事宜签署了《股权转让协议》，就该次股 权转让事项，黄学英已经取得了免税证明。 本次股权转让后，赛分有限的股权结构如下： 认缴出资额 实缴出资额 出资比例 序号 股东姓名/名称 出资方式 （万元） （万元） （%） 1 黄学英 803.1668 803.1668 29.1989 货币 2 周金清 280.0000 280.0000 10.1793 货币 3 陆民 257.4000 257.4000 9.3577 货币 4 国寿疌泉 250.0615 250.0615 9.0909 货币 5 高新同华 270.0000 270.0000 9.8158 货币 6 华泰大健康一号 175.1887 175.1887 6.3689 货币 7 苏州贤达 134.1500 134.1500 4.8770 货币 8 苏州博达 114.9389 114.9389 4.1786 货币 9 复星惟盈 126.3621 126.3621 4.5939 货币 10 苏州杰贤 69.4800 69.4800 2.5259 货币 11 潘鼎 63.2000 63.2000 2.2976 货币 12 海佳同康 47.4000 47.4000 1.7232 货币 13 苏州敦行 40.,
AUTO-SNAP-688758-086,688758,赛分科技,688758_赛分科技.jsonl,96,58,t0/报告期初,,张敏,自然人/其他,,2.0654,0.0751,,,苏州赛分科技股份有限公司 首次公开发行股票并在科创板上市招股说明书 双方将另行签署《股权转让协议》。 黄学英与高新同华就上述股权转让事宜签署了《股权转让协议》，就该次股 权转让事项，黄学英已经取得了免税证明。 本次股权转让后，赛分有限的股权结构如下： 认缴出资额 实缴出资额 出资比例 序号 股东姓名/名称 出资方式 （万元） （万元） （%） 1 黄学英 803.1668 803.1668 29.1989 货币 2 周金清 280.0000 280.0000 10.1793 货币 3 陆民 257.4000 257.4000 9.3577 货币 4 国寿疌泉 250.0615 250.0615 9.0909 货币 5 高新同华 270.0000 270.0000 9.8158 货币 6 华泰大健康一号 175.1887 175.1887 6.3689 货币 7 苏州贤达 134.1500 134.1500 4.8770 货币 8 苏州博达 114.9389 114.9389 4.1786 货币 9 复星惟盈 126.3621 126.3621 4.5939 货币 10 苏州杰贤 69.4800 69.4800 2.5259 货币 11 潘鼎 63.2000 63.2000 2.2976 货币 12 海佳同康 47.4000 47.4000 1.7232 货币 13 苏州敦行 40.,
AUTO-SNAP-688758-087,688758,赛分科技,688758_赛分科技.jsonl,97,59,t0/报告期初,,黄学英,自然人/其他,25.2961,,,,,"苏州赛分科技股份有限公司 首次公开发行股票并在科创板上市招股说明书 4、2021年 11月，报告期内第二次增资 2021年10月28日，赛分科技召开 2021年第一次临时股东大会，决议同意 赛分科技增发股份 4,243,901 股，新增股份由新增股东源峰磐赛、珠海峦恒、高 瓴祈睿、国药中生、圣成投资、国药二期、圣祁投资、夏尔巴二期、甘李药业、 吴征涛认购。 2021 年 10 月 28 日，上述新增股东与赛分科技签署了《增资协议》。截至 2021年11月，上述新增股东已支付完毕全部增资款。 本次增资具体情况如下： 认购股份 股份价格 认购金额 序号 股东姓名/名称 出资方式 （股） （元/股） （万元） 1 源峰磐赛 1,571,815 20,000.00 货币 2 珠海峦恒 628,726 8,000.00 货币 3 高瓴祈睿 628,726 8,000.00 货币 4 国药中生 461,846 5,876.59 货币 5 圣成投资 9,699 123.41 货币 127.24 6 国药二期 155,625 1,980.20 货币 7 圣祁投资 1,556 19.80 货币 8 夏尔巴二期 392,954 5,000.00 货币 9 甘李药业 235,772 3,000.00 货币 10 吴征涛 157,182 2,000.00 货币 合计 4,243,901 - 54,000.",持股比例未披露，保留空值
AUTO-SNAP-688758-088,688758,赛分科技,688758_赛分科技.jsonl,98,59,t0/报告期初,,周金清,自然人/其他,8.8187,,,,,"苏州赛分科技股份有限公司 首次公开发行股票并在科创板上市招股说明书 4、2021年 11月，报告期内第二次增资 2021年10月28日，赛分科技召开 2021年第一次临时股东大会，决议同意 赛分科技增发股份 4,243,901 股，新增股份由新增股东源峰磐赛、珠海峦恒、高 瓴祈睿、国药中生、圣成投资、国药二期、圣祁投资、夏尔巴二期、甘李药业、 吴征涛认购。 2021 年 10 月 28 日，上述新增股东与赛分科技签署了《增资协议》。截至 2021年11月，上述新增股东已支付完毕全部增资款。 本次增资具体情况如下： 认购股份 股份价格 认购金额 序号 股东姓名/名称 出资方式 （股） （元/股） （万元） 1 源峰磐赛 1,571,815 20,000.00 货币 2 珠海峦恒 628,726 8,000.00 货币 3 高瓴祈睿 628,726 8,000.00 货币 4 国药中生 461,846 5,876.59 货币 5 圣成投资 9,699 123.41 货币 127.24 6 国药二期 155,625 1,980.20 货币 7 圣祁投资 1,556 19.80 货币 8 夏尔巴二期 392,954 5,000.00 货币 9 甘李药业 235,772 3,000.00 货币 10 吴征涛 157,182 2,000.00 货币 合计 4,243,901 - 54,000.",持股比例未披露，保留空值
AUTO-SNAP-688758-089,688758,赛分科技,688758_赛分科技.jsonl,99,59,t0/报告期初,,高新同华,自然人/其他,8.5038,,,,,"苏州赛分科技股份有限公司 首次公开发行股票并在科创板上市招股说明书 4、2021年 11月，报告期内第二次增资 2021年10月28日，赛分科技召开 2021年第一次临时股东大会，决议同意 赛分科技增发股份 4,243,901 股，新增股份由新增股东源峰磐赛、珠海峦恒、高 瓴祈睿、国药中生、圣成投资、国药二期、圣祁投资、夏尔巴二期、甘李药业、 吴征涛认购。 2021 年 10 月 28 日，上述新增股东与赛分科技签署了《增资协议》。截至 2021年11月，上述新增股东已支付完毕全部增资款。 本次增资具体情况如下： 认购股份 股份价格 认购金额 序号 股东姓名/名称 出资方式 （股） （元/股） （万元） 1 源峰磐赛 1,571,815 20,000.00 货币 2 珠海峦恒 628,726 8,000.00 货币 3 高瓴祈睿 628,726 8,000.00 货币 4 国药中生 461,846 5,876.59 货币 5 圣成投资 9,699 123.41 货币 127.24 6 国药二期 155,625 1,980.20 货币 7 圣祁投资 1,556 19.80 货币 8 夏尔巴二期 392,954 5,000.00 货币 9 甘李药业 235,772 3,000.00 货币 10 吴征涛 157,182 2,000.00 货币 合计 4,243,901 - 54,000.",持股比例未披露，保留空值
AUTO-SNAP-688758-090,688758,赛分科技,688758_赛分科技.jsonl,100,59,t0/报告期初,,陆民,自然人/其他,8.1069,,,,,"苏州赛分科技股份有限公司 首次公开发行股票并在科创板上市招股说明书 4、2021年 11月，报告期内第二次增资 2021年10月28日，赛分科技召开 2021年第一次临时股东大会，决议同意 赛分科技增发股份 4,243,901 股，新增股份由新增股东源峰磐赛、珠海峦恒、高 瓴祈睿、国药中生、圣成投资、国药二期、圣祁投资、夏尔巴二期、甘李药业、 吴征涛认购。 2021 年 10 月 28 日，上述新增股东与赛分科技签署了《增资协议》。截至 2021年11月，上述新增股东已支付完毕全部增资款。 本次增资具体情况如下： 认购股份 股份价格 认购金额 序号 股东姓名/名称 出资方式 （股） （元/股） （万元） 1 源峰磐赛 1,571,815 20,000.00 货币 2 珠海峦恒 628,726 8,000.00 货币 3 高瓴祈睿 628,726 8,000.00 货币 4 国药中生 461,846 5,876.59 货币 5 圣成投资 9,699 123.41 货币 127.24 6 国药二期 155,625 1,980.20 货币 7 圣祁投资 1,556 19.80 货币 8 夏尔巴二期 392,954 5,000.00 货币 9 甘李药业 235,772 3,000.00 货币 10 吴征涛 157,182 2,000.00 货币 合计 4,243,901 - 54,000.",持股比例未披露，保留空值
AUTO-SNAP-688758-091,688758,赛分科技,688758_赛分科技.jsonl,101,59,t0/报告期初,,国寿疌泉,自然人/其他,7.8758,,,,,"苏州赛分科技股份有限公司 首次公开发行股票并在科创板上市招股说明书 4、2021年 11月，报告期内第二次增资 2021年10月28日，赛分科技召开 2021年第一次临时股东大会，决议同意 赛分科技增发股份 4,243,901 股，新增股份由新增股东源峰磐赛、珠海峦恒、高 瓴祈睿、国药中生、圣成投资、国药二期、圣祁投资、夏尔巴二期、甘李药业、 吴征涛认购。 2021 年 10 月 28 日，上述新增股东与赛分科技签署了《增资协议》。截至 2021年11月，上述新增股东已支付完毕全部增资款。 本次增资具体情况如下： 认购股份 股份价格 认购金额 序号 股东姓名/名称 出资方式 （股） （元/股） （万元） 1 源峰磐赛 1,571,815 20,000.00 货币 2 珠海峦恒 628,726 8,000.00 货币 3 高瓴祈睿 628,726 8,000.00 货币 4 国药中生 461,846 5,876.59 货币 5 圣成投资 9,699 123.41 货币 127.24 6 国药二期 155,625 1,980.20 货币 7 圣祁投资 1,556 19.80 货币 8 夏尔巴二期 392,954 5,000.00 货币 9 甘李药业 235,772 3,000.00 货币 10 吴征涛 157,182 2,000.00 货币 合计 4,243,901 - 54,000.",持股比例未披露，保留空值
AUTO-SNAP-688758-092,688758,赛分科技,688758_赛分科技.jsonl,102,60,t0/报告期初,,华泰大健康一号,PE/VC或私募基金,5.5176,,,,,"苏州赛分科技股份有限公司 首次公开发行股票并在科创板上市招股说明书 序号 股东姓名/名称 股份数量（股） 持股比例（%） 6 华泰大健康一号 1,751,887 5.5176 7 源峰磐赛 1,571,815 4.9505 8 苏州贤达 1,341,500 4.2251 9 复星惟盈 1,263,621 3.9798 10 苏州博达 1,149,389 3.6200 11 苏州杰贤 694,800 2.1883 12 潘鼎 632,000 1.9905 13 珠海峦恒 628,726 1.9802 14 高瓴祈睿 628,726 1.9802 15 海佳同康 474,000 1.4929 16 国药中生 461,846 1.4546 17 苏州敦行 400,000 1.2598 18 夏尔巴二期 392,954 1.2376 19 陈志华 300,400 0.9461 20 耿卫东 300,000 0.9449 21 甘李药业 235,772 0.7426 22 骏耀投资 200,000 0.6299 23 朱勤华 194,081 0.6113 24 吴征涛 157,182 0.4951 25 国药二期 155,625 0.4901 26 华泰大健康二号 120,034 0.3781 27 唐斌 30,041 0.0946 28 道兴投资 28,079 0.0884 29 张敏 2",持股比例未披露，保留空值
AUTO-SNAP-688758-093,688758,赛分科技,688758_赛分科技.jsonl,103,60,t0/报告期初,,源峰磐赛,自然人/其他,4.9505,,,,,"苏州赛分科技股份有限公司 首次公开发行股票并在科创板上市招股说明书 序号 股东姓名/名称 股份数量（股） 持股比例（%） 6 华泰大健康一号 1,751,887 5.5176 7 源峰磐赛 1,571,815 4.9505 8 苏州贤达 1,341,500 4.2251 9 复星惟盈 1,263,621 3.9798 10 苏州博达 1,149,389 3.6200 11 苏州杰贤 694,800 2.1883 12 潘鼎 632,000 1.9905 13 珠海峦恒 628,726 1.9802 14 高瓴祈睿 628,726 1.9802 15 海佳同康 474,000 1.4929 16 国药中生 461,846 1.4546 17 苏州敦行 400,000 1.2598 18 夏尔巴二期 392,954 1.2376 19 陈志华 300,400 0.9461 20 耿卫东 300,000 0.9449 21 甘李药业 235,772 0.7426 22 骏耀投资 200,000 0.6299 23 朱勤华 194,081 0.6113 24 吴征涛 157,182 0.4951 25 国药二期 155,625 0.4901 26 华泰大健康二号 120,034 0.3781 27 唐斌 30,041 0.0946 28 道兴投资 28,079 0.0884 29 张敏 2",持股比例未披露，保留空值
AUTO-SNAP-688758-094,688758,赛分科技,688758_赛分科技.jsonl,104,60,t0/报告期初,,苏州贤达,员工持股平台/员工激励,4.2251,,,,,"苏州赛分科技股份有限公司 首次公开发行股票并在科创板上市招股说明书 序号 股东姓名/名称 股份数量（股） 持股比例（%） 6 华泰大健康一号 1,751,887 5.5176 7 源峰磐赛 1,571,815 4.9505 8 苏州贤达 1,341,500 4.2251 9 复星惟盈 1,263,621 3.9798 10 苏州博达 1,149,389 3.6200 11 苏州杰贤 694,800 2.1883 12 潘鼎 632,000 1.9905 13 珠海峦恒 628,726 1.9802 14 高瓴祈睿 628,726 1.9802 15 海佳同康 474,000 1.4929 16 国药中生 461,846 1.4546 17 苏州敦行 400,000 1.2598 18 夏尔巴二期 392,954 1.2376 19 陈志华 300,400 0.9461 20 耿卫东 300,000 0.9449 21 甘李药业 235,772 0.7426 22 骏耀投资 200,000 0.6299 23 朱勤华 194,081 0.6113 24 吴征涛 157,182 0.4951 25 国药二期 155,625 0.4901 26 华泰大健康二号 120,034 0.3781 27 唐斌 30,041 0.0946 28 道兴投资 28,079 0.0884 29 张敏 2",持股比例未披露，保留空值
AUTO-SNAP-688758-095,688758,赛分科技,688758_赛分科技.jsonl,105,60,t0/报告期初,,复星惟盈,自然人/其他,3.9798,,,,,"苏州赛分科技股份有限公司 首次公开发行股票并在科创板上市招股说明书 序号 股东姓名/名称 股份数量（股） 持股比例（%） 6 华泰大健康一号 1,751,887 5.5176 7 源峰磐赛 1,571,815 4.9505 8 苏州贤达 1,341,500 4.2251 9 复星惟盈 1,263,621 3.9798 10 苏州博达 1,149,389 3.6200 11 苏州杰贤 694,800 2.1883 12 潘鼎 632,000 1.9905 13 珠海峦恒 628,726 1.9802 14 高瓴祈睿 628,726 1.9802 15 海佳同康 474,000 1.4929 16 国药中生 461,846 1.4546 17 苏州敦行 400,000 1.2598 18 夏尔巴二期 392,954 1.2376 19 陈志华 300,400 0.9461 20 耿卫东 300,000 0.9449 21 甘李药业 235,772 0.7426 22 骏耀投资 200,000 0.6299 23 朱勤华 194,081 0.6113 24 吴征涛 157,182 0.4951 25 国药二期 155,625 0.4901 26 华泰大健康二号 120,034 0.3781 27 唐斌 30,041 0.0946 28 道兴投资 28,079 0.0884 29 张敏 2",持股比例未披露，保留空值
AUTO-SNAP-688758-096,688758,赛分科技,688758_赛分科技.jsonl,106,60,t0/报告期初,,苏州博达,员工持股平台/员工激励,3.62,,,,,"苏州赛分科技股份有限公司 首次公开发行股票并在科创板上市招股说明书 序号 股东姓名/名称 股份数量（股） 持股比例（%） 6 华泰大健康一号 1,751,887 5.5176 7 源峰磐赛 1,571,815 4.9505 8 苏州贤达 1,341,500 4.2251 9 复星惟盈 1,263,621 3.9798 10 苏州博达 1,149,389 3.6200 11 苏州杰贤 694,800 2.1883 12 潘鼎 632,000 1.9905 13 珠海峦恒 628,726 1.9802 14 高瓴祈睿 628,726 1.9802 15 海佳同康 474,000 1.4929 16 国药中生 461,846 1.4546 17 苏州敦行 400,000 1.2598 18 夏尔巴二期 392,954 1.2376 19 陈志华 300,400 0.9461 20 耿卫东 300,000 0.9449 21 甘李药业 235,772 0.7426 22 骏耀投资 200,000 0.6299 23 朱勤华 194,081 0.6113 24 吴征涛 157,182 0.4951 25 国药二期 155,625 0.4901 26 华泰大健康二号 120,034 0.3781 27 唐斌 30,041 0.0946 28 道兴投资 28,079 0.0884 29 张敏 2",持股比例未披露，保留空值
AUTO-SNAP-688758-097,688758,赛分科技,688758_赛分科技.jsonl,107,60,t0/报告期初,,苏州杰贤,员工持股平台/员工激励,2.1883,,,,,"苏州赛分科技股份有限公司 首次公开发行股票并在科创板上市招股说明书 序号 股东姓名/名称 股份数量（股） 持股比例（%） 6 华泰大健康一号 1,751,887 5.5176 7 源峰磐赛 1,571,815 4.9505 8 苏州贤达 1,341,500 4.2251 9 复星惟盈 1,263,621 3.9798 10 苏州博达 1,149,389 3.6200 11 苏州杰贤 694,800 2.1883 12 潘鼎 632,000 1.9905 13 珠海峦恒 628,726 1.9802 14 高瓴祈睿 628,726 1.9802 15 海佳同康 474,000 1.4929 16 国药中生 461,846 1.4546 17 苏州敦行 400,000 1.2598 18 夏尔巴二期 392,954 1.2376 19 陈志华 300,400 0.9461 20 耿卫东 300,000 0.9449 21 甘李药业 235,772 0.7426 22 骏耀投资 200,000 0.6299 23 朱勤华 194,081 0.6113 24 吴征涛 157,182 0.4951 25 国药二期 155,625 0.4901 26 华泰大健康二号 120,034 0.3781 27 唐斌 30,041 0.0946 28 道兴投资 28,079 0.0884 29 张敏 2",持股比例未披露，保留空值
AUTO-SNAP-688758-098,688758,赛分科技,688758_赛分科技.jsonl,108,60,t0/报告期初,,潘鼎,自然人/其他,1.9905,,,,,"苏州赛分科技股份有限公司 首次公开发行股票并在科创板上市招股说明书 序号 股东姓名/名称 股份数量（股） 持股比例（%） 6 华泰大健康一号 1,751,887 5.5176 7 源峰磐赛 1,571,815 4.9505 8 苏州贤达 1,341,500 4.2251 9 复星惟盈 1,263,621 3.9798 10 苏州博达 1,149,389 3.6200 11 苏州杰贤 694,800 2.1883 12 潘鼎 632,000 1.9905 13 珠海峦恒 628,726 1.9802 14 高瓴祈睿 628,726 1.9802 15 海佳同康 474,000 1.4929 16 国药中生 461,846 1.4546 17 苏州敦行 400,000 1.2598 18 夏尔巴二期 392,954 1.2376 19 陈志华 300,400 0.9461 20 耿卫东 300,000 0.9449 21 甘李药业 235,772 0.7426 22 骏耀投资 200,000 0.6299 23 朱勤华 194,081 0.6113 24 吴征涛 157,182 0.4951 25 国药二期 155,625 0.4901 26 华泰大健康二号 120,034 0.3781 27 唐斌 30,041 0.0946 28 道兴投资 28,079 0.0884 29 张敏 2",持股比例未披露，保留空值
AUTO-SNAP-688758-099,688758,赛分科技,688758_赛分科技.jsonl,109,60,t0/报告期初,,珠海峦恒,自然人/其他,1.9802,,,,,"苏州赛分科技股份有限公司 首次公开发行股票并在科创板上市招股说明书 序号 股东姓名/名称 股份数量（股） 持股比例（%） 6 华泰大健康一号 1,751,887 5.5176 7 源峰磐赛 1,571,815 4.9505 8 苏州贤达 1,341,500 4.2251 9 复星惟盈 1,263,621 3.9798 10 苏州博达 1,149,389 3.6200 11 苏州杰贤 694,800 2.1883 12 潘鼎 632,000 1.9905 13 珠海峦恒 628,726 1.9802 14 高瓴祈睿 628,726 1.9802 15 海佳同康 474,000 1.4929 16 国药中生 461,846 1.4546 17 苏州敦行 400,000 1.2598 18 夏尔巴二期 392,954 1.2376 19 陈志华 300,400 0.9461 20 耿卫东 300,000 0.9449 21 甘李药业 235,772 0.7426 22 骏耀投资 200,000 0.6299 23 朱勤华 194,081 0.6113 24 吴征涛 157,182 0.4951 25 国药二期 155,625 0.4901 26 华泰大健康二号 120,034 0.3781 27 唐斌 30,041 0.0946 28 道兴投资 28,079 0.0884 29 张敏 2",持股比例未披露，保留空值
AUTO-SNAP-688758-100,688758,赛分科技,688758_赛分科技.jsonl,110,60,t0/报告期初,,高瓴祈睿,PE/VC或私募基金,1.9802,,,,,"苏州赛分科技股份有限公司 首次公开发行股票并在科创板上市招股说明书 序号 股东姓名/名称 股份数量（股） 持股比例（%） 6 华泰大健康一号 1,751,887 5.5176 7 源峰磐赛 1,571,815 4.9505 8 苏州贤达 1,341,500 4.2251 9 复星惟盈 1,263,621 3.9798 10 苏州博达 1,149,389 3.6200 11 苏州杰贤 694,800 2.1883 12 潘鼎 632,000 1.9905 13 珠海峦恒 628,726 1.9802 14 高瓴祈睿 628,726 1.9802 15 海佳同康 474,000 1.4929 16 国药中生 461,846 1.4546 17 苏州敦行 400,000 1.2598 18 夏尔巴二期 392,954 1.2376 19 陈志华 300,400 0.9461 20 耿卫东 300,000 0.9449 21 甘李药业 235,772 0.7426 22 骏耀投资 200,000 0.6299 23 朱勤华 194,081 0.6113 24 吴征涛 157,182 0.4951 25 国药二期 155,625 0.4901 26 华泰大健康二号 120,034 0.3781 27 唐斌 30,041 0.0946 28 道兴投资 28,079 0.0884 29 张敏 2",持股比例未披露，保留空值
AUTO-SNAP-688758-101,688758,赛分科技,688758_赛分科技.jsonl,111,60,t0/报告期初,,海佳同康,自然人/其他,1.4929,,,,,"苏州赛分科技股份有限公司 首次公开发行股票并在科创板上市招股说明书 序号 股东姓名/名称 股份数量（股） 持股比例（%） 6 华泰大健康一号 1,751,887 5.5176 7 源峰磐赛 1,571,815 4.9505 8 苏州贤达 1,341,500 4.2251 9 复星惟盈 1,263,621 3.9798 10 苏州博达 1,149,389 3.6200 11 苏州杰贤 694,800 2.1883 12 潘鼎 632,000 1.9905 13 珠海峦恒 628,726 1.9802 14 高瓴祈睿 628,726 1.9802 15 海佳同康 474,000 1.4929 16 国药中生 461,846 1.4546 17 苏州敦行 400,000 1.2598 18 夏尔巴二期 392,954 1.2376 19 陈志华 300,400 0.9461 20 耿卫东 300,000 0.9449 21 甘李药业 235,772 0.7426 22 骏耀投资 200,000 0.6299 23 朱勤华 194,081 0.6113 24 吴征涛 157,182 0.4951 25 国药二期 155,625 0.4901 26 华泰大健康二号 120,034 0.3781 27 唐斌 30,041 0.0946 28 道兴投资 28,079 0.0884 29 张敏 2",持股比例未披露，保留空值
AUTO-SNAP-688758-102,688758,赛分科技,688758_赛分科技.jsonl,112,60,t0/报告期初,,国药中生,自然人/其他,1.4546,,,,,"苏州赛分科技股份有限公司 首次公开发行股票并在科创板上市招股说明书 序号 股东姓名/名称 股份数量（股） 持股比例（%） 6 华泰大健康一号 1,751,887 5.5176 7 源峰磐赛 1,571,815 4.9505 8 苏州贤达 1,341,500 4.2251 9 复星惟盈 1,263,621 3.9798 10 苏州博达 1,149,389 3.6200 11 苏州杰贤 694,800 2.1883 12 潘鼎 632,000 1.9905 13 珠海峦恒 628,726 1.9802 14 高瓴祈睿 628,726 1.9802 15 海佳同康 474,000 1.4929 16 国药中生 461,846 1.4546 17 苏州敦行 400,000 1.2598 18 夏尔巴二期 392,954 1.2376 19 陈志华 300,400 0.9461 20 耿卫东 300,000 0.9449 21 甘李药业 235,772 0.7426 22 骏耀投资 200,000 0.6299 23 朱勤华 194,081 0.6113 24 吴征涛 157,182 0.4951 25 国药二期 155,625 0.4901 26 华泰大健康二号 120,034 0.3781 27 唐斌 30,041 0.0946 28 道兴投资 28,079 0.0884 29 张敏 2",持股比例未披露，保留空值
AUTO-SNAP-688758-103,688758,赛分科技,688758_赛分科技.jsonl,113,60,t0/报告期初,,苏州敦行,自然人/其他,1.2598,,,,,"苏州赛分科技股份有限公司 首次公开发行股票并在科创板上市招股说明书 序号 股东姓名/名称 股份数量（股） 持股比例（%） 6 华泰大健康一号 1,751,887 5.5176 7 源峰磐赛 1,571,815 4.9505 8 苏州贤达 1,341,500 4.2251 9 复星惟盈 1,263,621 3.9798 10 苏州博达 1,149,389 3.6200 11 苏州杰贤 694,800 2.1883 12 潘鼎 632,000 1.9905 13 珠海峦恒 628,726 1.9802 14 高瓴祈睿 628,726 1.9802 15 海佳同康 474,000 1.4929 16 国药中生 461,846 1.4546 17 苏州敦行 400,000 1.2598 18 夏尔巴二期 392,954 1.2376 19 陈志华 300,400 0.9461 20 耿卫东 300,000 0.9449 21 甘李药业 235,772 0.7426 22 骏耀投资 200,000 0.6299 23 朱勤华 194,081 0.6113 24 吴征涛 157,182 0.4951 25 国药二期 155,625 0.4901 26 华泰大健康二号 120,034 0.3781 27 唐斌 30,041 0.0946 28 道兴投资 28,079 0.0884 29 张敏 2",持股比例未披露，保留空值
AUTO-SNAP-688758-104,688758,赛分科技,688758_赛分科技.jsonl,114,60,t0/报告期初,,夏尔巴二期,自然人/其他,1.2376,,,,,"苏州赛分科技股份有限公司 首次公开发行股票并在科创板上市招股说明书 序号 股东姓名/名称 股份数量（股） 持股比例（%） 6 华泰大健康一号 1,751,887 5.5176 7 源峰磐赛 1,571,815 4.9505 8 苏州贤达 1,341,500 4.2251 9 复星惟盈 1,263,621 3.9798 10 苏州博达 1,149,389 3.6200 11 苏州杰贤 694,800 2.1883 12 潘鼎 632,000 1.9905 13 珠海峦恒 628,726 1.9802 14 高瓴祈睿 628,726 1.9802 15 海佳同康 474,000 1.4929 16 国药中生 461,846 1.4546 17 苏州敦行 400,000 1.2598 18 夏尔巴二期 392,954 1.2376 19 陈志华 300,400 0.9461 20 耿卫东 300,000 0.9449 21 甘李药业 235,772 0.7426 22 骏耀投资 200,000 0.6299 23 朱勤华 194,081 0.6113 24 吴征涛 157,182 0.4951 25 国药二期 155,625 0.4901 26 华泰大健康二号 120,034 0.3781 27 唐斌 30,041 0.0946 28 道兴投资 28,079 0.0884 29 张敏 2",持股比例未披露，保留空值
AUTO-SNAP-688758-105,688758,赛分科技,688758_赛分科技.jsonl,115,60,t0/报告期初,,陈志华,自然人/其他,0.9461,,,,,"苏州赛分科技股份有限公司 首次公开发行股票并在科创板上市招股说明书 序号 股东姓名/名称 股份数量（股） 持股比例（%） 6 华泰大健康一号 1,751,887 5.5176 7 源峰磐赛 1,571,815 4.9505 8 苏州贤达 1,341,500 4.2251 9 复星惟盈 1,263,621 3.9798 10 苏州博达 1,149,389 3.6200 11 苏州杰贤 694,800 2.1883 12 潘鼎 632,000 1.9905 13 珠海峦恒 628,726 1.9802 14 高瓴祈睿 628,726 1.9802 15 海佳同康 474,000 1.4929 16 国药中生 461,846 1.4546 17 苏州敦行 400,000 1.2598 18 夏尔巴二期 392,954 1.2376 19 陈志华 300,400 0.9461 20 耿卫东 300,000 0.9449 21 甘李药业 235,772 0.7426 22 骏耀投资 200,000 0.6299 23 朱勤华 194,081 0.6113 24 吴征涛 157,182 0.4951 25 国药二期 155,625 0.4901 26 华泰大健康二号 120,034 0.3781 27 唐斌 30,041 0.0946 28 道兴投资 28,079 0.0884 29 张敏 2",持股比例未披露，保留空值
AUTO-SNAP-688758-106,688758,赛分科技,688758_赛分科技.jsonl,116,60,t0/报告期初,,耿卫东,自然人/其他,0.9449,,,,,"苏州赛分科技股份有限公司 首次公开发行股票并在科创板上市招股说明书 序号 股东姓名/名称 股份数量（股） 持股比例（%） 6 华泰大健康一号 1,751,887 5.5176 7 源峰磐赛 1,571,815 4.9505 8 苏州贤达 1,341,500 4.2251 9 复星惟盈 1,263,621 3.9798 10 苏州博达 1,149,389 3.6200 11 苏州杰贤 694,800 2.1883 12 潘鼎 632,000 1.9905 13 珠海峦恒 628,726 1.9802 14 高瓴祈睿 628,726 1.9802 15 海佳同康 474,000 1.4929 16 国药中生 461,846 1.4546 17 苏州敦行 400,000 1.2598 18 夏尔巴二期 392,954 1.2376 19 陈志华 300,400 0.9461 20 耿卫东 300,000 0.9449 21 甘李药业 235,772 0.7426 22 骏耀投资 200,000 0.6299 23 朱勤华 194,081 0.6113 24 吴征涛 157,182 0.4951 25 国药二期 155,625 0.4901 26 华泰大健康二号 120,034 0.3781 27 唐斌 30,041 0.0946 28 道兴投资 28,079 0.0884 29 张敏 2",持股比例未披露，保留空值
AUTO-SNAP-688758-107,688758,赛分科技,688758_赛分科技.jsonl,117,60,t0/报告期初,,甘李药业,自然人/其他,0.7426,,,,,"苏州赛分科技股份有限公司 首次公开发行股票并在科创板上市招股说明书 序号 股东姓名/名称 股份数量（股） 持股比例（%） 6 华泰大健康一号 1,751,887 5.5176 7 源峰磐赛 1,571,815 4.9505 8 苏州贤达 1,341,500 4.2251 9 复星惟盈 1,263,621 3.9798 10 苏州博达 1,149,389 3.6200 11 苏州杰贤 694,800 2.1883 12 潘鼎 632,000 1.9905 13 珠海峦恒 628,726 1.9802 14 高瓴祈睿 628,726 1.9802 15 海佳同康 474,000 1.4929 16 国药中生 461,846 1.4546 17 苏州敦行 400,000 1.2598 18 夏尔巴二期 392,954 1.2376 19 陈志华 300,400 0.9461 20 耿卫东 300,000 0.9449 21 甘李药业 235,772 0.7426 22 骏耀投资 200,000 0.6299 23 朱勤华 194,081 0.6113 24 吴征涛 157,182 0.4951 25 国药二期 155,625 0.4901 26 华泰大健康二号 120,034 0.3781 27 唐斌 30,041 0.0946 28 道兴投资 28,079 0.0884 29 张敏 2",持股比例未披露，保留空值
AUTO-SNAP-688758-108,688758,赛分科技,688758_赛分科技.jsonl,118,60,t0/报告期初,,骏耀投资,自然人/其他,0.6299,,,,,"苏州赛分科技股份有限公司 首次公开发行股票并在科创板上市招股说明书 序号 股东姓名/名称 股份数量（股） 持股比例（%） 6 华泰大健康一号 1,751,887 5.5176 7 源峰磐赛 1,571,815 4.9505 8 苏州贤达 1,341,500 4.2251 9 复星惟盈 1,263,621 3.9798 10 苏州博达 1,149,389 3.6200 11 苏州杰贤 694,800 2.1883 12 潘鼎 632,000 1.9905 13 珠海峦恒 628,726 1.9802 14 高瓴祈睿 628,726 1.9802 15 海佳同康 474,000 1.4929 16 国药中生 461,846 1.4546 17 苏州敦行 400,000 1.2598 18 夏尔巴二期 392,954 1.2376 19 陈志华 300,400 0.9461 20 耿卫东 300,000 0.9449 21 甘李药业 235,772 0.7426 22 骏耀投资 200,000 0.6299 23 朱勤华 194,081 0.6113 24 吴征涛 157,182 0.4951 25 国药二期 155,625 0.4901 26 华泰大健康二号 120,034 0.3781 27 唐斌 30,041 0.0946 28 道兴投资 28,079 0.0884 29 张敏 2",持股比例未披露，保留空值
AUTO-SNAP-688758-109,688758,赛分科技,688758_赛分科技.jsonl,119,60,t0/报告期初,,朱勤华,自然人/其他,0.6113,,,,,"苏州赛分科技股份有限公司 首次公开发行股票并在科创板上市招股说明书 序号 股东姓名/名称 股份数量（股） 持股比例（%） 6 华泰大健康一号 1,751,887 5.5176 7 源峰磐赛 1,571,815 4.9505 8 苏州贤达 1,341,500 4.2251 9 复星惟盈 1,263,621 3.9798 10 苏州博达 1,149,389 3.6200 11 苏州杰贤 694,800 2.1883 12 潘鼎 632,000 1.9905 13 珠海峦恒 628,726 1.9802 14 高瓴祈睿 628,726 1.9802 15 海佳同康 474,000 1.4929 16 国药中生 461,846 1.4546 17 苏州敦行 400,000 1.2598 18 夏尔巴二期 392,954 1.2376 19 陈志华 300,400 0.9461 20 耿卫东 300,000 0.9449 21 甘李药业 235,772 0.7426 22 骏耀投资 200,000 0.6299 23 朱勤华 194,081 0.6113 24 吴征涛 157,182 0.4951 25 国药二期 155,625 0.4901 26 华泰大健康二号 120,034 0.3781 27 唐斌 30,041 0.0946 28 道兴投资 28,079 0.0884 29 张敏 2",持股比例未披露，保留空值
AUTO-SNAP-688758-110,688758,赛分科技,688758_赛分科技.jsonl,120,60,t0/报告期初,,吴征涛,自然人/其他,0.4951,,,,,"苏州赛分科技股份有限公司 首次公开发行股票并在科创板上市招股说明书 序号 股东姓名/名称 股份数量（股） 持股比例（%） 6 华泰大健康一号 1,751,887 5.5176 7 源峰磐赛 1,571,815 4.9505 8 苏州贤达 1,341,500 4.2251 9 复星惟盈 1,263,621 3.9798 10 苏州博达 1,149,389 3.6200 11 苏州杰贤 694,800 2.1883 12 潘鼎 632,000 1.9905 13 珠海峦恒 628,726 1.9802 14 高瓴祈睿 628,726 1.9802 15 海佳同康 474,000 1.4929 16 国药中生 461,846 1.4546 17 苏州敦行 400,000 1.2598 18 夏尔巴二期 392,954 1.2376 19 陈志华 300,400 0.9461 20 耿卫东 300,000 0.9449 21 甘李药业 235,772 0.7426 22 骏耀投资 200,000 0.6299 23 朱勤华 194,081 0.6113 24 吴征涛 157,182 0.4951 25 国药二期 155,625 0.4901 26 华泰大健康二号 120,034 0.3781 27 唐斌 30,041 0.0946 28 道兴投资 28,079 0.0884 29 张敏 2",持股比例未披露，保留空值
AUTO-SNAP-688758-111,688758,赛分科技,688758_赛分科技.jsonl,121,60,t0/报告期初,,国药二期,自然人/其他,0.4901,,,,,"苏州赛分科技股份有限公司 首次公开发行股票并在科创板上市招股说明书 序号 股东姓名/名称 股份数量（股） 持股比例（%） 6 华泰大健康一号 1,751,887 5.5176 7 源峰磐赛 1,571,815 4.9505 8 苏州贤达 1,341,500 4.2251 9 复星惟盈 1,263,621 3.9798 10 苏州博达 1,149,389 3.6200 11 苏州杰贤 694,800 2.1883 12 潘鼎 632,000 1.9905 13 珠海峦恒 628,726 1.9802 14 高瓴祈睿 628,726 1.9802 15 海佳同康 474,000 1.4929 16 国药中生 461,846 1.4546 17 苏州敦行 400,000 1.2598 18 夏尔巴二期 392,954 1.2376 19 陈志华 300,400 0.9461 20 耿卫东 300,000 0.9449 21 甘李药业 235,772 0.7426 22 骏耀投资 200,000 0.6299 23 朱勤华 194,081 0.6113 24 吴征涛 157,182 0.4951 25 国药二期 155,625 0.4901 26 华泰大健康二号 120,034 0.3781 27 唐斌 30,041 0.0946 28 道兴投资 28,079 0.0884 29 张敏 2",持股比例未披露，保留空值
AUTO-SNAP-688758-112,688758,赛分科技,688758_赛分科技.jsonl,122,60,t0/报告期初,,华泰大健康二号,PE/VC或私募基金,0.3781,,,,,"苏州赛分科技股份有限公司 首次公开发行股票并在科创板上市招股说明书 序号 股东姓名/名称 股份数量（股） 持股比例（%） 6 华泰大健康一号 1,751,887 5.5176 7 源峰磐赛 1,571,815 4.9505 8 苏州贤达 1,341,500 4.2251 9 复星惟盈 1,263,621 3.9798 10 苏州博达 1,149,389 3.6200 11 苏州杰贤 694,800 2.1883 12 潘鼎 632,000 1.9905 13 珠海峦恒 628,726 1.9802 14 高瓴祈睿 628,726 1.9802 15 海佳同康 474,000 1.4929 16 国药中生 461,846 1.4546 17 苏州敦行 400,000 1.2598 18 夏尔巴二期 392,954 1.2376 19 陈志华 300,400 0.9461 20 耿卫东 300,000 0.9449 21 甘李药业 235,772 0.7426 22 骏耀投资 200,000 0.6299 23 朱勤华 194,081 0.6113 24 吴征涛 157,182 0.4951 25 国药二期 155,625 0.4901 26 华泰大健康二号 120,034 0.3781 27 唐斌 30,041 0.0946 28 道兴投资 28,079 0.0884 29 张敏 2",持股比例未披露，保留空值
AUTO-SNAP-688758-113,688758,赛分科技,688758_赛分科技.jsonl,123,60,t0/报告期初,,唐斌,自然人/其他,0.0946,,,,,"苏州赛分科技股份有限公司 首次公开发行股票并在科创板上市招股说明书 序号 股东姓名/名称 股份数量（股） 持股比例（%） 6 华泰大健康一号 1,751,887 5.5176 7 源峰磐赛 1,571,815 4.9505 8 苏州贤达 1,341,500 4.2251 9 复星惟盈 1,263,621 3.9798 10 苏州博达 1,149,389 3.6200 11 苏州杰贤 694,800 2.1883 12 潘鼎 632,000 1.9905 13 珠海峦恒 628,726 1.9802 14 高瓴祈睿 628,726 1.9802 15 海佳同康 474,000 1.4929 16 国药中生 461,846 1.4546 17 苏州敦行 400,000 1.2598 18 夏尔巴二期 392,954 1.2376 19 陈志华 300,400 0.9461 20 耿卫东 300,000 0.9449 21 甘李药业 235,772 0.7426 22 骏耀投资 200,000 0.6299 23 朱勤华 194,081 0.6113 24 吴征涛 157,182 0.4951 25 国药二期 155,625 0.4901 26 华泰大健康二号 120,034 0.3781 27 唐斌 30,041 0.0946 28 道兴投资 28,079 0.0884 29 张敏 2",持股比例未披露，保留空值
AUTO-SNAP-688758-114,688758,赛分科技,688758_赛分科技.jsonl,124,60,t0/报告期初,,道兴投资,自然人/其他,0.0884,,,,,"苏州赛分科技股份有限公司 首次公开发行股票并在科创板上市招股说明书 序号 股东姓名/名称 股份数量（股） 持股比例（%） 6 华泰大健康一号 1,751,887 5.5176 7 源峰磐赛 1,571,815 4.9505 8 苏州贤达 1,341,500 4.2251 9 复星惟盈 1,263,621 3.9798 10 苏州博达 1,149,389 3.6200 11 苏州杰贤 694,800 2.1883 12 潘鼎 632,000 1.9905 13 珠海峦恒 628,726 1.9802 14 高瓴祈睿 628,726 1.9802 15 海佳同康 474,000 1.4929 16 国药中生 461,846 1.4546 17 苏州敦行 400,000 1.2598 18 夏尔巴二期 392,954 1.2376 19 陈志华 300,400 0.9461 20 耿卫东 300,000 0.9449 21 甘李药业 235,772 0.7426 22 骏耀投资 200,000 0.6299 23 朱勤华 194,081 0.6113 24 吴征涛 157,182 0.4951 25 国药二期 155,625 0.4901 26 华泰大健康二号 120,034 0.3781 27 唐斌 30,041 0.0946 28 道兴投资 28,079 0.0884 29 张敏 2",持股比例未披露，保留空值
AUTO-SNAP-688758-115,688758,赛分科技,688758_赛分科技.jsonl,125,60,t0/报告期初,,张敏,自然人/其他,0.0651,,,,,"苏州赛分科技股份有限公司 首次公开发行股票并在科创板上市招股说明书 序号 股东姓名/名称 股份数量（股） 持股比例（%） 6 华泰大健康一号 1,751,887 5.5176 7 源峰磐赛 1,571,815 4.9505 8 苏州贤达 1,341,500 4.2251 9 复星惟盈 1,263,621 3.9798 10 苏州博达 1,149,389 3.6200 11 苏州杰贤 694,800 2.1883 12 潘鼎 632,000 1.9905 13 珠海峦恒 628,726 1.9802 14 高瓴祈睿 628,726 1.9802 15 海佳同康 474,000 1.4929 16 国药中生 461,846 1.4546 17 苏州敦行 400,000 1.2598 18 夏尔巴二期 392,954 1.2376 19 陈志华 300,400 0.9461 20 耿卫东 300,000 0.9449 21 甘李药业 235,772 0.7426 22 骏耀投资 200,000 0.6299 23 朱勤华 194,081 0.6113 24 吴征涛 157,182 0.4951 25 国药二期 155,625 0.4901 26 华泰大健康二号 120,034 0.3781 27 唐斌 30,041 0.0946 28 道兴投资 28,079 0.0884 29 张敏 2",持股比例未披露，保留空值
AUTO-SNAP-688758-116,688758,赛分科技,688758_赛分科技.jsonl,126,60,t0/报告期初,,圣成投资,自然人/其他,0.0305,,,,,"苏州赛分科技股份有限公司 首次公开发行股票并在科创板上市招股说明书 序号 股东姓名/名称 股份数量（股） 持股比例（%） 6 华泰大健康一号 1,751,887 5.5176 7 源峰磐赛 1,571,815 4.9505 8 苏州贤达 1,341,500 4.2251 9 复星惟盈 1,263,621 3.9798 10 苏州博达 1,149,389 3.6200 11 苏州杰贤 694,800 2.1883 12 潘鼎 632,000 1.9905 13 珠海峦恒 628,726 1.9802 14 高瓴祈睿 628,726 1.9802 15 海佳同康 474,000 1.4929 16 国药中生 461,846 1.4546 17 苏州敦行 400,000 1.2598 18 夏尔巴二期 392,954 1.2376 19 陈志华 300,400 0.9461 20 耿卫东 300,000 0.9449 21 甘李药业 235,772 0.7426 22 骏耀投资 200,000 0.6299 23 朱勤华 194,081 0.6113 24 吴征涛 157,182 0.4951 25 国药二期 155,625 0.4901 26 华泰大健康二号 120,034 0.3781 27 唐斌 30,041 0.0946 28 道兴投资 28,079 0.0884 29 张敏 2",持股比例未披露，保留空值
AUTO-SNAP-688758-117,688758,赛分科技,688758_赛分科技.jsonl,127,60,t0/报告期初,,圣祁投资,自然人/其他,0.0049,,,,,"苏州赛分科技股份有限公司 首次公开发行股票并在科创板上市招股说明书 序号 股东姓名/名称 股份数量（股） 持股比例（%） 6 华泰大健康一号 1,751,887 5.5176 7 源峰磐赛 1,571,815 4.9505 8 苏州贤达 1,341,500 4.2251 9 复星惟盈 1,263,621 3.9798 10 苏州博达 1,149,389 3.6200 11 苏州杰贤 694,800 2.1883 12 潘鼎 632,000 1.9905 13 珠海峦恒 628,726 1.9802 14 高瓴祈睿 628,726 1.9802 15 海佳同康 474,000 1.4929 16 国药中生 461,846 1.4546 17 苏州敦行 400,000 1.2598 18 夏尔巴二期 392,954 1.2376 19 陈志华 300,400 0.9461 20 耿卫东 300,000 0.9449 21 甘李药业 235,772 0.7426 22 骏耀投资 200,000 0.6299 23 朱勤华 194,081 0.6113 24 吴征涛 157,182 0.4951 25 国药二期 155,625 0.4901 26 华泰大健康二号 120,034 0.3781 27 唐斌 30,041 0.0946 28 道兴投资 28,079 0.0884 29 张敏 2",持股比例未披露，保留空值
AUTO-SNAP-688758-118,688758,赛分科技,688758_赛分科技.jsonl,128,61,t0/报告期初,,黄学英,自然人/其他,25.2025,,,,,"苏州赛分科技股份有限公司 首次公开发行股票并在科创板上市招股说明书 2021 年 11 月 22 日，聚贝投资与赛分科技及原股东签署了《增资协议》。 截至2021年12月，聚贝投资支付完毕全部增资款。 2021年12月6日，赛分科技取得了江苏省市场监督管理局换发的《营业执 照》。 本次增资完成后，赛分科技的股权结构如下： 序号 股东姓名/名称 股份数量（股） 持股比例（%） 1 黄学英 8,031,668 25.2025 2 周金清 2,800,000 8.7861 3 高新同华 2,700,000 8.4723 4 陆民 2,574,000 8.0769 5 国寿疌泉 2,500,615 7.8467 6 华泰大健康一号 1,751,887 5.4972 7 源峰磐赛 1,571,815 4.9322 8 苏州贤达 1,341,500 4.2095 9 复星惟盈 1,263,621 3.9651 10 苏州博达 1,149,389 3.6067 11 苏州杰贤 694,800 2.1802 12 潘鼎 632,000 1.9831 13 珠海峦恒 628,726 1.9729 14 高瓴祈睿 628,726 1.9729 15 海佳同康 474,000 1.4874 16 国药中生 461,846 1.4492 17 苏州敦行 400,000 1.2552 18 夏尔巴二期 39",持股比例未披露，保留空值
AUTO-SNAP-688758-119,688758,赛分科技,688758_赛分科技.jsonl,129,61,t0/报告期初,,周金清,自然人/其他,8.7861,,,,,"苏州赛分科技股份有限公司 首次公开发行股票并在科创板上市招股说明书 2021 年 11 月 22 日，聚贝投资与赛分科技及原股东签署了《增资协议》。 截至2021年12月，聚贝投资支付完毕全部增资款。 2021年12月6日，赛分科技取得了江苏省市场监督管理局换发的《营业执 照》。 本次增资完成后，赛分科技的股权结构如下： 序号 股东姓名/名称 股份数量（股） 持股比例（%） 1 黄学英 8,031,668 25.2025 2 周金清 2,800,000 8.7861 3 高新同华 2,700,000 8.4723 4 陆民 2,574,000 8.0769 5 国寿疌泉 2,500,615 7.8467 6 华泰大健康一号 1,751,887 5.4972 7 源峰磐赛 1,571,815 4.9322 8 苏州贤达 1,341,500 4.2095 9 复星惟盈 1,263,621 3.9651 10 苏州博达 1,149,389 3.6067 11 苏州杰贤 694,800 2.1802 12 潘鼎 632,000 1.9831 13 珠海峦恒 628,726 1.9729 14 高瓴祈睿 628,726 1.9729 15 海佳同康 474,000 1.4874 16 国药中生 461,846 1.4492 17 苏州敦行 400,000 1.2552 18 夏尔巴二期 39",持股比例未披露，保留空值
AUTO-SNAP-688758-120,688758,赛分科技,688758_赛分科技.jsonl,130,61,t0/报告期初,,高新同华,自然人/其他,8.4723,,,,,"苏州赛分科技股份有限公司 首次公开发行股票并在科创板上市招股说明书 2021 年 11 月 22 日，聚贝投资与赛分科技及原股东签署了《增资协议》。 截至2021年12月，聚贝投资支付完毕全部增资款。 2021年12月6日，赛分科技取得了江苏省市场监督管理局换发的《营业执 照》。 本次增资完成后，赛分科技的股权结构如下： 序号 股东姓名/名称 股份数量（股） 持股比例（%） 1 黄学英 8,031,668 25.2025 2 周金清 2,800,000 8.7861 3 高新同华 2,700,000 8.4723 4 陆民 2,574,000 8.0769 5 国寿疌泉 2,500,615 7.8467 6 华泰大健康一号 1,751,887 5.4972 7 源峰磐赛 1,571,815 4.9322 8 苏州贤达 1,341,500 4.2095 9 复星惟盈 1,263,621 3.9651 10 苏州博达 1,149,389 3.6067 11 苏州杰贤 694,800 2.1802 12 潘鼎 632,000 1.9831 13 珠海峦恒 628,726 1.9729 14 高瓴祈睿 628,726 1.9729 15 海佳同康 474,000 1.4874 16 国药中生 461,846 1.4492 17 苏州敦行 400,000 1.2552 18 夏尔巴二期 39",持股比例未披露，保留空值
AUTO-SNAP-688758-121,688758,赛分科技,688758_赛分科技.jsonl,131,61,t0/报告期初,,陆民,自然人/其他,8.0769,,,,,"苏州赛分科技股份有限公司 首次公开发行股票并在科创板上市招股说明书 2021 年 11 月 22 日，聚贝投资与赛分科技及原股东签署了《增资协议》。 截至2021年12月，聚贝投资支付完毕全部增资款。 2021年12月6日，赛分科技取得了江苏省市场监督管理局换发的《营业执 照》。 本次增资完成后，赛分科技的股权结构如下： 序号 股东姓名/名称 股份数量（股） 持股比例（%） 1 黄学英 8,031,668 25.2025 2 周金清 2,800,000 8.7861 3 高新同华 2,700,000 8.4723 4 陆民 2,574,000 8.0769 5 国寿疌泉 2,500,615 7.8467 6 华泰大健康一号 1,751,887 5.4972 7 源峰磐赛 1,571,815 4.9322 8 苏州贤达 1,341,500 4.2095 9 复星惟盈 1,263,621 3.9651 10 苏州博达 1,149,389 3.6067 11 苏州杰贤 694,800 2.1802 12 潘鼎 632,000 1.9831 13 珠海峦恒 628,726 1.9729 14 高瓴祈睿 628,726 1.9729 15 海佳同康 474,000 1.4874 16 国药中生 461,846 1.4492 17 苏州敦行 400,000 1.2552 18 夏尔巴二期 39",持股比例未披露，保留空值
AUTO-SNAP-688758-122,688758,赛分科技,688758_赛分科技.jsonl,132,61,t0/报告期初,,国寿疌泉,自然人/其他,7.8467,,,,,"苏州赛分科技股份有限公司 首次公开发行股票并在科创板上市招股说明书 2021 年 11 月 22 日，聚贝投资与赛分科技及原股东签署了《增资协议》。 截至2021年12月，聚贝投资支付完毕全部增资款。 2021年12月6日，赛分科技取得了江苏省市场监督管理局换发的《营业执 照》。 本次增资完成后，赛分科技的股权结构如下： 序号 股东姓名/名称 股份数量（股） 持股比例（%） 1 黄学英 8,031,668 25.2025 2 周金清 2,800,000 8.7861 3 高新同华 2,700,000 8.4723 4 陆民 2,574,000 8.0769 5 国寿疌泉 2,500,615 7.8467 6 华泰大健康一号 1,751,887 5.4972 7 源峰磐赛 1,571,815 4.9322 8 苏州贤达 1,341,500 4.2095 9 复星惟盈 1,263,621 3.9651 10 苏州博达 1,149,389 3.6067 11 苏州杰贤 694,800 2.1802 12 潘鼎 632,000 1.9831 13 珠海峦恒 628,726 1.9729 14 高瓴祈睿 628,726 1.9729 15 海佳同康 474,000 1.4874 16 国药中生 461,846 1.4492 17 苏州敦行 400,000 1.2552 18 夏尔巴二期 39",持股比例未披露，保留空值
AUTO-SNAP-688758-123,688758,赛分科技,688758_赛分科技.jsonl,133,61,t0/报告期初,,华泰大健康一号,PE/VC或私募基金,5.4972,,,,,"苏州赛分科技股份有限公司 首次公开发行股票并在科创板上市招股说明书 2021 年 11 月 22 日，聚贝投资与赛分科技及原股东签署了《增资协议》。 截至2021年12月，聚贝投资支付完毕全部增资款。 2021年12月6日，赛分科技取得了江苏省市场监督管理局换发的《营业执 照》。 本次增资完成后，赛分科技的股权结构如下： 序号 股东姓名/名称 股份数量（股） 持股比例（%） 1 黄学英 8,031,668 25.2025 2 周金清 2,800,000 8.7861 3 高新同华 2,700,000 8.4723 4 陆民 2,574,000 8.0769 5 国寿疌泉 2,500,615 7.8467 6 华泰大健康一号 1,751,887 5.4972 7 源峰磐赛 1,571,815 4.9322 8 苏州贤达 1,341,500 4.2095 9 复星惟盈 1,263,621 3.9651 10 苏州博达 1,149,389 3.6067 11 苏州杰贤 694,800 2.1802 12 潘鼎 632,000 1.9831 13 珠海峦恒 628,726 1.9729 14 高瓴祈睿 628,726 1.9729 15 海佳同康 474,000 1.4874 16 国药中生 461,846 1.4492 17 苏州敦行 400,000 1.2552 18 夏尔巴二期 39",持股比例未披露，保留空值
AUTO-SNAP-688758-124,688758,赛分科技,688758_赛分科技.jsonl,134,61,t0/报告期初,,源峰磐赛,自然人/其他,4.9322,,,,,"苏州赛分科技股份有限公司 首次公开发行股票并在科创板上市招股说明书 2021 年 11 月 22 日，聚贝投资与赛分科技及原股东签署了《增资协议》。 截至2021年12月，聚贝投资支付完毕全部增资款。 2021年12月6日，赛分科技取得了江苏省市场监督管理局换发的《营业执 照》。 本次增资完成后，赛分科技的股权结构如下： 序号 股东姓名/名称 股份数量（股） 持股比例（%） 1 黄学英 8,031,668 25.2025 2 周金清 2,800,000 8.7861 3 高新同华 2,700,000 8.4723 4 陆民 2,574,000 8.0769 5 国寿疌泉 2,500,615 7.8467 6 华泰大健康一号 1,751,887 5.4972 7 源峰磐赛 1,571,815 4.9322 8 苏州贤达 1,341,500 4.2095 9 复星惟盈 1,263,621 3.9651 10 苏州博达 1,149,389 3.6067 11 苏州杰贤 694,800 2.1802 12 潘鼎 632,000 1.9831 13 珠海峦恒 628,726 1.9729 14 高瓴祈睿 628,726 1.9729 15 海佳同康 474,000 1.4874 16 国药中生 461,846 1.4492 17 苏州敦行 400,000 1.2552 18 夏尔巴二期 39",持股比例未披露，保留空值
AUTO-SNAP-688758-125,688758,赛分科技,688758_赛分科技.jsonl,135,61,t0/报告期初,,苏州贤达,员工持股平台/员工激励,4.2095,,,,,"苏州赛分科技股份有限公司 首次公开发行股票并在科创板上市招股说明书 2021 年 11 月 22 日，聚贝投资与赛分科技及原股东签署了《增资协议》。 截至2021年12月，聚贝投资支付完毕全部增资款。 2021年12月6日，赛分科技取得了江苏省市场监督管理局换发的《营业执 照》。 本次增资完成后，赛分科技的股权结构如下： 序号 股东姓名/名称 股份数量（股） 持股比例（%） 1 黄学英 8,031,668 25.2025 2 周金清 2,800,000 8.7861 3 高新同华 2,700,000 8.4723 4 陆民 2,574,000 8.0769 5 国寿疌泉 2,500,615 7.8467 6 华泰大健康一号 1,751,887 5.4972 7 源峰磐赛 1,571,815 4.9322 8 苏州贤达 1,341,500 4.2095 9 复星惟盈 1,263,621 3.9651 10 苏州博达 1,149,389 3.6067 11 苏州杰贤 694,800 2.1802 12 潘鼎 632,000 1.9831 13 珠海峦恒 628,726 1.9729 14 高瓴祈睿 628,726 1.9729 15 海佳同康 474,000 1.4874 16 国药中生 461,846 1.4492 17 苏州敦行 400,000 1.2552 18 夏尔巴二期 39",持股比例未披露，保留空值
AUTO-SNAP-688758-126,688758,赛分科技,688758_赛分科技.jsonl,136,61,t0/报告期初,,复星惟盈,自然人/其他,3.9651,,,,,"苏州赛分科技股份有限公司 首次公开发行股票并在科创板上市招股说明书 2021 年 11 月 22 日，聚贝投资与赛分科技及原股东签署了《增资协议》。 截至2021年12月，聚贝投资支付完毕全部增资款。 2021年12月6日，赛分科技取得了江苏省市场监督管理局换发的《营业执 照》。 本次增资完成后，赛分科技的股权结构如下： 序号 股东姓名/名称 股份数量（股） 持股比例（%） 1 黄学英 8,031,668 25.2025 2 周金清 2,800,000 8.7861 3 高新同华 2,700,000 8.4723 4 陆民 2,574,000 8.0769 5 国寿疌泉 2,500,615 7.8467 6 华泰大健康一号 1,751,887 5.4972 7 源峰磐赛 1,571,815 4.9322 8 苏州贤达 1,341,500 4.2095 9 复星惟盈 1,263,621 3.9651 10 苏州博达 1,149,389 3.6067 11 苏州杰贤 694,800 2.1802 12 潘鼎 632,000 1.9831 13 珠海峦恒 628,726 1.9729 14 高瓴祈睿 628,726 1.9729 15 海佳同康 474,000 1.4874 16 国药中生 461,846 1.4492 17 苏州敦行 400,000 1.2552 18 夏尔巴二期 39",持股比例未披露，保留空值
AUTO-SNAP-688758-127,688758,赛分科技,688758_赛分科技.jsonl,137,61,t0/报告期初,,苏州博达,员工持股平台/员工激励,3.6067,,,,,"苏州赛分科技股份有限公司 首次公开发行股票并在科创板上市招股说明书 2021 年 11 月 22 日，聚贝投资与赛分科技及原股东签署了《增资协议》。 截至2021年12月，聚贝投资支付完毕全部增资款。 2021年12月6日，赛分科技取得了江苏省市场监督管理局换发的《营业执 照》。 本次增资完成后，赛分科技的股权结构如下： 序号 股东姓名/名称 股份数量（股） 持股比例（%） 1 黄学英 8,031,668 25.2025 2 周金清 2,800,000 8.7861 3 高新同华 2,700,000 8.4723 4 陆民 2,574,000 8.0769 5 国寿疌泉 2,500,615 7.8467 6 华泰大健康一号 1,751,887 5.4972 7 源峰磐赛 1,571,815 4.9322 8 苏州贤达 1,341,500 4.2095 9 复星惟盈 1,263,621 3.9651 10 苏州博达 1,149,389 3.6067 11 苏州杰贤 694,800 2.1802 12 潘鼎 632,000 1.9831 13 珠海峦恒 628,726 1.9729 14 高瓴祈睿 628,726 1.9729 15 海佳同康 474,000 1.4874 16 国药中生 461,846 1.4492 17 苏州敦行 400,000 1.2552 18 夏尔巴二期 39",持股比例未披露，保留空值
AUTO-SNAP-688758-128,688758,赛分科技,688758_赛分科技.jsonl,138,61,t0/报告期初,,苏州杰贤,员工持股平台/员工激励,2.1802,,,,,"苏州赛分科技股份有限公司 首次公开发行股票并在科创板上市招股说明书 2021 年 11 月 22 日，聚贝投资与赛分科技及原股东签署了《增资协议》。 截至2021年12月，聚贝投资支付完毕全部增资款。 2021年12月6日，赛分科技取得了江苏省市场监督管理局换发的《营业执 照》。 本次增资完成后，赛分科技的股权结构如下： 序号 股东姓名/名称 股份数量（股） 持股比例（%） 1 黄学英 8,031,668 25.2025 2 周金清 2,800,000 8.7861 3 高新同华 2,700,000 8.4723 4 陆民 2,574,000 8.0769 5 国寿疌泉 2,500,615 7.8467 6 华泰大健康一号 1,751,887 5.4972 7 源峰磐赛 1,571,815 4.9322 8 苏州贤达 1,341,500 4.2095 9 复星惟盈 1,263,621 3.9651 10 苏州博达 1,149,389 3.6067 11 苏州杰贤 694,800 2.1802 12 潘鼎 632,000 1.9831 13 珠海峦恒 628,726 1.9729 14 高瓴祈睿 628,726 1.9729 15 海佳同康 474,000 1.4874 16 国药中生 461,846 1.4492 17 苏州敦行 400,000 1.2552 18 夏尔巴二期 39",持股比例未披露，保留空值
AUTO-SNAP-688758-129,688758,赛分科技,688758_赛分科技.jsonl,139,61,t0/报告期初,,潘鼎,自然人/其他,1.9831,,,,,"苏州赛分科技股份有限公司 首次公开发行股票并在科创板上市招股说明书 2021 年 11 月 22 日，聚贝投资与赛分科技及原股东签署了《增资协议》。 截至2021年12月，聚贝投资支付完毕全部增资款。 2021年12月6日，赛分科技取得了江苏省市场监督管理局换发的《营业执 照》。 本次增资完成后，赛分科技的股权结构如下： 序号 股东姓名/名称 股份数量（股） 持股比例（%） 1 黄学英 8,031,668 25.2025 2 周金清 2,800,000 8.7861 3 高新同华 2,700,000 8.4723 4 陆民 2,574,000 8.0769 5 国寿疌泉 2,500,615 7.8467 6 华泰大健康一号 1,751,887 5.4972 7 源峰磐赛 1,571,815 4.9322 8 苏州贤达 1,341,500 4.2095 9 复星惟盈 1,263,621 3.9651 10 苏州博达 1,149,389 3.6067 11 苏州杰贤 694,800 2.1802 12 潘鼎 632,000 1.9831 13 珠海峦恒 628,726 1.9729 14 高瓴祈睿 628,726 1.9729 15 海佳同康 474,000 1.4874 16 国药中生 461,846 1.4492 17 苏州敦行 400,000 1.2552 18 夏尔巴二期 39",持股比例未披露，保留空值
AUTO-SNAP-688758-130,688758,赛分科技,688758_赛分科技.jsonl,140,61,t0/报告期初,,珠海峦恒,自然人/其他,1.9729,,,,,"苏州赛分科技股份有限公司 首次公开发行股票并在科创板上市招股说明书 2021 年 11 月 22 日，聚贝投资与赛分科技及原股东签署了《增资协议》。 截至2021年12月，聚贝投资支付完毕全部增资款。 2021年12月6日，赛分科技取得了江苏省市场监督管理局换发的《营业执 照》。 本次增资完成后，赛分科技的股权结构如下： 序号 股东姓名/名称 股份数量（股） 持股比例（%） 1 黄学英 8,031,668 25.2025 2 周金清 2,800,000 8.7861 3 高新同华 2,700,000 8.4723 4 陆民 2,574,000 8.0769 5 国寿疌泉 2,500,615 7.8467 6 华泰大健康一号 1,751,887 5.4972 7 源峰磐赛 1,571,815 4.9322 8 苏州贤达 1,341,500 4.2095 9 复星惟盈 1,263,621 3.9651 10 苏州博达 1,149,389 3.6067 11 苏州杰贤 694,800 2.1802 12 潘鼎 632,000 1.9831 13 珠海峦恒 628,726 1.9729 14 高瓴祈睿 628,726 1.9729 15 海佳同康 474,000 1.4874 16 国药中生 461,846 1.4492 17 苏州敦行 400,000 1.2552 18 夏尔巴二期 39",持股比例未披露，保留空值
AUTO-SNAP-688758-131,688758,赛分科技,688758_赛分科技.jsonl,141,61,t0/报告期初,,高瓴祈睿,PE/VC或私募基金,1.9729,,,,,"苏州赛分科技股份有限公司 首次公开发行股票并在科创板上市招股说明书 2021 年 11 月 22 日，聚贝投资与赛分科技及原股东签署了《增资协议》。 截至2021年12月，聚贝投资支付完毕全部增资款。 2021年12月6日，赛分科技取得了江苏省市场监督管理局换发的《营业执 照》。 本次增资完成后，赛分科技的股权结构如下： 序号 股东姓名/名称 股份数量（股） 持股比例（%） 1 黄学英 8,031,668 25.2025 2 周金清 2,800,000 8.7861 3 高新同华 2,700,000 8.4723 4 陆民 2,574,000 8.0769 5 国寿疌泉 2,500,615 7.8467 6 华泰大健康一号 1,751,887 5.4972 7 源峰磐赛 1,571,815 4.9322 8 苏州贤达 1,341,500 4.2095 9 复星惟盈 1,263,621 3.9651 10 苏州博达 1,149,389 3.6067 11 苏州杰贤 694,800 2.1802 12 潘鼎 632,000 1.9831 13 珠海峦恒 628,726 1.9729 14 高瓴祈睿 628,726 1.9729 15 海佳同康 474,000 1.4874 16 国药中生 461,846 1.4492 17 苏州敦行 400,000 1.2552 18 夏尔巴二期 39",持股比例未披露，保留空值
AUTO-SNAP-688758-132,688758,赛分科技,688758_赛分科技.jsonl,142,61,t0/报告期初,,海佳同康,自然人/其他,1.4874,,,,,"苏州赛分科技股份有限公司 首次公开发行股票并在科创板上市招股说明书 2021 年 11 月 22 日，聚贝投资与赛分科技及原股东签署了《增资协议》。 截至2021年12月，聚贝投资支付完毕全部增资款。 2021年12月6日，赛分科技取得了江苏省市场监督管理局换发的《营业执 照》。 本次增资完成后，赛分科技的股权结构如下： 序号 股东姓名/名称 股份数量（股） 持股比例（%） 1 黄学英 8,031,668 25.2025 2 周金清 2,800,000 8.7861 3 高新同华 2,700,000 8.4723 4 陆民 2,574,000 8.0769 5 国寿疌泉 2,500,615 7.8467 6 华泰大健康一号 1,751,887 5.4972 7 源峰磐赛 1,571,815 4.9322 8 苏州贤达 1,341,500 4.2095 9 复星惟盈 1,263,621 3.9651 10 苏州博达 1,149,389 3.6067 11 苏州杰贤 694,800 2.1802 12 潘鼎 632,000 1.9831 13 珠海峦恒 628,726 1.9729 14 高瓴祈睿 628,726 1.9729 15 海佳同康 474,000 1.4874 16 国药中生 461,846 1.4492 17 苏州敦行 400,000 1.2552 18 夏尔巴二期 39",持股比例未披露，保留空值
AUTO-SNAP-688758-133,688758,赛分科技,688758_赛分科技.jsonl,143,61,t0/报告期初,,国药中生,自然人/其他,1.4492,,,,,"苏州赛分科技股份有限公司 首次公开发行股票并在科创板上市招股说明书 2021 年 11 月 22 日，聚贝投资与赛分科技及原股东签署了《增资协议》。 截至2021年12月，聚贝投资支付完毕全部增资款。 2021年12月6日，赛分科技取得了江苏省市场监督管理局换发的《营业执 照》。 本次增资完成后，赛分科技的股权结构如下： 序号 股东姓名/名称 股份数量（股） 持股比例（%） 1 黄学英 8,031,668 25.2025 2 周金清 2,800,000 8.7861 3 高新同华 2,700,000 8.4723 4 陆民 2,574,000 8.0769 5 国寿疌泉 2,500,615 7.8467 6 华泰大健康一号 1,751,887 5.4972 7 源峰磐赛 1,571,815 4.9322 8 苏州贤达 1,341,500 4.2095 9 复星惟盈 1,263,621 3.9651 10 苏州博达 1,149,389 3.6067 11 苏州杰贤 694,800 2.1802 12 潘鼎 632,000 1.9831 13 珠海峦恒 628,726 1.9729 14 高瓴祈睿 628,726 1.9729 15 海佳同康 474,000 1.4874 16 国药中生 461,846 1.4492 17 苏州敦行 400,000 1.2552 18 夏尔巴二期 39",持股比例未披露，保留空值
AUTO-SNAP-688758-134,688758,赛分科技,688758_赛分科技.jsonl,144,61,t0/报告期初,,苏州敦行,自然人/其他,1.2552,,,,,"苏州赛分科技股份有限公司 首次公开发行股票并在科创板上市招股说明书 2021 年 11 月 22 日，聚贝投资与赛分科技及原股东签署了《增资协议》。 截至2021年12月，聚贝投资支付完毕全部增资款。 2021年12月6日，赛分科技取得了江苏省市场监督管理局换发的《营业执 照》。 本次增资完成后，赛分科技的股权结构如下： 序号 股东姓名/名称 股份数量（股） 持股比例（%） 1 黄学英 8,031,668 25.2025 2 周金清 2,800,000 8.7861 3 高新同华 2,700,000 8.4723 4 陆民 2,574,000 8.0769 5 国寿疌泉 2,500,615 7.8467 6 华泰大健康一号 1,751,887 5.4972 7 源峰磐赛 1,571,815 4.9322 8 苏州贤达 1,341,500 4.2095 9 复星惟盈 1,263,621 3.9651 10 苏州博达 1,149,389 3.6067 11 苏州杰贤 694,800 2.1802 12 潘鼎 632,000 1.9831 13 珠海峦恒 628,726 1.9729 14 高瓴祈睿 628,726 1.9729 15 海佳同康 474,000 1.4874 16 国药中生 461,846 1.4492 17 苏州敦行 400,000 1.2552 18 夏尔巴二期 39",持股比例未披露，保留空值
AUTO-SNAP-688758-135,688758,赛分科技,688758_赛分科技.jsonl,145,61,t0/报告期初,,夏尔巴二期,自然人/其他,1.233,,,,,"苏州赛分科技股份有限公司 首次公开发行股票并在科创板上市招股说明书 2021 年 11 月 22 日，聚贝投资与赛分科技及原股东签署了《增资协议》。 截至2021年12月，聚贝投资支付完毕全部增资款。 2021年12月6日，赛分科技取得了江苏省市场监督管理局换发的《营业执 照》。 本次增资完成后，赛分科技的股权结构如下： 序号 股东姓名/名称 股份数量（股） 持股比例（%） 1 黄学英 8,031,668 25.2025 2 周金清 2,800,000 8.7861 3 高新同华 2,700,000 8.4723 4 陆民 2,574,000 8.0769 5 国寿疌泉 2,500,615 7.8467 6 华泰大健康一号 1,751,887 5.4972 7 源峰磐赛 1,571,815 4.9322 8 苏州贤达 1,341,500 4.2095 9 复星惟盈 1,263,621 3.9651 10 苏州博达 1,149,389 3.6067 11 苏州杰贤 694,800 2.1802 12 潘鼎 632,000 1.9831 13 珠海峦恒 628,726 1.9729 14 高瓴祈睿 628,726 1.9729 15 海佳同康 474,000 1.4874 16 国药中生 461,846 1.4492 17 苏州敦行 400,000 1.2552 18 夏尔巴二期 39",持股比例未披露，保留空值
AUTO-SNAP-688758-136,688758,赛分科技,688758_赛分科技.jsonl,146,61,t0/报告期初,,陈志华,自然人/其他,0.9426,,,,,"苏州赛分科技股份有限公司 首次公开发行股票并在科创板上市招股说明书 2021 年 11 月 22 日，聚贝投资与赛分科技及原股东签署了《增资协议》。 截至2021年12月，聚贝投资支付完毕全部增资款。 2021年12月6日，赛分科技取得了江苏省市场监督管理局换发的《营业执 照》。 本次增资完成后，赛分科技的股权结构如下： 序号 股东姓名/名称 股份数量（股） 持股比例（%） 1 黄学英 8,031,668 25.2025 2 周金清 2,800,000 8.7861 3 高新同华 2,700,000 8.4723 4 陆民 2,574,000 8.0769 5 国寿疌泉 2,500,615 7.8467 6 华泰大健康一号 1,751,887 5.4972 7 源峰磐赛 1,571,815 4.9322 8 苏州贤达 1,341,500 4.2095 9 复星惟盈 1,263,621 3.9651 10 苏州博达 1,149,389 3.6067 11 苏州杰贤 694,800 2.1802 12 潘鼎 632,000 1.9831 13 珠海峦恒 628,726 1.9729 14 高瓴祈睿 628,726 1.9729 15 海佳同康 474,000 1.4874 16 国药中生 461,846 1.4492 17 苏州敦行 400,000 1.2552 18 夏尔巴二期 39",持股比例未披露，保留空值
AUTO-SNAP-688758-137,688758,赛分科技,688758_赛分科技.jsonl,147,61,t0/报告期初,,耿卫东,自然人/其他,0.9414,,,,,"苏州赛分科技股份有限公司 首次公开发行股票并在科创板上市招股说明书 2021 年 11 月 22 日，聚贝投资与赛分科技及原股东签署了《增资协议》。 截至2021年12月，聚贝投资支付完毕全部增资款。 2021年12月6日，赛分科技取得了江苏省市场监督管理局换发的《营业执 照》。 本次增资完成后，赛分科技的股权结构如下： 序号 股东姓名/名称 股份数量（股） 持股比例（%） 1 黄学英 8,031,668 25.2025 2 周金清 2,800,000 8.7861 3 高新同华 2,700,000 8.4723 4 陆民 2,574,000 8.0769 5 国寿疌泉 2,500,615 7.8467 6 华泰大健康一号 1,751,887 5.4972 7 源峰磐赛 1,571,815 4.9322 8 苏州贤达 1,341,500 4.2095 9 复星惟盈 1,263,621 3.9651 10 苏州博达 1,149,389 3.6067 11 苏州杰贤 694,800 2.1802 12 潘鼎 632,000 1.9831 13 珠海峦恒 628,726 1.9729 14 高瓴祈睿 628,726 1.9729 15 海佳同康 474,000 1.4874 16 国药中生 461,846 1.4492 17 苏州敦行 400,000 1.2552 18 夏尔巴二期 39",持股比例未披露，保留空值
AUTO-SNAP-688758-138,688758,赛分科技,688758_赛分科技.jsonl,148,61,t0/报告期初,,甘李药业,自然人/其他,0.7398,,,,,"苏州赛分科技股份有限公司 首次公开发行股票并在科创板上市招股说明书 2021 年 11 月 22 日，聚贝投资与赛分科技及原股东签署了《增资协议》。 截至2021年12月，聚贝投资支付完毕全部增资款。 2021年12月6日，赛分科技取得了江苏省市场监督管理局换发的《营业执 照》。 本次增资完成后，赛分科技的股权结构如下： 序号 股东姓名/名称 股份数量（股） 持股比例（%） 1 黄学英 8,031,668 25.2025 2 周金清 2,800,000 8.7861 3 高新同华 2,700,000 8.4723 4 陆民 2,574,000 8.0769 5 国寿疌泉 2,500,615 7.8467 6 华泰大健康一号 1,751,887 5.4972 7 源峰磐赛 1,571,815 4.9322 8 苏州贤达 1,341,500 4.2095 9 复星惟盈 1,263,621 3.9651 10 苏州博达 1,149,389 3.6067 11 苏州杰贤 694,800 2.1802 12 潘鼎 632,000 1.9831 13 珠海峦恒 628,726 1.9729 14 高瓴祈睿 628,726 1.9729 15 海佳同康 474,000 1.4874 16 国药中生 461,846 1.4492 17 苏州敦行 400,000 1.2552 18 夏尔巴二期 39",持股比例未披露，保留空值
AUTO-SNAP-688758-139,688758,赛分科技,688758_赛分科技.jsonl,149,61,t0/报告期初,,骏耀投资,自然人/其他,0.6276,,,,,"苏州赛分科技股份有限公司 首次公开发行股票并在科创板上市招股说明书 2021 年 11 月 22 日，聚贝投资与赛分科技及原股东签署了《增资协议》。 截至2021年12月，聚贝投资支付完毕全部增资款。 2021年12月6日，赛分科技取得了江苏省市场监督管理局换发的《营业执 照》。 本次增资完成后，赛分科技的股权结构如下： 序号 股东姓名/名称 股份数量（股） 持股比例（%） 1 黄学英 8,031,668 25.2025 2 周金清 2,800,000 8.7861 3 高新同华 2,700,000 8.4723 4 陆民 2,574,000 8.0769 5 国寿疌泉 2,500,615 7.8467 6 华泰大健康一号 1,751,887 5.4972 7 源峰磐赛 1,571,815 4.9322 8 苏州贤达 1,341,500 4.2095 9 复星惟盈 1,263,621 3.9651 10 苏州博达 1,149,389 3.6067 11 苏州杰贤 694,800 2.1802 12 潘鼎 632,000 1.9831 13 珠海峦恒 628,726 1.9729 14 高瓴祈睿 628,726 1.9729 15 海佳同康 474,000 1.4874 16 国药中生 461,846 1.4492 17 苏州敦行 400,000 1.2552 18 夏尔巴二期 39",持股比例未披露，保留空值
AUTO-SNAP-688758-140,688758,赛分科技,688758_赛分科技.jsonl,150,61,t0/报告期初,,朱勤华,自然人/其他,0.609,,,,,"苏州赛分科技股份有限公司 首次公开发行股票并在科创板上市招股说明书 2021 年 11 月 22 日，聚贝投资与赛分科技及原股东签署了《增资协议》。 截至2021年12月，聚贝投资支付完毕全部增资款。 2021年12月6日，赛分科技取得了江苏省市场监督管理局换发的《营业执 照》。 本次增资完成后，赛分科技的股权结构如下： 序号 股东姓名/名称 股份数量（股） 持股比例（%） 1 黄学英 8,031,668 25.2025 2 周金清 2,800,000 8.7861 3 高新同华 2,700,000 8.4723 4 陆民 2,574,000 8.0769 5 国寿疌泉 2,500,615 7.8467 6 华泰大健康一号 1,751,887 5.4972 7 源峰磐赛 1,571,815 4.9322 8 苏州贤达 1,341,500 4.2095 9 复星惟盈 1,263,621 3.9651 10 苏州博达 1,149,389 3.6067 11 苏州杰贤 694,800 2.1802 12 潘鼎 632,000 1.9831 13 珠海峦恒 628,726 1.9729 14 高瓴祈睿 628,726 1.9729 15 海佳同康 474,000 1.4874 16 国药中生 461,846 1.4492 17 苏州敦行 400,000 1.2552 18 夏尔巴二期 39",持股比例未披露，保留空值
AUTO-SNAP-688758-141,688758,赛分科技,688758_赛分科技.jsonl,151,61,t0/报告期初,,吴征涛,自然人/其他,0.4932,,,,,"苏州赛分科技股份有限公司 首次公开发行股票并在科创板上市招股说明书 2021 年 11 月 22 日，聚贝投资与赛分科技及原股东签署了《增资协议》。 截至2021年12月，聚贝投资支付完毕全部增资款。 2021年12月6日，赛分科技取得了江苏省市场监督管理局换发的《营业执 照》。 本次增资完成后，赛分科技的股权结构如下： 序号 股东姓名/名称 股份数量（股） 持股比例（%） 1 黄学英 8,031,668 25.2025 2 周金清 2,800,000 8.7861 3 高新同华 2,700,000 8.4723 4 陆民 2,574,000 8.0769 5 国寿疌泉 2,500,615 7.8467 6 华泰大健康一号 1,751,887 5.4972 7 源峰磐赛 1,571,815 4.9322 8 苏州贤达 1,341,500 4.2095 9 复星惟盈 1,263,621 3.9651 10 苏州博达 1,149,389 3.6067 11 苏州杰贤 694,800 2.1802 12 潘鼎 632,000 1.9831 13 珠海峦恒 628,726 1.9729 14 高瓴祈睿 628,726 1.9729 15 海佳同康 474,000 1.4874 16 国药中生 461,846 1.4492 17 苏州敦行 400,000 1.2552 18 夏尔巴二期 39",持股比例未披露，保留空值
AUTO-SNAP-688758-142,688758,赛分科技,688758_赛分科技.jsonl,152,61,t0/报告期初,,国药二期,自然人/其他,0.4883,,,,,"苏州赛分科技股份有限公司 首次公开发行股票并在科创板上市招股说明书 2021 年 11 月 22 日，聚贝投资与赛分科技及原股东签署了《增资协议》。 截至2021年12月，聚贝投资支付完毕全部增资款。 2021年12月6日，赛分科技取得了江苏省市场监督管理局换发的《营业执 照》。 本次增资完成后，赛分科技的股权结构如下： 序号 股东姓名/名称 股份数量（股） 持股比例（%） 1 黄学英 8,031,668 25.2025 2 周金清 2,800,000 8.7861 3 高新同华 2,700,000 8.4723 4 陆民 2,574,000 8.0769 5 国寿疌泉 2,500,615 7.8467 6 华泰大健康一号 1,751,887 5.4972 7 源峰磐赛 1,571,815 4.9322 8 苏州贤达 1,341,500 4.2095 9 复星惟盈 1,263,621 3.9651 10 苏州博达 1,149,389 3.6067 11 苏州杰贤 694,800 2.1802 12 潘鼎 632,000 1.9831 13 珠海峦恒 628,726 1.9729 14 高瓴祈睿 628,726 1.9729 15 海佳同康 474,000 1.4874 16 国药中生 461,846 1.4492 17 苏州敦行 400,000 1.2552 18 夏尔巴二期 39",持股比例未披露，保留空值
AUTO-SNAP-688758-143,688758,赛分科技,688758_赛分科技.jsonl,153,61,t0/报告期初,,华泰大健康二号,PE/VC或私募基金,0.3767,,,,,"苏州赛分科技股份有限公司 首次公开发行股票并在科创板上市招股说明书 2021 年 11 月 22 日，聚贝投资与赛分科技及原股东签署了《增资协议》。 截至2021年12月，聚贝投资支付完毕全部增资款。 2021年12月6日，赛分科技取得了江苏省市场监督管理局换发的《营业执 照》。 本次增资完成后，赛分科技的股权结构如下： 序号 股东姓名/名称 股份数量（股） 持股比例（%） 1 黄学英 8,031,668 25.2025 2 周金清 2,800,000 8.7861 3 高新同华 2,700,000 8.4723 4 陆民 2,574,000 8.0769 5 国寿疌泉 2,500,615 7.8467 6 华泰大健康一号 1,751,887 5.4972 7 源峰磐赛 1,571,815 4.9322 8 苏州贤达 1,341,500 4.2095 9 复星惟盈 1,263,621 3.9651 10 苏州博达 1,149,389 3.6067 11 苏州杰贤 694,800 2.1802 12 潘鼎 632,000 1.9831 13 珠海峦恒 628,726 1.9729 14 高瓴祈睿 628,726 1.9729 15 海佳同康 474,000 1.4874 16 国药中生 461,846 1.4492 17 苏州敦行 400,000 1.2552 18 夏尔巴二期 39",持股比例未披露，保留空值
AUTO-SNAP-688758-144,688758,赛分科技,688758_赛分科技.jsonl,154,62,t0/报告期初,,聚贝投资,自然人/其他,0.3699,,,31.0,,"苏州赛分科技股份有限公司 首次公开发行股票并在科创板上市招股说明书 序号 股东姓名/名称 股份数量（股） 持股比例（%） 27 聚贝投资 117,886 0.3699 28 唐斌 30,041 0.0943 29 道兴投资 28,079 0.0881 30 张敏 20,654 0.0648 31 圣成投资 9,699 0.0304 32 圣祁投资 1,556 0.0049 合计 31,868,556 100.0000 该次增资中，赛分科技全体股东共同签署了《苏州赛分科技股份有限公司之 股东协议》，约定了投资方的特别权利，包括优先认购权、优先购买权、共同出 售权、反稀释权、优先清算权、回赎权等。并确认该股东协议为约定股东权利、 义务的唯一和全部协议，该股东协议之前的有关股东权利、义务的任何协议均告 终止。 该股东协议第 3.1.2 条“特别权利的终止”，明确约定“投资人和其他股东 在此分别确认并同意，为使公司顺利实现合格首次公开发行之目的，本协议项下 其优先认购权、优先购买权、共同出售权、反稀释权、优先分配利润的权利、优 先清算权、回赎权、最优惠待遇以及任何其他可能构成公司合格首次公开发行的 实质法律障碍或对公司上市进程造成任何重大不利影响的条款自公司合格首次 公开发行申报基准日起或其另行书面同意的更早时点起不可撤销地终止并自始 无效。” 鉴于本次发行的申报基准日为 2022年6月3",持股比例未披露，保留空值
AUTO-SNAP-688758-145,688758,赛分科技,688758_赛分科技.jsonl,155,62,t0/报告期初,,唐斌,自然人/其他,0.0943,,,31.0,,"苏州赛分科技股份有限公司 首次公开发行股票并在科创板上市招股说明书 序号 股东姓名/名称 股份数量（股） 持股比例（%） 27 聚贝投资 117,886 0.3699 28 唐斌 30,041 0.0943 29 道兴投资 28,079 0.0881 30 张敏 20,654 0.0648 31 圣成投资 9,699 0.0304 32 圣祁投资 1,556 0.0049 合计 31,868,556 100.0000 该次增资中，赛分科技全体股东共同签署了《苏州赛分科技股份有限公司之 股东协议》，约定了投资方的特别权利，包括优先认购权、优先购买权、共同出 售权、反稀释权、优先清算权、回赎权等。并确认该股东协议为约定股东权利、 义务的唯一和全部协议，该股东协议之前的有关股东权利、义务的任何协议均告 终止。 该股东协议第 3.1.2 条“特别权利的终止”，明确约定“投资人和其他股东 在此分别确认并同意，为使公司顺利实现合格首次公开发行之目的，本协议项下 其优先认购权、优先购买权、共同出售权、反稀释权、优先分配利润的权利、优 先清算权、回赎权、最优惠待遇以及任何其他可能构成公司合格首次公开发行的 实质法律障碍或对公司上市进程造成任何重大不利影响的条款自公司合格首次 公开发行申报基准日起或其另行书面同意的更早时点起不可撤销地终止并自始 无效。” 鉴于本次发行的申报基准日为 2022年6月3",持股比例未披露，保留空值
AUTO-SNAP-688758-146,688758,赛分科技,688758_赛分科技.jsonl,156,62,t0/报告期初,,道兴投资,自然人/其他,0.0881,,,31.0,,"苏州赛分科技股份有限公司 首次公开发行股票并在科创板上市招股说明书 序号 股东姓名/名称 股份数量（股） 持股比例（%） 27 聚贝投资 117,886 0.3699 28 唐斌 30,041 0.0943 29 道兴投资 28,079 0.0881 30 张敏 20,654 0.0648 31 圣成投资 9,699 0.0304 32 圣祁投资 1,556 0.0049 合计 31,868,556 100.0000 该次增资中，赛分科技全体股东共同签署了《苏州赛分科技股份有限公司之 股东协议》，约定了投资方的特别权利，包括优先认购权、优先购买权、共同出 售权、反稀释权、优先清算权、回赎权等。并确认该股东协议为约定股东权利、 义务的唯一和全部协议，该股东协议之前的有关股东权利、义务的任何协议均告 终止。 该股东协议第 3.1.2 条“特别权利的终止”，明确约定“投资人和其他股东 在此分别确认并同意，为使公司顺利实现合格首次公开发行之目的，本协议项下 其优先认购权、优先购买权、共同出售权、反稀释权、优先分配利润的权利、优 先清算权、回赎权、最优惠待遇以及任何其他可能构成公司合格首次公开发行的 实质法律障碍或对公司上市进程造成任何重大不利影响的条款自公司合格首次 公开发行申报基准日起或其另行书面同意的更早时点起不可撤销地终止并自始 无效。” 鉴于本次发行的申报基准日为 2022年6月3",持股比例未披露，保留空值
AUTO-SNAP-688758-147,688758,赛分科技,688758_赛分科技.jsonl,157,62,t0/报告期初,,张敏,自然人/其他,0.0648,,,31.0,,"苏州赛分科技股份有限公司 首次公开发行股票并在科创板上市招股说明书 序号 股东姓名/名称 股份数量（股） 持股比例（%） 27 聚贝投资 117,886 0.3699 28 唐斌 30,041 0.0943 29 道兴投资 28,079 0.0881 30 张敏 20,654 0.0648 31 圣成投资 9,699 0.0304 32 圣祁投资 1,556 0.0049 合计 31,868,556 100.0000 该次增资中，赛分科技全体股东共同签署了《苏州赛分科技股份有限公司之 股东协议》，约定了投资方的特别权利，包括优先认购权、优先购买权、共同出 售权、反稀释权、优先清算权、回赎权等。并确认该股东协议为约定股东权利、 义务的唯一和全部协议，该股东协议之前的有关股东权利、义务的任何协议均告 终止。 该股东协议第 3.1.2 条“特别权利的终止”，明确约定“投资人和其他股东 在此分别确认并同意，为使公司顺利实现合格首次公开发行之目的，本协议项下 其优先认购权、优先购买权、共同出售权、反稀释权、优先分配利润的权利、优 先清算权、回赎权、最优惠待遇以及任何其他可能构成公司合格首次公开发行的 实质法律障碍或对公司上市进程造成任何重大不利影响的条款自公司合格首次 公开发行申报基准日起或其另行书面同意的更早时点起不可撤销地终止并自始 无效。” 鉴于本次发行的申报基准日为 2022年6月3",持股比例未披露，保留空值
AUTO-SNAP-688758-148,688758,赛分科技,688758_赛分科技.jsonl,158,62,t0/报告期初,,圣成投资,自然人/其他,0.0304,,,31.0,,"苏州赛分科技股份有限公司 首次公开发行股票并在科创板上市招股说明书 序号 股东姓名/名称 股份数量（股） 持股比例（%） 27 聚贝投资 117,886 0.3699 28 唐斌 30,041 0.0943 29 道兴投资 28,079 0.0881 30 张敏 20,654 0.0648 31 圣成投资 9,699 0.0304 32 圣祁投资 1,556 0.0049 合计 31,868,556 100.0000 该次增资中，赛分科技全体股东共同签署了《苏州赛分科技股份有限公司之 股东协议》，约定了投资方的特别权利，包括优先认购权、优先购买权、共同出 售权、反稀释权、优先清算权、回赎权等。并确认该股东协议为约定股东权利、 义务的唯一和全部协议，该股东协议之前的有关股东权利、义务的任何协议均告 终止。 该股东协议第 3.1.2 条“特别权利的终止”，明确约定“投资人和其他股东 在此分别确认并同意，为使公司顺利实现合格首次公开发行之目的，本协议项下 其优先认购权、优先购买权、共同出售权、反稀释权、优先分配利润的权利、优 先清算权、回赎权、最优惠待遇以及任何其他可能构成公司合格首次公开发行的 实质法律障碍或对公司上市进程造成任何重大不利影响的条款自公司合格首次 公开发行申报基准日起或其另行书面同意的更早时点起不可撤销地终止并自始 无效。” 鉴于本次发行的申报基准日为 2022年6月3",持股比例未披露，保留空值
AUTO-SNAP-688758-149,688758,赛分科技,688758_赛分科技.jsonl,159,62,t0/报告期初,,圣祁投资,自然人/其他,0.0049,,,31.0,,"苏州赛分科技股份有限公司 首次公开发行股票并在科创板上市招股说明书 序号 股东姓名/名称 股份数量（股） 持股比例（%） 27 聚贝投资 117,886 0.3699 28 唐斌 30,041 0.0943 29 道兴投资 28,079 0.0881 30 张敏 20,654 0.0648 31 圣成投资 9,699 0.0304 32 圣祁投资 1,556 0.0049 合计 31,868,556 100.0000 该次增资中，赛分科技全体股东共同签署了《苏州赛分科技股份有限公司之 股东协议》，约定了投资方的特别权利，包括优先认购权、优先购买权、共同出 售权、反稀释权、优先清算权、回赎权等。并确认该股东协议为约定股东权利、 义务的唯一和全部协议，该股东协议之前的有关股东权利、义务的任何协议均告 终止。 该股东协议第 3.1.2 条“特别权利的终止”，明确约定“投资人和其他股东 在此分别确认并同意，为使公司顺利实现合格首次公开发行之目的，本协议项下 其优先认购权、优先购买权、共同出售权、反稀释权、优先分配利润的权利、优 先清算权、回赎权、最优惠待遇以及任何其他可能构成公司合格首次公开发行的 实质法律障碍或对公司上市进程造成任何重大不利影响的条款自公司合格首次 公开发行申报基准日起或其另行书面同意的更早时点起不可撤销地终止并自始 无效。” 鉴于本次发行的申报基准日为 2022年6月3",持股比例未披露，保留空值
AUTO-SNAP-688758-150,688758,赛分科技,688758_赛分科技.jsonl,160,63,t0/报告期初,,黄学英,自然人/其他,25.2025,,,,,"苏州赛分科技股份有限公司 首次公开发行股票并在科创板上市招股说明书 执照》。 本次增资完成后，赛分科技的股权结构如下： 序号 股东姓名/名称 股份数量（股） 持股比例（%） 1 黄学英 92,364,177 25.2025 2 周金清 32,200,000 8.7861 3 高新同华 31,050,000 8.4723 4 陆民 29,601,000 8.0769 5 国寿疌泉 28,757,073 7.8467 6 华泰大健康一号 20,146,701 5.4972 7 源峰磐赛 18,075,873 4.9322 8 苏州贤达 15,427,250 4.2095 9 复星惟盈 14,531,642 3.9651 10 苏州博达 13,217,974 3.6067 11 苏州杰贤 7,990,200 2.1802 12 潘鼎 7,268,000 1.9831 13 珠海峦恒 7,230,349 1.9729 14 高瓴祈睿 7,230,349 1.9729 15 海佳同康 5,451,000 1.4874 16 国药中生 5,311,229 1.4492 17 苏州敦行 4,600,000 1.2552 18 夏尔巴二期 4,518,971 1.2330 19 陈志华 3,454,600 0.9426 20 耿卫东 3,450,000 0.9414 21 甘李药业 2,711,3",持股比例未披露，保留空值
AUTO-SNAP-688758-151,688758,赛分科技,688758_赛分科技.jsonl,161,63,t0/报告期初,,周金清,自然人/其他,8.7861,,,,,"苏州赛分科技股份有限公司 首次公开发行股票并在科创板上市招股说明书 执照》。 本次增资完成后，赛分科技的股权结构如下： 序号 股东姓名/名称 股份数量（股） 持股比例（%） 1 黄学英 92,364,177 25.2025 2 周金清 32,200,000 8.7861 3 高新同华 31,050,000 8.4723 4 陆民 29,601,000 8.0769 5 国寿疌泉 28,757,073 7.8467 6 华泰大健康一号 20,146,701 5.4972 7 源峰磐赛 18,075,873 4.9322 8 苏州贤达 15,427,250 4.2095 9 复星惟盈 14,531,642 3.9651 10 苏州博达 13,217,974 3.6067 11 苏州杰贤 7,990,200 2.1802 12 潘鼎 7,268,000 1.9831 13 珠海峦恒 7,230,349 1.9729 14 高瓴祈睿 7,230,349 1.9729 15 海佳同康 5,451,000 1.4874 16 国药中生 5,311,229 1.4492 17 苏州敦行 4,600,000 1.2552 18 夏尔巴二期 4,518,971 1.2330 19 陈志华 3,454,600 0.9426 20 耿卫东 3,450,000 0.9414 21 甘李药业 2,711,3",持股比例未披露，保留空值
AUTO-SNAP-688758-152,688758,赛分科技,688758_赛分科技.jsonl,162,63,t0/报告期初,,高新同华,自然人/其他,8.4723,,,,,"苏州赛分科技股份有限公司 首次公开发行股票并在科创板上市招股说明书 执照》。 本次增资完成后，赛分科技的股权结构如下： 序号 股东姓名/名称 股份数量（股） 持股比例（%） 1 黄学英 92,364,177 25.2025 2 周金清 32,200,000 8.7861 3 高新同华 31,050,000 8.4723 4 陆民 29,601,000 8.0769 5 国寿疌泉 28,757,073 7.8467 6 华泰大健康一号 20,146,701 5.4972 7 源峰磐赛 18,075,873 4.9322 8 苏州贤达 15,427,250 4.2095 9 复星惟盈 14,531,642 3.9651 10 苏州博达 13,217,974 3.6067 11 苏州杰贤 7,990,200 2.1802 12 潘鼎 7,268,000 1.9831 13 珠海峦恒 7,230,349 1.9729 14 高瓴祈睿 7,230,349 1.9729 15 海佳同康 5,451,000 1.4874 16 国药中生 5,311,229 1.4492 17 苏州敦行 4,600,000 1.2552 18 夏尔巴二期 4,518,971 1.2330 19 陈志华 3,454,600 0.9426 20 耿卫东 3,450,000 0.9414 21 甘李药业 2,711,3",持股比例未披露，保留空值
AUTO-SNAP-688758-153,688758,赛分科技,688758_赛分科技.jsonl,163,63,t0/报告期初,,陆民,自然人/其他,8.0769,,,,,"苏州赛分科技股份有限公司 首次公开发行股票并在科创板上市招股说明书 执照》。 本次增资完成后，赛分科技的股权结构如下： 序号 股东姓名/名称 股份数量（股） 持股比例（%） 1 黄学英 92,364,177 25.2025 2 周金清 32,200,000 8.7861 3 高新同华 31,050,000 8.4723 4 陆民 29,601,000 8.0769 5 国寿疌泉 28,757,073 7.8467 6 华泰大健康一号 20,146,701 5.4972 7 源峰磐赛 18,075,873 4.9322 8 苏州贤达 15,427,250 4.2095 9 复星惟盈 14,531,642 3.9651 10 苏州博达 13,217,974 3.6067 11 苏州杰贤 7,990,200 2.1802 12 潘鼎 7,268,000 1.9831 13 珠海峦恒 7,230,349 1.9729 14 高瓴祈睿 7,230,349 1.9729 15 海佳同康 5,451,000 1.4874 16 国药中生 5,311,229 1.4492 17 苏州敦行 4,600,000 1.2552 18 夏尔巴二期 4,518,971 1.2330 19 陈志华 3,454,600 0.9426 20 耿卫东 3,450,000 0.9414 21 甘李药业 2,711,3",持股比例未披露，保留空值
AUTO-SNAP-688758-154,688758,赛分科技,688758_赛分科技.jsonl,164,63,t0/报告期初,,国寿疌泉,自然人/其他,7.8467,,,,,"苏州赛分科技股份有限公司 首次公开发行股票并在科创板上市招股说明书 执照》。 本次增资完成后，赛分科技的股权结构如下： 序号 股东姓名/名称 股份数量（股） 持股比例（%） 1 黄学英 92,364,177 25.2025 2 周金清 32,200,000 8.7861 3 高新同华 31,050,000 8.4723 4 陆民 29,601,000 8.0769 5 国寿疌泉 28,757,073 7.8467 6 华泰大健康一号 20,146,701 5.4972 7 源峰磐赛 18,075,873 4.9322 8 苏州贤达 15,427,250 4.2095 9 复星惟盈 14,531,642 3.9651 10 苏州博达 13,217,974 3.6067 11 苏州杰贤 7,990,200 2.1802 12 潘鼎 7,268,000 1.9831 13 珠海峦恒 7,230,349 1.9729 14 高瓴祈睿 7,230,349 1.9729 15 海佳同康 5,451,000 1.4874 16 国药中生 5,311,229 1.4492 17 苏州敦行 4,600,000 1.2552 18 夏尔巴二期 4,518,971 1.2330 19 陈志华 3,454,600 0.9426 20 耿卫东 3,450,000 0.9414 21 甘李药业 2,711,3",持股比例未披露，保留空值
AUTO-SNAP-688758-155,688758,赛分科技,688758_赛分科技.jsonl,165,63,t0/报告期初,,华泰大健康一号,PE/VC或私募基金,5.4972,,,,,"苏州赛分科技股份有限公司 首次公开发行股票并在科创板上市招股说明书 执照》。 本次增资完成后，赛分科技的股权结构如下： 序号 股东姓名/名称 股份数量（股） 持股比例（%） 1 黄学英 92,364,177 25.2025 2 周金清 32,200,000 8.7861 3 高新同华 31,050,000 8.4723 4 陆民 29,601,000 8.0769 5 国寿疌泉 28,757,073 7.8467 6 华泰大健康一号 20,146,701 5.4972 7 源峰磐赛 18,075,873 4.9322 8 苏州贤达 15,427,250 4.2095 9 复星惟盈 14,531,642 3.9651 10 苏州博达 13,217,974 3.6067 11 苏州杰贤 7,990,200 2.1802 12 潘鼎 7,268,000 1.9831 13 珠海峦恒 7,230,349 1.9729 14 高瓴祈睿 7,230,349 1.9729 15 海佳同康 5,451,000 1.4874 16 国药中生 5,311,229 1.4492 17 苏州敦行 4,600,000 1.2552 18 夏尔巴二期 4,518,971 1.2330 19 陈志华 3,454,600 0.9426 20 耿卫东 3,450,000 0.9414 21 甘李药业 2,711,3",持股比例未披露，保留空值
AUTO-SNAP-688758-156,688758,赛分科技,688758_赛分科技.jsonl,166,63,t0/报告期初,,源峰磐赛,自然人/其他,4.9322,,,,,"苏州赛分科技股份有限公司 首次公开发行股票并在科创板上市招股说明书 执照》。 本次增资完成后，赛分科技的股权结构如下： 序号 股东姓名/名称 股份数量（股） 持股比例（%） 1 黄学英 92,364,177 25.2025 2 周金清 32,200,000 8.7861 3 高新同华 31,050,000 8.4723 4 陆民 29,601,000 8.0769 5 国寿疌泉 28,757,073 7.8467 6 华泰大健康一号 20,146,701 5.4972 7 源峰磐赛 18,075,873 4.9322 8 苏州贤达 15,427,250 4.2095 9 复星惟盈 14,531,642 3.9651 10 苏州博达 13,217,974 3.6067 11 苏州杰贤 7,990,200 2.1802 12 潘鼎 7,268,000 1.9831 13 珠海峦恒 7,230,349 1.9729 14 高瓴祈睿 7,230,349 1.9729 15 海佳同康 5,451,000 1.4874 16 国药中生 5,311,229 1.4492 17 苏州敦行 4,600,000 1.2552 18 夏尔巴二期 4,518,971 1.2330 19 陈志华 3,454,600 0.9426 20 耿卫东 3,450,000 0.9414 21 甘李药业 2,711,3",持股比例未披露，保留空值
AUTO-SNAP-688758-157,688758,赛分科技,688758_赛分科技.jsonl,167,63,t0/报告期初,,苏州贤达,员工持股平台/员工激励,4.2095,,,,,"苏州赛分科技股份有限公司 首次公开发行股票并在科创板上市招股说明书 执照》。 本次增资完成后，赛分科技的股权结构如下： 序号 股东姓名/名称 股份数量（股） 持股比例（%） 1 黄学英 92,364,177 25.2025 2 周金清 32,200,000 8.7861 3 高新同华 31,050,000 8.4723 4 陆民 29,601,000 8.0769 5 国寿疌泉 28,757,073 7.8467 6 华泰大健康一号 20,146,701 5.4972 7 源峰磐赛 18,075,873 4.9322 8 苏州贤达 15,427,250 4.2095 9 复星惟盈 14,531,642 3.9651 10 苏州博达 13,217,974 3.6067 11 苏州杰贤 7,990,200 2.1802 12 潘鼎 7,268,000 1.9831 13 珠海峦恒 7,230,349 1.9729 14 高瓴祈睿 7,230,349 1.9729 15 海佳同康 5,451,000 1.4874 16 国药中生 5,311,229 1.4492 17 苏州敦行 4,600,000 1.2552 18 夏尔巴二期 4,518,971 1.2330 19 陈志华 3,454,600 0.9426 20 耿卫东 3,450,000 0.9414 21 甘李药业 2,711,3",持股比例未披露，保留空值
AUTO-SNAP-688758-158,688758,赛分科技,688758_赛分科技.jsonl,168,63,t0/报告期初,,复星惟盈,自然人/其他,3.9651,,,,,"苏州赛分科技股份有限公司 首次公开发行股票并在科创板上市招股说明书 执照》。 本次增资完成后，赛分科技的股权结构如下： 序号 股东姓名/名称 股份数量（股） 持股比例（%） 1 黄学英 92,364,177 25.2025 2 周金清 32,200,000 8.7861 3 高新同华 31,050,000 8.4723 4 陆民 29,601,000 8.0769 5 国寿疌泉 28,757,073 7.8467 6 华泰大健康一号 20,146,701 5.4972 7 源峰磐赛 18,075,873 4.9322 8 苏州贤达 15,427,250 4.2095 9 复星惟盈 14,531,642 3.9651 10 苏州博达 13,217,974 3.6067 11 苏州杰贤 7,990,200 2.1802 12 潘鼎 7,268,000 1.9831 13 珠海峦恒 7,230,349 1.9729 14 高瓴祈睿 7,230,349 1.9729 15 海佳同康 5,451,000 1.4874 16 国药中生 5,311,229 1.4492 17 苏州敦行 4,600,000 1.2552 18 夏尔巴二期 4,518,971 1.2330 19 陈志华 3,454,600 0.9426 20 耿卫东 3,450,000 0.9414 21 甘李药业 2,711,3",持股比例未披露，保留空值
AUTO-SNAP-688758-159,688758,赛分科技,688758_赛分科技.jsonl,169,63,t0/报告期初,,苏州博达,员工持股平台/员工激励,3.6067,,,,,"苏州赛分科技股份有限公司 首次公开发行股票并在科创板上市招股说明书 执照》。 本次增资完成后，赛分科技的股权结构如下： 序号 股东姓名/名称 股份数量（股） 持股比例（%） 1 黄学英 92,364,177 25.2025 2 周金清 32,200,000 8.7861 3 高新同华 31,050,000 8.4723 4 陆民 29,601,000 8.0769 5 国寿疌泉 28,757,073 7.8467 6 华泰大健康一号 20,146,701 5.4972 7 源峰磐赛 18,075,873 4.9322 8 苏州贤达 15,427,250 4.2095 9 复星惟盈 14,531,642 3.9651 10 苏州博达 13,217,974 3.6067 11 苏州杰贤 7,990,200 2.1802 12 潘鼎 7,268,000 1.9831 13 珠海峦恒 7,230,349 1.9729 14 高瓴祈睿 7,230,349 1.9729 15 海佳同康 5,451,000 1.4874 16 国药中生 5,311,229 1.4492 17 苏州敦行 4,600,000 1.2552 18 夏尔巴二期 4,518,971 1.2330 19 陈志华 3,454,600 0.9426 20 耿卫东 3,450,000 0.9414 21 甘李药业 2,711,3",持股比例未披露，保留空值
AUTO-SNAP-688758-160,688758,赛分科技,688758_赛分科技.jsonl,170,63,t0/报告期初,,苏州杰贤,员工持股平台/员工激励,2.1802,,,,,"苏州赛分科技股份有限公司 首次公开发行股票并在科创板上市招股说明书 执照》。 本次增资完成后，赛分科技的股权结构如下： 序号 股东姓名/名称 股份数量（股） 持股比例（%） 1 黄学英 92,364,177 25.2025 2 周金清 32,200,000 8.7861 3 高新同华 31,050,000 8.4723 4 陆民 29,601,000 8.0769 5 国寿疌泉 28,757,073 7.8467 6 华泰大健康一号 20,146,701 5.4972 7 源峰磐赛 18,075,873 4.9322 8 苏州贤达 15,427,250 4.2095 9 复星惟盈 14,531,642 3.9651 10 苏州博达 13,217,974 3.6067 11 苏州杰贤 7,990,200 2.1802 12 潘鼎 7,268,000 1.9831 13 珠海峦恒 7,230,349 1.9729 14 高瓴祈睿 7,230,349 1.9729 15 海佳同康 5,451,000 1.4874 16 国药中生 5,311,229 1.4492 17 苏州敦行 4,600,000 1.2552 18 夏尔巴二期 4,518,971 1.2330 19 陈志华 3,454,600 0.9426 20 耿卫东 3,450,000 0.9414 21 甘李药业 2,711,3",持股比例未披露，保留空值
AUTO-SNAP-688758-161,688758,赛分科技,688758_赛分科技.jsonl,171,63,t0/报告期初,,潘鼎,自然人/其他,1.9831,,,,,"苏州赛分科技股份有限公司 首次公开发行股票并在科创板上市招股说明书 执照》。 本次增资完成后，赛分科技的股权结构如下： 序号 股东姓名/名称 股份数量（股） 持股比例（%） 1 黄学英 92,364,177 25.2025 2 周金清 32,200,000 8.7861 3 高新同华 31,050,000 8.4723 4 陆民 29,601,000 8.0769 5 国寿疌泉 28,757,073 7.8467 6 华泰大健康一号 20,146,701 5.4972 7 源峰磐赛 18,075,873 4.9322 8 苏州贤达 15,427,250 4.2095 9 复星惟盈 14,531,642 3.9651 10 苏州博达 13,217,974 3.6067 11 苏州杰贤 7,990,200 2.1802 12 潘鼎 7,268,000 1.9831 13 珠海峦恒 7,230,349 1.9729 14 高瓴祈睿 7,230,349 1.9729 15 海佳同康 5,451,000 1.4874 16 国药中生 5,311,229 1.4492 17 苏州敦行 4,600,000 1.2552 18 夏尔巴二期 4,518,971 1.2330 19 陈志华 3,454,600 0.9426 20 耿卫东 3,450,000 0.9414 21 甘李药业 2,711,3",持股比例未披露，保留空值
AUTO-SNAP-688758-162,688758,赛分科技,688758_赛分科技.jsonl,172,63,t0/报告期初,,珠海峦恒,自然人/其他,1.9729,,,,,"苏州赛分科技股份有限公司 首次公开发行股票并在科创板上市招股说明书 执照》。 本次增资完成后，赛分科技的股权结构如下： 序号 股东姓名/名称 股份数量（股） 持股比例（%） 1 黄学英 92,364,177 25.2025 2 周金清 32,200,000 8.7861 3 高新同华 31,050,000 8.4723 4 陆民 29,601,000 8.0769 5 国寿疌泉 28,757,073 7.8467 6 华泰大健康一号 20,146,701 5.4972 7 源峰磐赛 18,075,873 4.9322 8 苏州贤达 15,427,250 4.2095 9 复星惟盈 14,531,642 3.9651 10 苏州博达 13,217,974 3.6067 11 苏州杰贤 7,990,200 2.1802 12 潘鼎 7,268,000 1.9831 13 珠海峦恒 7,230,349 1.9729 14 高瓴祈睿 7,230,349 1.9729 15 海佳同康 5,451,000 1.4874 16 国药中生 5,311,229 1.4492 17 苏州敦行 4,600,000 1.2552 18 夏尔巴二期 4,518,971 1.2330 19 陈志华 3,454,600 0.9426 20 耿卫东 3,450,000 0.9414 21 甘李药业 2,711,3",持股比例未披露，保留空值
AUTO-SNAP-688758-163,688758,赛分科技,688758_赛分科技.jsonl,173,63,t0/报告期初,,高瓴祈睿,PE/VC或私募基金,1.9729,,,,,"苏州赛分科技股份有限公司 首次公开发行股票并在科创板上市招股说明书 执照》。 本次增资完成后，赛分科技的股权结构如下： 序号 股东姓名/名称 股份数量（股） 持股比例（%） 1 黄学英 92,364,177 25.2025 2 周金清 32,200,000 8.7861 3 高新同华 31,050,000 8.4723 4 陆民 29,601,000 8.0769 5 国寿疌泉 28,757,073 7.8467 6 华泰大健康一号 20,146,701 5.4972 7 源峰磐赛 18,075,873 4.9322 8 苏州贤达 15,427,250 4.2095 9 复星惟盈 14,531,642 3.9651 10 苏州博达 13,217,974 3.6067 11 苏州杰贤 7,990,200 2.1802 12 潘鼎 7,268,000 1.9831 13 珠海峦恒 7,230,349 1.9729 14 高瓴祈睿 7,230,349 1.9729 15 海佳同康 5,451,000 1.4874 16 国药中生 5,311,229 1.4492 17 苏州敦行 4,600,000 1.2552 18 夏尔巴二期 4,518,971 1.2330 19 陈志华 3,454,600 0.9426 20 耿卫东 3,450,000 0.9414 21 甘李药业 2,711,3",持股比例未披露，保留空值
AUTO-SNAP-688758-164,688758,赛分科技,688758_赛分科技.jsonl,174,63,t0/报告期初,,海佳同康,自然人/其他,1.4874,,,,,"苏州赛分科技股份有限公司 首次公开发行股票并在科创板上市招股说明书 执照》。 本次增资完成后，赛分科技的股权结构如下： 序号 股东姓名/名称 股份数量（股） 持股比例（%） 1 黄学英 92,364,177 25.2025 2 周金清 32,200,000 8.7861 3 高新同华 31,050,000 8.4723 4 陆民 29,601,000 8.0769 5 国寿疌泉 28,757,073 7.8467 6 华泰大健康一号 20,146,701 5.4972 7 源峰磐赛 18,075,873 4.9322 8 苏州贤达 15,427,250 4.2095 9 复星惟盈 14,531,642 3.9651 10 苏州博达 13,217,974 3.6067 11 苏州杰贤 7,990,200 2.1802 12 潘鼎 7,268,000 1.9831 13 珠海峦恒 7,230,349 1.9729 14 高瓴祈睿 7,230,349 1.9729 15 海佳同康 5,451,000 1.4874 16 国药中生 5,311,229 1.4492 17 苏州敦行 4,600,000 1.2552 18 夏尔巴二期 4,518,971 1.2330 19 陈志华 3,454,600 0.9426 20 耿卫东 3,450,000 0.9414 21 甘李药业 2,711,3",持股比例未披露，保留空值
AUTO-SNAP-688758-165,688758,赛分科技,688758_赛分科技.jsonl,175,63,t0/报告期初,,国药中生,自然人/其他,1.4492,,,,,"苏州赛分科技股份有限公司 首次公开发行股票并在科创板上市招股说明书 执照》。 本次增资完成后，赛分科技的股权结构如下： 序号 股东姓名/名称 股份数量（股） 持股比例（%） 1 黄学英 92,364,177 25.2025 2 周金清 32,200,000 8.7861 3 高新同华 31,050,000 8.4723 4 陆民 29,601,000 8.0769 5 国寿疌泉 28,757,073 7.8467 6 华泰大健康一号 20,146,701 5.4972 7 源峰磐赛 18,075,873 4.9322 8 苏州贤达 15,427,250 4.2095 9 复星惟盈 14,531,642 3.9651 10 苏州博达 13,217,974 3.6067 11 苏州杰贤 7,990,200 2.1802 12 潘鼎 7,268,000 1.9831 13 珠海峦恒 7,230,349 1.9729 14 高瓴祈睿 7,230,349 1.9729 15 海佳同康 5,451,000 1.4874 16 国药中生 5,311,229 1.4492 17 苏州敦行 4,600,000 1.2552 18 夏尔巴二期 4,518,971 1.2330 19 陈志华 3,454,600 0.9426 20 耿卫东 3,450,000 0.9414 21 甘李药业 2,711,3",持股比例未披露，保留空值
AUTO-SNAP-688758-166,688758,赛分科技,688758_赛分科技.jsonl,176,63,t0/报告期初,,苏州敦行,自然人/其他,1.2552,,,,,"苏州赛分科技股份有限公司 首次公开发行股票并在科创板上市招股说明书 执照》。 本次增资完成后，赛分科技的股权结构如下： 序号 股东姓名/名称 股份数量（股） 持股比例（%） 1 黄学英 92,364,177 25.2025 2 周金清 32,200,000 8.7861 3 高新同华 31,050,000 8.4723 4 陆民 29,601,000 8.0769 5 国寿疌泉 28,757,073 7.8467 6 华泰大健康一号 20,146,701 5.4972 7 源峰磐赛 18,075,873 4.9322 8 苏州贤达 15,427,250 4.2095 9 复星惟盈 14,531,642 3.9651 10 苏州博达 13,217,974 3.6067 11 苏州杰贤 7,990,200 2.1802 12 潘鼎 7,268,000 1.9831 13 珠海峦恒 7,230,349 1.9729 14 高瓴祈睿 7,230,349 1.9729 15 海佳同康 5,451,000 1.4874 16 国药中生 5,311,229 1.4492 17 苏州敦行 4,600,000 1.2552 18 夏尔巴二期 4,518,971 1.2330 19 陈志华 3,454,600 0.9426 20 耿卫东 3,450,000 0.9414 21 甘李药业 2,711,3",持股比例未披露，保留空值
AUTO-SNAP-688758-167,688758,赛分科技,688758_赛分科技.jsonl,177,63,t0/报告期初,,夏尔巴二期,自然人/其他,1.233,,,,,"苏州赛分科技股份有限公司 首次公开发行股票并在科创板上市招股说明书 执照》。 本次增资完成后，赛分科技的股权结构如下： 序号 股东姓名/名称 股份数量（股） 持股比例（%） 1 黄学英 92,364,177 25.2025 2 周金清 32,200,000 8.7861 3 高新同华 31,050,000 8.4723 4 陆民 29,601,000 8.0769 5 国寿疌泉 28,757,073 7.8467 6 华泰大健康一号 20,146,701 5.4972 7 源峰磐赛 18,075,873 4.9322 8 苏州贤达 15,427,250 4.2095 9 复星惟盈 14,531,642 3.9651 10 苏州博达 13,217,974 3.6067 11 苏州杰贤 7,990,200 2.1802 12 潘鼎 7,268,000 1.9831 13 珠海峦恒 7,230,349 1.9729 14 高瓴祈睿 7,230,349 1.9729 15 海佳同康 5,451,000 1.4874 16 国药中生 5,311,229 1.4492 17 苏州敦行 4,600,000 1.2552 18 夏尔巴二期 4,518,971 1.2330 19 陈志华 3,454,600 0.9426 20 耿卫东 3,450,000 0.9414 21 甘李药业 2,711,3",持股比例未披露，保留空值
AUTO-SNAP-688758-168,688758,赛分科技,688758_赛分科技.jsonl,178,63,t0/报告期初,,陈志华,自然人/其他,0.9426,,,,,"苏州赛分科技股份有限公司 首次公开发行股票并在科创板上市招股说明书 执照》。 本次增资完成后，赛分科技的股权结构如下： 序号 股东姓名/名称 股份数量（股） 持股比例（%） 1 黄学英 92,364,177 25.2025 2 周金清 32,200,000 8.7861 3 高新同华 31,050,000 8.4723 4 陆民 29,601,000 8.0769 5 国寿疌泉 28,757,073 7.8467 6 华泰大健康一号 20,146,701 5.4972 7 源峰磐赛 18,075,873 4.9322 8 苏州贤达 15,427,250 4.2095 9 复星惟盈 14,531,642 3.9651 10 苏州博达 13,217,974 3.6067 11 苏州杰贤 7,990,200 2.1802 12 潘鼎 7,268,000 1.9831 13 珠海峦恒 7,230,349 1.9729 14 高瓴祈睿 7,230,349 1.9729 15 海佳同康 5,451,000 1.4874 16 国药中生 5,311,229 1.4492 17 苏州敦行 4,600,000 1.2552 18 夏尔巴二期 4,518,971 1.2330 19 陈志华 3,454,600 0.9426 20 耿卫东 3,450,000 0.9414 21 甘李药业 2,711,3",持股比例未披露，保留空值
AUTO-SNAP-688758-169,688758,赛分科技,688758_赛分科技.jsonl,179,63,t0/报告期初,,耿卫东,自然人/其他,0.9414,,,,,"苏州赛分科技股份有限公司 首次公开发行股票并在科创板上市招股说明书 执照》。 本次增资完成后，赛分科技的股权结构如下： 序号 股东姓名/名称 股份数量（股） 持股比例（%） 1 黄学英 92,364,177 25.2025 2 周金清 32,200,000 8.7861 3 高新同华 31,050,000 8.4723 4 陆民 29,601,000 8.0769 5 国寿疌泉 28,757,073 7.8467 6 华泰大健康一号 20,146,701 5.4972 7 源峰磐赛 18,075,873 4.9322 8 苏州贤达 15,427,250 4.2095 9 复星惟盈 14,531,642 3.9651 10 苏州博达 13,217,974 3.6067 11 苏州杰贤 7,990,200 2.1802 12 潘鼎 7,268,000 1.9831 13 珠海峦恒 7,230,349 1.9729 14 高瓴祈睿 7,230,349 1.9729 15 海佳同康 5,451,000 1.4874 16 国药中生 5,311,229 1.4492 17 苏州敦行 4,600,000 1.2552 18 夏尔巴二期 4,518,971 1.2330 19 陈志华 3,454,600 0.9426 20 耿卫东 3,450,000 0.9414 21 甘李药业 2,711,3",持股比例未披露，保留空值
AUTO-SNAP-688758-170,688758,赛分科技,688758_赛分科技.jsonl,180,63,t0/报告期初,,甘李药业,自然人/其他,0.7398,,,,,"苏州赛分科技股份有限公司 首次公开发行股票并在科创板上市招股说明书 执照》。 本次增资完成后，赛分科技的股权结构如下： 序号 股东姓名/名称 股份数量（股） 持股比例（%） 1 黄学英 92,364,177 25.2025 2 周金清 32,200,000 8.7861 3 高新同华 31,050,000 8.4723 4 陆民 29,601,000 8.0769 5 国寿疌泉 28,757,073 7.8467 6 华泰大健康一号 20,146,701 5.4972 7 源峰磐赛 18,075,873 4.9322 8 苏州贤达 15,427,250 4.2095 9 复星惟盈 14,531,642 3.9651 10 苏州博达 13,217,974 3.6067 11 苏州杰贤 7,990,200 2.1802 12 潘鼎 7,268,000 1.9831 13 珠海峦恒 7,230,349 1.9729 14 高瓴祈睿 7,230,349 1.9729 15 海佳同康 5,451,000 1.4874 16 国药中生 5,311,229 1.4492 17 苏州敦行 4,600,000 1.2552 18 夏尔巴二期 4,518,971 1.2330 19 陈志华 3,454,600 0.9426 20 耿卫东 3,450,000 0.9414 21 甘李药业 2,711,3",持股比例未披露，保留空值
AUTO-SNAP-688758-171,688758,赛分科技,688758_赛分科技.jsonl,181,63,t0/报告期初,,骏耀投资,自然人/其他,0.6276,,,,,"苏州赛分科技股份有限公司 首次公开发行股票并在科创板上市招股说明书 执照》。 本次增资完成后，赛分科技的股权结构如下： 序号 股东姓名/名称 股份数量（股） 持股比例（%） 1 黄学英 92,364,177 25.2025 2 周金清 32,200,000 8.7861 3 高新同华 31,050,000 8.4723 4 陆民 29,601,000 8.0769 5 国寿疌泉 28,757,073 7.8467 6 华泰大健康一号 20,146,701 5.4972 7 源峰磐赛 18,075,873 4.9322 8 苏州贤达 15,427,250 4.2095 9 复星惟盈 14,531,642 3.9651 10 苏州博达 13,217,974 3.6067 11 苏州杰贤 7,990,200 2.1802 12 潘鼎 7,268,000 1.9831 13 珠海峦恒 7,230,349 1.9729 14 高瓴祈睿 7,230,349 1.9729 15 海佳同康 5,451,000 1.4874 16 国药中生 5,311,229 1.4492 17 苏州敦行 4,600,000 1.2552 18 夏尔巴二期 4,518,971 1.2330 19 陈志华 3,454,600 0.9426 20 耿卫东 3,450,000 0.9414 21 甘李药业 2,711,3",持股比例未披露，保留空值
AUTO-SNAP-688758-172,688758,赛分科技,688758_赛分科技.jsonl,182,63,t0/报告期初,,朱勤华,自然人/其他,0.609,,,,,"苏州赛分科技股份有限公司 首次公开发行股票并在科创板上市招股说明书 执照》。 本次增资完成后，赛分科技的股权结构如下： 序号 股东姓名/名称 股份数量（股） 持股比例（%） 1 黄学英 92,364,177 25.2025 2 周金清 32,200,000 8.7861 3 高新同华 31,050,000 8.4723 4 陆民 29,601,000 8.0769 5 国寿疌泉 28,757,073 7.8467 6 华泰大健康一号 20,146,701 5.4972 7 源峰磐赛 18,075,873 4.9322 8 苏州贤达 15,427,250 4.2095 9 复星惟盈 14,531,642 3.9651 10 苏州博达 13,217,974 3.6067 11 苏州杰贤 7,990,200 2.1802 12 潘鼎 7,268,000 1.9831 13 珠海峦恒 7,230,349 1.9729 14 高瓴祈睿 7,230,349 1.9729 15 海佳同康 5,451,000 1.4874 16 国药中生 5,311,229 1.4492 17 苏州敦行 4,600,000 1.2552 18 夏尔巴二期 4,518,971 1.2330 19 陈志华 3,454,600 0.9426 20 耿卫东 3,450,000 0.9414 21 甘李药业 2,711,3",持股比例未披露，保留空值
AUTO-SNAP-688758-173,688758,赛分科技,688758_赛分科技.jsonl,183,63,t0/报告期初,,吴征涛,自然人/其他,0.4932,,,,,"苏州赛分科技股份有限公司 首次公开发行股票并在科创板上市招股说明书 执照》。 本次增资完成后，赛分科技的股权结构如下： 序号 股东姓名/名称 股份数量（股） 持股比例（%） 1 黄学英 92,364,177 25.2025 2 周金清 32,200,000 8.7861 3 高新同华 31,050,000 8.4723 4 陆民 29,601,000 8.0769 5 国寿疌泉 28,757,073 7.8467 6 华泰大健康一号 20,146,701 5.4972 7 源峰磐赛 18,075,873 4.9322 8 苏州贤达 15,427,250 4.2095 9 复星惟盈 14,531,642 3.9651 10 苏州博达 13,217,974 3.6067 11 苏州杰贤 7,990,200 2.1802 12 潘鼎 7,268,000 1.9831 13 珠海峦恒 7,230,349 1.9729 14 高瓴祈睿 7,230,349 1.9729 15 海佳同康 5,451,000 1.4874 16 国药中生 5,311,229 1.4492 17 苏州敦行 4,600,000 1.2552 18 夏尔巴二期 4,518,971 1.2330 19 陈志华 3,454,600 0.9426 20 耿卫东 3,450,000 0.9414 21 甘李药业 2,711,3",持股比例未披露，保留空值
AUTO-SNAP-688758-174,688758,赛分科技,688758_赛分科技.jsonl,184,63,t0/报告期初,,国药二期,自然人/其他,0.4883,,,,,"苏州赛分科技股份有限公司 首次公开发行股票并在科创板上市招股说明书 执照》。 本次增资完成后，赛分科技的股权结构如下： 序号 股东姓名/名称 股份数量（股） 持股比例（%） 1 黄学英 92,364,177 25.2025 2 周金清 32,200,000 8.7861 3 高新同华 31,050,000 8.4723 4 陆民 29,601,000 8.0769 5 国寿疌泉 28,757,073 7.8467 6 华泰大健康一号 20,146,701 5.4972 7 源峰磐赛 18,075,873 4.9322 8 苏州贤达 15,427,250 4.2095 9 复星惟盈 14,531,642 3.9651 10 苏州博达 13,217,974 3.6067 11 苏州杰贤 7,990,200 2.1802 12 潘鼎 7,268,000 1.9831 13 珠海峦恒 7,230,349 1.9729 14 高瓴祈睿 7,230,349 1.9729 15 海佳同康 5,451,000 1.4874 16 国药中生 5,311,229 1.4492 17 苏州敦行 4,600,000 1.2552 18 夏尔巴二期 4,518,971 1.2330 19 陈志华 3,454,600 0.9426 20 耿卫东 3,450,000 0.9414 21 甘李药业 2,711,3",持股比例未披露，保留空值
AUTO-SNAP-688758-175,688758,赛分科技,688758_赛分科技.jsonl,185,63,t0/报告期初,,华泰大健康二号,PE/VC或私募基金,0.3767,,,,,"苏州赛分科技股份有限公司 首次公开发行股票并在科创板上市招股说明书 执照》。 本次增资完成后，赛分科技的股权结构如下： 序号 股东姓名/名称 股份数量（股） 持股比例（%） 1 黄学英 92,364,177 25.2025 2 周金清 32,200,000 8.7861 3 高新同华 31,050,000 8.4723 4 陆民 29,601,000 8.0769 5 国寿疌泉 28,757,073 7.8467 6 华泰大健康一号 20,146,701 5.4972 7 源峰磐赛 18,075,873 4.9322 8 苏州贤达 15,427,250 4.2095 9 复星惟盈 14,531,642 3.9651 10 苏州博达 13,217,974 3.6067 11 苏州杰贤 7,990,200 2.1802 12 潘鼎 7,268,000 1.9831 13 珠海峦恒 7,230,349 1.9729 14 高瓴祈睿 7,230,349 1.9729 15 海佳同康 5,451,000 1.4874 16 国药中生 5,311,229 1.4492 17 苏州敦行 4,600,000 1.2552 18 夏尔巴二期 4,518,971 1.2330 19 陈志华 3,454,600 0.9426 20 耿卫东 3,450,000 0.9414 21 甘李药业 2,711,3",持股比例未披露，保留空值
AUTO-SNAP-688758-176,688758,赛分科技,688758_赛分科技.jsonl,186,63,t0/报告期初,,聚贝投资,自然人/其他,0.3699,,,,,"苏州赛分科技股份有限公司 首次公开发行股票并在科创板上市招股说明书 执照》。 本次增资完成后，赛分科技的股权结构如下： 序号 股东姓名/名称 股份数量（股） 持股比例（%） 1 黄学英 92,364,177 25.2025 2 周金清 32,200,000 8.7861 3 高新同华 31,050,000 8.4723 4 陆民 29,601,000 8.0769 5 国寿疌泉 28,757,073 7.8467 6 华泰大健康一号 20,146,701 5.4972 7 源峰磐赛 18,075,873 4.9322 8 苏州贤达 15,427,250 4.2095 9 复星惟盈 14,531,642 3.9651 10 苏州博达 13,217,974 3.6067 11 苏州杰贤 7,990,200 2.1802 12 潘鼎 7,268,000 1.9831 13 珠海峦恒 7,230,349 1.9729 14 高瓴祈睿 7,230,349 1.9729 15 海佳同康 5,451,000 1.4874 16 国药中生 5,311,229 1.4492 17 苏州敦行 4,600,000 1.2552 18 夏尔巴二期 4,518,971 1.2330 19 陈志华 3,454,600 0.9426 20 耿卫东 3,450,000 0.9414 21 甘李药业 2,711,3",持股比例未披露，保留空值
AUTO-SNAP-688758-177,688758,赛分科技,688758_赛分科技.jsonl,187,63,t0/报告期初,,唐斌,自然人/其他,0.0943,,,,,"苏州赛分科技股份有限公司 首次公开发行股票并在科创板上市招股说明书 执照》。 本次增资完成后，赛分科技的股权结构如下： 序号 股东姓名/名称 股份数量（股） 持股比例（%） 1 黄学英 92,364,177 25.2025 2 周金清 32,200,000 8.7861 3 高新同华 31,050,000 8.4723 4 陆民 29,601,000 8.0769 5 国寿疌泉 28,757,073 7.8467 6 华泰大健康一号 20,146,701 5.4972 7 源峰磐赛 18,075,873 4.9322 8 苏州贤达 15,427,250 4.2095 9 复星惟盈 14,531,642 3.9651 10 苏州博达 13,217,974 3.6067 11 苏州杰贤 7,990,200 2.1802 12 潘鼎 7,268,000 1.9831 13 珠海峦恒 7,230,349 1.9729 14 高瓴祈睿 7,230,349 1.9729 15 海佳同康 5,451,000 1.4874 16 国药中生 5,311,229 1.4492 17 苏州敦行 4,600,000 1.2552 18 夏尔巴二期 4,518,971 1.2330 19 陈志华 3,454,600 0.9426 20 耿卫东 3,450,000 0.9414 21 甘李药业 2,711,3",持股比例未披露，保留空值
AUTO-SNAP-688758-178,688758,赛分科技,688758_赛分科技.jsonl,188,63,t0/报告期初,,道兴投资,自然人/其他,0.0881,,,,,"苏州赛分科技股份有限公司 首次公开发行股票并在科创板上市招股说明书 执照》。 本次增资完成后，赛分科技的股权结构如下： 序号 股东姓名/名称 股份数量（股） 持股比例（%） 1 黄学英 92,364,177 25.2025 2 周金清 32,200,000 8.7861 3 高新同华 31,050,000 8.4723 4 陆民 29,601,000 8.0769 5 国寿疌泉 28,757,073 7.8467 6 华泰大健康一号 20,146,701 5.4972 7 源峰磐赛 18,075,873 4.9322 8 苏州贤达 15,427,250 4.2095 9 复星惟盈 14,531,642 3.9651 10 苏州博达 13,217,974 3.6067 11 苏州杰贤 7,990,200 2.1802 12 潘鼎 7,268,000 1.9831 13 珠海峦恒 7,230,349 1.9729 14 高瓴祈睿 7,230,349 1.9729 15 海佳同康 5,451,000 1.4874 16 国药中生 5,311,229 1.4492 17 苏州敦行 4,600,000 1.2552 18 夏尔巴二期 4,518,971 1.2330 19 陈志华 3,454,600 0.9426 20 耿卫东 3,450,000 0.9414 21 甘李药业 2,711,3",持股比例未披露，保留空值
AUTO-SNAP-688758-179,688758,赛分科技,688758_赛分科技.jsonl,189,63,t0/报告期初,,张敏,自然人/其他,0.0648,,,,,"苏州赛分科技股份有限公司 首次公开发行股票并在科创板上市招股说明书 执照》。 本次增资完成后，赛分科技的股权结构如下： 序号 股东姓名/名称 股份数量（股） 持股比例（%） 1 黄学英 92,364,177 25.2025 2 周金清 32,200,000 8.7861 3 高新同华 31,050,000 8.4723 4 陆民 29,601,000 8.0769 5 国寿疌泉 28,757,073 7.8467 6 华泰大健康一号 20,146,701 5.4972 7 源峰磐赛 18,075,873 4.9322 8 苏州贤达 15,427,250 4.2095 9 复星惟盈 14,531,642 3.9651 10 苏州博达 13,217,974 3.6067 11 苏州杰贤 7,990,200 2.1802 12 潘鼎 7,268,000 1.9831 13 珠海峦恒 7,230,349 1.9729 14 高瓴祈睿 7,230,349 1.9729 15 海佳同康 5,451,000 1.4874 16 国药中生 5,311,229 1.4492 17 苏州敦行 4,600,000 1.2552 18 夏尔巴二期 4,518,971 1.2330 19 陈志华 3,454,600 0.9426 20 耿卫东 3,450,000 0.9414 21 甘李药业 2,711,3",持股比例未披露，保留空值
AUTO-SNAP-688758-180,688758,赛分科技,688758_赛分科技.jsonl,190,64,t0/报告期初,,圣成投资,自然人/其他,0.0304,,,,,"苏州赛分科技股份有限公司 首次公开发行股票并在科创板上市招股说明书 序号 股东姓名/名称 股份数量（股） 持股比例（%） 31 圣成投资 111,539 0.0304 32 圣祁投资 17,894 0.0049 合计 366,488,394 100.0000 三、公司成立以来重要事件 2011年10月，赛分有限以 170万美元向黄学英/刘鸿雁、陆民、周乃鼎、史 建伟、Cheer Rise Consultants Limited 收购美国赛分79,399股股份，占美国赛分 股份总数的100%。该次股份收购后，赛分有限持有美国赛分 100%的股份。 具体转让情况如下： 序号 转让方 转让股份数（股） 持股比例（%） 转让价格（美元） 1 黄学英/刘鸿雁 38,570 48.5774 825,816 2 陆民 15,584 19.6275 333,667 3 周乃鼎 14,778 18.6123 316,410 4 史建伟 10,200 12.8465 218,391 Cheer Rise 5 267 0.3363 5,717 Consultants Limited 总计 79,399 100.0000 1,700,000 该次股份转让后，美国赛分已发行的股份情况如下： 序号 股东 持股数量（股） 持股比例（%） 1 赛分有限 79,399 100.0000 总计 79,399 100.",持股比例未披露，保留空值
AUTO-SNAP-688758-181,688758,赛分科技,688758_赛分科技.jsonl,191,64,t0/报告期初,,圣祁投资,自然人/其他,0.0049,,,,,"苏州赛分科技股份有限公司 首次公开发行股票并在科创板上市招股说明书 序号 股东姓名/名称 股份数量（股） 持股比例（%） 31 圣成投资 111,539 0.0304 32 圣祁投资 17,894 0.0049 合计 366,488,394 100.0000 三、公司成立以来重要事件 2011年10月，赛分有限以 170万美元向黄学英/刘鸿雁、陆民、周乃鼎、史 建伟、Cheer Rise Consultants Limited 收购美国赛分79,399股股份，占美国赛分 股份总数的100%。该次股份收购后，赛分有限持有美国赛分 100%的股份。 具体转让情况如下： 序号 转让方 转让股份数（股） 持股比例（%） 转让价格（美元） 1 黄学英/刘鸿雁 38,570 48.5774 825,816 2 陆民 15,584 19.6275 333,667 3 周乃鼎 14,778 18.6123 316,410 4 史建伟 10,200 12.8465 218,391 Cheer Rise 5 267 0.3363 5,717 Consultants Limited 总计 79,399 100.0000 1,700,000 该次股份转让后，美国赛分已发行的股份情况如下： 序号 股东 持股数量（股） 持股比例（%） 1 赛分有限 79,399 100.0000 总计 79,399 100.",持股比例未披露，保留空值
AUTO-SNAP-688758-182,688758,赛分科技,688758_赛分科技.jsonl,192,64,t0/报告期初,,1,自然人/其他,48.5774,,,,,"苏州赛分科技股份有限公司 首次公开发行股票并在科创板上市招股说明书 序号 股东姓名/名称 股份数量（股） 持股比例（%） 31 圣成投资 111,539 0.0304 32 圣祁投资 17,894 0.0049 合计 366,488,394 100.0000 三、公司成立以来重要事件 2011年10月，赛分有限以 170万美元向黄学英/刘鸿雁、陆民、周乃鼎、史 建伟、Cheer Rise Consultants Limited 收购美国赛分79,399股股份，占美国赛分 股份总数的100%。该次股份收购后，赛分有限持有美国赛分 100%的股份。 具体转让情况如下： 序号 转让方 转让股份数（股） 持股比例（%） 转让价格（美元） 1 黄学英/刘鸿雁 38,570 48.5774 825,816 2 陆民 15,584 19.6275 333,667 3 周乃鼎 14,778 18.6123 316,410 4 史建伟 10,200 12.8465 218,391 Cheer Rise 5 267 0.3363 5,717 Consultants Limited 总计 79,399 100.0000 1,700,000 该次股份转让后，美国赛分已发行的股份情况如下： 序号 股东 持股数量（股） 持股比例（%） 1 赛分有限 79,399 100.0000 总计 79,399 100.",持股比例未披露，保留空值
AUTO-SNAP-688758-183,688758,赛分科技,688758_赛分科技.jsonl,193,64,t0/报告期初,,2,自然人/其他,19.6275,,,,,"苏州赛分科技股份有限公司 首次公开发行股票并在科创板上市招股说明书 序号 股东姓名/名称 股份数量（股） 持股比例（%） 31 圣成投资 111,539 0.0304 32 圣祁投资 17,894 0.0049 合计 366,488,394 100.0000 三、公司成立以来重要事件 2011年10月，赛分有限以 170万美元向黄学英/刘鸿雁、陆民、周乃鼎、史 建伟、Cheer Rise Consultants Limited 收购美国赛分79,399股股份，占美国赛分 股份总数的100%。该次股份收购后，赛分有限持有美国赛分 100%的股份。 具体转让情况如下： 序号 转让方 转让股份数（股） 持股比例（%） 转让价格（美元） 1 黄学英/刘鸿雁 38,570 48.5774 825,816 2 陆民 15,584 19.6275 333,667 3 周乃鼎 14,778 18.6123 316,410 4 史建伟 10,200 12.8465 218,391 Cheer Rise 5 267 0.3363 5,717 Consultants Limited 总计 79,399 100.0000 1,700,000 该次股份转让后，美国赛分已发行的股份情况如下： 序号 股东 持股数量（股） 持股比例（%） 1 赛分有限 79,399 100.0000 总计 79,399 100.",持股比例未披露，保留空值
AUTO-SNAP-688758-184,688758,赛分科技,688758_赛分科技.jsonl,194,64,t0/报告期初,,3,自然人/其他,18.6123,,,,,"苏州赛分科技股份有限公司 首次公开发行股票并在科创板上市招股说明书 序号 股东姓名/名称 股份数量（股） 持股比例（%） 31 圣成投资 111,539 0.0304 32 圣祁投资 17,894 0.0049 合计 366,488,394 100.0000 三、公司成立以来重要事件 2011年10月，赛分有限以 170万美元向黄学英/刘鸿雁、陆民、周乃鼎、史 建伟、Cheer Rise Consultants Limited 收购美国赛分79,399股股份，占美国赛分 股份总数的100%。该次股份收购后，赛分有限持有美国赛分 100%的股份。 具体转让情况如下： 序号 转让方 转让股份数（股） 持股比例（%） 转让价格（美元） 1 黄学英/刘鸿雁 38,570 48.5774 825,816 2 陆民 15,584 19.6275 333,667 3 周乃鼎 14,778 18.6123 316,410 4 史建伟 10,200 12.8465 218,391 Cheer Rise 5 267 0.3363 5,717 Consultants Limited 总计 79,399 100.0000 1,700,000 该次股份转让后，美国赛分已发行的股份情况如下： 序号 股东 持股数量（股） 持股比例（%） 1 赛分有限 79,399 100.0000 总计 79,399 100.",持股比例未披露，保留空值
AUTO-SNAP-688758-185,688758,赛分科技,688758_赛分科技.jsonl,195,64,t0/报告期初,,4,自然人/其他,12.8465,,,,,"苏州赛分科技股份有限公司 首次公开发行股票并在科创板上市招股说明书 序号 股东姓名/名称 股份数量（股） 持股比例（%） 31 圣成投资 111,539 0.0304 32 圣祁投资 17,894 0.0049 合计 366,488,394 100.0000 三、公司成立以来重要事件 2011年10月，赛分有限以 170万美元向黄学英/刘鸿雁、陆民、周乃鼎、史 建伟、Cheer Rise Consultants Limited 收购美国赛分79,399股股份，占美国赛分 股份总数的100%。该次股份收购后，赛分有限持有美国赛分 100%的股份。 具体转让情况如下： 序号 转让方 转让股份数（股） 持股比例（%） 转让价格（美元） 1 黄学英/刘鸿雁 38,570 48.5774 825,816 2 陆民 15,584 19.6275 333,667 3 周乃鼎 14,778 18.6123 316,410 4 史建伟 10,200 12.8465 218,391 Cheer Rise 5 267 0.3363 5,717 Consultants Limited 总计 79,399 100.0000 1,700,000 该次股份转让后，美国赛分已发行的股份情况如下： 序号 股东 持股数量（股） 持股比例（%） 1 赛分有限 79,399 100.0000 总计 79,399 100.",持股比例未披露，保留空值
AUTO-SNAP-688758-186,688758,赛分科技,688758_赛分科技.jsonl,196,64,t0/报告期初,,5,自然人/其他,0.3363,,,,,"苏州赛分科技股份有限公司 首次公开发行股票并在科创板上市招股说明书 序号 股东姓名/名称 股份数量（股） 持股比例（%） 31 圣成投资 111,539 0.0304 32 圣祁投资 17,894 0.0049 合计 366,488,394 100.0000 三、公司成立以来重要事件 2011年10月，赛分有限以 170万美元向黄学英/刘鸿雁、陆民、周乃鼎、史 建伟、Cheer Rise Consultants Limited 收购美国赛分79,399股股份，占美国赛分 股份总数的100%。该次股份收购后，赛分有限持有美国赛分 100%的股份。 具体转让情况如下： 序号 转让方 转让股份数（股） 持股比例（%） 转让价格（美元） 1 黄学英/刘鸿雁 38,570 48.5774 825,816 2 陆民 15,584 19.6275 333,667 3 周乃鼎 14,778 18.6123 316,410 4 史建伟 10,200 12.8465 218,391 Cheer Rise 5 267 0.3363 5,717 Consultants Limited 总计 79,399 100.0000 1,700,000 该次股份转让后，美国赛分已发行的股份情况如下： 序号 股东 持股数量（股） 持股比例（%） 1 赛分有限 79,399 100.0000 总计 79,399 100.",持股比例未披露，保留空值
AUTO-SNAP-688758-187,688758,赛分科技,688758_赛分科技.jsonl,197,65,t0/报告期初,,黄学英,自然人/其他,25.2025,,,,,"苏州赛分科技股份有限公司 首次公开发行股票并在科创板上市招股说明书 五、公司股权关系与内部组织结构 （一）公司股权关系 截至本招股说明书签署之日，公司股本总数为 366,488,394 股，公司股东及 持股情况如下： 序号 股东姓名/名称 股份数量（股） 持股比例（%） 1 黄学英 92,364,177 25.2025 2 周金清 32,200,000 8.7861 3 高新同华 31,050,000 8.4723 4 陆民 29,601,000 8.0769 5 国寿疌泉 28,757,073 7.8467 6 华泰大健康一号 20,146,701 5.4972 7 源峰磐赛 18,075,873 4.9322 8 苏州贤达 15,427,250 4.2095 9 复星惟盈 14,531,642 3.9651 10 苏州博达 13,217,974 3.6067 11 苏州杰贤 7,990,200 2.1802 12 潘鼎 7,268,000 1.9831 13 珠海峦恒 7,230,349 1.9729 14 高瓴祈睿 7,230,349 1.9729 15 海佳同康 5,451,000 1.4874 16 国药中生 5,311,229 1.4492 17 苏州敦行 4,600,000 1.2552 18 夏尔巴二期 4,518,971 1.2330 19 陈志华 3,454,6",持股比例未披露，保留空值
AUTO-SNAP-688758-188,688758,赛分科技,688758_赛分科技.jsonl,198,65,t0/报告期初,,周金清,自然人/其他,8.7861,,,,,"苏州赛分科技股份有限公司 首次公开发行股票并在科创板上市招股说明书 五、公司股权关系与内部组织结构 （一）公司股权关系 截至本招股说明书签署之日，公司股本总数为 366,488,394 股，公司股东及 持股情况如下： 序号 股东姓名/名称 股份数量（股） 持股比例（%） 1 黄学英 92,364,177 25.2025 2 周金清 32,200,000 8.7861 3 高新同华 31,050,000 8.4723 4 陆民 29,601,000 8.0769 5 国寿疌泉 28,757,073 7.8467 6 华泰大健康一号 20,146,701 5.4972 7 源峰磐赛 18,075,873 4.9322 8 苏州贤达 15,427,250 4.2095 9 复星惟盈 14,531,642 3.9651 10 苏州博达 13,217,974 3.6067 11 苏州杰贤 7,990,200 2.1802 12 潘鼎 7,268,000 1.9831 13 珠海峦恒 7,230,349 1.9729 14 高瓴祈睿 7,230,349 1.9729 15 海佳同康 5,451,000 1.4874 16 国药中生 5,311,229 1.4492 17 苏州敦行 4,600,000 1.2552 18 夏尔巴二期 4,518,971 1.2330 19 陈志华 3,454,6",持股比例未披露，保留空值
AUTO-SNAP-688758-189,688758,赛分科技,688758_赛分科技.jsonl,199,65,t0/报告期初,,高新同华,自然人/其他,8.4723,,,,,"苏州赛分科技股份有限公司 首次公开发行股票并在科创板上市招股说明书 五、公司股权关系与内部组织结构 （一）公司股权关系 截至本招股说明书签署之日，公司股本总数为 366,488,394 股，公司股东及 持股情况如下： 序号 股东姓名/名称 股份数量（股） 持股比例（%） 1 黄学英 92,364,177 25.2025 2 周金清 32,200,000 8.7861 3 高新同华 31,050,000 8.4723 4 陆民 29,601,000 8.0769 5 国寿疌泉 28,757,073 7.8467 6 华泰大健康一号 20,146,701 5.4972 7 源峰磐赛 18,075,873 4.9322 8 苏州贤达 15,427,250 4.2095 9 复星惟盈 14,531,642 3.9651 10 苏州博达 13,217,974 3.6067 11 苏州杰贤 7,990,200 2.1802 12 潘鼎 7,268,000 1.9831 13 珠海峦恒 7,230,349 1.9729 14 高瓴祈睿 7,230,349 1.9729 15 海佳同康 5,451,000 1.4874 16 国药中生 5,311,229 1.4492 17 苏州敦行 4,600,000 1.2552 18 夏尔巴二期 4,518,971 1.2330 19 陈志华 3,454,6",持股比例未披露，保留空值
AUTO-SNAP-688758-190,688758,赛分科技,688758_赛分科技.jsonl,200,65,t0/报告期初,,陆民,自然人/其他,8.0769,,,,,"苏州赛分科技股份有限公司 首次公开发行股票并在科创板上市招股说明书 五、公司股权关系与内部组织结构 （一）公司股权关系 截至本招股说明书签署之日，公司股本总数为 366,488,394 股，公司股东及 持股情况如下： 序号 股东姓名/名称 股份数量（股） 持股比例（%） 1 黄学英 92,364,177 25.2025 2 周金清 32,200,000 8.7861 3 高新同华 31,050,000 8.4723 4 陆民 29,601,000 8.0769 5 国寿疌泉 28,757,073 7.8467 6 华泰大健康一号 20,146,701 5.4972 7 源峰磐赛 18,075,873 4.9322 8 苏州贤达 15,427,250 4.2095 9 复星惟盈 14,531,642 3.9651 10 苏州博达 13,217,974 3.6067 11 苏州杰贤 7,990,200 2.1802 12 潘鼎 7,268,000 1.9831 13 珠海峦恒 7,230,349 1.9729 14 高瓴祈睿 7,230,349 1.9729 15 海佳同康 5,451,000 1.4874 16 国药中生 5,311,229 1.4492 17 苏州敦行 4,600,000 1.2552 18 夏尔巴二期 4,518,971 1.2330 19 陈志华 3,454,6",持股比例未披露，保留空值
AUTO-SNAP-688758-191,688758,赛分科技,688758_赛分科技.jsonl,201,65,t0/报告期初,,国寿疌泉,自然人/其他,7.8467,,,,,"苏州赛分科技股份有限公司 首次公开发行股票并在科创板上市招股说明书 五、公司股权关系与内部组织结构 （一）公司股权关系 截至本招股说明书签署之日，公司股本总数为 366,488,394 股，公司股东及 持股情况如下： 序号 股东姓名/名称 股份数量（股） 持股比例（%） 1 黄学英 92,364,177 25.2025 2 周金清 32,200,000 8.7861 3 高新同华 31,050,000 8.4723 4 陆民 29,601,000 8.0769 5 国寿疌泉 28,757,073 7.8467 6 华泰大健康一号 20,146,701 5.4972 7 源峰磐赛 18,075,873 4.9322 8 苏州贤达 15,427,250 4.2095 9 复星惟盈 14,531,642 3.9651 10 苏州博达 13,217,974 3.6067 11 苏州杰贤 7,990,200 2.1802 12 潘鼎 7,268,000 1.9831 13 珠海峦恒 7,230,349 1.9729 14 高瓴祈睿 7,230,349 1.9729 15 海佳同康 5,451,000 1.4874 16 国药中生 5,311,229 1.4492 17 苏州敦行 4,600,000 1.2552 18 夏尔巴二期 4,518,971 1.2330 19 陈志华 3,454,6",持股比例未披露，保留空值
AUTO-SNAP-688758-192,688758,赛分科技,688758_赛分科技.jsonl,202,65,t0/报告期初,,华泰大健康一号,PE/VC或私募基金,5.4972,,,,,"苏州赛分科技股份有限公司 首次公开发行股票并在科创板上市招股说明书 五、公司股权关系与内部组织结构 （一）公司股权关系 截至本招股说明书签署之日，公司股本总数为 366,488,394 股，公司股东及 持股情况如下： 序号 股东姓名/名称 股份数量（股） 持股比例（%） 1 黄学英 92,364,177 25.2025 2 周金清 32,200,000 8.7861 3 高新同华 31,050,000 8.4723 4 陆民 29,601,000 8.0769 5 国寿疌泉 28,757,073 7.8467 6 华泰大健康一号 20,146,701 5.4972 7 源峰磐赛 18,075,873 4.9322 8 苏州贤达 15,427,250 4.2095 9 复星惟盈 14,531,642 3.9651 10 苏州博达 13,217,974 3.6067 11 苏州杰贤 7,990,200 2.1802 12 潘鼎 7,268,000 1.9831 13 珠海峦恒 7,230,349 1.9729 14 高瓴祈睿 7,230,349 1.9729 15 海佳同康 5,451,000 1.4874 16 国药中生 5,311,229 1.4492 17 苏州敦行 4,600,000 1.2552 18 夏尔巴二期 4,518,971 1.2330 19 陈志华 3,454,6",持股比例未披露，保留空值
AUTO-SNAP-688758-193,688758,赛分科技,688758_赛分科技.jsonl,203,65,t0/报告期初,,源峰磐赛,自然人/其他,4.9322,,,,,"苏州赛分科技股份有限公司 首次公开发行股票并在科创板上市招股说明书 五、公司股权关系与内部组织结构 （一）公司股权关系 截至本招股说明书签署之日，公司股本总数为 366,488,394 股，公司股东及 持股情况如下： 序号 股东姓名/名称 股份数量（股） 持股比例（%） 1 黄学英 92,364,177 25.2025 2 周金清 32,200,000 8.7861 3 高新同华 31,050,000 8.4723 4 陆民 29,601,000 8.0769 5 国寿疌泉 28,757,073 7.8467 6 华泰大健康一号 20,146,701 5.4972 7 源峰磐赛 18,075,873 4.9322 8 苏州贤达 15,427,250 4.2095 9 复星惟盈 14,531,642 3.9651 10 苏州博达 13,217,974 3.6067 11 苏州杰贤 7,990,200 2.1802 12 潘鼎 7,268,000 1.9831 13 珠海峦恒 7,230,349 1.9729 14 高瓴祈睿 7,230,349 1.9729 15 海佳同康 5,451,000 1.4874 16 国药中生 5,311,229 1.4492 17 苏州敦行 4,600,000 1.2552 18 夏尔巴二期 4,518,971 1.2330 19 陈志华 3,454,6",持股比例未披露，保留空值
AUTO-SNAP-688758-194,688758,赛分科技,688758_赛分科技.jsonl,204,65,t0/报告期初,,苏州贤达,员工持股平台/员工激励,4.2095,,,,,"苏州赛分科技股份有限公司 首次公开发行股票并在科创板上市招股说明书 五、公司股权关系与内部组织结构 （一）公司股权关系 截至本招股说明书签署之日，公司股本总数为 366,488,394 股，公司股东及 持股情况如下： 序号 股东姓名/名称 股份数量（股） 持股比例（%） 1 黄学英 92,364,177 25.2025 2 周金清 32,200,000 8.7861 3 高新同华 31,050,000 8.4723 4 陆民 29,601,000 8.0769 5 国寿疌泉 28,757,073 7.8467 6 华泰大健康一号 20,146,701 5.4972 7 源峰磐赛 18,075,873 4.9322 8 苏州贤达 15,427,250 4.2095 9 复星惟盈 14,531,642 3.9651 10 苏州博达 13,217,974 3.6067 11 苏州杰贤 7,990,200 2.1802 12 潘鼎 7,268,000 1.9831 13 珠海峦恒 7,230,349 1.9729 14 高瓴祈睿 7,230,349 1.9729 15 海佳同康 5,451,000 1.4874 16 国药中生 5,311,229 1.4492 17 苏州敦行 4,600,000 1.2552 18 夏尔巴二期 4,518,971 1.2330 19 陈志华 3,454,6",持股比例未披露，保留空值
AUTO-SNAP-688758-195,688758,赛分科技,688758_赛分科技.jsonl,205,65,t0/报告期初,,复星惟盈,自然人/其他,3.9651,,,,,"苏州赛分科技股份有限公司 首次公开发行股票并在科创板上市招股说明书 五、公司股权关系与内部组织结构 （一）公司股权关系 截至本招股说明书签署之日，公司股本总数为 366,488,394 股，公司股东及 持股情况如下： 序号 股东姓名/名称 股份数量（股） 持股比例（%） 1 黄学英 92,364,177 25.2025 2 周金清 32,200,000 8.7861 3 高新同华 31,050,000 8.4723 4 陆民 29,601,000 8.0769 5 国寿疌泉 28,757,073 7.8467 6 华泰大健康一号 20,146,701 5.4972 7 源峰磐赛 18,075,873 4.9322 8 苏州贤达 15,427,250 4.2095 9 复星惟盈 14,531,642 3.9651 10 苏州博达 13,217,974 3.6067 11 苏州杰贤 7,990,200 2.1802 12 潘鼎 7,268,000 1.9831 13 珠海峦恒 7,230,349 1.9729 14 高瓴祈睿 7,230,349 1.9729 15 海佳同康 5,451,000 1.4874 16 国药中生 5,311,229 1.4492 17 苏州敦行 4,600,000 1.2552 18 夏尔巴二期 4,518,971 1.2330 19 陈志华 3,454,6",持股比例未披露，保留空值
AUTO-SNAP-688758-196,688758,赛分科技,688758_赛分科技.jsonl,206,65,t0/报告期初,,苏州博达,员工持股平台/员工激励,3.6067,,,,,"苏州赛分科技股份有限公司 首次公开发行股票并在科创板上市招股说明书 五、公司股权关系与内部组织结构 （一）公司股权关系 截至本招股说明书签署之日，公司股本总数为 366,488,394 股，公司股东及 持股情况如下： 序号 股东姓名/名称 股份数量（股） 持股比例（%） 1 黄学英 92,364,177 25.2025 2 周金清 32,200,000 8.7861 3 高新同华 31,050,000 8.4723 4 陆民 29,601,000 8.0769 5 国寿疌泉 28,757,073 7.8467 6 华泰大健康一号 20,146,701 5.4972 7 源峰磐赛 18,075,873 4.9322 8 苏州贤达 15,427,250 4.2095 9 复星惟盈 14,531,642 3.9651 10 苏州博达 13,217,974 3.6067 11 苏州杰贤 7,990,200 2.1802 12 潘鼎 7,268,000 1.9831 13 珠海峦恒 7,230,349 1.9729 14 高瓴祈睿 7,230,349 1.9729 15 海佳同康 5,451,000 1.4874 16 国药中生 5,311,229 1.4492 17 苏州敦行 4,600,000 1.2552 18 夏尔巴二期 4,518,971 1.2330 19 陈志华 3,454,6",持股比例未披露，保留空值
AUTO-SNAP-688758-197,688758,赛分科技,688758_赛分科技.jsonl,207,65,t0/报告期初,,苏州杰贤,员工持股平台/员工激励,2.1802,,,,,"苏州赛分科技股份有限公司 首次公开发行股票并在科创板上市招股说明书 五、公司股权关系与内部组织结构 （一）公司股权关系 截至本招股说明书签署之日，公司股本总数为 366,488,394 股，公司股东及 持股情况如下： 序号 股东姓名/名称 股份数量（股） 持股比例（%） 1 黄学英 92,364,177 25.2025 2 周金清 32,200,000 8.7861 3 高新同华 31,050,000 8.4723 4 陆民 29,601,000 8.0769 5 国寿疌泉 28,757,073 7.8467 6 华泰大健康一号 20,146,701 5.4972 7 源峰磐赛 18,075,873 4.9322 8 苏州贤达 15,427,250 4.2095 9 复星惟盈 14,531,642 3.9651 10 苏州博达 13,217,974 3.6067 11 苏州杰贤 7,990,200 2.1802 12 潘鼎 7,268,000 1.9831 13 珠海峦恒 7,230,349 1.9729 14 高瓴祈睿 7,230,349 1.9729 15 海佳同康 5,451,000 1.4874 16 国药中生 5,311,229 1.4492 17 苏州敦行 4,600,000 1.2552 18 夏尔巴二期 4,518,971 1.2330 19 陈志华 3,454,6",持股比例未披露，保留空值
AUTO-SNAP-688758-198,688758,赛分科技,688758_赛分科技.jsonl,208,65,t0/报告期初,,潘鼎,自然人/其他,1.9831,,,,,"苏州赛分科技股份有限公司 首次公开发行股票并在科创板上市招股说明书 五、公司股权关系与内部组织结构 （一）公司股权关系 截至本招股说明书签署之日，公司股本总数为 366,488,394 股，公司股东及 持股情况如下： 序号 股东姓名/名称 股份数量（股） 持股比例（%） 1 黄学英 92,364,177 25.2025 2 周金清 32,200,000 8.7861 3 高新同华 31,050,000 8.4723 4 陆民 29,601,000 8.0769 5 国寿疌泉 28,757,073 7.8467 6 华泰大健康一号 20,146,701 5.4972 7 源峰磐赛 18,075,873 4.9322 8 苏州贤达 15,427,250 4.2095 9 复星惟盈 14,531,642 3.9651 10 苏州博达 13,217,974 3.6067 11 苏州杰贤 7,990,200 2.1802 12 潘鼎 7,268,000 1.9831 13 珠海峦恒 7,230,349 1.9729 14 高瓴祈睿 7,230,349 1.9729 15 海佳同康 5,451,000 1.4874 16 国药中生 5,311,229 1.4492 17 苏州敦行 4,600,000 1.2552 18 夏尔巴二期 4,518,971 1.2330 19 陈志华 3,454,6",持股比例未披露，保留空值
AUTO-SNAP-688758-199,688758,赛分科技,688758_赛分科技.jsonl,209,65,t0/报告期初,,珠海峦恒,自然人/其他,1.9729,,,,,"苏州赛分科技股份有限公司 首次公开发行股票并在科创板上市招股说明书 五、公司股权关系与内部组织结构 （一）公司股权关系 截至本招股说明书签署之日，公司股本总数为 366,488,394 股，公司股东及 持股情况如下： 序号 股东姓名/名称 股份数量（股） 持股比例（%） 1 黄学英 92,364,177 25.2025 2 周金清 32,200,000 8.7861 3 高新同华 31,050,000 8.4723 4 陆民 29,601,000 8.0769 5 国寿疌泉 28,757,073 7.8467 6 华泰大健康一号 20,146,701 5.4972 7 源峰磐赛 18,075,873 4.9322 8 苏州贤达 15,427,250 4.2095 9 复星惟盈 14,531,642 3.9651 10 苏州博达 13,217,974 3.6067 11 苏州杰贤 7,990,200 2.1802 12 潘鼎 7,268,000 1.9831 13 珠海峦恒 7,230,349 1.9729 14 高瓴祈睿 7,230,349 1.9729 15 海佳同康 5,451,000 1.4874 16 国药中生 5,311,229 1.4492 17 苏州敦行 4,600,000 1.2552 18 夏尔巴二期 4,518,971 1.2330 19 陈志华 3,454,6",持股比例未披露，保留空值
AUTO-SNAP-688758-200,688758,赛分科技,688758_赛分科技.jsonl,210,65,t0/报告期初,,高瓴祈睿,PE/VC或私募基金,1.9729,,,,,"苏州赛分科技股份有限公司 首次公开发行股票并在科创板上市招股说明书 五、公司股权关系与内部组织结构 （一）公司股权关系 截至本招股说明书签署之日，公司股本总数为 366,488,394 股，公司股东及 持股情况如下： 序号 股东姓名/名称 股份数量（股） 持股比例（%） 1 黄学英 92,364,177 25.2025 2 周金清 32,200,000 8.7861 3 高新同华 31,050,000 8.4723 4 陆民 29,601,000 8.0769 5 国寿疌泉 28,757,073 7.8467 6 华泰大健康一号 20,146,701 5.4972 7 源峰磐赛 18,075,873 4.9322 8 苏州贤达 15,427,250 4.2095 9 复星惟盈 14,531,642 3.9651 10 苏州博达 13,217,974 3.6067 11 苏州杰贤 7,990,200 2.1802 12 潘鼎 7,268,000 1.9831 13 珠海峦恒 7,230,349 1.9729 14 高瓴祈睿 7,230,349 1.9729 15 海佳同康 5,451,000 1.4874 16 国药中生 5,311,229 1.4492 17 苏州敦行 4,600,000 1.2552 18 夏尔巴二期 4,518,971 1.2330 19 陈志华 3,454,6",持股比例未披露，保留空值
AUTO-SNAP-688758-201,688758,赛分科技,688758_赛分科技.jsonl,211,65,t0/报告期初,,海佳同康,自然人/其他,1.4874,,,,,"苏州赛分科技股份有限公司 首次公开发行股票并在科创板上市招股说明书 五、公司股权关系与内部组织结构 （一）公司股权关系 截至本招股说明书签署之日，公司股本总数为 366,488,394 股，公司股东及 持股情况如下： 序号 股东姓名/名称 股份数量（股） 持股比例（%） 1 黄学英 92,364,177 25.2025 2 周金清 32,200,000 8.7861 3 高新同华 31,050,000 8.4723 4 陆民 29,601,000 8.0769 5 国寿疌泉 28,757,073 7.8467 6 华泰大健康一号 20,146,701 5.4972 7 源峰磐赛 18,075,873 4.9322 8 苏州贤达 15,427,250 4.2095 9 复星惟盈 14,531,642 3.9651 10 苏州博达 13,217,974 3.6067 11 苏州杰贤 7,990,200 2.1802 12 潘鼎 7,268,000 1.9831 13 珠海峦恒 7,230,349 1.9729 14 高瓴祈睿 7,230,349 1.9729 15 海佳同康 5,451,000 1.4874 16 国药中生 5,311,229 1.4492 17 苏州敦行 4,600,000 1.2552 18 夏尔巴二期 4,518,971 1.2330 19 陈志华 3,454,6",持股比例未披露，保留空值
AUTO-SNAP-688758-202,688758,赛分科技,688758_赛分科技.jsonl,212,65,t0/报告期初,,国药中生,自然人/其他,1.4492,,,,,"苏州赛分科技股份有限公司 首次公开发行股票并在科创板上市招股说明书 五、公司股权关系与内部组织结构 （一）公司股权关系 截至本招股说明书签署之日，公司股本总数为 366,488,394 股，公司股东及 持股情况如下： 序号 股东姓名/名称 股份数量（股） 持股比例（%） 1 黄学英 92,364,177 25.2025 2 周金清 32,200,000 8.7861 3 高新同华 31,050,000 8.4723 4 陆民 29,601,000 8.0769 5 国寿疌泉 28,757,073 7.8467 6 华泰大健康一号 20,146,701 5.4972 7 源峰磐赛 18,075,873 4.9322 8 苏州贤达 15,427,250 4.2095 9 复星惟盈 14,531,642 3.9651 10 苏州博达 13,217,974 3.6067 11 苏州杰贤 7,990,200 2.1802 12 潘鼎 7,268,000 1.9831 13 珠海峦恒 7,230,349 1.9729 14 高瓴祈睿 7,230,349 1.9729 15 海佳同康 5,451,000 1.4874 16 国药中生 5,311,229 1.4492 17 苏州敦行 4,600,000 1.2552 18 夏尔巴二期 4,518,971 1.2330 19 陈志华 3,454,6",持股比例未披露，保留空值
AUTO-SNAP-688758-203,688758,赛分科技,688758_赛分科技.jsonl,213,65,t0/报告期初,,苏州敦行,自然人/其他,1.2552,,,,,"苏州赛分科技股份有限公司 首次公开发行股票并在科创板上市招股说明书 五、公司股权关系与内部组织结构 （一）公司股权关系 截至本招股说明书签署之日，公司股本总数为 366,488,394 股，公司股东及 持股情况如下： 序号 股东姓名/名称 股份数量（股） 持股比例（%） 1 黄学英 92,364,177 25.2025 2 周金清 32,200,000 8.7861 3 高新同华 31,050,000 8.4723 4 陆民 29,601,000 8.0769 5 国寿疌泉 28,757,073 7.8467 6 华泰大健康一号 20,146,701 5.4972 7 源峰磐赛 18,075,873 4.9322 8 苏州贤达 15,427,250 4.2095 9 复星惟盈 14,531,642 3.9651 10 苏州博达 13,217,974 3.6067 11 苏州杰贤 7,990,200 2.1802 12 潘鼎 7,268,000 1.9831 13 珠海峦恒 7,230,349 1.9729 14 高瓴祈睿 7,230,349 1.9729 15 海佳同康 5,451,000 1.4874 16 国药中生 5,311,229 1.4492 17 苏州敦行 4,600,000 1.2552 18 夏尔巴二期 4,518,971 1.2330 19 陈志华 3,454,6",持股比例未披露，保留空值
AUTO-SNAP-688758-204,688758,赛分科技,688758_赛分科技.jsonl,214,65,t0/报告期初,,夏尔巴二期,自然人/其他,1.233,,,,,"苏州赛分科技股份有限公司 首次公开发行股票并在科创板上市招股说明书 五、公司股权关系与内部组织结构 （一）公司股权关系 截至本招股说明书签署之日，公司股本总数为 366,488,394 股，公司股东及 持股情况如下： 序号 股东姓名/名称 股份数量（股） 持股比例（%） 1 黄学英 92,364,177 25.2025 2 周金清 32,200,000 8.7861 3 高新同华 31,050,000 8.4723 4 陆民 29,601,000 8.0769 5 国寿疌泉 28,757,073 7.8467 6 华泰大健康一号 20,146,701 5.4972 7 源峰磐赛 18,075,873 4.9322 8 苏州贤达 15,427,250 4.2095 9 复星惟盈 14,531,642 3.9651 10 苏州博达 13,217,974 3.6067 11 苏州杰贤 7,990,200 2.1802 12 潘鼎 7,268,000 1.9831 13 珠海峦恒 7,230,349 1.9729 14 高瓴祈睿 7,230,349 1.9729 15 海佳同康 5,451,000 1.4874 16 国药中生 5,311,229 1.4492 17 苏州敦行 4,600,000 1.2552 18 夏尔巴二期 4,518,971 1.2330 19 陈志华 3,454,6",持股比例未披露，保留空值
AUTO-SNAP-688758-205,688758,赛分科技,688758_赛分科技.jsonl,215,65,t0/报告期初,,陈志华,自然人/其他,0.9426,,,,,"苏州赛分科技股份有限公司 首次公开发行股票并在科创板上市招股说明书 五、公司股权关系与内部组织结构 （一）公司股权关系 截至本招股说明书签署之日，公司股本总数为 366,488,394 股，公司股东及 持股情况如下： 序号 股东姓名/名称 股份数量（股） 持股比例（%） 1 黄学英 92,364,177 25.2025 2 周金清 32,200,000 8.7861 3 高新同华 31,050,000 8.4723 4 陆民 29,601,000 8.0769 5 国寿疌泉 28,757,073 7.8467 6 华泰大健康一号 20,146,701 5.4972 7 源峰磐赛 18,075,873 4.9322 8 苏州贤达 15,427,250 4.2095 9 复星惟盈 14,531,642 3.9651 10 苏州博达 13,217,974 3.6067 11 苏州杰贤 7,990,200 2.1802 12 潘鼎 7,268,000 1.9831 13 珠海峦恒 7,230,349 1.9729 14 高瓴祈睿 7,230,349 1.9729 15 海佳同康 5,451,000 1.4874 16 国药中生 5,311,229 1.4492 17 苏州敦行 4,600,000 1.2552 18 夏尔巴二期 4,518,971 1.2330 19 陈志华 3,454,6",持股比例未披露，保留空值
AUTO-SNAP-688758-206,688758,赛分科技,688758_赛分科技.jsonl,216,65,t0/报告期初,,耿卫东,自然人/其他,0.9414,,,,,"苏州赛分科技股份有限公司 首次公开发行股票并在科创板上市招股说明书 五、公司股权关系与内部组织结构 （一）公司股权关系 截至本招股说明书签署之日，公司股本总数为 366,488,394 股，公司股东及 持股情况如下： 序号 股东姓名/名称 股份数量（股） 持股比例（%） 1 黄学英 92,364,177 25.2025 2 周金清 32,200,000 8.7861 3 高新同华 31,050,000 8.4723 4 陆民 29,601,000 8.0769 5 国寿疌泉 28,757,073 7.8467 6 华泰大健康一号 20,146,701 5.4972 7 源峰磐赛 18,075,873 4.9322 8 苏州贤达 15,427,250 4.2095 9 复星惟盈 14,531,642 3.9651 10 苏州博达 13,217,974 3.6067 11 苏州杰贤 7,990,200 2.1802 12 潘鼎 7,268,000 1.9831 13 珠海峦恒 7,230,349 1.9729 14 高瓴祈睿 7,230,349 1.9729 15 海佳同康 5,451,000 1.4874 16 国药中生 5,311,229 1.4492 17 苏州敦行 4,600,000 1.2552 18 夏尔巴二期 4,518,971 1.2330 19 陈志华 3,454,6",持股比例未披露，保留空值
AUTO-SNAP-688758-207,688758,赛分科技,688758_赛分科技.jsonl,217,66,t0/报告期初,,甘李药业,自然人/其他,0.7398,,,,,"苏州赛分科技股份有限公司 首次公开发行股票并在科创板上市招股说明书 序号 股东姓名/名称 股份数量（股） 持股比例（%） 21 甘李药业 2,711,378 0.7398 22 骏耀投资 2,300,000 0.6276 23 朱勤华 2,231,932 0.6090 24 吴征涛 1,807,593 0.4932 25 国药二期 1,789,688 0.4883 26 华泰大健康二号 1,380,391 0.3767 27 聚贝投资 1,355,689 0.3699 28 唐斌 345,472 0.0943 29 道兴投资 322,909 0.0881 30 张敏 237,521 0.0648 31 圣成投资 111,539 0.0304 32 圣祁投资 17,894 0.0049 合计 366,488,394 100.0000 （二）公司内部组织结构 截至本招股说明书签署之日，公司内部组织结构如下图所示： （三）公司控股、参股公司基本情况 截至本招股说明书签署日，发行人共拥有3家全资子公司和1家控股子公司， 1-1-65",持股比例未披露，保留空值
AUTO-SNAP-688758-208,688758,赛分科技,688758_赛分科技.jsonl,218,66,t0/报告期初,,骏耀投资,自然人/其他,0.6276,,,,,"苏州赛分科技股份有限公司 首次公开发行股票并在科创板上市招股说明书 序号 股东姓名/名称 股份数量（股） 持股比例（%） 21 甘李药业 2,711,378 0.7398 22 骏耀投资 2,300,000 0.6276 23 朱勤华 2,231,932 0.6090 24 吴征涛 1,807,593 0.4932 25 国药二期 1,789,688 0.4883 26 华泰大健康二号 1,380,391 0.3767 27 聚贝投资 1,355,689 0.3699 28 唐斌 345,472 0.0943 29 道兴投资 322,909 0.0881 30 张敏 237,521 0.0648 31 圣成投资 111,539 0.0304 32 圣祁投资 17,894 0.0049 合计 366,488,394 100.0000 （二）公司内部组织结构 截至本招股说明书签署之日，公司内部组织结构如下图所示： （三）公司控股、参股公司基本情况 截至本招股说明书签署日，发行人共拥有3家全资子公司和1家控股子公司， 1-1-65",持股比例未披露，保留空值
AUTO-SNAP-688758-209,688758,赛分科技,688758_赛分科技.jsonl,219,66,t0/报告期初,,朱勤华,自然人/其他,0.609,,,,,"苏州赛分科技股份有限公司 首次公开发行股票并在科创板上市招股说明书 序号 股东姓名/名称 股份数量（股） 持股比例（%） 21 甘李药业 2,711,378 0.7398 22 骏耀投资 2,300,000 0.6276 23 朱勤华 2,231,932 0.6090 24 吴征涛 1,807,593 0.4932 25 国药二期 1,789,688 0.4883 26 华泰大健康二号 1,380,391 0.3767 27 聚贝投资 1,355,689 0.3699 28 唐斌 345,472 0.0943 29 道兴投资 322,909 0.0881 30 张敏 237,521 0.0648 31 圣成投资 111,539 0.0304 32 圣祁投资 17,894 0.0049 合计 366,488,394 100.0000 （二）公司内部组织结构 截至本招股说明书签署之日，公司内部组织结构如下图所示： （三）公司控股、参股公司基本情况 截至本招股说明书签署日，发行人共拥有3家全资子公司和1家控股子公司， 1-1-65",持股比例未披露，保留空值
AUTO-SNAP-688758-210,688758,赛分科技,688758_赛分科技.jsonl,220,66,t0/报告期初,,吴征涛,自然人/其他,0.4932,,,,,"苏州赛分科技股份有限公司 首次公开发行股票并在科创板上市招股说明书 序号 股东姓名/名称 股份数量（股） 持股比例（%） 21 甘李药业 2,711,378 0.7398 22 骏耀投资 2,300,000 0.6276 23 朱勤华 2,231,932 0.6090 24 吴征涛 1,807,593 0.4932 25 国药二期 1,789,688 0.4883 26 华泰大健康二号 1,380,391 0.3767 27 聚贝投资 1,355,689 0.3699 28 唐斌 345,472 0.0943 29 道兴投资 322,909 0.0881 30 张敏 237,521 0.0648 31 圣成投资 111,539 0.0304 32 圣祁投资 17,894 0.0049 合计 366,488,394 100.0000 （二）公司内部组织结构 截至本招股说明书签署之日，公司内部组织结构如下图所示： （三）公司控股、参股公司基本情况 截至本招股说明书签署日，发行人共拥有3家全资子公司和1家控股子公司， 1-1-65",持股比例未披露，保留空值
AUTO-SNAP-688758-211,688758,赛分科技,688758_赛分科技.jsonl,221,66,t0/报告期初,,国药二期,自然人/其他,0.4883,,,,,"苏州赛分科技股份有限公司 首次公开发行股票并在科创板上市招股说明书 序号 股东姓名/名称 股份数量（股） 持股比例（%） 21 甘李药业 2,711,378 0.7398 22 骏耀投资 2,300,000 0.6276 23 朱勤华 2,231,932 0.6090 24 吴征涛 1,807,593 0.4932 25 国药二期 1,789,688 0.4883 26 华泰大健康二号 1,380,391 0.3767 27 聚贝投资 1,355,689 0.3699 28 唐斌 345,472 0.0943 29 道兴投资 322,909 0.0881 30 张敏 237,521 0.0648 31 圣成投资 111,539 0.0304 32 圣祁投资 17,894 0.0049 合计 366,488,394 100.0000 （二）公司内部组织结构 截至本招股说明书签署之日，公司内部组织结构如下图所示： （三）公司控股、参股公司基本情况 截至本招股说明书签署日，发行人共拥有3家全资子公司和1家控股子公司， 1-1-65",持股比例未披露，保留空值
AUTO-SNAP-688758-212,688758,赛分科技,688758_赛分科技.jsonl,222,66,t0/报告期初,,华泰大健康二号,PE/VC或私募基金,0.3767,,,,,"苏州赛分科技股份有限公司 首次公开发行股票并在科创板上市招股说明书 序号 股东姓名/名称 股份数量（股） 持股比例（%） 21 甘李药业 2,711,378 0.7398 22 骏耀投资 2,300,000 0.6276 23 朱勤华 2,231,932 0.6090 24 吴征涛 1,807,593 0.4932 25 国药二期 1,789,688 0.4883 26 华泰大健康二号 1,380,391 0.3767 27 聚贝投资 1,355,689 0.3699 28 唐斌 345,472 0.0943 29 道兴投资 322,909 0.0881 30 张敏 237,521 0.0648 31 圣成投资 111,539 0.0304 32 圣祁投资 17,894 0.0049 合计 366,488,394 100.0000 （二）公司内部组织结构 截至本招股说明书签署之日，公司内部组织结构如下图所示： （三）公司控股、参股公司基本情况 截至本招股说明书签署日，发行人共拥有3家全资子公司和1家控股子公司， 1-1-65",持股比例未披露，保留空值
AUTO-SNAP-688758-213,688758,赛分科技,688758_赛分科技.jsonl,223,66,t0/报告期初,,聚贝投资,自然人/其他,0.3699,,,,,"苏州赛分科技股份有限公司 首次公开发行股票并在科创板上市招股说明书 序号 股东姓名/名称 股份数量（股） 持股比例（%） 21 甘李药业 2,711,378 0.7398 22 骏耀投资 2,300,000 0.6276 23 朱勤华 2,231,932 0.6090 24 吴征涛 1,807,593 0.4932 25 国药二期 1,789,688 0.4883 26 华泰大健康二号 1,380,391 0.3767 27 聚贝投资 1,355,689 0.3699 28 唐斌 345,472 0.0943 29 道兴投资 322,909 0.0881 30 张敏 237,521 0.0648 31 圣成投资 111,539 0.0304 32 圣祁投资 17,894 0.0049 合计 366,488,394 100.0000 （二）公司内部组织结构 截至本招股说明书签署之日，公司内部组织结构如下图所示： （三）公司控股、参股公司基本情况 截至本招股说明书签署日，发行人共拥有3家全资子公司和1家控股子公司， 1-1-65",持股比例未披露，保留空值
AUTO-SNAP-688758-214,688758,赛分科技,688758_赛分科技.jsonl,224,66,t0/报告期初,,唐斌,自然人/其他,0.0943,,,,,"苏州赛分科技股份有限公司 首次公开发行股票并在科创板上市招股说明书 序号 股东姓名/名称 股份数量（股） 持股比例（%） 21 甘李药业 2,711,378 0.7398 22 骏耀投资 2,300,000 0.6276 23 朱勤华 2,231,932 0.6090 24 吴征涛 1,807,593 0.4932 25 国药二期 1,789,688 0.4883 26 华泰大健康二号 1,380,391 0.3767 27 聚贝投资 1,355,689 0.3699 28 唐斌 345,472 0.0943 29 道兴投资 322,909 0.0881 30 张敏 237,521 0.0648 31 圣成投资 111,539 0.0304 32 圣祁投资 17,894 0.0049 合计 366,488,394 100.0000 （二）公司内部组织结构 截至本招股说明书签署之日，公司内部组织结构如下图所示： （三）公司控股、参股公司基本情况 截至本招股说明书签署日，发行人共拥有3家全资子公司和1家控股子公司， 1-1-65",持股比例未披露，保留空值
AUTO-SNAP-688758-215,688758,赛分科技,688758_赛分科技.jsonl,225,66,t0/报告期初,,道兴投资,自然人/其他,0.0881,,,,,"苏州赛分科技股份有限公司 首次公开发行股票并在科创板上市招股说明书 序号 股东姓名/名称 股份数量（股） 持股比例（%） 21 甘李药业 2,711,378 0.7398 22 骏耀投资 2,300,000 0.6276 23 朱勤华 2,231,932 0.6090 24 吴征涛 1,807,593 0.4932 25 国药二期 1,789,688 0.4883 26 华泰大健康二号 1,380,391 0.3767 27 聚贝投资 1,355,689 0.3699 28 唐斌 345,472 0.0943 29 道兴投资 322,909 0.0881 30 张敏 237,521 0.0648 31 圣成投资 111,539 0.0304 32 圣祁投资 17,894 0.0049 合计 366,488,394 100.0000 （二）公司内部组织结构 截至本招股说明书签署之日，公司内部组织结构如下图所示： （三）公司控股、参股公司基本情况 截至本招股说明书签署日，发行人共拥有3家全资子公司和1家控股子公司， 1-1-65",持股比例未披露，保留空值
AUTO-SNAP-688758-216,688758,赛分科技,688758_赛分科技.jsonl,226,66,t0/报告期初,,张敏,自然人/其他,0.0648,,,,,"苏州赛分科技股份有限公司 首次公开发行股票并在科创板上市招股说明书 序号 股东姓名/名称 股份数量（股） 持股比例（%） 21 甘李药业 2,711,378 0.7398 22 骏耀投资 2,300,000 0.6276 23 朱勤华 2,231,932 0.6090 24 吴征涛 1,807,593 0.4932 25 国药二期 1,789,688 0.4883 26 华泰大健康二号 1,380,391 0.3767 27 聚贝投资 1,355,689 0.3699 28 唐斌 345,472 0.0943 29 道兴投资 322,909 0.0881 30 张敏 237,521 0.0648 31 圣成投资 111,539 0.0304 32 圣祁投资 17,894 0.0049 合计 366,488,394 100.0000 （二）公司内部组织结构 截至本招股说明书签署之日，公司内部组织结构如下图所示： （三）公司控股、参股公司基本情况 截至本招股说明书签署日，发行人共拥有3家全资子公司和1家控股子公司， 1-1-65",持股比例未披露，保留空值
AUTO-SNAP-688758-217,688758,赛分科技,688758_赛分科技.jsonl,227,66,t0/报告期初,,圣成投资,自然人/其他,0.0304,,,,,"苏州赛分科技股份有限公司 首次公开发行股票并在科创板上市招股说明书 序号 股东姓名/名称 股份数量（股） 持股比例（%） 21 甘李药业 2,711,378 0.7398 22 骏耀投资 2,300,000 0.6276 23 朱勤华 2,231,932 0.6090 24 吴征涛 1,807,593 0.4932 25 国药二期 1,789,688 0.4883 26 华泰大健康二号 1,380,391 0.3767 27 聚贝投资 1,355,689 0.3699 28 唐斌 345,472 0.0943 29 道兴投资 322,909 0.0881 30 张敏 237,521 0.0648 31 圣成投资 111,539 0.0304 32 圣祁投资 17,894 0.0049 合计 366,488,394 100.0000 （二）公司内部组织结构 截至本招股说明书签署之日，公司内部组织结构如下图所示： （三）公司控股、参股公司基本情况 截至本招股说明书签署日，发行人共拥有3家全资子公司和1家控股子公司， 1-1-65",持股比例未披露，保留空值
AUTO-SNAP-688758-218,688758,赛分科技,688758_赛分科技.jsonl,228,66,t0/报告期初,,圣祁投资,自然人/其他,0.0049,,,,,"苏州赛分科技股份有限公司 首次公开发行股票并在科创板上市招股说明书 序号 股东姓名/名称 股份数量（股） 持股比例（%） 21 甘李药业 2,711,378 0.7398 22 骏耀投资 2,300,000 0.6276 23 朱勤华 2,231,932 0.6090 24 吴征涛 1,807,593 0.4932 25 国药二期 1,789,688 0.4883 26 华泰大健康二号 1,380,391 0.3767 27 聚贝投资 1,355,689 0.3699 28 唐斌 345,472 0.0943 29 道兴投资 322,909 0.0881 30 张敏 237,521 0.0648 31 圣成投资 111,539 0.0304 32 圣祁投资 17,894 0.0049 合计 366,488,394 100.0000 （二）公司内部组织结构 截至本招股说明书签署之日，公司内部组织结构如下图所示： （三）公司控股、参股公司基本情况 截至本招股说明书签署日，发行人共拥有3家全资子公司和1家控股子公司， 1-1-65",持股比例未披露，保留空值
AUTO-SNAP-688758-219,688758,赛分科技,688758_赛分科技.jsonl,229,71,t0/报告期初,,1,自然人/其他,,,17.3873,,825.0225,苏州赛分科技股份有限公司 首次公开发行股票并在科创板上市招股说明书 （二）实际控制人控制的其他企业情况 截至本招股说明书签署日，公司实际控制人黄学英博士控制的其他企业有 2 家，具体情况如下： 序号 企业名称 黄学英直接出资比例（%） 主要从事业务情况 1 苏州贤达 17.3873 赛分科技员工持股平台 2 苏州杰贤 53.2239 赛分科技员工持股平台 截至本招股说明书签署日，上述企业基本情况如下： 1、苏州贤达 中文名称： 苏州贤达企业管理合伙企业（有限合伙） 统一社会信用代码： 91320594MA1TDWGA75 中国（江苏）自由贸易试验区苏州片区集贤街 11 号赛分科技研发办 注册地： 公大楼一楼办公室二 类型： 外商投资有限合伙企业 注册资本： 825.0225万元 执行事务合伙人： 黄学英 成立日期： 2017年12月5日 企业管理服务及咨询、商务信息咨询、经济信息咨询。（依法须经批 营业范围： 准的项目，经相关部门批准后方可开展经营活动） 截至本招股说明书签署之日，苏州贤达股权结构如下： 认缴出资额 认缴出资比例 序号 股东姓名 合伙人性质 出资方式 （万元） （%） 1 黄学英 普通合伙人 143.44885 17.3873 货币 2 SHAO-TANG SUN 有限合伙人 184.50000 22.3630 货币 MATHEW 3 有限合伙人 110.70000,股份数/出资额均未披露，进入复核
AUTO-SNAP-688758-220,688758,赛分科技,688758_赛分科技.jsonl,230,71,t0/报告期初,,2,自然人/其他,,,53.2239,,825.0225,苏州赛分科技股份有限公司 首次公开发行股票并在科创板上市招股说明书 （二）实际控制人控制的其他企业情况 截至本招股说明书签署日，公司实际控制人黄学英博士控制的其他企业有 2 家，具体情况如下： 序号 企业名称 黄学英直接出资比例（%） 主要从事业务情况 1 苏州贤达 17.3873 赛分科技员工持股平台 2 苏州杰贤 53.2239 赛分科技员工持股平台 截至本招股说明书签署日，上述企业基本情况如下： 1、苏州贤达 中文名称： 苏州贤达企业管理合伙企业（有限合伙） 统一社会信用代码： 91320594MA1TDWGA75 中国（江苏）自由贸易试验区苏州片区集贤街 11 号赛分科技研发办 注册地： 公大楼一楼办公室二 类型： 外商投资有限合伙企业 注册资本： 825.0225万元 执行事务合伙人： 黄学英 成立日期： 2017年12月5日 企业管理服务及咨询、商务信息咨询、经济信息咨询。（依法须经批 营业范围： 准的项目，经相关部门批准后方可开展经营活动） 截至本招股说明书签署之日，苏州贤达股权结构如下： 认缴出资额 认缴出资比例 序号 股东姓名 合伙人性质 出资方式 （万元） （%） 1 黄学英 普通合伙人 143.44885 17.3873 货币 2 SHAO-TANG SUN 有限合伙人 184.50000 22.3630 货币 MATHEW 3 有限合伙人 110.70000,股份数/出资额均未披露，进入复核
AUTO-SNAP-688758-221,688758,赛分科技,688758_赛分科技.jsonl,231,71,t0/报告期初,,黄学英,自然人/其他,,143.44885,17.3873,,825.0225,苏州赛分科技股份有限公司 首次公开发行股票并在科创板上市招股说明书 （二）实际控制人控制的其他企业情况 截至本招股说明书签署日，公司实际控制人黄学英博士控制的其他企业有 2 家，具体情况如下： 序号 企业名称 黄学英直接出资比例（%） 主要从事业务情况 1 苏州贤达 17.3873 赛分科技员工持股平台 2 苏州杰贤 53.2239 赛分科技员工持股平台 截至本招股说明书签署日，上述企业基本情况如下： 1、苏州贤达 中文名称： 苏州贤达企业管理合伙企业（有限合伙） 统一社会信用代码： 91320594MA1TDWGA75 中国（江苏）自由贸易试验区苏州片区集贤街 11 号赛分科技研发办 注册地： 公大楼一楼办公室二 类型： 外商投资有限合伙企业 注册资本： 825.0225万元 执行事务合伙人： 黄学英 成立日期： 2017年12月5日 企业管理服务及咨询、商务信息咨询、经济信息咨询。（依法须经批 营业范围： 准的项目，经相关部门批准后方可开展经营活动） 截至本招股说明书签署之日，苏州贤达股权结构如下： 认缴出资额 认缴出资比例 序号 股东姓名 合伙人性质 出资方式 （万元） （%） 1 黄学英 普通合伙人 143.44885 17.3873 货币 2 SHAO-TANG SUN 有限合伙人 184.50000 22.3630 货币 MATHEW 3 有限合伙人 110.70000,
AUTO-SNAP-688758-222,688758,赛分科技,688758_赛分科技.jsonl,232,71,t0/报告期初,,SHAO-TANG SUN,自然人/其他,,184.5,22.363,,825.0225,苏州赛分科技股份有限公司 首次公开发行股票并在科创板上市招股说明书 （二）实际控制人控制的其他企业情况 截至本招股说明书签署日，公司实际控制人黄学英博士控制的其他企业有 2 家，具体情况如下： 序号 企业名称 黄学英直接出资比例（%） 主要从事业务情况 1 苏州贤达 17.3873 赛分科技员工持股平台 2 苏州杰贤 53.2239 赛分科技员工持股平台 截至本招股说明书签署日，上述企业基本情况如下： 1、苏州贤达 中文名称： 苏州贤达企业管理合伙企业（有限合伙） 统一社会信用代码： 91320594MA1TDWGA75 中国（江苏）自由贸易试验区苏州片区集贤街 11 号赛分科技研发办 注册地： 公大楼一楼办公室二 类型： 外商投资有限合伙企业 注册资本： 825.0225万元 执行事务合伙人： 黄学英 成立日期： 2017年12月5日 企业管理服务及咨询、商务信息咨询、经济信息咨询。（依法须经批 营业范围： 准的项目，经相关部门批准后方可开展经营活动） 截至本招股说明书签署之日，苏州贤达股权结构如下： 认缴出资额 认缴出资比例 序号 股东姓名 合伙人性质 出资方式 （万元） （%） 1 黄学英 普通合伙人 143.44885 17.3873 货币 2 SHAO-TANG SUN 有限合伙人 184.50000 22.3630 货币 MATHEW 3 有限合伙人 110.70000,
AUTO-SNAP-688758-223,688758,赛分科技,688758_赛分科技.jsonl,233,71,t0/报告期初,,"MATHEW
GEORGE",自然人/其他,,110.7,13.4178,,825.0225,苏州赛分科技股份有限公司 首次公开发行股票并在科创板上市招股说明书 （二）实际控制人控制的其他企业情况 截至本招股说明书签署日，公司实际控制人黄学英博士控制的其他企业有 2 家，具体情况如下： 序号 企业名称 黄学英直接出资比例（%） 主要从事业务情况 1 苏州贤达 17.3873 赛分科技员工持股平台 2 苏州杰贤 53.2239 赛分科技员工持股平台 截至本招股说明书签署日，上述企业基本情况如下： 1、苏州贤达 中文名称： 苏州贤达企业管理合伙企业（有限合伙） 统一社会信用代码： 91320594MA1TDWGA75 中国（江苏）自由贸易试验区苏州片区集贤街 11 号赛分科技研发办 注册地： 公大楼一楼办公室二 类型： 外商投资有限合伙企业 注册资本： 825.0225万元 执行事务合伙人： 黄学英 成立日期： 2017年12月5日 企业管理服务及咨询、商务信息咨询、经济信息咨询。（依法须经批 营业范围： 准的项目，经相关部门批准后方可开展经营活动） 截至本招股说明书签署之日，苏州贤达股权结构如下： 认缴出资额 认缴出资比例 序号 股东姓名 合伙人性质 出资方式 （万元） （%） 1 黄学英 普通合伙人 143.44885 17.3873 货币 2 SHAO-TANG SUN 有限合伙人 184.50000 22.3630 货币 MATHEW 3 有限合伙人 110.70000,
AUTO-SNAP-688758-224,688758,赛分科技,688758_赛分科技.jsonl,234,71,t0/报告期初,,杨克,自然人/其他,,89.9437,10.902,,825.0225,苏州赛分科技股份有限公司 首次公开发行股票并在科创板上市招股说明书 （二）实际控制人控制的其他企业情况 截至本招股说明书签署日，公司实际控制人黄学英博士控制的其他企业有 2 家，具体情况如下： 序号 企业名称 黄学英直接出资比例（%） 主要从事业务情况 1 苏州贤达 17.3873 赛分科技员工持股平台 2 苏州杰贤 53.2239 赛分科技员工持股平台 截至本招股说明书签署日，上述企业基本情况如下： 1、苏州贤达 中文名称： 苏州贤达企业管理合伙企业（有限合伙） 统一社会信用代码： 91320594MA1TDWGA75 中国（江苏）自由贸易试验区苏州片区集贤街 11 号赛分科技研发办 注册地： 公大楼一楼办公室二 类型： 外商投资有限合伙企业 注册资本： 825.0225万元 执行事务合伙人： 黄学英 成立日期： 2017年12月5日 企业管理服务及咨询、商务信息咨询、经济信息咨询。（依法须经批 营业范围： 准的项目，经相关部门批准后方可开展经营活动） 截至本招股说明书签署之日，苏州贤达股权结构如下： 认缴出资额 认缴出资比例 序号 股东姓名 合伙人性质 出资方式 （万元） （%） 1 黄学英 普通合伙人 143.44885 17.3873 货币 2 SHAO-TANG SUN 有限合伙人 184.50000 22.3630 货币 MATHEW 3 有限合伙人 110.70000,
AUTO-SNAP-688758-225,688758,赛分科技,688758_赛分科技.jsonl,235,71,t0/报告期初,,周晓涛,自然人/其他,,83.025,10.0634,,825.0225,苏州赛分科技股份有限公司 首次公开发行股票并在科创板上市招股说明书 （二）实际控制人控制的其他企业情况 截至本招股说明书签署日，公司实际控制人黄学英博士控制的其他企业有 2 家，具体情况如下： 序号 企业名称 黄学英直接出资比例（%） 主要从事业务情况 1 苏州贤达 17.3873 赛分科技员工持股平台 2 苏州杰贤 53.2239 赛分科技员工持股平台 截至本招股说明书签署日，上述企业基本情况如下： 1、苏州贤达 中文名称： 苏州贤达企业管理合伙企业（有限合伙） 统一社会信用代码： 91320594MA1TDWGA75 中国（江苏）自由贸易试验区苏州片区集贤街 11 号赛分科技研发办 注册地： 公大楼一楼办公室二 类型： 外商投资有限合伙企业 注册资本： 825.0225万元 执行事务合伙人： 黄学英 成立日期： 2017年12月5日 企业管理服务及咨询、商务信息咨询、经济信息咨询。（依法须经批 营业范围： 准的项目，经相关部门批准后方可开展经营活动） 截至本招股说明书签署之日，苏州贤达股权结构如下： 认缴出资额 认缴出资比例 序号 股东姓名 合伙人性质 出资方式 （万元） （%） 1 黄学英 普通合伙人 143.44885 17.3873 货币 2 SHAO-TANG SUN 有限合伙人 184.50000 22.3630 货币 MATHEW 3 有限合伙人 110.70000,
AUTO-SNAP-688758-226,688758,赛分科技,688758_赛分科技.jsonl,236,71,t0/报告期初,,"KATHLEEN LEE
FALLS",自然人/其他,,33.21,4.0253,,825.0225,苏州赛分科技股份有限公司 首次公开发行股票并在科创板上市招股说明书 （二）实际控制人控制的其他企业情况 截至本招股说明书签署日，公司实际控制人黄学英博士控制的其他企业有 2 家，具体情况如下： 序号 企业名称 黄学英直接出资比例（%） 主要从事业务情况 1 苏州贤达 17.3873 赛分科技员工持股平台 2 苏州杰贤 53.2239 赛分科技员工持股平台 截至本招股说明书签署日，上述企业基本情况如下： 1、苏州贤达 中文名称： 苏州贤达企业管理合伙企业（有限合伙） 统一社会信用代码： 91320594MA1TDWGA75 中国（江苏）自由贸易试验区苏州片区集贤街 11 号赛分科技研发办 注册地： 公大楼一楼办公室二 类型： 外商投资有限合伙企业 注册资本： 825.0225万元 执行事务合伙人： 黄学英 成立日期： 2017年12月5日 企业管理服务及咨询、商务信息咨询、经济信息咨询。（依法须经批 营业范围： 准的项目，经相关部门批准后方可开展经营活动） 截至本招股说明书签署之日，苏州贤达股权结构如下： 认缴出资额 认缴出资比例 序号 股东姓名 合伙人性质 出资方式 （万元） （%） 1 黄学英 普通合伙人 143.44885 17.3873 货币 2 SHAO-TANG SUN 有限合伙人 184.50000 22.3630 货币 MATHEW 3 有限合伙人 110.70000,
AUTO-SNAP-688758-227,688758,赛分科技,688758_赛分科技.jsonl,237,71,t0/报告期初,,"CHING-CHERNG
LEE",自然人/其他,,30.75,3.7272,,825.0225,苏州赛分科技股份有限公司 首次公开发行股票并在科创板上市招股说明书 （二）实际控制人控制的其他企业情况 截至本招股说明书签署日，公司实际控制人黄学英博士控制的其他企业有 2 家，具体情况如下： 序号 企业名称 黄学英直接出资比例（%） 主要从事业务情况 1 苏州贤达 17.3873 赛分科技员工持股平台 2 苏州杰贤 53.2239 赛分科技员工持股平台 截至本招股说明书签署日，上述企业基本情况如下： 1、苏州贤达 中文名称： 苏州贤达企业管理合伙企业（有限合伙） 统一社会信用代码： 91320594MA1TDWGA75 中国（江苏）自由贸易试验区苏州片区集贤街 11 号赛分科技研发办 注册地： 公大楼一楼办公室二 类型： 外商投资有限合伙企业 注册资本： 825.0225万元 执行事务合伙人： 黄学英 成立日期： 2017年12月5日 企业管理服务及咨询、商务信息咨询、经济信息咨询。（依法须经批 营业范围： 准的项目，经相关部门批准后方可开展经营活动） 截至本招股说明书签署之日，苏州贤达股权结构如下： 认缴出资额 认缴出资比例 序号 股东姓名 合伙人性质 出资方式 （万元） （%） 1 黄学英 普通合伙人 143.44885 17.3873 货币 2 SHAO-TANG SUN 有限合伙人 184.50000 22.3630 货币 MATHEW 3 有限合伙人 110.70000,
AUTO-SNAP-688758-228,688758,赛分科技,688758_赛分科技.jsonl,238,71,t0/报告期初,,吴颋㑇,自然人/其他,,27.675,3.3545,,825.0225,苏州赛分科技股份有限公司 首次公开发行股票并在科创板上市招股说明书 （二）实际控制人控制的其他企业情况 截至本招股说明书签署日，公司实际控制人黄学英博士控制的其他企业有 2 家，具体情况如下： 序号 企业名称 黄学英直接出资比例（%） 主要从事业务情况 1 苏州贤达 17.3873 赛分科技员工持股平台 2 苏州杰贤 53.2239 赛分科技员工持股平台 截至本招股说明书签署日，上述企业基本情况如下： 1、苏州贤达 中文名称： 苏州贤达企业管理合伙企业（有限合伙） 统一社会信用代码： 91320594MA1TDWGA75 中国（江苏）自由贸易试验区苏州片区集贤街 11 号赛分科技研发办 注册地： 公大楼一楼办公室二 类型： 外商投资有限合伙企业 注册资本： 825.0225万元 执行事务合伙人： 黄学英 成立日期： 2017年12月5日 企业管理服务及咨询、商务信息咨询、经济信息咨询。（依法须经批 营业范围： 准的项目，经相关部门批准后方可开展经营活动） 截至本招股说明书签署之日，苏州贤达股权结构如下： 认缴出资额 认缴出资比例 序号 股东姓名 合伙人性质 出资方式 （万元） （%） 1 黄学英 普通合伙人 143.44885 17.3873 货币 2 SHAO-TANG SUN 有限合伙人 184.50000 22.3630 货币 MATHEW 3 有限合伙人 110.70000,
AUTO-SNAP-688758-229,688758,赛分科技,688758_赛分科技.jsonl,239,71,t0/报告期初,,范晨,自然人/其他,,16.605,2.0127,,825.0225,苏州赛分科技股份有限公司 首次公开发行股票并在科创板上市招股说明书 （二）实际控制人控制的其他企业情况 截至本招股说明书签署日，公司实际控制人黄学英博士控制的其他企业有 2 家，具体情况如下： 序号 企业名称 黄学英直接出资比例（%） 主要从事业务情况 1 苏州贤达 17.3873 赛分科技员工持股平台 2 苏州杰贤 53.2239 赛分科技员工持股平台 截至本招股说明书签署日，上述企业基本情况如下： 1、苏州贤达 中文名称： 苏州贤达企业管理合伙企业（有限合伙） 统一社会信用代码： 91320594MA1TDWGA75 中国（江苏）自由贸易试验区苏州片区集贤街 11 号赛分科技研发办 注册地： 公大楼一楼办公室二 类型： 外商投资有限合伙企业 注册资本： 825.0225万元 执行事务合伙人： 黄学英 成立日期： 2017年12月5日 企业管理服务及咨询、商务信息咨询、经济信息咨询。（依法须经批 营业范围： 准的项目，经相关部门批准后方可开展经营活动） 截至本招股说明书签署之日，苏州贤达股权结构如下： 认缴出资额 认缴出资比例 序号 股东姓名 合伙人性质 出资方式 （万元） （%） 1 黄学英 普通合伙人 143.44885 17.3873 货币 2 SHAO-TANG SUN 有限合伙人 184.50000 22.3630 货币 MATHEW 3 有限合伙人 110.70000,
AUTO-SNAP-688758-230,688758,赛分科技,688758_赛分科技.jsonl,240,71,t0/报告期初,,YI HUANG,自然人/其他,,16.605,2.0127,,825.0225,苏州赛分科技股份有限公司 首次公开发行股票并在科创板上市招股说明书 （二）实际控制人控制的其他企业情况 截至本招股说明书签署日，公司实际控制人黄学英博士控制的其他企业有 2 家，具体情况如下： 序号 企业名称 黄学英直接出资比例（%） 主要从事业务情况 1 苏州贤达 17.3873 赛分科技员工持股平台 2 苏州杰贤 53.2239 赛分科技员工持股平台 截至本招股说明书签署日，上述企业基本情况如下： 1、苏州贤达 中文名称： 苏州贤达企业管理合伙企业（有限合伙） 统一社会信用代码： 91320594MA1TDWGA75 中国（江苏）自由贸易试验区苏州片区集贤街 11 号赛分科技研发办 注册地： 公大楼一楼办公室二 类型： 外商投资有限合伙企业 注册资本： 825.0225万元 执行事务合伙人： 黄学英 成立日期： 2017年12月5日 企业管理服务及咨询、商务信息咨询、经济信息咨询。（依法须经批 营业范围： 准的项目，经相关部门批准后方可开展经营活动） 截至本招股说明书签署之日，苏州贤达股权结构如下： 认缴出资额 认缴出资比例 序号 股东姓名 合伙人性质 出资方式 （万元） （%） 1 黄学英 普通合伙人 143.44885 17.3873 货币 2 SHAO-TANG SUN 有限合伙人 184.50000 22.3630 货币 MATHEW 3 有限合伙人 110.70000,
AUTO-SNAP-688758-231,688758,赛分科技,688758_赛分科技.jsonl,241,71,t0/报告期初,,SHENYI WANG,自然人/其他,,16.605,2.0127,,825.0225,苏州赛分科技股份有限公司 首次公开发行股票并在科创板上市招股说明书 （二）实际控制人控制的其他企业情况 截至本招股说明书签署日，公司实际控制人黄学英博士控制的其他企业有 2 家，具体情况如下： 序号 企业名称 黄学英直接出资比例（%） 主要从事业务情况 1 苏州贤达 17.3873 赛分科技员工持股平台 2 苏州杰贤 53.2239 赛分科技员工持股平台 截至本招股说明书签署日，上述企业基本情况如下： 1、苏州贤达 中文名称： 苏州贤达企业管理合伙企业（有限合伙） 统一社会信用代码： 91320594MA1TDWGA75 中国（江苏）自由贸易试验区苏州片区集贤街 11 号赛分科技研发办 注册地： 公大楼一楼办公室二 类型： 外商投资有限合伙企业 注册资本： 825.0225万元 执行事务合伙人： 黄学英 成立日期： 2017年12月5日 企业管理服务及咨询、商务信息咨询、经济信息咨询。（依法须经批 营业范围： 准的项目，经相关部门批准后方可开展经营活动） 截至本招股说明书签署之日，苏州贤达股权结构如下： 认缴出资额 认缴出资比例 序号 股东姓名 合伙人性质 出资方式 （万元） （%） 1 黄学英 普通合伙人 143.44885 17.3873 货币 2 SHAO-TANG SUN 有限合伙人 184.50000 22.3630 货币 MATHEW 3 有限合伙人 110.70000,
AUTO-SNAP-688758-232,688758,赛分科技,688758_赛分科技.jsonl,242,72,t0/报告期初,,"LUCERO SIERRA
GIBBONS",自然人/其他,,16.605,2.0127,,427.302,苏州赛分科技股份有限公司 首次公开发行股票并在科创板上市招股说明书 认缴出资额 认缴出资比例 序号 股东姓名 合伙人性质 出资方式 （万元） （%） LUCERO SIERRA 12 有限合伙人 16.60500 2.0127 货币 GIBBONS 13 毛慧明 有限合伙人 33.20995 4.0253 货币 14 周建新 有限合伙人 11.07000 1.3418 货币 15 TAH BEN HSU 有限合伙人 11.07000 1.3418 货币 合计 / 825.02250 100.0000 / 注1：苏州贤达人员构成系发行人国外员工。其中：TAH BEN HSU自2014年至2019 年底担任美国赛分顾问，非美国赛分正式员工，基于其对公司业务的贡献，向其授予合伙企 业份额；YI HUANG自2009年入职美国赛分担任会计，2014年离职后一直担任公司的财务 顾问，基于其对公司业务的贡献，向其授予合伙企业份额。 注2：2024年2月，发行人员工JIAN XU离职，其所持有的苏州贤达合伙份额转让给 普通合伙人黄学英。 2、苏州杰贤 中文名称： 苏州杰贤企业管理合伙企业（有限合伙） 统一社会信用代码： 91320594MA1TDWHX1U 中国（江苏）自由贸易试验区苏州片区集贤街 11 号赛分科技研发办 注册地： 公大楼一楼办公室一 类型： 有限合伙企业 注册资本： 427.3,
AUTO-SNAP-688758-233,688758,赛分科技,688758_赛分科技.jsonl,243,72,t0/报告期初,,毛慧明,自然人/其他,,33.20995,4.0253,,427.302,苏州赛分科技股份有限公司 首次公开发行股票并在科创板上市招股说明书 认缴出资额 认缴出资比例 序号 股东姓名 合伙人性质 出资方式 （万元） （%） LUCERO SIERRA 12 有限合伙人 16.60500 2.0127 货币 GIBBONS 13 毛慧明 有限合伙人 33.20995 4.0253 货币 14 周建新 有限合伙人 11.07000 1.3418 货币 15 TAH BEN HSU 有限合伙人 11.07000 1.3418 货币 合计 / 825.02250 100.0000 / 注1：苏州贤达人员构成系发行人国外员工。其中：TAH BEN HSU自2014年至2019 年底担任美国赛分顾问，非美国赛分正式员工，基于其对公司业务的贡献，向其授予合伙企 业份额；YI HUANG自2009年入职美国赛分担任会计，2014年离职后一直担任公司的财务 顾问，基于其对公司业务的贡献，向其授予合伙企业份额。 注2：2024年2月，发行人员工JIAN XU离职，其所持有的苏州贤达合伙份额转让给 普通合伙人黄学英。 2、苏州杰贤 中文名称： 苏州杰贤企业管理合伙企业（有限合伙） 统一社会信用代码： 91320594MA1TDWHX1U 中国（江苏）自由贸易试验区苏州片区集贤街 11 号赛分科技研发办 注册地： 公大楼一楼办公室一 类型： 有限合伙企业 注册资本： 427.3,
AUTO-SNAP-688758-234,688758,赛分科技,688758_赛分科技.jsonl,244,72,t0/报告期初,,周建新,自然人/其他,,11.07,1.3418,,427.302,苏州赛分科技股份有限公司 首次公开发行股票并在科创板上市招股说明书 认缴出资额 认缴出资比例 序号 股东姓名 合伙人性质 出资方式 （万元） （%） LUCERO SIERRA 12 有限合伙人 16.60500 2.0127 货币 GIBBONS 13 毛慧明 有限合伙人 33.20995 4.0253 货币 14 周建新 有限合伙人 11.07000 1.3418 货币 15 TAH BEN HSU 有限合伙人 11.07000 1.3418 货币 合计 / 825.02250 100.0000 / 注1：苏州贤达人员构成系发行人国外员工。其中：TAH BEN HSU自2014年至2019 年底担任美国赛分顾问，非美国赛分正式员工，基于其对公司业务的贡献，向其授予合伙企 业份额；YI HUANG自2009年入职美国赛分担任会计，2014年离职后一直担任公司的财务 顾问，基于其对公司业务的贡献，向其授予合伙企业份额。 注2：2024年2月，发行人员工JIAN XU离职，其所持有的苏州贤达合伙份额转让给 普通合伙人黄学英。 2、苏州杰贤 中文名称： 苏州杰贤企业管理合伙企业（有限合伙） 统一社会信用代码： 91320594MA1TDWHX1U 中国（江苏）自由贸易试验区苏州片区集贤街 11 号赛分科技研发办 注册地： 公大楼一楼办公室一 类型： 有限合伙企业 注册资本： 427.3,
AUTO-SNAP-688758-235,688758,赛分科技,688758_赛分科技.jsonl,245,72,t0/报告期初,,TAH BEN HSU,自然人/其他,,11.07,1.3418,,427.302,苏州赛分科技股份有限公司 首次公开发行股票并在科创板上市招股说明书 认缴出资额 认缴出资比例 序号 股东姓名 合伙人性质 出资方式 （万元） （%） LUCERO SIERRA 12 有限合伙人 16.60500 2.0127 货币 GIBBONS 13 毛慧明 有限合伙人 33.20995 4.0253 货币 14 周建新 有限合伙人 11.07000 1.3418 货币 15 TAH BEN HSU 有限合伙人 11.07000 1.3418 货币 合计 / 825.02250 100.0000 / 注1：苏州贤达人员构成系发行人国外员工。其中：TAH BEN HSU自2014年至2019 年底担任美国赛分顾问，非美国赛分正式员工，基于其对公司业务的贡献，向其授予合伙企 业份额；YI HUANG自2009年入职美国赛分担任会计，2014年离职后一直担任公司的财务 顾问，基于其对公司业务的贡献，向其授予合伙企业份额。 注2：2024年2月，发行人员工JIAN XU离职，其所持有的苏州贤达合伙份额转让给 普通合伙人黄学英。 2、苏州杰贤 中文名称： 苏州杰贤企业管理合伙企业（有限合伙） 统一社会信用代码： 91320594MA1TDWHX1U 中国（江苏）自由贸易试验区苏州片区集贤街 11 号赛分科技研发办 注册地： 公大楼一楼办公室一 类型： 有限合伙企业 注册资本： 427.3,
AUTO-SNAP-688758-236,688758,赛分科技,688758_赛分科技.jsonl,246,72,t0/报告期初,,黄学英,自然人/其他,,227.427,53.2239,,427.302,苏州赛分科技股份有限公司 首次公开发行股票并在科创板上市招股说明书 认缴出资额 认缴出资比例 序号 股东姓名 合伙人性质 出资方式 （万元） （%） LUCERO SIERRA 12 有限合伙人 16.60500 2.0127 货币 GIBBONS 13 毛慧明 有限合伙人 33.20995 4.0253 货币 14 周建新 有限合伙人 11.07000 1.3418 货币 15 TAH BEN HSU 有限合伙人 11.07000 1.3418 货币 合计 / 825.02250 100.0000 / 注1：苏州贤达人员构成系发行人国外员工。其中：TAH BEN HSU自2014年至2019 年底担任美国赛分顾问，非美国赛分正式员工，基于其对公司业务的贡献，向其授予合伙企 业份额；YI HUANG自2009年入职美国赛分担任会计，2014年离职后一直担任公司的财务 顾问，基于其对公司业务的贡献，向其授予合伙企业份额。 注2：2024年2月，发行人员工JIAN XU离职，其所持有的苏州贤达合伙份额转让给 普通合伙人黄学英。 2、苏州杰贤 中文名称： 苏州杰贤企业管理合伙企业（有限合伙） 统一社会信用代码： 91320594MA1TDWHX1U 中国（江苏）自由贸易试验区苏州片区集贤街 11 号赛分科技研发办 注册地： 公大楼一楼办公室一 类型： 有限合伙企业 注册资本： 427.3,
AUTO-SNAP-688758-237,688758,赛分科技,688758_赛分科技.jsonl,247,72,t0/报告期初,,刘干,自然人/其他,,61.5,14.3926,,427.302,苏州赛分科技股份有限公司 首次公开发行股票并在科创板上市招股说明书 认缴出资额 认缴出资比例 序号 股东姓名 合伙人性质 出资方式 （万元） （%） LUCERO SIERRA 12 有限合伙人 16.60500 2.0127 货币 GIBBONS 13 毛慧明 有限合伙人 33.20995 4.0253 货币 14 周建新 有限合伙人 11.07000 1.3418 货币 15 TAH BEN HSU 有限合伙人 11.07000 1.3418 货币 合计 / 825.02250 100.0000 / 注1：苏州贤达人员构成系发行人国外员工。其中：TAH BEN HSU自2014年至2019 年底担任美国赛分顾问，非美国赛分正式员工，基于其对公司业务的贡献，向其授予合伙企 业份额；YI HUANG自2009年入职美国赛分担任会计，2014年离职后一直担任公司的财务 顾问，基于其对公司业务的贡献，向其授予合伙企业份额。 注2：2024年2月，发行人员工JIAN XU离职，其所持有的苏州贤达合伙份额转让给 普通合伙人黄学英。 2、苏州杰贤 中文名称： 苏州杰贤企业管理合伙企业（有限合伙） 统一社会信用代码： 91320594MA1TDWHX1U 中国（江苏）自由贸易试验区苏州片区集贤街 11 号赛分科技研发办 注册地： 公大楼一楼办公室一 类型： 有限合伙企业 注册资本： 427.3,
AUTO-SNAP-688758-238,688758,赛分科技,688758_赛分科技.jsonl,248,72,t0/报告期初,,丁忠,自然人/其他,,21.525,5.0374,,427.302,苏州赛分科技股份有限公司 首次公开发行股票并在科创板上市招股说明书 认缴出资额 认缴出资比例 序号 股东姓名 合伙人性质 出资方式 （万元） （%） LUCERO SIERRA 12 有限合伙人 16.60500 2.0127 货币 GIBBONS 13 毛慧明 有限合伙人 33.20995 4.0253 货币 14 周建新 有限合伙人 11.07000 1.3418 货币 15 TAH BEN HSU 有限合伙人 11.07000 1.3418 货币 合计 / 825.02250 100.0000 / 注1：苏州贤达人员构成系发行人国外员工。其中：TAH BEN HSU自2014年至2019 年底担任美国赛分顾问，非美国赛分正式员工，基于其对公司业务的贡献，向其授予合伙企 业份额；YI HUANG自2009年入职美国赛分担任会计，2014年离职后一直担任公司的财务 顾问，基于其对公司业务的贡献，向其授予合伙企业份额。 注2：2024年2月，发行人员工JIAN XU离职，其所持有的苏州贤达合伙份额转让给 普通合伙人黄学英。 2、苏州杰贤 中文名称： 苏州杰贤企业管理合伙企业（有限合伙） 统一社会信用代码： 91320594MA1TDWHX1U 中国（江苏）自由贸易试验区苏州片区集贤街 11 号赛分科技研发办 注册地： 公大楼一楼办公室一 类型： 有限合伙企业 注册资本： 427.3,
AUTO-SNAP-688758-239,688758,赛分科技,688758_赛分科技.jsonl,249,72,t0/报告期初,,徐新东,自然人/其他,,18.45,4.3178,,427.302,苏州赛分科技股份有限公司 首次公开发行股票并在科创板上市招股说明书 认缴出资额 认缴出资比例 序号 股东姓名 合伙人性质 出资方式 （万元） （%） LUCERO SIERRA 12 有限合伙人 16.60500 2.0127 货币 GIBBONS 13 毛慧明 有限合伙人 33.20995 4.0253 货币 14 周建新 有限合伙人 11.07000 1.3418 货币 15 TAH BEN HSU 有限合伙人 11.07000 1.3418 货币 合计 / 825.02250 100.0000 / 注1：苏州贤达人员构成系发行人国外员工。其中：TAH BEN HSU自2014年至2019 年底担任美国赛分顾问，非美国赛分正式员工，基于其对公司业务的贡献，向其授予合伙企 业份额；YI HUANG自2009年入职美国赛分担任会计，2014年离职后一直担任公司的财务 顾问，基于其对公司业务的贡献，向其授予合伙企业份额。 注2：2024年2月，发行人员工JIAN XU离职，其所持有的苏州贤达合伙份额转让给 普通合伙人黄学英。 2、苏州杰贤 中文名称： 苏州杰贤企业管理合伙企业（有限合伙） 统一社会信用代码： 91320594MA1TDWHX1U 中国（江苏）自由贸易试验区苏州片区集贤街 11 号赛分科技研发办 注册地： 公大楼一楼办公室一 类型： 有限合伙企业 注册资本： 427.3,
AUTO-SNAP-688758-240,688758,赛分科技,688758_赛分科技.jsonl,250,72,t0/报告期初,,卞庆莲,自然人/其他,,15.375,3.5982,,427.302,苏州赛分科技股份有限公司 首次公开发行股票并在科创板上市招股说明书 认缴出资额 认缴出资比例 序号 股东姓名 合伙人性质 出资方式 （万元） （%） LUCERO SIERRA 12 有限合伙人 16.60500 2.0127 货币 GIBBONS 13 毛慧明 有限合伙人 33.20995 4.0253 货币 14 周建新 有限合伙人 11.07000 1.3418 货币 15 TAH BEN HSU 有限合伙人 11.07000 1.3418 货币 合计 / 825.02250 100.0000 / 注1：苏州贤达人员构成系发行人国外员工。其中：TAH BEN HSU自2014年至2019 年底担任美国赛分顾问，非美国赛分正式员工，基于其对公司业务的贡献，向其授予合伙企 业份额；YI HUANG自2009年入职美国赛分担任会计，2014年离职后一直担任公司的财务 顾问，基于其对公司业务的贡献，向其授予合伙企业份额。 注2：2024年2月，发行人员工JIAN XU离职，其所持有的苏州贤达合伙份额转让给 普通合伙人黄学英。 2、苏州杰贤 中文名称： 苏州杰贤企业管理合伙企业（有限合伙） 统一社会信用代码： 91320594MA1TDWHX1U 中国（江苏）自由贸易试验区苏州片区集贤街 11 号赛分科技研发办 注册地： 公大楼一楼办公室一 类型： 有限合伙企业 注册资本： 427.3,
AUTO-SNAP-688758-241,688758,赛分科技,688758_赛分科技.jsonl,251,72,t0/报告期初,,丁良龙,自然人/其他,,15.375,3.5982,,427.302,苏州赛分科技股份有限公司 首次公开发行股票并在科创板上市招股说明书 认缴出资额 认缴出资比例 序号 股东姓名 合伙人性质 出资方式 （万元） （%） LUCERO SIERRA 12 有限合伙人 16.60500 2.0127 货币 GIBBONS 13 毛慧明 有限合伙人 33.20995 4.0253 货币 14 周建新 有限合伙人 11.07000 1.3418 货币 15 TAH BEN HSU 有限合伙人 11.07000 1.3418 货币 合计 / 825.02250 100.0000 / 注1：苏州贤达人员构成系发行人国外员工。其中：TAH BEN HSU自2014年至2019 年底担任美国赛分顾问，非美国赛分正式员工，基于其对公司业务的贡献，向其授予合伙企 业份额；YI HUANG自2009年入职美国赛分担任会计，2014年离职后一直担任公司的财务 顾问，基于其对公司业务的贡献，向其授予合伙企业份额。 注2：2024年2月，发行人员工JIAN XU离职，其所持有的苏州贤达合伙份额转让给 普通合伙人黄学英。 2、苏州杰贤 中文名称： 苏州杰贤企业管理合伙企业（有限合伙） 统一社会信用代码： 91320594MA1TDWHX1U 中国（江苏）自由贸易试验区苏州片区集贤街 11 号赛分科技研发办 注册地： 公大楼一楼办公室一 类型： 有限合伙企业 注册资本： 427.3,
AUTO-SNAP-688758-242,688758,赛分科技,688758_赛分科技.jsonl,252,72,t0/报告期初,,张伍保,自然人/其他,,15.375,3.5982,,427.302,苏州赛分科技股份有限公司 首次公开发行股票并在科创板上市招股说明书 认缴出资额 认缴出资比例 序号 股东姓名 合伙人性质 出资方式 （万元） （%） LUCERO SIERRA 12 有限合伙人 16.60500 2.0127 货币 GIBBONS 13 毛慧明 有限合伙人 33.20995 4.0253 货币 14 周建新 有限合伙人 11.07000 1.3418 货币 15 TAH BEN HSU 有限合伙人 11.07000 1.3418 货币 合计 / 825.02250 100.0000 / 注1：苏州贤达人员构成系发行人国外员工。其中：TAH BEN HSU自2014年至2019 年底担任美国赛分顾问，非美国赛分正式员工，基于其对公司业务的贡献，向其授予合伙企 业份额；YI HUANG自2009年入职美国赛分担任会计，2014年离职后一直担任公司的财务 顾问，基于其对公司业务的贡献，向其授予合伙企业份额。 注2：2024年2月，发行人员工JIAN XU离职，其所持有的苏州贤达合伙份额转让给 普通合伙人黄学英。 2、苏州杰贤 中文名称： 苏州杰贤企业管理合伙企业（有限合伙） 统一社会信用代码： 91320594MA1TDWHX1U 中国（江苏）自由贸易试验区苏州片区集贤街 11 号赛分科技研发办 注册地： 公大楼一楼办公室一 类型： 有限合伙企业 注册资本： 427.3,
AUTO-SNAP-688758-243,688758,赛分科技,688758_赛分科技.jsonl,253,72,t0/报告期初,,戴丽,自然人/其他,,15.375,3.5982,,427.302,苏州赛分科技股份有限公司 首次公开发行股票并在科创板上市招股说明书 认缴出资额 认缴出资比例 序号 股东姓名 合伙人性质 出资方式 （万元） （%） LUCERO SIERRA 12 有限合伙人 16.60500 2.0127 货币 GIBBONS 13 毛慧明 有限合伙人 33.20995 4.0253 货币 14 周建新 有限合伙人 11.07000 1.3418 货币 15 TAH BEN HSU 有限合伙人 11.07000 1.3418 货币 合计 / 825.02250 100.0000 / 注1：苏州贤达人员构成系发行人国外员工。其中：TAH BEN HSU自2014年至2019 年底担任美国赛分顾问，非美国赛分正式员工，基于其对公司业务的贡献，向其授予合伙企 业份额；YI HUANG自2009年入职美国赛分担任会计，2014年离职后一直担任公司的财务 顾问，基于其对公司业务的贡献，向其授予合伙企业份额。 注2：2024年2月，发行人员工JIAN XU离职，其所持有的苏州贤达合伙份额转让给 普通合伙人黄学英。 2、苏州杰贤 中文名称： 苏州杰贤企业管理合伙企业（有限合伙） 统一社会信用代码： 91320594MA1TDWHX1U 中国（江苏）自由贸易试验区苏州片区集贤街 11 号赛分科技研发办 注册地： 公大楼一楼办公室一 类型： 有限合伙企业 注册资本： 427.3,
AUTO-SNAP-688758-244,688758,赛分科技,688758_赛分科技.jsonl,254,72,t0/报告期初,,胡新妹,自然人/其他,,15.375,3.5982,,427.302,苏州赛分科技股份有限公司 首次公开发行股票并在科创板上市招股说明书 认缴出资额 认缴出资比例 序号 股东姓名 合伙人性质 出资方式 （万元） （%） LUCERO SIERRA 12 有限合伙人 16.60500 2.0127 货币 GIBBONS 13 毛慧明 有限合伙人 33.20995 4.0253 货币 14 周建新 有限合伙人 11.07000 1.3418 货币 15 TAH BEN HSU 有限合伙人 11.07000 1.3418 货币 合计 / 825.02250 100.0000 / 注1：苏州贤达人员构成系发行人国外员工。其中：TAH BEN HSU自2014年至2019 年底担任美国赛分顾问，非美国赛分正式员工，基于其对公司业务的贡献，向其授予合伙企 业份额；YI HUANG自2009年入职美国赛分担任会计，2014年离职后一直担任公司的财务 顾问，基于其对公司业务的贡献，向其授予合伙企业份额。 注2：2024年2月，发行人员工JIAN XU离职，其所持有的苏州贤达合伙份额转让给 普通合伙人黄学英。 2、苏州杰贤 中文名称： 苏州杰贤企业管理合伙企业（有限合伙） 统一社会信用代码： 91320594MA1TDWHX1U 中国（江苏）自由贸易试验区苏州片区集贤街 11 号赛分科技研发办 注册地： 公大楼一楼办公室一 类型： 有限合伙企业 注册资本： 427.3,
AUTO-SNAP-688758-245,688758,赛分科技,688758_赛分科技.jsonl,255,72,t0/报告期初,,杨元营,自然人/其他,,12.3,2.8785,,427.302,苏州赛分科技股份有限公司 首次公开发行股票并在科创板上市招股说明书 认缴出资额 认缴出资比例 序号 股东姓名 合伙人性质 出资方式 （万元） （%） LUCERO SIERRA 12 有限合伙人 16.60500 2.0127 货币 GIBBONS 13 毛慧明 有限合伙人 33.20995 4.0253 货币 14 周建新 有限合伙人 11.07000 1.3418 货币 15 TAH BEN HSU 有限合伙人 11.07000 1.3418 货币 合计 / 825.02250 100.0000 / 注1：苏州贤达人员构成系发行人国外员工。其中：TAH BEN HSU自2014年至2019 年底担任美国赛分顾问，非美国赛分正式员工，基于其对公司业务的贡献，向其授予合伙企 业份额；YI HUANG自2009年入职美国赛分担任会计，2014年离职后一直担任公司的财务 顾问，基于其对公司业务的贡献，向其授予合伙企业份额。 注2：2024年2月，发行人员工JIAN XU离职，其所持有的苏州贤达合伙份额转让给 普通合伙人黄学英。 2、苏州杰贤 中文名称： 苏州杰贤企业管理合伙企业（有限合伙） 统一社会信用代码： 91320594MA1TDWHX1U 中国（江苏）自由贸易试验区苏州片区集贤街 11 号赛分科技研发办 注册地： 公大楼一楼办公室一 类型： 有限合伙企业 注册资本： 427.3,
AUTO-SNAP-688758-246,688758,赛分科技,688758_赛分科技.jsonl,256,73,t0/报告期初,,黄杰,自然人/其他,,9.225,2.1589,,,苏州赛分科技股份有限公司 首次公开发行股票并在科创板上市招股说明书 合伙人姓名 认缴出资额 认缴出资比例 序号 合伙人性质 出资方式 /名称 （万元） （%） 11 黄杰 有限合伙人 9.2250 2.1589 货币 合计 / 427.3020 100.0000 / 注：苏州杰贤人员构成系发行人国内员工，其中丁忠于2019年4月离职。 3、员工持股计划遵循“闭环原则” 公司股权激励方案约定：在赛分科技上市或者被并购之前，有限合伙人可以 选择全部或者部分转让本合伙企业股权份额，只能转让给普通合伙人（即黄学英）， 普通合伙人需要出资购买有限合伙人的份额。 苏州贤达、苏州杰贤承诺，自发行人股票上市之日起 36 个月内，不转让或 者委托他人管理直接和间接持有的发行人首次公开发行股票前已发行股份，也不 由发行人回购该部分股份。 （三）其他持有公司 5%以上股份的主要股东情况 截至本招股说明书签署日，公司除控股股东外，直接或间接持股比例超过 5%的其他主要股东及其关联方情况如下： 1、周金清 周金清，男，生于 1941 年，中国国籍，无境外永久居留权，身份证号 32042119411122****。截至本招股说明书签署日，周金清直接持有公司 8.79%的 股份。 周金清现任江苏鸿联置业集团有限公司董事、上海元光投资有限公司执行董 事、江苏鸿联建材有限公司监事、常州市葑岸电镀有限公司监事、常州市,
AUTO-SNAP-688758-247,688758,赛分科技,688758_赛分科技.jsonl,257,81,t0/报告期初,,黄学英,自然人/其他,,,,366.0,,"苏州赛分科技股份有限公司 首次公开发行股票并在科创板上市招股说明书 七、发行人特别表决权股份或类似安排的情形 截至本招股说明书签署之日，公司不存在特别表决权股份或类似安排。 八、发行人协议控制架构的情形 截至本招股说明书签署之日，公司不存在协议控制架构的情形。 九、发行人控股股东、实际控制人重大违法的情况 报告期内，发行人控股股东、实际控制人不存在贪污、贿赂、侵占财产、挪 用财产或者破坏社会主义市场经济秩序的刑事犯罪，不存在欺诈发行、重大信息 披露违法或者其他涉及国家安全、公共安全、生态安全、生产安全、公众健康安 全等领域的重大违法行为。 十、公司股本情况 （一）本次发行前后的股本结构 本次发行前，公司总股本为 366,488,394股。本次向社会公众发行 49,975,690 股，占发行完成后公司总股本的比例约为 12.00%。本次发行前后公司股本结构 如下： 发行前 发行后 序号 股东名称 持股数量 持股比例 持股数量 持股比例 （股） （%） （股） （%） 1 黄学英 92,364,177 25.2025 92,364,177 22.1782 2 周金清 32,200,000 8.7861 32,200,000 7.7318 3 高新同华 31,050,000 8.4723 31,050,000 7.4556 4 陆民 29,601,000 8.0769 29,601,00",持股比例未披露，保留空值|股份数/出资额均未披露，进入复核
AUTO-SNAP-688758-248,688758,赛分科技,688758_赛分科技.jsonl,258,81,t0/报告期初,,周金清,自然人/其他,,,,366.0,,"苏州赛分科技股份有限公司 首次公开发行股票并在科创板上市招股说明书 七、发行人特别表决权股份或类似安排的情形 截至本招股说明书签署之日，公司不存在特别表决权股份或类似安排。 八、发行人协议控制架构的情形 截至本招股说明书签署之日，公司不存在协议控制架构的情形。 九、发行人控股股东、实际控制人重大违法的情况 报告期内，发行人控股股东、实际控制人不存在贪污、贿赂、侵占财产、挪 用财产或者破坏社会主义市场经济秩序的刑事犯罪，不存在欺诈发行、重大信息 披露违法或者其他涉及国家安全、公共安全、生态安全、生产安全、公众健康安 全等领域的重大违法行为。 十、公司股本情况 （一）本次发行前后的股本结构 本次发行前，公司总股本为 366,488,394股。本次向社会公众发行 49,975,690 股，占发行完成后公司总股本的比例约为 12.00%。本次发行前后公司股本结构 如下： 发行前 发行后 序号 股东名称 持股数量 持股比例 持股数量 持股比例 （股） （%） （股） （%） 1 黄学英 92,364,177 25.2025 92,364,177 22.1782 2 周金清 32,200,000 8.7861 32,200,000 7.7318 3 高新同华 31,050,000 8.4723 31,050,000 7.4556 4 陆民 29,601,000 8.0769 29,601,00",持股比例未披露，保留空值|股份数/出资额均未披露，进入复核
AUTO-SNAP-688758-249,688758,赛分科技,688758_赛分科技.jsonl,259,81,t0/报告期初,,高新同华,自然人/其他,,,,366.0,,"苏州赛分科技股份有限公司 首次公开发行股票并在科创板上市招股说明书 七、发行人特别表决权股份或类似安排的情形 截至本招股说明书签署之日，公司不存在特别表决权股份或类似安排。 八、发行人协议控制架构的情形 截至本招股说明书签署之日，公司不存在协议控制架构的情形。 九、发行人控股股东、实际控制人重大违法的情况 报告期内，发行人控股股东、实际控制人不存在贪污、贿赂、侵占财产、挪 用财产或者破坏社会主义市场经济秩序的刑事犯罪，不存在欺诈发行、重大信息 披露违法或者其他涉及国家安全、公共安全、生态安全、生产安全、公众健康安 全等领域的重大违法行为。 十、公司股本情况 （一）本次发行前后的股本结构 本次发行前，公司总股本为 366,488,394股。本次向社会公众发行 49,975,690 股，占发行完成后公司总股本的比例约为 12.00%。本次发行前后公司股本结构 如下： 发行前 发行后 序号 股东名称 持股数量 持股比例 持股数量 持股比例 （股） （%） （股） （%） 1 黄学英 92,364,177 25.2025 92,364,177 22.1782 2 周金清 32,200,000 8.7861 32,200,000 7.7318 3 高新同华 31,050,000 8.4723 31,050,000 7.4556 4 陆民 29,601,000 8.0769 29,601,00",持股比例未披露，保留空值|股份数/出资额均未披露，进入复核
AUTO-SNAP-688758-250,688758,赛分科技,688758_赛分科技.jsonl,260,81,t0/报告期初,,陆民,自然人/其他,,,,366.0,,"苏州赛分科技股份有限公司 首次公开发行股票并在科创板上市招股说明书 七、发行人特别表决权股份或类似安排的情形 截至本招股说明书签署之日，公司不存在特别表决权股份或类似安排。 八、发行人协议控制架构的情形 截至本招股说明书签署之日，公司不存在协议控制架构的情形。 九、发行人控股股东、实际控制人重大违法的情况 报告期内，发行人控股股东、实际控制人不存在贪污、贿赂、侵占财产、挪 用财产或者破坏社会主义市场经济秩序的刑事犯罪，不存在欺诈发行、重大信息 披露违法或者其他涉及国家安全、公共安全、生态安全、生产安全、公众健康安 全等领域的重大违法行为。 十、公司股本情况 （一）本次发行前后的股本结构 本次发行前，公司总股本为 366,488,394股。本次向社会公众发行 49,975,690 股，占发行完成后公司总股本的比例约为 12.00%。本次发行前后公司股本结构 如下： 发行前 发行后 序号 股东名称 持股数量 持股比例 持股数量 持股比例 （股） （%） （股） （%） 1 黄学英 92,364,177 25.2025 92,364,177 22.1782 2 周金清 32,200,000 8.7861 32,200,000 7.7318 3 高新同华 31,050,000 8.4723 31,050,000 7.4556 4 陆民 29,601,000 8.0769 29,601,00",持股比例未披露，保留空值|股份数/出资额均未披露，进入复核
AUTO-SNAP-688758-251,688758,赛分科技,688758_赛分科技.jsonl,261,81,t0/报告期初,,国寿疌泉,自然人/其他,,,,366.0,,"苏州赛分科技股份有限公司 首次公开发行股票并在科创板上市招股说明书 七、发行人特别表决权股份或类似安排的情形 截至本招股说明书签署之日，公司不存在特别表决权股份或类似安排。 八、发行人协议控制架构的情形 截至本招股说明书签署之日，公司不存在协议控制架构的情形。 九、发行人控股股东、实际控制人重大违法的情况 报告期内，发行人控股股东、实际控制人不存在贪污、贿赂、侵占财产、挪 用财产或者破坏社会主义市场经济秩序的刑事犯罪，不存在欺诈发行、重大信息 披露违法或者其他涉及国家安全、公共安全、生态安全、生产安全、公众健康安 全等领域的重大违法行为。 十、公司股本情况 （一）本次发行前后的股本结构 本次发行前，公司总股本为 366,488,394股。本次向社会公众发行 49,975,690 股，占发行完成后公司总股本的比例约为 12.00%。本次发行前后公司股本结构 如下： 发行前 发行后 序号 股东名称 持股数量 持股比例 持股数量 持股比例 （股） （%） （股） （%） 1 黄学英 92,364,177 25.2025 92,364,177 22.1782 2 周金清 32,200,000 8.7861 32,200,000 7.7318 3 高新同华 31,050,000 8.4723 31,050,000 7.4556 4 陆民 29,601,000 8.0769 29,601,00",持股比例未披露，保留空值|股份数/出资额均未披露，进入复核
AUTO-SNAP-688758-252,688758,赛分科技,688758_赛分科技.jsonl,262,81,t0/报告期初,,华泰大健康一号,PE/VC或私募基金,,,,366.0,,"苏州赛分科技股份有限公司 首次公开发行股票并在科创板上市招股说明书 七、发行人特别表决权股份或类似安排的情形 截至本招股说明书签署之日，公司不存在特别表决权股份或类似安排。 八、发行人协议控制架构的情形 截至本招股说明书签署之日，公司不存在协议控制架构的情形。 九、发行人控股股东、实际控制人重大违法的情况 报告期内，发行人控股股东、实际控制人不存在贪污、贿赂、侵占财产、挪 用财产或者破坏社会主义市场经济秩序的刑事犯罪，不存在欺诈发行、重大信息 披露违法或者其他涉及国家安全、公共安全、生态安全、生产安全、公众健康安 全等领域的重大违法行为。 十、公司股本情况 （一）本次发行前后的股本结构 本次发行前，公司总股本为 366,488,394股。本次向社会公众发行 49,975,690 股，占发行完成后公司总股本的比例约为 12.00%。本次发行前后公司股本结构 如下： 发行前 发行后 序号 股东名称 持股数量 持股比例 持股数量 持股比例 （股） （%） （股） （%） 1 黄学英 92,364,177 25.2025 92,364,177 22.1782 2 周金清 32,200,000 8.7861 32,200,000 7.7318 3 高新同华 31,050,000 8.4723 31,050,000 7.4556 4 陆民 29,601,000 8.0769 29,601,00",持股比例未披露，保留空值|股份数/出资额均未披露，进入复核
AUTO-SNAP-688758-253,688758,赛分科技,688758_赛分科技.jsonl,263,81,t0/报告期初,,源峰磐赛,自然人/其他,,,,366.0,,"苏州赛分科技股份有限公司 首次公开发行股票并在科创板上市招股说明书 七、发行人特别表决权股份或类似安排的情形 截至本招股说明书签署之日，公司不存在特别表决权股份或类似安排。 八、发行人协议控制架构的情形 截至本招股说明书签署之日，公司不存在协议控制架构的情形。 九、发行人控股股东、实际控制人重大违法的情况 报告期内，发行人控股股东、实际控制人不存在贪污、贿赂、侵占财产、挪 用财产或者破坏社会主义市场经济秩序的刑事犯罪，不存在欺诈发行、重大信息 披露违法或者其他涉及国家安全、公共安全、生态安全、生产安全、公众健康安 全等领域的重大违法行为。 十、公司股本情况 （一）本次发行前后的股本结构 本次发行前，公司总股本为 366,488,394股。本次向社会公众发行 49,975,690 股，占发行完成后公司总股本的比例约为 12.00%。本次发行前后公司股本结构 如下： 发行前 发行后 序号 股东名称 持股数量 持股比例 持股数量 持股比例 （股） （%） （股） （%） 1 黄学英 92,364,177 25.2025 92,364,177 22.1782 2 周金清 32,200,000 8.7861 32,200,000 7.7318 3 高新同华 31,050,000 8.4723 31,050,000 7.4556 4 陆民 29,601,000 8.0769 29,601,00",持股比例未披露，保留空值|股份数/出资额均未披露，进入复核
AUTO-SNAP-688758-254,688758,赛分科技,688758_赛分科技.jsonl,264,81,t0/报告期初,,苏州贤达,员工持股平台/员工激励,,,,366.0,,"苏州赛分科技股份有限公司 首次公开发行股票并在科创板上市招股说明书 七、发行人特别表决权股份或类似安排的情形 截至本招股说明书签署之日，公司不存在特别表决权股份或类似安排。 八、发行人协议控制架构的情形 截至本招股说明书签署之日，公司不存在协议控制架构的情形。 九、发行人控股股东、实际控制人重大违法的情况 报告期内，发行人控股股东、实际控制人不存在贪污、贿赂、侵占财产、挪 用财产或者破坏社会主义市场经济秩序的刑事犯罪，不存在欺诈发行、重大信息 披露违法或者其他涉及国家安全、公共安全、生态安全、生产安全、公众健康安 全等领域的重大违法行为。 十、公司股本情况 （一）本次发行前后的股本结构 本次发行前，公司总股本为 366,488,394股。本次向社会公众发行 49,975,690 股，占发行完成后公司总股本的比例约为 12.00%。本次发行前后公司股本结构 如下： 发行前 发行后 序号 股东名称 持股数量 持股比例 持股数量 持股比例 （股） （%） （股） （%） 1 黄学英 92,364,177 25.2025 92,364,177 22.1782 2 周金清 32,200,000 8.7861 32,200,000 7.7318 3 高新同华 31,050,000 8.4723 31,050,000 7.4556 4 陆民 29,601,000 8.0769 29,601,00",持股比例未披露，保留空值|股份数/出资额均未披露，进入复核
AUTO-SNAP-688758-255,688758,赛分科技,688758_赛分科技.jsonl,265,81,t0/报告期初,,复星惟盈,自然人/其他,,,,366.0,,"苏州赛分科技股份有限公司 首次公开发行股票并在科创板上市招股说明书 七、发行人特别表决权股份或类似安排的情形 截至本招股说明书签署之日，公司不存在特别表决权股份或类似安排。 八、发行人协议控制架构的情形 截至本招股说明书签署之日，公司不存在协议控制架构的情形。 九、发行人控股股东、实际控制人重大违法的情况 报告期内，发行人控股股东、实际控制人不存在贪污、贿赂、侵占财产、挪 用财产或者破坏社会主义市场经济秩序的刑事犯罪，不存在欺诈发行、重大信息 披露违法或者其他涉及国家安全、公共安全、生态安全、生产安全、公众健康安 全等领域的重大违法行为。 十、公司股本情况 （一）本次发行前后的股本结构 本次发行前，公司总股本为 366,488,394股。本次向社会公众发行 49,975,690 股，占发行完成后公司总股本的比例约为 12.00%。本次发行前后公司股本结构 如下： 发行前 发行后 序号 股东名称 持股数量 持股比例 持股数量 持股比例 （股） （%） （股） （%） 1 黄学英 92,364,177 25.2025 92,364,177 22.1782 2 周金清 32,200,000 8.7861 32,200,000 7.7318 3 高新同华 31,050,000 8.4723 31,050,000 7.4556 4 陆民 29,601,000 8.0769 29,601,00",持股比例未披露，保留空值|股份数/出资额均未披露，进入复核
AUTO-SNAP-688758-256,688758,赛分科技,688758_赛分科技.jsonl,266,81,t0/报告期初,,苏州博达,员工持股平台/员工激励,,,,366.0,,"苏州赛分科技股份有限公司 首次公开发行股票并在科创板上市招股说明书 七、发行人特别表决权股份或类似安排的情形 截至本招股说明书签署之日，公司不存在特别表决权股份或类似安排。 八、发行人协议控制架构的情形 截至本招股说明书签署之日，公司不存在协议控制架构的情形。 九、发行人控股股东、实际控制人重大违法的情况 报告期内，发行人控股股东、实际控制人不存在贪污、贿赂、侵占财产、挪 用财产或者破坏社会主义市场经济秩序的刑事犯罪，不存在欺诈发行、重大信息 披露违法或者其他涉及国家安全、公共安全、生态安全、生产安全、公众健康安 全等领域的重大违法行为。 十、公司股本情况 （一）本次发行前后的股本结构 本次发行前，公司总股本为 366,488,394股。本次向社会公众发行 49,975,690 股，占发行完成后公司总股本的比例约为 12.00%。本次发行前后公司股本结构 如下： 发行前 发行后 序号 股东名称 持股数量 持股比例 持股数量 持股比例 （股） （%） （股） （%） 1 黄学英 92,364,177 25.2025 92,364,177 22.1782 2 周金清 32,200,000 8.7861 32,200,000 7.7318 3 高新同华 31,050,000 8.4723 31,050,000 7.4556 4 陆民 29,601,000 8.0769 29,601,00",持股比例未披露，保留空值|股份数/出资额均未披露，进入复核
AUTO-SNAP-688758-257,688758,赛分科技,688758_赛分科技.jsonl,267,81,t0/报告期初,,苏州杰贤,员工持股平台/员工激励,,,,366.0,,"苏州赛分科技股份有限公司 首次公开发行股票并在科创板上市招股说明书 七、发行人特别表决权股份或类似安排的情形 截至本招股说明书签署之日，公司不存在特别表决权股份或类似安排。 八、发行人协议控制架构的情形 截至本招股说明书签署之日，公司不存在协议控制架构的情形。 九、发行人控股股东、实际控制人重大违法的情况 报告期内，发行人控股股东、实际控制人不存在贪污、贿赂、侵占财产、挪 用财产或者破坏社会主义市场经济秩序的刑事犯罪，不存在欺诈发行、重大信息 披露违法或者其他涉及国家安全、公共安全、生态安全、生产安全、公众健康安 全等领域的重大违法行为。 十、公司股本情况 （一）本次发行前后的股本结构 本次发行前，公司总股本为 366,488,394股。本次向社会公众发行 49,975,690 股，占发行完成后公司总股本的比例约为 12.00%。本次发行前后公司股本结构 如下： 发行前 发行后 序号 股东名称 持股数量 持股比例 持股数量 持股比例 （股） （%） （股） （%） 1 黄学英 92,364,177 25.2025 92,364,177 22.1782 2 周金清 32,200,000 8.7861 32,200,000 7.7318 3 高新同华 31,050,000 8.4723 31,050,000 7.4556 4 陆民 29,601,000 8.0769 29,601,00",持股比例未披露，保留空值|股份数/出资额均未披露，进入复核
AUTO-SNAP-688758-258,688758,赛分科技,688758_赛分科技.jsonl,268,81,t0/报告期初,,潘鼎,自然人/其他,,,,366.0,,"苏州赛分科技股份有限公司 首次公开发行股票并在科创板上市招股说明书 七、发行人特别表决权股份或类似安排的情形 截至本招股说明书签署之日，公司不存在特别表决权股份或类似安排。 八、发行人协议控制架构的情形 截至本招股说明书签署之日，公司不存在协议控制架构的情形。 九、发行人控股股东、实际控制人重大违法的情况 报告期内，发行人控股股东、实际控制人不存在贪污、贿赂、侵占财产、挪 用财产或者破坏社会主义市场经济秩序的刑事犯罪，不存在欺诈发行、重大信息 披露违法或者其他涉及国家安全、公共安全、生态安全、生产安全、公众健康安 全等领域的重大违法行为。 十、公司股本情况 （一）本次发行前后的股本结构 本次发行前，公司总股本为 366,488,394股。本次向社会公众发行 49,975,690 股，占发行完成后公司总股本的比例约为 12.00%。本次发行前后公司股本结构 如下： 发行前 发行后 序号 股东名称 持股数量 持股比例 持股数量 持股比例 （股） （%） （股） （%） 1 黄学英 92,364,177 25.2025 92,364,177 22.1782 2 周金清 32,200,000 8.7861 32,200,000 7.7318 3 高新同华 31,050,000 8.4723 31,050,000 7.4556 4 陆民 29,601,000 8.0769 29,601,00",持股比例未披露，保留空值|股份数/出资额均未披露，进入复核
AUTO-SNAP-688758-259,688758,赛分科技,688758_赛分科技.jsonl,269,82,t0/报告期初,,珠海峦恒,自然人/其他,,,,,,"苏州赛分科技股份有限公司 首次公开发行股票并在科创板上市招股说明书 发行前 发行后 序号 股东名称 持股数量 持股比例 持股数量 持股比例 （股） （%） （股） （%） 13 珠海峦恒 7,230,349 1.9729 7,230,349 1.7361 14 高瓴祈睿 7,230,349 1.9729 7,230,349 1.7361 15 海佳同康 5,451,000 1.4874 5,451,000 1.3089 16 国药中生 5,311,229 1.4492 5,311,229 1.2753 17 苏州敦行 4,600,000 1.2552 4,600,000 1.1045 18 夏尔巴二期 4,518,971 1.2330 4,518,971 1.0851 19 陈志华 3,454,600 0.9426 3,454,600 0.8295 20 耿卫东 3,450,000 0.9414 3,450,000 0.8284 21 甘李药业 2,711,378 0.7398 2,711,378 0.6510 22 骏耀投资 2,300,000 0.6276 2,300,000 0.5523 23 朱勤华 2,231,932 0.6090 2,231,932 0.5359 24 吴征涛 1,807,593 0.4932 1,807,593 0.4340 25 国药二期 1,789",持股比例未披露，保留空值|股份数/出资额均未披露，进入复核
AUTO-SNAP-688758-260,688758,赛分科技,688758_赛分科技.jsonl,270,82,t0/报告期初,,高瓴祈睿,PE/VC或私募基金,,,,,,"苏州赛分科技股份有限公司 首次公开发行股票并在科创板上市招股说明书 发行前 发行后 序号 股东名称 持股数量 持股比例 持股数量 持股比例 （股） （%） （股） （%） 13 珠海峦恒 7,230,349 1.9729 7,230,349 1.7361 14 高瓴祈睿 7,230,349 1.9729 7,230,349 1.7361 15 海佳同康 5,451,000 1.4874 5,451,000 1.3089 16 国药中生 5,311,229 1.4492 5,311,229 1.2753 17 苏州敦行 4,600,000 1.2552 4,600,000 1.1045 18 夏尔巴二期 4,518,971 1.2330 4,518,971 1.0851 19 陈志华 3,454,600 0.9426 3,454,600 0.8295 20 耿卫东 3,450,000 0.9414 3,450,000 0.8284 21 甘李药业 2,711,378 0.7398 2,711,378 0.6510 22 骏耀投资 2,300,000 0.6276 2,300,000 0.5523 23 朱勤华 2,231,932 0.6090 2,231,932 0.5359 24 吴征涛 1,807,593 0.4932 1,807,593 0.4340 25 国药二期 1,789",持股比例未披露，保留空值|股份数/出资额均未披露，进入复核
AUTO-SNAP-688758-261,688758,赛分科技,688758_赛分科技.jsonl,271,82,t0/报告期初,,海佳同康,自然人/其他,,,,,,"苏州赛分科技股份有限公司 首次公开发行股票并在科创板上市招股说明书 发行前 发行后 序号 股东名称 持股数量 持股比例 持股数量 持股比例 （股） （%） （股） （%） 13 珠海峦恒 7,230,349 1.9729 7,230,349 1.7361 14 高瓴祈睿 7,230,349 1.9729 7,230,349 1.7361 15 海佳同康 5,451,000 1.4874 5,451,000 1.3089 16 国药中生 5,311,229 1.4492 5,311,229 1.2753 17 苏州敦行 4,600,000 1.2552 4,600,000 1.1045 18 夏尔巴二期 4,518,971 1.2330 4,518,971 1.0851 19 陈志华 3,454,600 0.9426 3,454,600 0.8295 20 耿卫东 3,450,000 0.9414 3,450,000 0.8284 21 甘李药业 2,711,378 0.7398 2,711,378 0.6510 22 骏耀投资 2,300,000 0.6276 2,300,000 0.5523 23 朱勤华 2,231,932 0.6090 2,231,932 0.5359 24 吴征涛 1,807,593 0.4932 1,807,593 0.4340 25 国药二期 1,789",持股比例未披露，保留空值|股份数/出资额均未披露，进入复核
AUTO-SNAP-688758-262,688758,赛分科技,688758_赛分科技.jsonl,272,82,t0/报告期初,,国药中生,自然人/其他,,,,,,"苏州赛分科技股份有限公司 首次公开发行股票并在科创板上市招股说明书 发行前 发行后 序号 股东名称 持股数量 持股比例 持股数量 持股比例 （股） （%） （股） （%） 13 珠海峦恒 7,230,349 1.9729 7,230,349 1.7361 14 高瓴祈睿 7,230,349 1.9729 7,230,349 1.7361 15 海佳同康 5,451,000 1.4874 5,451,000 1.3089 16 国药中生 5,311,229 1.4492 5,311,229 1.2753 17 苏州敦行 4,600,000 1.2552 4,600,000 1.1045 18 夏尔巴二期 4,518,971 1.2330 4,518,971 1.0851 19 陈志华 3,454,600 0.9426 3,454,600 0.8295 20 耿卫东 3,450,000 0.9414 3,450,000 0.8284 21 甘李药业 2,711,378 0.7398 2,711,378 0.6510 22 骏耀投资 2,300,000 0.6276 2,300,000 0.5523 23 朱勤华 2,231,932 0.6090 2,231,932 0.5359 24 吴征涛 1,807,593 0.4932 1,807,593 0.4340 25 国药二期 1,789",持股比例未披露，保留空值|股份数/出资额均未披露，进入复核
AUTO-SNAP-688758-263,688758,赛分科技,688758_赛分科技.jsonl,273,82,t0/报告期初,,苏州敦行,自然人/其他,,,,,,"苏州赛分科技股份有限公司 首次公开发行股票并在科创板上市招股说明书 发行前 发行后 序号 股东名称 持股数量 持股比例 持股数量 持股比例 （股） （%） （股） （%） 13 珠海峦恒 7,230,349 1.9729 7,230,349 1.7361 14 高瓴祈睿 7,230,349 1.9729 7,230,349 1.7361 15 海佳同康 5,451,000 1.4874 5,451,000 1.3089 16 国药中生 5,311,229 1.4492 5,311,229 1.2753 17 苏州敦行 4,600,000 1.2552 4,600,000 1.1045 18 夏尔巴二期 4,518,971 1.2330 4,518,971 1.0851 19 陈志华 3,454,600 0.9426 3,454,600 0.8295 20 耿卫东 3,450,000 0.9414 3,450,000 0.8284 21 甘李药业 2,711,378 0.7398 2,711,378 0.6510 22 骏耀投资 2,300,000 0.6276 2,300,000 0.5523 23 朱勤华 2,231,932 0.6090 2,231,932 0.5359 24 吴征涛 1,807,593 0.4932 1,807,593 0.4340 25 国药二期 1,789",持股比例未披露，保留空值|股份数/出资额均未披露，进入复核
AUTO-SNAP-688758-264,688758,赛分科技,688758_赛分科技.jsonl,274,82,t0/报告期初,,夏尔巴二期,自然人/其他,,,,,,"苏州赛分科技股份有限公司 首次公开发行股票并在科创板上市招股说明书 发行前 发行后 序号 股东名称 持股数量 持股比例 持股数量 持股比例 （股） （%） （股） （%） 13 珠海峦恒 7,230,349 1.9729 7,230,349 1.7361 14 高瓴祈睿 7,230,349 1.9729 7,230,349 1.7361 15 海佳同康 5,451,000 1.4874 5,451,000 1.3089 16 国药中生 5,311,229 1.4492 5,311,229 1.2753 17 苏州敦行 4,600,000 1.2552 4,600,000 1.1045 18 夏尔巴二期 4,518,971 1.2330 4,518,971 1.0851 19 陈志华 3,454,600 0.9426 3,454,600 0.8295 20 耿卫东 3,450,000 0.9414 3,450,000 0.8284 21 甘李药业 2,711,378 0.7398 2,711,378 0.6510 22 骏耀投资 2,300,000 0.6276 2,300,000 0.5523 23 朱勤华 2,231,932 0.6090 2,231,932 0.5359 24 吴征涛 1,807,593 0.4932 1,807,593 0.4340 25 国药二期 1,789",持股比例未披露，保留空值|股份数/出资额均未披露，进入复核
AUTO-SNAP-688758-265,688758,赛分科技,688758_赛分科技.jsonl,275,82,t0/报告期初,,陈志华,自然人/其他,,,,,,"苏州赛分科技股份有限公司 首次公开发行股票并在科创板上市招股说明书 发行前 发行后 序号 股东名称 持股数量 持股比例 持股数量 持股比例 （股） （%） （股） （%） 13 珠海峦恒 7,230,349 1.9729 7,230,349 1.7361 14 高瓴祈睿 7,230,349 1.9729 7,230,349 1.7361 15 海佳同康 5,451,000 1.4874 5,451,000 1.3089 16 国药中生 5,311,229 1.4492 5,311,229 1.2753 17 苏州敦行 4,600,000 1.2552 4,600,000 1.1045 18 夏尔巴二期 4,518,971 1.2330 4,518,971 1.0851 19 陈志华 3,454,600 0.9426 3,454,600 0.8295 20 耿卫东 3,450,000 0.9414 3,450,000 0.8284 21 甘李药业 2,711,378 0.7398 2,711,378 0.6510 22 骏耀投资 2,300,000 0.6276 2,300,000 0.5523 23 朱勤华 2,231,932 0.6090 2,231,932 0.5359 24 吴征涛 1,807,593 0.4932 1,807,593 0.4340 25 国药二期 1,789",持股比例未披露，保留空值|股份数/出资额均未披露，进入复核
AUTO-SNAP-688758-266,688758,赛分科技,688758_赛分科技.jsonl,276,82,t0/报告期初,,耿卫东,自然人/其他,,,,,,"苏州赛分科技股份有限公司 首次公开发行股票并在科创板上市招股说明书 发行前 发行后 序号 股东名称 持股数量 持股比例 持股数量 持股比例 （股） （%） （股） （%） 13 珠海峦恒 7,230,349 1.9729 7,230,349 1.7361 14 高瓴祈睿 7,230,349 1.9729 7,230,349 1.7361 15 海佳同康 5,451,000 1.4874 5,451,000 1.3089 16 国药中生 5,311,229 1.4492 5,311,229 1.2753 17 苏州敦行 4,600,000 1.2552 4,600,000 1.1045 18 夏尔巴二期 4,518,971 1.2330 4,518,971 1.0851 19 陈志华 3,454,600 0.9426 3,454,600 0.8295 20 耿卫东 3,450,000 0.9414 3,450,000 0.8284 21 甘李药业 2,711,378 0.7398 2,711,378 0.6510 22 骏耀投资 2,300,000 0.6276 2,300,000 0.5523 23 朱勤华 2,231,932 0.6090 2,231,932 0.5359 24 吴征涛 1,807,593 0.4932 1,807,593 0.4340 25 国药二期 1,789",持股比例未披露，保留空值|股份数/出资额均未披露，进入复核
AUTO-SNAP-688758-267,688758,赛分科技,688758_赛分科技.jsonl,277,82,t0/报告期初,,甘李药业,自然人/其他,,,,,,"苏州赛分科技股份有限公司 首次公开发行股票并在科创板上市招股说明书 发行前 发行后 序号 股东名称 持股数量 持股比例 持股数量 持股比例 （股） （%） （股） （%） 13 珠海峦恒 7,230,349 1.9729 7,230,349 1.7361 14 高瓴祈睿 7,230,349 1.9729 7,230,349 1.7361 15 海佳同康 5,451,000 1.4874 5,451,000 1.3089 16 国药中生 5,311,229 1.4492 5,311,229 1.2753 17 苏州敦行 4,600,000 1.2552 4,600,000 1.1045 18 夏尔巴二期 4,518,971 1.2330 4,518,971 1.0851 19 陈志华 3,454,600 0.9426 3,454,600 0.8295 20 耿卫东 3,450,000 0.9414 3,450,000 0.8284 21 甘李药业 2,711,378 0.7398 2,711,378 0.6510 22 骏耀投资 2,300,000 0.6276 2,300,000 0.5523 23 朱勤华 2,231,932 0.6090 2,231,932 0.5359 24 吴征涛 1,807,593 0.4932 1,807,593 0.4340 25 国药二期 1,789",持股比例未披露，保留空值|股份数/出资额均未披露，进入复核
AUTO-SNAP-688758-268,688758,赛分科技,688758_赛分科技.jsonl,278,82,t0/报告期初,,骏耀投资,自然人/其他,,,,,,"苏州赛分科技股份有限公司 首次公开发行股票并在科创板上市招股说明书 发行前 发行后 序号 股东名称 持股数量 持股比例 持股数量 持股比例 （股） （%） （股） （%） 13 珠海峦恒 7,230,349 1.9729 7,230,349 1.7361 14 高瓴祈睿 7,230,349 1.9729 7,230,349 1.7361 15 海佳同康 5,451,000 1.4874 5,451,000 1.3089 16 国药中生 5,311,229 1.4492 5,311,229 1.2753 17 苏州敦行 4,600,000 1.2552 4,600,000 1.1045 18 夏尔巴二期 4,518,971 1.2330 4,518,971 1.0851 19 陈志华 3,454,600 0.9426 3,454,600 0.8295 20 耿卫东 3,450,000 0.9414 3,450,000 0.8284 21 甘李药业 2,711,378 0.7398 2,711,378 0.6510 22 骏耀投资 2,300,000 0.6276 2,300,000 0.5523 23 朱勤华 2,231,932 0.6090 2,231,932 0.5359 24 吴征涛 1,807,593 0.4932 1,807,593 0.4340 25 国药二期 1,789",持股比例未披露，保留空值|股份数/出资额均未披露，进入复核
AUTO-SNAP-688758-269,688758,赛分科技,688758_赛分科技.jsonl,279,82,t0/报告期初,,朱勤华,自然人/其他,,,,,,"苏州赛分科技股份有限公司 首次公开发行股票并在科创板上市招股说明书 发行前 发行后 序号 股东名称 持股数量 持股比例 持股数量 持股比例 （股） （%） （股） （%） 13 珠海峦恒 7,230,349 1.9729 7,230,349 1.7361 14 高瓴祈睿 7,230,349 1.9729 7,230,349 1.7361 15 海佳同康 5,451,000 1.4874 5,451,000 1.3089 16 国药中生 5,311,229 1.4492 5,311,229 1.2753 17 苏州敦行 4,600,000 1.2552 4,600,000 1.1045 18 夏尔巴二期 4,518,971 1.2330 4,518,971 1.0851 19 陈志华 3,454,600 0.9426 3,454,600 0.8295 20 耿卫东 3,450,000 0.9414 3,450,000 0.8284 21 甘李药业 2,711,378 0.7398 2,711,378 0.6510 22 骏耀投资 2,300,000 0.6276 2,300,000 0.5523 23 朱勤华 2,231,932 0.6090 2,231,932 0.5359 24 吴征涛 1,807,593 0.4932 1,807,593 0.4340 25 国药二期 1,789",持股比例未披露，保留空值|股份数/出资额均未披露，进入复核
AUTO-SNAP-688758-270,688758,赛分科技,688758_赛分科技.jsonl,280,82,t0/报告期初,,吴征涛,自然人/其他,,,,,,"苏州赛分科技股份有限公司 首次公开发行股票并在科创板上市招股说明书 发行前 发行后 序号 股东名称 持股数量 持股比例 持股数量 持股比例 （股） （%） （股） （%） 13 珠海峦恒 7,230,349 1.9729 7,230,349 1.7361 14 高瓴祈睿 7,230,349 1.9729 7,230,349 1.7361 15 海佳同康 5,451,000 1.4874 5,451,000 1.3089 16 国药中生 5,311,229 1.4492 5,311,229 1.2753 17 苏州敦行 4,600,000 1.2552 4,600,000 1.1045 18 夏尔巴二期 4,518,971 1.2330 4,518,971 1.0851 19 陈志华 3,454,600 0.9426 3,454,600 0.8295 20 耿卫东 3,450,000 0.9414 3,450,000 0.8284 21 甘李药业 2,711,378 0.7398 2,711,378 0.6510 22 骏耀投资 2,300,000 0.6276 2,300,000 0.5523 23 朱勤华 2,231,932 0.6090 2,231,932 0.5359 24 吴征涛 1,807,593 0.4932 1,807,593 0.4340 25 国药二期 1,789",持股比例未披露，保留空值|股份数/出资额均未披露，进入复核
AUTO-SNAP-688758-271,688758,赛分科技,688758_赛分科技.jsonl,281,82,t0/报告期初,,国药二期,自然人/其他,,,,,,"苏州赛分科技股份有限公司 首次公开发行股票并在科创板上市招股说明书 发行前 发行后 序号 股东名称 持股数量 持股比例 持股数量 持股比例 （股） （%） （股） （%） 13 珠海峦恒 7,230,349 1.9729 7,230,349 1.7361 14 高瓴祈睿 7,230,349 1.9729 7,230,349 1.7361 15 海佳同康 5,451,000 1.4874 5,451,000 1.3089 16 国药中生 5,311,229 1.4492 5,311,229 1.2753 17 苏州敦行 4,600,000 1.2552 4,600,000 1.1045 18 夏尔巴二期 4,518,971 1.2330 4,518,971 1.0851 19 陈志华 3,454,600 0.9426 3,454,600 0.8295 20 耿卫东 3,450,000 0.9414 3,450,000 0.8284 21 甘李药业 2,711,378 0.7398 2,711,378 0.6510 22 骏耀投资 2,300,000 0.6276 2,300,000 0.5523 23 朱勤华 2,231,932 0.6090 2,231,932 0.5359 24 吴征涛 1,807,593 0.4932 1,807,593 0.4340 25 国药二期 1,789",持股比例未披露，保留空值|股份数/出资额均未披露，进入复核
AUTO-SNAP-688758-272,688758,赛分科技,688758_赛分科技.jsonl,282,82,t0/报告期初,,华泰大健康二号,PE/VC或私募基金,,,,,,"苏州赛分科技股份有限公司 首次公开发行股票并在科创板上市招股说明书 发行前 发行后 序号 股东名称 持股数量 持股比例 持股数量 持股比例 （股） （%） （股） （%） 13 珠海峦恒 7,230,349 1.9729 7,230,349 1.7361 14 高瓴祈睿 7,230,349 1.9729 7,230,349 1.7361 15 海佳同康 5,451,000 1.4874 5,451,000 1.3089 16 国药中生 5,311,229 1.4492 5,311,229 1.2753 17 苏州敦行 4,600,000 1.2552 4,600,000 1.1045 18 夏尔巴二期 4,518,971 1.2330 4,518,971 1.0851 19 陈志华 3,454,600 0.9426 3,454,600 0.8295 20 耿卫东 3,450,000 0.9414 3,450,000 0.8284 21 甘李药业 2,711,378 0.7398 2,711,378 0.6510 22 骏耀投资 2,300,000 0.6276 2,300,000 0.5523 23 朱勤华 2,231,932 0.6090 2,231,932 0.5359 24 吴征涛 1,807,593 0.4932 1,807,593 0.4340 25 国药二期 1,789",持股比例未披露，保留空值|股份数/出资额均未披露，进入复核
AUTO-SNAP-688758-273,688758,赛分科技,688758_赛分科技.jsonl,283,82,t0/报告期初,,聚贝投资,自然人/其他,,,,,,"苏州赛分科技股份有限公司 首次公开发行股票并在科创板上市招股说明书 发行前 发行后 序号 股东名称 持股数量 持股比例 持股数量 持股比例 （股） （%） （股） （%） 13 珠海峦恒 7,230,349 1.9729 7,230,349 1.7361 14 高瓴祈睿 7,230,349 1.9729 7,230,349 1.7361 15 海佳同康 5,451,000 1.4874 5,451,000 1.3089 16 国药中生 5,311,229 1.4492 5,311,229 1.2753 17 苏州敦行 4,600,000 1.2552 4,600,000 1.1045 18 夏尔巴二期 4,518,971 1.2330 4,518,971 1.0851 19 陈志华 3,454,600 0.9426 3,454,600 0.8295 20 耿卫东 3,450,000 0.9414 3,450,000 0.8284 21 甘李药业 2,711,378 0.7398 2,711,378 0.6510 22 骏耀投资 2,300,000 0.6276 2,300,000 0.5523 23 朱勤华 2,231,932 0.6090 2,231,932 0.5359 24 吴征涛 1,807,593 0.4932 1,807,593 0.4340 25 国药二期 1,789",持股比例未披露，保留空值|股份数/出资额均未披露，进入复核
AUTO-SNAP-688758-274,688758,赛分科技,688758_赛分科技.jsonl,284,82,t0/报告期初,,唐斌,自然人/其他,,,,,,"苏州赛分科技股份有限公司 首次公开发行股票并在科创板上市招股说明书 发行前 发行后 序号 股东名称 持股数量 持股比例 持股数量 持股比例 （股） （%） （股） （%） 13 珠海峦恒 7,230,349 1.9729 7,230,349 1.7361 14 高瓴祈睿 7,230,349 1.9729 7,230,349 1.7361 15 海佳同康 5,451,000 1.4874 5,451,000 1.3089 16 国药中生 5,311,229 1.4492 5,311,229 1.2753 17 苏州敦行 4,600,000 1.2552 4,600,000 1.1045 18 夏尔巴二期 4,518,971 1.2330 4,518,971 1.0851 19 陈志华 3,454,600 0.9426 3,454,600 0.8295 20 耿卫东 3,450,000 0.9414 3,450,000 0.8284 21 甘李药业 2,711,378 0.7398 2,711,378 0.6510 22 骏耀投资 2,300,000 0.6276 2,300,000 0.5523 23 朱勤华 2,231,932 0.6090 2,231,932 0.5359 24 吴征涛 1,807,593 0.4932 1,807,593 0.4340 25 国药二期 1,789",持股比例未披露，保留空值|股份数/出资额均未披露，进入复核
AUTO-SNAP-688758-275,688758,赛分科技,688758_赛分科技.jsonl,285,82,t0/报告期初,,道兴投资,自然人/其他,,,,,,"苏州赛分科技股份有限公司 首次公开发行股票并在科创板上市招股说明书 发行前 发行后 序号 股东名称 持股数量 持股比例 持股数量 持股比例 （股） （%） （股） （%） 13 珠海峦恒 7,230,349 1.9729 7,230,349 1.7361 14 高瓴祈睿 7,230,349 1.9729 7,230,349 1.7361 15 海佳同康 5,451,000 1.4874 5,451,000 1.3089 16 国药中生 5,311,229 1.4492 5,311,229 1.2753 17 苏州敦行 4,600,000 1.2552 4,600,000 1.1045 18 夏尔巴二期 4,518,971 1.2330 4,518,971 1.0851 19 陈志华 3,454,600 0.9426 3,454,600 0.8295 20 耿卫东 3,450,000 0.9414 3,450,000 0.8284 21 甘李药业 2,711,378 0.7398 2,711,378 0.6510 22 骏耀投资 2,300,000 0.6276 2,300,000 0.5523 23 朱勤华 2,231,932 0.6090 2,231,932 0.5359 24 吴征涛 1,807,593 0.4932 1,807,593 0.4340 25 国药二期 1,789",持股比例未披露，保留空值|股份数/出资额均未披露，进入复核
AUTO-SNAP-688758-276,688758,赛分科技,688758_赛分科技.jsonl,286,82,t0/报告期初,,张敏,自然人/其他,,,,,,"苏州赛分科技股份有限公司 首次公开发行股票并在科创板上市招股说明书 发行前 发行后 序号 股东名称 持股数量 持股比例 持股数量 持股比例 （股） （%） （股） （%） 13 珠海峦恒 7,230,349 1.9729 7,230,349 1.7361 14 高瓴祈睿 7,230,349 1.9729 7,230,349 1.7361 15 海佳同康 5,451,000 1.4874 5,451,000 1.3089 16 国药中生 5,311,229 1.4492 5,311,229 1.2753 17 苏州敦行 4,600,000 1.2552 4,600,000 1.1045 18 夏尔巴二期 4,518,971 1.2330 4,518,971 1.0851 19 陈志华 3,454,600 0.9426 3,454,600 0.8295 20 耿卫东 3,450,000 0.9414 3,450,000 0.8284 21 甘李药业 2,711,378 0.7398 2,711,378 0.6510 22 骏耀投资 2,300,000 0.6276 2,300,000 0.5523 23 朱勤华 2,231,932 0.6090 2,231,932 0.5359 24 吴征涛 1,807,593 0.4932 1,807,593 0.4340 25 国药二期 1,789",持股比例未披露，保留空值|股份数/出资额均未披露，进入复核
AUTO-SNAP-688758-277,688758,赛分科技,688758_赛分科技.jsonl,287,82,t0/报告期初,,圣成投资,自然人/其他,,,,,,"苏州赛分科技股份有限公司 首次公开发行股票并在科创板上市招股说明书 发行前 发行后 序号 股东名称 持股数量 持股比例 持股数量 持股比例 （股） （%） （股） （%） 13 珠海峦恒 7,230,349 1.9729 7,230,349 1.7361 14 高瓴祈睿 7,230,349 1.9729 7,230,349 1.7361 15 海佳同康 5,451,000 1.4874 5,451,000 1.3089 16 国药中生 5,311,229 1.4492 5,311,229 1.2753 17 苏州敦行 4,600,000 1.2552 4,600,000 1.1045 18 夏尔巴二期 4,518,971 1.2330 4,518,971 1.0851 19 陈志华 3,454,600 0.9426 3,454,600 0.8295 20 耿卫东 3,450,000 0.9414 3,450,000 0.8284 21 甘李药业 2,711,378 0.7398 2,711,378 0.6510 22 骏耀投资 2,300,000 0.6276 2,300,000 0.5523 23 朱勤华 2,231,932 0.6090 2,231,932 0.5359 24 吴征涛 1,807,593 0.4932 1,807,593 0.4340 25 国药二期 1,789",持股比例未披露，保留空值|股份数/出资额均未披露，进入复核
AUTO-SNAP-688758-278,688758,赛分科技,688758_赛分科技.jsonl,288,82,t0/报告期初,,圣祁投资,自然人/其他,,,,,,"苏州赛分科技股份有限公司 首次公开发行股票并在科创板上市招股说明书 发行前 发行后 序号 股东名称 持股数量 持股比例 持股数量 持股比例 （股） （%） （股） （%） 13 珠海峦恒 7,230,349 1.9729 7,230,349 1.7361 14 高瓴祈睿 7,230,349 1.9729 7,230,349 1.7361 15 海佳同康 5,451,000 1.4874 5,451,000 1.3089 16 国药中生 5,311,229 1.4492 5,311,229 1.2753 17 苏州敦行 4,600,000 1.2552 4,600,000 1.1045 18 夏尔巴二期 4,518,971 1.2330 4,518,971 1.0851 19 陈志华 3,454,600 0.9426 3,454,600 0.8295 20 耿卫东 3,450,000 0.9414 3,450,000 0.8284 21 甘李药业 2,711,378 0.7398 2,711,378 0.6510 22 骏耀投资 2,300,000 0.6276 2,300,000 0.5523 23 朱勤华 2,231,932 0.6090 2,231,932 0.5359 24 吴征涛 1,807,593 0.4932 1,807,593 0.4340 25 国药二期 1,789",持股比例未披露，保留空值|股份数/出资额均未披露，进入复核
AUTO-SNAP-688758-279,688758,赛分科技,688758_赛分科技.jsonl,289,82,t0/报告期初,,社会公众股,自然人/其他,,,,,,"苏州赛分科技股份有限公司 首次公开发行股票并在科创板上市招股说明书 发行前 发行后 序号 股东名称 持股数量 持股比例 持股数量 持股比例 （股） （%） （股） （%） 13 珠海峦恒 7,230,349 1.9729 7,230,349 1.7361 14 高瓴祈睿 7,230,349 1.9729 7,230,349 1.7361 15 海佳同康 5,451,000 1.4874 5,451,000 1.3089 16 国药中生 5,311,229 1.4492 5,311,229 1.2753 17 苏州敦行 4,600,000 1.2552 4,600,000 1.1045 18 夏尔巴二期 4,518,971 1.2330 4,518,971 1.0851 19 陈志华 3,454,600 0.9426 3,454,600 0.8295 20 耿卫东 3,450,000 0.9414 3,450,000 0.8284 21 甘李药业 2,711,378 0.7398 2,711,378 0.6510 22 骏耀投资 2,300,000 0.6276 2,300,000 0.5523 23 朱勤华 2,231,932 0.6090 2,231,932 0.5359 24 吴征涛 1,807,593 0.4932 1,807,593 0.4340 25 国药二期 1,789",持股比例未披露，保留空值|股份数/出资额均未披露，进入复核
AUTO-SNAP-688758-280,688758,赛分科技,688758_赛分科技.jsonl,290,83,t0/报告期初,,黄学英,自然人/其他,,,,,,"苏州赛分科技股份有限公司 首次公开发行股票并在科创板上市招股说明书 发行前 发行后 股东名称 持股数量 持股比例 持股数量 持股比例 在公司任职情况 （股） （%） （股） （%） 黄学英 92,364,177 25.2025 92,364,177 22.6822 董事长、总经理 周金清 32,200,000 8.7861 32,200,000 7.9075 无 陆民 29,601,000 8.0769 29,601,000 7.2692 无 潘鼎 7,268,000 1.9831 7,268,000 1.7848 监事 陈志华 3,454,600 0.9426 3,454,600 0.8484 无 耿卫东 3,450,000 0.9414 3,450,000 0.8472 无 朱勤华 2,231,932 0.6090 2,231,932 0.5481 无 吴征涛 1,807,593 0.4932 1,807,593 0.4439 无 唐斌 345,472 0.0943 345,472 0.0848 无 张敏 237,521 0.0648 237,521 0.0583 董事 （四）有关公司股本中的国有股份或外资股份的说明 1、国有股份 截至本招股说明书签署日，发行人股本中不存在国有股份。 2、外资股份 截至本招股说明书签署日，发行人股本中不存在外资股份。 （五）最近一年公司新增股东",持股比例未披露，保留空值|股份数/出资额均未披露，进入复核
AUTO-SNAP-688758-281,688758,赛分科技,688758_赛分科技.jsonl,291,83,t0/报告期初,,周金清,自然人/其他,,,,,,"苏州赛分科技股份有限公司 首次公开发行股票并在科创板上市招股说明书 发行前 发行后 股东名称 持股数量 持股比例 持股数量 持股比例 在公司任职情况 （股） （%） （股） （%） 黄学英 92,364,177 25.2025 92,364,177 22.6822 董事长、总经理 周金清 32,200,000 8.7861 32,200,000 7.9075 无 陆民 29,601,000 8.0769 29,601,000 7.2692 无 潘鼎 7,268,000 1.9831 7,268,000 1.7848 监事 陈志华 3,454,600 0.9426 3,454,600 0.8484 无 耿卫东 3,450,000 0.9414 3,450,000 0.8472 无 朱勤华 2,231,932 0.6090 2,231,932 0.5481 无 吴征涛 1,807,593 0.4932 1,807,593 0.4439 无 唐斌 345,472 0.0943 345,472 0.0848 无 张敏 237,521 0.0648 237,521 0.0583 董事 （四）有关公司股本中的国有股份或外资股份的说明 1、国有股份 截至本招股说明书签署日，发行人股本中不存在国有股份。 2、外资股份 截至本招股说明书签署日，发行人股本中不存在外资股份。 （五）最近一年公司新增股东",持股比例未披露，保留空值|股份数/出资额均未披露，进入复核
AUTO-SNAP-688758-282,688758,赛分科技,688758_赛分科技.jsonl,292,83,t0/报告期初,,陆民,自然人/其他,,,,,,"苏州赛分科技股份有限公司 首次公开发行股票并在科创板上市招股说明书 发行前 发行后 股东名称 持股数量 持股比例 持股数量 持股比例 在公司任职情况 （股） （%） （股） （%） 黄学英 92,364,177 25.2025 92,364,177 22.6822 董事长、总经理 周金清 32,200,000 8.7861 32,200,000 7.9075 无 陆民 29,601,000 8.0769 29,601,000 7.2692 无 潘鼎 7,268,000 1.9831 7,268,000 1.7848 监事 陈志华 3,454,600 0.9426 3,454,600 0.8484 无 耿卫东 3,450,000 0.9414 3,450,000 0.8472 无 朱勤华 2,231,932 0.6090 2,231,932 0.5481 无 吴征涛 1,807,593 0.4932 1,807,593 0.4439 无 唐斌 345,472 0.0943 345,472 0.0848 无 张敏 237,521 0.0648 237,521 0.0583 董事 （四）有关公司股本中的国有股份或外资股份的说明 1、国有股份 截至本招股说明书签署日，发行人股本中不存在国有股份。 2、外资股份 截至本招股说明书签署日，发行人股本中不存在外资股份。 （五）最近一年公司新增股东",持股比例未披露，保留空值|股份数/出资额均未披露，进入复核
AUTO-SNAP-688758-283,688758,赛分科技,688758_赛分科技.jsonl,293,83,t0/报告期初,,潘鼎,自然人/其他,,,,,,"苏州赛分科技股份有限公司 首次公开发行股票并在科创板上市招股说明书 发行前 发行后 股东名称 持股数量 持股比例 持股数量 持股比例 在公司任职情况 （股） （%） （股） （%） 黄学英 92,364,177 25.2025 92,364,177 22.6822 董事长、总经理 周金清 32,200,000 8.7861 32,200,000 7.9075 无 陆民 29,601,000 8.0769 29,601,000 7.2692 无 潘鼎 7,268,000 1.9831 7,268,000 1.7848 监事 陈志华 3,454,600 0.9426 3,454,600 0.8484 无 耿卫东 3,450,000 0.9414 3,450,000 0.8472 无 朱勤华 2,231,932 0.6090 2,231,932 0.5481 无 吴征涛 1,807,593 0.4932 1,807,593 0.4439 无 唐斌 345,472 0.0943 345,472 0.0848 无 张敏 237,521 0.0648 237,521 0.0583 董事 （四）有关公司股本中的国有股份或外资股份的说明 1、国有股份 截至本招股说明书签署日，发行人股本中不存在国有股份。 2、外资股份 截至本招股说明书签署日，发行人股本中不存在外资股份。 （五）最近一年公司新增股东",持股比例未披露，保留空值|股份数/出资额均未披露，进入复核
AUTO-SNAP-688758-284,688758,赛分科技,688758_赛分科技.jsonl,294,83,t0/报告期初,,陈志华,自然人/其他,,,,,,"苏州赛分科技股份有限公司 首次公开发行股票并在科创板上市招股说明书 发行前 发行后 股东名称 持股数量 持股比例 持股数量 持股比例 在公司任职情况 （股） （%） （股） （%） 黄学英 92,364,177 25.2025 92,364,177 22.6822 董事长、总经理 周金清 32,200,000 8.7861 32,200,000 7.9075 无 陆民 29,601,000 8.0769 29,601,000 7.2692 无 潘鼎 7,268,000 1.9831 7,268,000 1.7848 监事 陈志华 3,454,600 0.9426 3,454,600 0.8484 无 耿卫东 3,450,000 0.9414 3,450,000 0.8472 无 朱勤华 2,231,932 0.6090 2,231,932 0.5481 无 吴征涛 1,807,593 0.4932 1,807,593 0.4439 无 唐斌 345,472 0.0943 345,472 0.0848 无 张敏 237,521 0.0648 237,521 0.0583 董事 （四）有关公司股本中的国有股份或外资股份的说明 1、国有股份 截至本招股说明书签署日，发行人股本中不存在国有股份。 2、外资股份 截至本招股说明书签署日，发行人股本中不存在外资股份。 （五）最近一年公司新增股东",持股比例未披露，保留空值|股份数/出资额均未披露，进入复核
AUTO-SNAP-688758-285,688758,赛分科技,688758_赛分科技.jsonl,295,83,t0/报告期初,,耿卫东,自然人/其他,,,,,,"苏州赛分科技股份有限公司 首次公开发行股票并在科创板上市招股说明书 发行前 发行后 股东名称 持股数量 持股比例 持股数量 持股比例 在公司任职情况 （股） （%） （股） （%） 黄学英 92,364,177 25.2025 92,364,177 22.6822 董事长、总经理 周金清 32,200,000 8.7861 32,200,000 7.9075 无 陆民 29,601,000 8.0769 29,601,000 7.2692 无 潘鼎 7,268,000 1.9831 7,268,000 1.7848 监事 陈志华 3,454,600 0.9426 3,454,600 0.8484 无 耿卫东 3,450,000 0.9414 3,450,000 0.8472 无 朱勤华 2,231,932 0.6090 2,231,932 0.5481 无 吴征涛 1,807,593 0.4932 1,807,593 0.4439 无 唐斌 345,472 0.0943 345,472 0.0848 无 张敏 237,521 0.0648 237,521 0.0583 董事 （四）有关公司股本中的国有股份或外资股份的说明 1、国有股份 截至本招股说明书签署日，发行人股本中不存在国有股份。 2、外资股份 截至本招股说明书签署日，发行人股本中不存在外资股份。 （五）最近一年公司新增股东",持股比例未披露，保留空值|股份数/出资额均未披露，进入复核
AUTO-SNAP-688758-286,688758,赛分科技,688758_赛分科技.jsonl,296,83,t0/报告期初,,朱勤华,自然人/其他,,,,,,"苏州赛分科技股份有限公司 首次公开发行股票并在科创板上市招股说明书 发行前 发行后 股东名称 持股数量 持股比例 持股数量 持股比例 在公司任职情况 （股） （%） （股） （%） 黄学英 92,364,177 25.2025 92,364,177 22.6822 董事长、总经理 周金清 32,200,000 8.7861 32,200,000 7.9075 无 陆民 29,601,000 8.0769 29,601,000 7.2692 无 潘鼎 7,268,000 1.9831 7,268,000 1.7848 监事 陈志华 3,454,600 0.9426 3,454,600 0.8484 无 耿卫东 3,450,000 0.9414 3,450,000 0.8472 无 朱勤华 2,231,932 0.6090 2,231,932 0.5481 无 吴征涛 1,807,593 0.4932 1,807,593 0.4439 无 唐斌 345,472 0.0943 345,472 0.0848 无 张敏 237,521 0.0648 237,521 0.0583 董事 （四）有关公司股本中的国有股份或外资股份的说明 1、国有股份 截至本招股说明书签署日，发行人股本中不存在国有股份。 2、外资股份 截至本招股说明书签署日，发行人股本中不存在外资股份。 （五）最近一年公司新增股东",持股比例未披露，保留空值|股份数/出资额均未披露，进入复核
AUTO-SNAP-688758-287,688758,赛分科技,688758_赛分科技.jsonl,297,83,t0/报告期初,,吴征涛,自然人/其他,,,,,,"苏州赛分科技股份有限公司 首次公开发行股票并在科创板上市招股说明书 发行前 发行后 股东名称 持股数量 持股比例 持股数量 持股比例 在公司任职情况 （股） （%） （股） （%） 黄学英 92,364,177 25.2025 92,364,177 22.6822 董事长、总经理 周金清 32,200,000 8.7861 32,200,000 7.9075 无 陆民 29,601,000 8.0769 29,601,000 7.2692 无 潘鼎 7,268,000 1.9831 7,268,000 1.7848 监事 陈志华 3,454,600 0.9426 3,454,600 0.8484 无 耿卫东 3,450,000 0.9414 3,450,000 0.8472 无 朱勤华 2,231,932 0.6090 2,231,932 0.5481 无 吴征涛 1,807,593 0.4932 1,807,593 0.4439 无 唐斌 345,472 0.0943 345,472 0.0848 无 张敏 237,521 0.0648 237,521 0.0583 董事 （四）有关公司股本中的国有股份或外资股份的说明 1、国有股份 截至本招股说明书签署日，发行人股本中不存在国有股份。 2、外资股份 截至本招股说明书签署日，发行人股本中不存在外资股份。 （五）最近一年公司新增股东",持股比例未披露，保留空值|股份数/出资额均未披露，进入复核
AUTO-SNAP-688758-288,688758,赛分科技,688758_赛分科技.jsonl,298,83,t0/报告期初,,唐斌,自然人/其他,,,,,,"苏州赛分科技股份有限公司 首次公开发行股票并在科创板上市招股说明书 发行前 发行后 股东名称 持股数量 持股比例 持股数量 持股比例 在公司任职情况 （股） （%） （股） （%） 黄学英 92,364,177 25.2025 92,364,177 22.6822 董事长、总经理 周金清 32,200,000 8.7861 32,200,000 7.9075 无 陆民 29,601,000 8.0769 29,601,000 7.2692 无 潘鼎 7,268,000 1.9831 7,268,000 1.7848 监事 陈志华 3,454,600 0.9426 3,454,600 0.8484 无 耿卫东 3,450,000 0.9414 3,450,000 0.8472 无 朱勤华 2,231,932 0.6090 2,231,932 0.5481 无 吴征涛 1,807,593 0.4932 1,807,593 0.4439 无 唐斌 345,472 0.0943 345,472 0.0848 无 张敏 237,521 0.0648 237,521 0.0583 董事 （四）有关公司股本中的国有股份或外资股份的说明 1、国有股份 截至本招股说明书签署日，发行人股本中不存在国有股份。 2、外资股份 截至本招股说明书签署日，发行人股本中不存在外资股份。 （五）最近一年公司新增股东",持股比例未披露，保留空值|股份数/出资额均未披露，进入复核
AUTO-SNAP-688758-289,688758,赛分科技,688758_赛分科技.jsonl,299,83,t0/报告期初,,张敏,自然人/其他,,,,,,"苏州赛分科技股份有限公司 首次公开发行股票并在科创板上市招股说明书 发行前 发行后 股东名称 持股数量 持股比例 持股数量 持股比例 在公司任职情况 （股） （%） （股） （%） 黄学英 92,364,177 25.2025 92,364,177 22.6822 董事长、总经理 周金清 32,200,000 8.7861 32,200,000 7.9075 无 陆民 29,601,000 8.0769 29,601,000 7.2692 无 潘鼎 7,268,000 1.9831 7,268,000 1.7848 监事 陈志华 3,454,600 0.9426 3,454,600 0.8484 无 耿卫东 3,450,000 0.9414 3,450,000 0.8472 无 朱勤华 2,231,932 0.6090 2,231,932 0.5481 无 吴征涛 1,807,593 0.4932 1,807,593 0.4439 无 唐斌 345,472 0.0943 345,472 0.0848 无 张敏 237,521 0.0648 237,521 0.0583 董事 （四）有关公司股本中的国有股份或外资股份的说明 1、国有股份 截至本招股说明书签署日，发行人股本中不存在国有股份。 2、外资股份 截至本招股说明书签署日，发行人股本中不存在外资股份。 （五）最近一年公司新增股东",持股比例未披露，保留空值|股份数/出资额均未披露，进入复核
AUTO-SNAP-688758-290,688758,赛分科技,688758_赛分科技.jsonl,300,83,t0/报告期初,,黄学英,自然人/其他,25.2025,,,,,"苏州赛分科技股份有限公司 首次公开发行股票并在科创板上市招股说明书 发行前 发行后 股东名称 持股数量 持股比例 持股数量 持股比例 在公司任职情况 （股） （%） （股） （%） 黄学英 92,364,177 25.2025 92,364,177 22.6822 董事长、总经理 周金清 32,200,000 8.7861 32,200,000 7.9075 无 陆民 29,601,000 8.0769 29,601,000 7.2692 无 潘鼎 7,268,000 1.9831 7,268,000 1.7848 监事 陈志华 3,454,600 0.9426 3,454,600 0.8484 无 耿卫东 3,450,000 0.9414 3,450,000 0.8472 无 朱勤华 2,231,932 0.6090 2,231,932 0.5481 无 吴征涛 1,807,593 0.4932 1,807,593 0.4439 无 唐斌 345,472 0.0943 345,472 0.0848 无 张敏 237,521 0.0648 237,521 0.0583 董事 （四）有关公司股本中的国有股份或外资股份的说明 1、国有股份 截至本招股说明书签署日，发行人股本中不存在国有股份。 2、外资股份 截至本招股说明书签署日，发行人股本中不存在外资股份。 （五）最近一年公司新增股东",持股比例未披露，保留空值
AUTO-SNAP-688758-291,688758,赛分科技,688758_赛分科技.jsonl,301,83,t0/报告期初,,苏州贤达,员工持股平台/员工激励,4.2095,,,,,"苏州赛分科技股份有限公司 首次公开发行股票并在科创板上市招股说明书 发行前 发行后 股东名称 持股数量 持股比例 持股数量 持股比例 在公司任职情况 （股） （%） （股） （%） 黄学英 92,364,177 25.2025 92,364,177 22.6822 董事长、总经理 周金清 32,200,000 8.7861 32,200,000 7.9075 无 陆民 29,601,000 8.0769 29,601,000 7.2692 无 潘鼎 7,268,000 1.9831 7,268,000 1.7848 监事 陈志华 3,454,600 0.9426 3,454,600 0.8484 无 耿卫东 3,450,000 0.9414 3,450,000 0.8472 无 朱勤华 2,231,932 0.6090 2,231,932 0.5481 无 吴征涛 1,807,593 0.4932 1,807,593 0.4439 无 唐斌 345,472 0.0943 345,472 0.0848 无 张敏 237,521 0.0648 237,521 0.0583 董事 （四）有关公司股本中的国有股份或外资股份的说明 1、国有股份 截至本招股说明书签署日，发行人股本中不存在国有股份。 2、外资股份 截至本招股说明书签署日，发行人股本中不存在外资股份。 （五）最近一年公司新增股东",持股比例未披露，保留空值
AUTO-SNAP-688758-292,688758,赛分科技,688758_赛分科技.jsonl,302,83,t0/报告期初,,苏州杰贤,员工持股平台/员工激励,2.1802,,,,,"苏州赛分科技股份有限公司 首次公开发行股票并在科创板上市招股说明书 发行前 发行后 股东名称 持股数量 持股比例 持股数量 持股比例 在公司任职情况 （股） （%） （股） （%） 黄学英 92,364,177 25.2025 92,364,177 22.6822 董事长、总经理 周金清 32,200,000 8.7861 32,200,000 7.9075 无 陆民 29,601,000 8.0769 29,601,000 7.2692 无 潘鼎 7,268,000 1.9831 7,268,000 1.7848 监事 陈志华 3,454,600 0.9426 3,454,600 0.8484 无 耿卫东 3,450,000 0.9414 3,450,000 0.8472 无 朱勤华 2,231,932 0.6090 2,231,932 0.5481 无 吴征涛 1,807,593 0.4932 1,807,593 0.4439 无 唐斌 345,472 0.0943 345,472 0.0848 无 张敏 237,521 0.0648 237,521 0.0583 董事 （四）有关公司股本中的国有股份或外资股份的说明 1、国有股份 截至本招股说明书签署日，发行人股本中不存在国有股份。 2、外资股份 截至本招股说明书签署日，发行人股本中不存在外资股份。 （五）最近一年公司新增股东",持股比例未披露，保留空值
AUTO-SNAP-688758-293,688758,赛分科技,688758_赛分科技.jsonl,303,83,t0/报告期初,,华泰大健康一号,PE/VC或私募基金,5.4972,,,,,"苏州赛分科技股份有限公司 首次公开发行股票并在科创板上市招股说明书 发行前 发行后 股东名称 持股数量 持股比例 持股数量 持股比例 在公司任职情况 （股） （%） （股） （%） 黄学英 92,364,177 25.2025 92,364,177 22.6822 董事长、总经理 周金清 32,200,000 8.7861 32,200,000 7.9075 无 陆民 29,601,000 8.0769 29,601,000 7.2692 无 潘鼎 7,268,000 1.9831 7,268,000 1.7848 监事 陈志华 3,454,600 0.9426 3,454,600 0.8484 无 耿卫东 3,450,000 0.9414 3,450,000 0.8472 无 朱勤华 2,231,932 0.6090 2,231,932 0.5481 无 吴征涛 1,807,593 0.4932 1,807,593 0.4439 无 唐斌 345,472 0.0943 345,472 0.0848 无 张敏 237,521 0.0648 237,521 0.0583 董事 （四）有关公司股本中的国有股份或外资股份的说明 1、国有股份 截至本招股说明书签署日，发行人股本中不存在国有股份。 2、外资股份 截至本招股说明书签署日，发行人股本中不存在外资股份。 （五）最近一年公司新增股东",持股比例未披露，保留空值
AUTO-SNAP-688758-294,688758,赛分科技,688758_赛分科技.jsonl,304,84,t0/报告期初,,华泰大健康二号,PE/VC或私募基金,0.3767,,,,,"苏州赛分科技股份有限公司 首次公开发行股票并在科创板上市招股说明书 序号 股东姓名/名称 股份数量（股） 持股比例（%） 关联关系 康二号的执行事务合伙人均 5 华泰大健康二号 1,380,391 0.3767 为华泰紫金投资有限责任公 司，道兴投资系华泰紫金投 6 道兴投资 322,909 0.0881 资有限责任公司员工跟投平 台。 7 复星惟盈 14,531,642 3.9651 8 唐斌 345,472 0.0943 唐斌、张敏系复星惟盈员工。 9 张敏 237,521 0.0648 10 苏州博达 13,217,974 3.6067 WEIZHENG XU 为苏州博 达、海佳同康的执行事务合 伙人，并分别持有苏州博达 11 海佳同康 5,451,000 1.4874 28.03% 股份、海佳同康 100.00%股份。 珠海峦恒的实际控制人为张 12 珠海峦恒 7,230,349 1.9729 海燕、马翠芳和曹伟；高瓴 祈睿的实际控制人为朱秀 13 高瓴祈睿 7,230,349 1.9729 花、马翠芳和曹伟。 国药中生、国药二期执行事 14 国药中生 5,311,229 1.4492 务合伙人均为上海健壹私募 15 国药二期 1,789,688 0.4883 基金管理有限公司，上海健 16 圣成投资 111,539 0.0304 壹私募基金管理有限公司法 定代表人、实际控",持股比例未披露，保留空值
AUTO-SNAP-688758-295,688758,赛分科技,688758_赛分科技.jsonl,305,84,t0/报告期初,,道兴投资,自然人/其他,0.0881,,,,,"苏州赛分科技股份有限公司 首次公开发行股票并在科创板上市招股说明书 序号 股东姓名/名称 股份数量（股） 持股比例（%） 关联关系 康二号的执行事务合伙人均 5 华泰大健康二号 1,380,391 0.3767 为华泰紫金投资有限责任公 司，道兴投资系华泰紫金投 6 道兴投资 322,909 0.0881 资有限责任公司员工跟投平 台。 7 复星惟盈 14,531,642 3.9651 8 唐斌 345,472 0.0943 唐斌、张敏系复星惟盈员工。 9 张敏 237,521 0.0648 10 苏州博达 13,217,974 3.6067 WEIZHENG XU 为苏州博 达、海佳同康的执行事务合 伙人，并分别持有苏州博达 11 海佳同康 5,451,000 1.4874 28.03% 股份、海佳同康 100.00%股份。 珠海峦恒的实际控制人为张 12 珠海峦恒 7,230,349 1.9729 海燕、马翠芳和曹伟；高瓴 祈睿的实际控制人为朱秀 13 高瓴祈睿 7,230,349 1.9729 花、马翠芳和曹伟。 国药中生、国药二期执行事 14 国药中生 5,311,229 1.4492 务合伙人均为上海健壹私募 15 国药二期 1,789,688 0.4883 基金管理有限公司，上海健 16 圣成投资 111,539 0.0304 壹私募基金管理有限公司法 定代表人、实际控",持股比例未披露，保留空值
AUTO-SNAP-688758-296,688758,赛分科技,688758_赛分科技.jsonl,306,84,t0/报告期初,,复星惟盈,自然人/其他,3.9651,,,,,"苏州赛分科技股份有限公司 首次公开发行股票并在科创板上市招股说明书 序号 股东姓名/名称 股份数量（股） 持股比例（%） 关联关系 康二号的执行事务合伙人均 5 华泰大健康二号 1,380,391 0.3767 为华泰紫金投资有限责任公 司，道兴投资系华泰紫金投 6 道兴投资 322,909 0.0881 资有限责任公司员工跟投平 台。 7 复星惟盈 14,531,642 3.9651 8 唐斌 345,472 0.0943 唐斌、张敏系复星惟盈员工。 9 张敏 237,521 0.0648 10 苏州博达 13,217,974 3.6067 WEIZHENG XU 为苏州博 达、海佳同康的执行事务合 伙人，并分别持有苏州博达 11 海佳同康 5,451,000 1.4874 28.03% 股份、海佳同康 100.00%股份。 珠海峦恒的实际控制人为张 12 珠海峦恒 7,230,349 1.9729 海燕、马翠芳和曹伟；高瓴 祈睿的实际控制人为朱秀 13 高瓴祈睿 7,230,349 1.9729 花、马翠芳和曹伟。 国药中生、国药二期执行事 14 国药中生 5,311,229 1.4492 务合伙人均为上海健壹私募 15 国药二期 1,789,688 0.4883 基金管理有限公司，上海健 16 圣成投资 111,539 0.0304 壹私募基金管理有限公司法 定代表人、实际控",持股比例未披露，保留空值
AUTO-SNAP-688758-297,688758,赛分科技,688758_赛分科技.jsonl,307,84,t0/报告期初,,唐斌,自然人/其他,0.0943,,,,,"苏州赛分科技股份有限公司 首次公开发行股票并在科创板上市招股说明书 序号 股东姓名/名称 股份数量（股） 持股比例（%） 关联关系 康二号的执行事务合伙人均 5 华泰大健康二号 1,380,391 0.3767 为华泰紫金投资有限责任公 司，道兴投资系华泰紫金投 6 道兴投资 322,909 0.0881 资有限责任公司员工跟投平 台。 7 复星惟盈 14,531,642 3.9651 8 唐斌 345,472 0.0943 唐斌、张敏系复星惟盈员工。 9 张敏 237,521 0.0648 10 苏州博达 13,217,974 3.6067 WEIZHENG XU 为苏州博 达、海佳同康的执行事务合 伙人，并分别持有苏州博达 11 海佳同康 5,451,000 1.4874 28.03% 股份、海佳同康 100.00%股份。 珠海峦恒的实际控制人为张 12 珠海峦恒 7,230,349 1.9729 海燕、马翠芳和曹伟；高瓴 祈睿的实际控制人为朱秀 13 高瓴祈睿 7,230,349 1.9729 花、马翠芳和曹伟。 国药中生、国药二期执行事 14 国药中生 5,311,229 1.4492 务合伙人均为上海健壹私募 15 国药二期 1,789,688 0.4883 基金管理有限公司，上海健 16 圣成投资 111,539 0.0304 壹私募基金管理有限公司法 定代表人、实际控",持股比例未披露，保留空值
AUTO-SNAP-688758-298,688758,赛分科技,688758_赛分科技.jsonl,308,84,t0/报告期初,,张敏,自然人/其他,0.0648,,,,,"苏州赛分科技股份有限公司 首次公开发行股票并在科创板上市招股说明书 序号 股东姓名/名称 股份数量（股） 持股比例（%） 关联关系 康二号的执行事务合伙人均 5 华泰大健康二号 1,380,391 0.3767 为华泰紫金投资有限责任公 司，道兴投资系华泰紫金投 6 道兴投资 322,909 0.0881 资有限责任公司员工跟投平 台。 7 复星惟盈 14,531,642 3.9651 8 唐斌 345,472 0.0943 唐斌、张敏系复星惟盈员工。 9 张敏 237,521 0.0648 10 苏州博达 13,217,974 3.6067 WEIZHENG XU 为苏州博 达、海佳同康的执行事务合 伙人，并分别持有苏州博达 11 海佳同康 5,451,000 1.4874 28.03% 股份、海佳同康 100.00%股份。 珠海峦恒的实际控制人为张 12 珠海峦恒 7,230,349 1.9729 海燕、马翠芳和曹伟；高瓴 祈睿的实际控制人为朱秀 13 高瓴祈睿 7,230,349 1.9729 花、马翠芳和曹伟。 国药中生、国药二期执行事 14 国药中生 5,311,229 1.4492 务合伙人均为上海健壹私募 15 国药二期 1,789,688 0.4883 基金管理有限公司，上海健 16 圣成投资 111,539 0.0304 壹私募基金管理有限公司法 定代表人、实际控",持股比例未披露，保留空值
AUTO-SNAP-688758-299,688758,赛分科技,688758_赛分科技.jsonl,309,84,t0/报告期初,,苏州博达,员工持股平台/员工激励,3.6067,,,,,"苏州赛分科技股份有限公司 首次公开发行股票并在科创板上市招股说明书 序号 股东姓名/名称 股份数量（股） 持股比例（%） 关联关系 康二号的执行事务合伙人均 5 华泰大健康二号 1,380,391 0.3767 为华泰紫金投资有限责任公 司，道兴投资系华泰紫金投 6 道兴投资 322,909 0.0881 资有限责任公司员工跟投平 台。 7 复星惟盈 14,531,642 3.9651 8 唐斌 345,472 0.0943 唐斌、张敏系复星惟盈员工。 9 张敏 237,521 0.0648 10 苏州博达 13,217,974 3.6067 WEIZHENG XU 为苏州博 达、海佳同康的执行事务合 伙人，并分别持有苏州博达 11 海佳同康 5,451,000 1.4874 28.03% 股份、海佳同康 100.00%股份。 珠海峦恒的实际控制人为张 12 珠海峦恒 7,230,349 1.9729 海燕、马翠芳和曹伟；高瓴 祈睿的实际控制人为朱秀 13 高瓴祈睿 7,230,349 1.9729 花、马翠芳和曹伟。 国药中生、国药二期执行事 14 国药中生 5,311,229 1.4492 务合伙人均为上海健壹私募 15 国药二期 1,789,688 0.4883 基金管理有限公司，上海健 16 圣成投资 111,539 0.0304 壹私募基金管理有限公司法 定代表人、实际控",持股比例未披露，保留空值
AUTO-SNAP-688758-300,688758,赛分科技,688758_赛分科技.jsonl,310,84,t0/报告期初,,海佳同康,自然人/其他,1.4874,,,,,"苏州赛分科技股份有限公司 首次公开发行股票并在科创板上市招股说明书 序号 股东姓名/名称 股份数量（股） 持股比例（%） 关联关系 康二号的执行事务合伙人均 5 华泰大健康二号 1,380,391 0.3767 为华泰紫金投资有限责任公 司，道兴投资系华泰紫金投 6 道兴投资 322,909 0.0881 资有限责任公司员工跟投平 台。 7 复星惟盈 14,531,642 3.9651 8 唐斌 345,472 0.0943 唐斌、张敏系复星惟盈员工。 9 张敏 237,521 0.0648 10 苏州博达 13,217,974 3.6067 WEIZHENG XU 为苏州博 达、海佳同康的执行事务合 伙人，并分别持有苏州博达 11 海佳同康 5,451,000 1.4874 28.03% 股份、海佳同康 100.00%股份。 珠海峦恒的实际控制人为张 12 珠海峦恒 7,230,349 1.9729 海燕、马翠芳和曹伟；高瓴 祈睿的实际控制人为朱秀 13 高瓴祈睿 7,230,349 1.9729 花、马翠芳和曹伟。 国药中生、国药二期执行事 14 国药中生 5,311,229 1.4492 务合伙人均为上海健壹私募 15 国药二期 1,789,688 0.4883 基金管理有限公司，上海健 16 圣成投资 111,539 0.0304 壹私募基金管理有限公司法 定代表人、实际控",持股比例未披露，保留空值
AUTO-SNAP-688758-301,688758,赛分科技,688758_赛分科技.jsonl,311,84,t0/报告期初,,珠海峦恒,自然人/其他,1.9729,,,,,"苏州赛分科技股份有限公司 首次公开发行股票并在科创板上市招股说明书 序号 股东姓名/名称 股份数量（股） 持股比例（%） 关联关系 康二号的执行事务合伙人均 5 华泰大健康二号 1,380,391 0.3767 为华泰紫金投资有限责任公 司，道兴投资系华泰紫金投 6 道兴投资 322,909 0.0881 资有限责任公司员工跟投平 台。 7 复星惟盈 14,531,642 3.9651 8 唐斌 345,472 0.0943 唐斌、张敏系复星惟盈员工。 9 张敏 237,521 0.0648 10 苏州博达 13,217,974 3.6067 WEIZHENG XU 为苏州博 达、海佳同康的执行事务合 伙人，并分别持有苏州博达 11 海佳同康 5,451,000 1.4874 28.03% 股份、海佳同康 100.00%股份。 珠海峦恒的实际控制人为张 12 珠海峦恒 7,230,349 1.9729 海燕、马翠芳和曹伟；高瓴 祈睿的实际控制人为朱秀 13 高瓴祈睿 7,230,349 1.9729 花、马翠芳和曹伟。 国药中生、国药二期执行事 14 国药中生 5,311,229 1.4492 务合伙人均为上海健壹私募 15 国药二期 1,789,688 0.4883 基金管理有限公司，上海健 16 圣成投资 111,539 0.0304 壹私募基金管理有限公司法 定代表人、实际控",持股比例未披露，保留空值
AUTO-SNAP-688758-302,688758,赛分科技,688758_赛分科技.jsonl,312,84,t0/报告期初,,高瓴祈睿,PE/VC或私募基金,1.9729,,,,,"苏州赛分科技股份有限公司 首次公开发行股票并在科创板上市招股说明书 序号 股东姓名/名称 股份数量（股） 持股比例（%） 关联关系 康二号的执行事务合伙人均 5 华泰大健康二号 1,380,391 0.3767 为华泰紫金投资有限责任公 司，道兴投资系华泰紫金投 6 道兴投资 322,909 0.0881 资有限责任公司员工跟投平 台。 7 复星惟盈 14,531,642 3.9651 8 唐斌 345,472 0.0943 唐斌、张敏系复星惟盈员工。 9 张敏 237,521 0.0648 10 苏州博达 13,217,974 3.6067 WEIZHENG XU 为苏州博 达、海佳同康的执行事务合 伙人，并分别持有苏州博达 11 海佳同康 5,451,000 1.4874 28.03% 股份、海佳同康 100.00%股份。 珠海峦恒的实际控制人为张 12 珠海峦恒 7,230,349 1.9729 海燕、马翠芳和曹伟；高瓴 祈睿的实际控制人为朱秀 13 高瓴祈睿 7,230,349 1.9729 花、马翠芳和曹伟。 国药中生、国药二期执行事 14 国药中生 5,311,229 1.4492 务合伙人均为上海健壹私募 15 国药二期 1,789,688 0.4883 基金管理有限公司，上海健 16 圣成投资 111,539 0.0304 壹私募基金管理有限公司法 定代表人、实际控",持股比例未披露，保留空值
AUTO-SNAP-688758-303,688758,赛分科技,688758_赛分科技.jsonl,313,84,t0/报告期初,,国药中生,自然人/其他,1.4492,,,,,"苏州赛分科技股份有限公司 首次公开发行股票并在科创板上市招股说明书 序号 股东姓名/名称 股份数量（股） 持股比例（%） 关联关系 康二号的执行事务合伙人均 5 华泰大健康二号 1,380,391 0.3767 为华泰紫金投资有限责任公 司，道兴投资系华泰紫金投 6 道兴投资 322,909 0.0881 资有限责任公司员工跟投平 台。 7 复星惟盈 14,531,642 3.9651 8 唐斌 345,472 0.0943 唐斌、张敏系复星惟盈员工。 9 张敏 237,521 0.0648 10 苏州博达 13,217,974 3.6067 WEIZHENG XU 为苏州博 达、海佳同康的执行事务合 伙人，并分别持有苏州博达 11 海佳同康 5,451,000 1.4874 28.03% 股份、海佳同康 100.00%股份。 珠海峦恒的实际控制人为张 12 珠海峦恒 7,230,349 1.9729 海燕、马翠芳和曹伟；高瓴 祈睿的实际控制人为朱秀 13 高瓴祈睿 7,230,349 1.9729 花、马翠芳和曹伟。 国药中生、国药二期执行事 14 国药中生 5,311,229 1.4492 务合伙人均为上海健壹私募 15 国药二期 1,789,688 0.4883 基金管理有限公司，上海健 16 圣成投资 111,539 0.0304 壹私募基金管理有限公司法 定代表人、实际控",持股比例未披露，保留空值
AUTO-SNAP-688758-304,688758,赛分科技,688758_赛分科技.jsonl,314,84,t0/报告期初,,国药二期,自然人/其他,0.4883,,,,,"苏州赛分科技股份有限公司 首次公开发行股票并在科创板上市招股说明书 序号 股东姓名/名称 股份数量（股） 持股比例（%） 关联关系 康二号的执行事务合伙人均 5 华泰大健康二号 1,380,391 0.3767 为华泰紫金投资有限责任公 司，道兴投资系华泰紫金投 6 道兴投资 322,909 0.0881 资有限责任公司员工跟投平 台。 7 复星惟盈 14,531,642 3.9651 8 唐斌 345,472 0.0943 唐斌、张敏系复星惟盈员工。 9 张敏 237,521 0.0648 10 苏州博达 13,217,974 3.6067 WEIZHENG XU 为苏州博 达、海佳同康的执行事务合 伙人，并分别持有苏州博达 11 海佳同康 5,451,000 1.4874 28.03% 股份、海佳同康 100.00%股份。 珠海峦恒的实际控制人为张 12 珠海峦恒 7,230,349 1.9729 海燕、马翠芳和曹伟；高瓴 祈睿的实际控制人为朱秀 13 高瓴祈睿 7,230,349 1.9729 花、马翠芳和曹伟。 国药中生、国药二期执行事 14 国药中生 5,311,229 1.4492 务合伙人均为上海健壹私募 15 国药二期 1,789,688 0.4883 基金管理有限公司，上海健 16 圣成投资 111,539 0.0304 壹私募基金管理有限公司法 定代表人、实际控",持股比例未披露，保留空值
AUTO-SNAP-688758-305,688758,赛分科技,688758_赛分科技.jsonl,315,84,t0/报告期初,,圣成投资,自然人/其他,0.0304,,,,,"苏州赛分科技股份有限公司 首次公开发行股票并在科创板上市招股说明书 序号 股东姓名/名称 股份数量（股） 持股比例（%） 关联关系 康二号的执行事务合伙人均 5 华泰大健康二号 1,380,391 0.3767 为华泰紫金投资有限责任公 司，道兴投资系华泰紫金投 6 道兴投资 322,909 0.0881 资有限责任公司员工跟投平 台。 7 复星惟盈 14,531,642 3.9651 8 唐斌 345,472 0.0943 唐斌、张敏系复星惟盈员工。 9 张敏 237,521 0.0648 10 苏州博达 13,217,974 3.6067 WEIZHENG XU 为苏州博 达、海佳同康的执行事务合 伙人，并分别持有苏州博达 11 海佳同康 5,451,000 1.4874 28.03% 股份、海佳同康 100.00%股份。 珠海峦恒的实际控制人为张 12 珠海峦恒 7,230,349 1.9729 海燕、马翠芳和曹伟；高瓴 祈睿的实际控制人为朱秀 13 高瓴祈睿 7,230,349 1.9729 花、马翠芳和曹伟。 国药中生、国药二期执行事 14 国药中生 5,311,229 1.4492 务合伙人均为上海健壹私募 15 国药二期 1,789,688 0.4883 基金管理有限公司，上海健 16 圣成投资 111,539 0.0304 壹私募基金管理有限公司法 定代表人、实际控",持股比例未披露，保留空值
AUTO-SNAP-688758-306,688758,赛分科技,688758_赛分科技.jsonl,316,84,t0/报告期初,,圣祁投资,自然人/其他,0.0049,,,,,"苏州赛分科技股份有限公司 首次公开发行股票并在科创板上市招股说明书 序号 股东姓名/名称 股份数量（股） 持股比例（%） 关联关系 康二号的执行事务合伙人均 5 华泰大健康二号 1,380,391 0.3767 为华泰紫金投资有限责任公 司，道兴投资系华泰紫金投 6 道兴投资 322,909 0.0881 资有限责任公司员工跟投平 台。 7 复星惟盈 14,531,642 3.9651 8 唐斌 345,472 0.0943 唐斌、张敏系复星惟盈员工。 9 张敏 237,521 0.0648 10 苏州博达 13,217,974 3.6067 WEIZHENG XU 为苏州博 达、海佳同康的执行事务合 伙人，并分别持有苏州博达 11 海佳同康 5,451,000 1.4874 28.03% 股份、海佳同康 100.00%股份。 珠海峦恒的实际控制人为张 12 珠海峦恒 7,230,349 1.9729 海燕、马翠芳和曹伟；高瓴 祈睿的实际控制人为朱秀 13 高瓴祈睿 7,230,349 1.9729 花、马翠芳和曹伟。 国药中生、国药二期执行事 14 国药中生 5,311,229 1.4492 务合伙人均为上海健壹私募 15 国药二期 1,789,688 0.4883 基金管理有限公司，上海健 16 圣成投资 111,539 0.0304 壹私募基金管理有限公司法 定代表人、实际控",持股比例未披露，保留空值
AUTO-SNAP-688758-307,688758,赛分科技,688758_赛分科技.jsonl,317,86,t0/报告期初,,国寿疌泉,自然人/其他,,,,,,苏州赛分科技股份有限公司 首次公开发行股票并在科创板上市招股说明书 序号 股东名称 是否备案 备案时间 基金编号/产品编码 1 国寿疌泉 是 2020年4月17日 SJZ124 2 华泰大健康一号 是 2017年11月29日 S32514 3 复星惟盈 是 2018年8月1日 SED828 4 华泰大健康二号 是 2017年11月29日 S32515 5 高瓴祈睿 是 2021年5月28日 SQS796 6 国药中生 是 2018年7月6日 SCT216 7 国药二期 是 2020年10月10日 SLX955 8 夏尔巴二期 是 2021年3月1日 SNZ052 9 聚贝投资 是 2016年6月28日 SK4536 10 苏州敦行 是 2017年10月26日 SX2850 注：苏州敦行办理基金备案时名称为“苏州敦行价值投资合伙企业（有限合伙）”，2019 年6月，苏州敦行名称变更为“苏州敦行价值创业投资合伙企业（有限合伙）”。 国寿疌泉的基金管理人国寿股权投资有限公司已在中国证券投资基金业协 会备案，登记编号为P1033329。 华泰大健康一号和华泰大健康二号的基金管理人华泰紫金投资有限责任公 司为华泰证券股份有限公司全资子公司，已在中国证券投资基金业协会备案，登 记编号为PT2600011618。 复星惟盈的基金管理人上海复星创富投资管理股份有限公司已在中国证券 投资基金业协会备,持股比例未披露，保留空值|股份数/出资额均未披露，进入复核
AUTO-SNAP-688758-308,688758,赛分科技,688758_赛分科技.jsonl,318,86,t0/报告期初,,华泰大健康一号,PE/VC或私募基金,,,,,,苏州赛分科技股份有限公司 首次公开发行股票并在科创板上市招股说明书 序号 股东名称 是否备案 备案时间 基金编号/产品编码 1 国寿疌泉 是 2020年4月17日 SJZ124 2 华泰大健康一号 是 2017年11月29日 S32514 3 复星惟盈 是 2018年8月1日 SED828 4 华泰大健康二号 是 2017年11月29日 S32515 5 高瓴祈睿 是 2021年5月28日 SQS796 6 国药中生 是 2018年7月6日 SCT216 7 国药二期 是 2020年10月10日 SLX955 8 夏尔巴二期 是 2021年3月1日 SNZ052 9 聚贝投资 是 2016年6月28日 SK4536 10 苏州敦行 是 2017年10月26日 SX2850 注：苏州敦行办理基金备案时名称为“苏州敦行价值投资合伙企业（有限合伙）”，2019 年6月，苏州敦行名称变更为“苏州敦行价值创业投资合伙企业（有限合伙）”。 国寿疌泉的基金管理人国寿股权投资有限公司已在中国证券投资基金业协 会备案，登记编号为P1033329。 华泰大健康一号和华泰大健康二号的基金管理人华泰紫金投资有限责任公 司为华泰证券股份有限公司全资子公司，已在中国证券投资基金业协会备案，登 记编号为PT2600011618。 复星惟盈的基金管理人上海复星创富投资管理股份有限公司已在中国证券 投资基金业协会备,持股比例未披露，保留空值|股份数/出资额均未披露，进入复核
AUTO-SNAP-688758-309,688758,赛分科技,688758_赛分科技.jsonl,319,86,t0/报告期初,,复星惟盈,自然人/其他,,,,,,苏州赛分科技股份有限公司 首次公开发行股票并在科创板上市招股说明书 序号 股东名称 是否备案 备案时间 基金编号/产品编码 1 国寿疌泉 是 2020年4月17日 SJZ124 2 华泰大健康一号 是 2017年11月29日 S32514 3 复星惟盈 是 2018年8月1日 SED828 4 华泰大健康二号 是 2017年11月29日 S32515 5 高瓴祈睿 是 2021年5月28日 SQS796 6 国药中生 是 2018年7月6日 SCT216 7 国药二期 是 2020年10月10日 SLX955 8 夏尔巴二期 是 2021年3月1日 SNZ052 9 聚贝投资 是 2016年6月28日 SK4536 10 苏州敦行 是 2017年10月26日 SX2850 注：苏州敦行办理基金备案时名称为“苏州敦行价值投资合伙企业（有限合伙）”，2019 年6月，苏州敦行名称变更为“苏州敦行价值创业投资合伙企业（有限合伙）”。 国寿疌泉的基金管理人国寿股权投资有限公司已在中国证券投资基金业协 会备案，登记编号为P1033329。 华泰大健康一号和华泰大健康二号的基金管理人华泰紫金投资有限责任公 司为华泰证券股份有限公司全资子公司，已在中国证券投资基金业协会备案，登 记编号为PT2600011618。 复星惟盈的基金管理人上海复星创富投资管理股份有限公司已在中国证券 投资基金业协会备,持股比例未披露，保留空值|股份数/出资额均未披露，进入复核
AUTO-SNAP-688758-310,688758,赛分科技,688758_赛分科技.jsonl,320,86,t0/报告期初,,华泰大健康二号,PE/VC或私募基金,,,,,,苏州赛分科技股份有限公司 首次公开发行股票并在科创板上市招股说明书 序号 股东名称 是否备案 备案时间 基金编号/产品编码 1 国寿疌泉 是 2020年4月17日 SJZ124 2 华泰大健康一号 是 2017年11月29日 S32514 3 复星惟盈 是 2018年8月1日 SED828 4 华泰大健康二号 是 2017年11月29日 S32515 5 高瓴祈睿 是 2021年5月28日 SQS796 6 国药中生 是 2018年7月6日 SCT216 7 国药二期 是 2020年10月10日 SLX955 8 夏尔巴二期 是 2021年3月1日 SNZ052 9 聚贝投资 是 2016年6月28日 SK4536 10 苏州敦行 是 2017年10月26日 SX2850 注：苏州敦行办理基金备案时名称为“苏州敦行价值投资合伙企业（有限合伙）”，2019 年6月，苏州敦行名称变更为“苏州敦行价值创业投资合伙企业（有限合伙）”。 国寿疌泉的基金管理人国寿股权投资有限公司已在中国证券投资基金业协 会备案，登记编号为P1033329。 华泰大健康一号和华泰大健康二号的基金管理人华泰紫金投资有限责任公 司为华泰证券股份有限公司全资子公司，已在中国证券投资基金业协会备案，登 记编号为PT2600011618。 复星惟盈的基金管理人上海复星创富投资管理股份有限公司已在中国证券 投资基金业协会备,持股比例未披露，保留空值|股份数/出资额均未披露，进入复核
AUTO-SNAP-688758-311,688758,赛分科技,688758_赛分科技.jsonl,321,86,t0/报告期初,,高瓴祈睿,PE/VC或私募基金,,,,,,苏州赛分科技股份有限公司 首次公开发行股票并在科创板上市招股说明书 序号 股东名称 是否备案 备案时间 基金编号/产品编码 1 国寿疌泉 是 2020年4月17日 SJZ124 2 华泰大健康一号 是 2017年11月29日 S32514 3 复星惟盈 是 2018年8月1日 SED828 4 华泰大健康二号 是 2017年11月29日 S32515 5 高瓴祈睿 是 2021年5月28日 SQS796 6 国药中生 是 2018年7月6日 SCT216 7 国药二期 是 2020年10月10日 SLX955 8 夏尔巴二期 是 2021年3月1日 SNZ052 9 聚贝投资 是 2016年6月28日 SK4536 10 苏州敦行 是 2017年10月26日 SX2850 注：苏州敦行办理基金备案时名称为“苏州敦行价值投资合伙企业（有限合伙）”，2019 年6月，苏州敦行名称变更为“苏州敦行价值创业投资合伙企业（有限合伙）”。 国寿疌泉的基金管理人国寿股权投资有限公司已在中国证券投资基金业协 会备案，登记编号为P1033329。 华泰大健康一号和华泰大健康二号的基金管理人华泰紫金投资有限责任公 司为华泰证券股份有限公司全资子公司，已在中国证券投资基金业协会备案，登 记编号为PT2600011618。 复星惟盈的基金管理人上海复星创富投资管理股份有限公司已在中国证券 投资基金业协会备,持股比例未披露，保留空值|股份数/出资额均未披露，进入复核
AUTO-SNAP-688758-312,688758,赛分科技,688758_赛分科技.jsonl,322,86,t0/报告期初,,国药中生,自然人/其他,,,,,,苏州赛分科技股份有限公司 首次公开发行股票并在科创板上市招股说明书 序号 股东名称 是否备案 备案时间 基金编号/产品编码 1 国寿疌泉 是 2020年4月17日 SJZ124 2 华泰大健康一号 是 2017年11月29日 S32514 3 复星惟盈 是 2018年8月1日 SED828 4 华泰大健康二号 是 2017年11月29日 S32515 5 高瓴祈睿 是 2021年5月28日 SQS796 6 国药中生 是 2018年7月6日 SCT216 7 国药二期 是 2020年10月10日 SLX955 8 夏尔巴二期 是 2021年3月1日 SNZ052 9 聚贝投资 是 2016年6月28日 SK4536 10 苏州敦行 是 2017年10月26日 SX2850 注：苏州敦行办理基金备案时名称为“苏州敦行价值投资合伙企业（有限合伙）”，2019 年6月，苏州敦行名称变更为“苏州敦行价值创业投资合伙企业（有限合伙）”。 国寿疌泉的基金管理人国寿股权投资有限公司已在中国证券投资基金业协 会备案，登记编号为P1033329。 华泰大健康一号和华泰大健康二号的基金管理人华泰紫金投资有限责任公 司为华泰证券股份有限公司全资子公司，已在中国证券投资基金业协会备案，登 记编号为PT2600011618。 复星惟盈的基金管理人上海复星创富投资管理股份有限公司已在中国证券 投资基金业协会备,持股比例未披露，保留空值|股份数/出资额均未披露，进入复核
AUTO-SNAP-688758-313,688758,赛分科技,688758_赛分科技.jsonl,323,86,t0/报告期初,,国药二期,自然人/其他,,,,,,苏州赛分科技股份有限公司 首次公开发行股票并在科创板上市招股说明书 序号 股东名称 是否备案 备案时间 基金编号/产品编码 1 国寿疌泉 是 2020年4月17日 SJZ124 2 华泰大健康一号 是 2017年11月29日 S32514 3 复星惟盈 是 2018年8月1日 SED828 4 华泰大健康二号 是 2017年11月29日 S32515 5 高瓴祈睿 是 2021年5月28日 SQS796 6 国药中生 是 2018年7月6日 SCT216 7 国药二期 是 2020年10月10日 SLX955 8 夏尔巴二期 是 2021年3月1日 SNZ052 9 聚贝投资 是 2016年6月28日 SK4536 10 苏州敦行 是 2017年10月26日 SX2850 注：苏州敦行办理基金备案时名称为“苏州敦行价值投资合伙企业（有限合伙）”，2019 年6月，苏州敦行名称变更为“苏州敦行价值创业投资合伙企业（有限合伙）”。 国寿疌泉的基金管理人国寿股权投资有限公司已在中国证券投资基金业协 会备案，登记编号为P1033329。 华泰大健康一号和华泰大健康二号的基金管理人华泰紫金投资有限责任公 司为华泰证券股份有限公司全资子公司，已在中国证券投资基金业协会备案，登 记编号为PT2600011618。 复星惟盈的基金管理人上海复星创富投资管理股份有限公司已在中国证券 投资基金业协会备,持股比例未披露，保留空值|股份数/出资额均未披露，进入复核
AUTO-SNAP-688758-314,688758,赛分科技,688758_赛分科技.jsonl,324,86,t0/报告期初,,夏尔巴二期,自然人/其他,,,,,,苏州赛分科技股份有限公司 首次公开发行股票并在科创板上市招股说明书 序号 股东名称 是否备案 备案时间 基金编号/产品编码 1 国寿疌泉 是 2020年4月17日 SJZ124 2 华泰大健康一号 是 2017年11月29日 S32514 3 复星惟盈 是 2018年8月1日 SED828 4 华泰大健康二号 是 2017年11月29日 S32515 5 高瓴祈睿 是 2021年5月28日 SQS796 6 国药中生 是 2018年7月6日 SCT216 7 国药二期 是 2020年10月10日 SLX955 8 夏尔巴二期 是 2021年3月1日 SNZ052 9 聚贝投资 是 2016年6月28日 SK4536 10 苏州敦行 是 2017年10月26日 SX2850 注：苏州敦行办理基金备案时名称为“苏州敦行价值投资合伙企业（有限合伙）”，2019 年6月，苏州敦行名称变更为“苏州敦行价值创业投资合伙企业（有限合伙）”。 国寿疌泉的基金管理人国寿股权投资有限公司已在中国证券投资基金业协 会备案，登记编号为P1033329。 华泰大健康一号和华泰大健康二号的基金管理人华泰紫金投资有限责任公 司为华泰证券股份有限公司全资子公司，已在中国证券投资基金业协会备案，登 记编号为PT2600011618。 复星惟盈的基金管理人上海复星创富投资管理股份有限公司已在中国证券 投资基金业协会备,持股比例未披露，保留空值|股份数/出资额均未披露，进入复核
AUTO-SNAP-688758-315,688758,赛分科技,688758_赛分科技.jsonl,325,86,t0/报告期初,,聚贝投资,自然人/其他,,,,,,苏州赛分科技股份有限公司 首次公开发行股票并在科创板上市招股说明书 序号 股东名称 是否备案 备案时间 基金编号/产品编码 1 国寿疌泉 是 2020年4月17日 SJZ124 2 华泰大健康一号 是 2017年11月29日 S32514 3 复星惟盈 是 2018年8月1日 SED828 4 华泰大健康二号 是 2017年11月29日 S32515 5 高瓴祈睿 是 2021年5月28日 SQS796 6 国药中生 是 2018年7月6日 SCT216 7 国药二期 是 2020年10月10日 SLX955 8 夏尔巴二期 是 2021年3月1日 SNZ052 9 聚贝投资 是 2016年6月28日 SK4536 10 苏州敦行 是 2017年10月26日 SX2850 注：苏州敦行办理基金备案时名称为“苏州敦行价值投资合伙企业（有限合伙）”，2019 年6月，苏州敦行名称变更为“苏州敦行价值创业投资合伙企业（有限合伙）”。 国寿疌泉的基金管理人国寿股权投资有限公司已在中国证券投资基金业协 会备案，登记编号为P1033329。 华泰大健康一号和华泰大健康二号的基金管理人华泰紫金投资有限责任公 司为华泰证券股份有限公司全资子公司，已在中国证券投资基金业协会备案，登 记编号为PT2600011618。 复星惟盈的基金管理人上海复星创富投资管理股份有限公司已在中国证券 投资基金业协会备,持股比例未披露，保留空值|股份数/出资额均未披露，进入复核
AUTO-SNAP-688758-316,688758,赛分科技,688758_赛分科技.jsonl,326,86,t0/报告期初,,苏州敦行,自然人/其他,,,,,,苏州赛分科技股份有限公司 首次公开发行股票并在科创板上市招股说明书 序号 股东名称 是否备案 备案时间 基金编号/产品编码 1 国寿疌泉 是 2020年4月17日 SJZ124 2 华泰大健康一号 是 2017年11月29日 S32514 3 复星惟盈 是 2018年8月1日 SED828 4 华泰大健康二号 是 2017年11月29日 S32515 5 高瓴祈睿 是 2021年5月28日 SQS796 6 国药中生 是 2018年7月6日 SCT216 7 国药二期 是 2020年10月10日 SLX955 8 夏尔巴二期 是 2021年3月1日 SNZ052 9 聚贝投资 是 2016年6月28日 SK4536 10 苏州敦行 是 2017年10月26日 SX2850 注：苏州敦行办理基金备案时名称为“苏州敦行价值投资合伙企业（有限合伙）”，2019 年6月，苏州敦行名称变更为“苏州敦行价值创业投资合伙企业（有限合伙）”。 国寿疌泉的基金管理人国寿股权投资有限公司已在中国证券投资基金业协 会备案，登记编号为P1033329。 华泰大健康一号和华泰大健康二号的基金管理人华泰紫金投资有限责任公 司为华泰证券股份有限公司全资子公司，已在中国证券投资基金业协会备案，登 记编号为PT2600011618。 复星惟盈的基金管理人上海复星创富投资管理股份有限公司已在中国证券 投资基金业协会备,持股比例未披露，保留空值|股份数/出资额均未披露，进入复核
AUTO-SNAP-688775-001,688775,影石创新,688775_影石创新.jsonl,1,63,t_m1/深圳岚锋设立时,有限公司阶段，注册资本出资额,北京岚锋,自然人/其他,,1000.0,100.0,,1000.0,"深圳岚锋设立时，出资情况如下：序号1 股东名称：北京岚锋，出资额（万元）：1,000.00，持股比例（%）：100.00。合计：1,000.00万元，100.00%。2015年7月，管理团队通过北京岚锋在深圳设立深圳岚锋（公司前身）作为境内运营实体。（招股说明书第63页、第81页）",
AUTO-SNAP-688775-002,688775,影石创新,688775_影石创新.jsonl,2,64,t0/报告期初,有限公司阶段，注册资本出资额；2019年11月VIE架构拆除后、股改前最后一次股权转让完成后,北京岚锋,自然人/其他,,2909.5963,29.9376,,9718.8612,"报告期期初，发行人注册资本为9,718.8612万元，股权结构如下：序号1 股东名称：北京岚锋，出资额（万元）：2,909.5963，持股比例（%）：29.9376；序号2 EARNACE，出资额1,294.9351万元，持股13.3239%；...[共27名股东]...合计9,718.8612万元，100.00%。（招股说明书第64-65页）",
AUTO-SNAP-688775-003,688775,影石创新,688775_影石创新.jsonl,3,64,t0/报告期初,有限公司阶段，注册资本出资额；2019年11月VIE架构拆除后、股改前最后一次股权转让完成后,EARNACE,自然人/其他,,1294.9351,13.3239,,9718.8612,"报告期期初，发行人注册资本为9,718.8612万元，股权结构如下：序号1 股东名称：北京岚锋，出资额（万元）：2,909.5963，持股比例（%）：29.9376；序号2 EARNACE，出资额1,294.9351万元，持股13.3239%；...[共27名股东]...合计9,718.8612万元，100.00%。（招股说明书第64-65页）",
AUTO-SNAP-688775-004,688775,影石创新,688775_影石创新.jsonl,4,64,t0/报告期初,有限公司阶段，注册资本出资额；2019年11月VIE架构拆除后、股改前最后一次股权转让完成后,QM101,自然人/其他,,913.5841,9.4001,,9718.8612,"报告期期初，发行人注册资本为9,718.8612万元，股权结构如下：序号1 股东名称：北京岚锋，出资额（万元）：2,909.5963，持股比例（%）：29.9376；序号2 EARNACE，出资额1,294.9351万元，持股13.3239%；...[共27名股东]...合计9,718.8612万元，100.00%。（招股说明书第64-65页）",
AUTO-SNAP-688775-005,688775,影石创新,688775_影石创新.jsonl,5,64,t0/报告期初,有限公司阶段，注册资本出资额；2019年11月VIE架构拆除后、股改前最后一次股权转让完成后,香港迅雷,自然人/其他,,848.7142,8.7327,,9718.8612,"报告期期初，发行人注册资本为9,718.8612万元，股权结构如下：序号1 股东名称：北京岚锋，出资额（万元）：2,909.5963，持股比例（%）：29.9376；序号2 EARNACE，出资额1,294.9351万元，持股13.3239%；...[共27名股东]...合计9,718.8612万元，100.00%。（招股说明书第64-65页）",
AUTO-SNAP-688775-006,688775,影石创新,688775_影石创新.jsonl,6,64,t0/报告期初,有限公司阶段，注册资本出资额；2019年11月VIE架构拆除后、股改前最后一次股权转让完成后,岚沣管理,员工持股平台/员工激励,,395.2401,4.0667,,9718.8612,"报告期期初，发行人注册资本为9,718.8612万元，股权结构如下：序号1 股东名称：北京岚锋，出资额（万元）：2,909.5963，持股比例（%）：29.9376；序号2 EARNACE，出资额1,294.9351万元，持股13.3239%；...[共27名股东]...合计9,718.8612万元，100.00%。（招股说明书第64-65页）",
AUTO-SNAP-688775-007,688775,影石创新,688775_影石创新.jsonl,7,64,t0/报告期初,有限公司阶段，注册资本出资额；2019年11月VIE架构拆除后、股改前最后一次股权转让完成后,华金同达,PE/VC或私募基金,,387.8661,3.9909,,9718.8612,"报告期期初，发行人注册资本为9,718.8612万元，股权结构如下：序号1 股东名称：北京岚锋，出资额（万元）：2,909.5963，持股比例（%）：29.9376；序号2 EARNACE，出资额1,294.9351万元，持股13.3239%；...[共27名股东]...合计9,718.8612万元，100.00%。（招股说明书第64-65页）",
AUTO-SNAP-688775-008,688775,影石创新,688775_影石创新.jsonl,8,64,t0/报告期初,有限公司阶段，注册资本出资额；2019年11月VIE架构拆除后、股改前最后一次股权转让完成后,厦门富凯,自然人/其他,,359.628,3.7003,,9718.8612,"报告期期初，发行人注册资本为9,718.8612万元，股权结构如下：序号1 股东名称：北京岚锋，出资额（万元）：2,909.5963，持股比例（%）：29.9376；序号2 EARNACE，出资额1,294.9351万元，持股13.3239%；...[共27名股东]...合计9,718.8612万元，100.00%。（招股说明书第64-65页）",
AUTO-SNAP-688775-009,688775,影石创新,688775_影石创新.jsonl,9,64,t0/报告期初,有限公司阶段，注册资本出资额；2019年11月VIE架构拆除后、股改前最后一次股权转让完成后,澜烽管理,自然人/其他,,316.1921,3.2534,,9718.8612,"报告期期初，发行人注册资本为9,718.8612万元，股权结构如下：序号1 股东名称：北京岚锋，出资额（万元）：2,909.5963，持股比例（%）：29.9376；序号2 EARNACE，出资额1,294.9351万元，持股13.3239%；...[共27名股东]...合计9,718.8612万元，100.00%。（招股说明书第64-65页）",
AUTO-SNAP-688775-010,688775,影石创新,688775_影石创新.jsonl,10,64,t0/报告期初,有限公司阶段，注册资本出资额；2019年11月VIE架构拆除后、股改前最后一次股权转让完成后,伊敦传媒,自然人/其他,,263.6237,2.7125,,9718.8612,"报告期期初，发行人注册资本为9,718.8612万元，股权结构如下：序号1 股东名称：北京岚锋，出资额（万元）：2,909.5963，持股比例（%）：29.9376；序号2 EARNACE，出资额1,294.9351万元，持股13.3239%；...[共27名股东]...合计9,718.8612万元，100.00%。（招股说明书第64-65页）",
AUTO-SNAP-688775-011,688775,影石创新,688775_影石创新.jsonl,11,64,t0/报告期初,有限公司阶段，注册资本出资额；2019年11月VIE架构拆除后、股改前最后一次股权转让完成后,领誉基石,PE/VC或私募基金,,259.2063,2.667,,9718.8612,"报告期期初，发行人注册资本为9,718.8612万元，股权结构如下：序号1 股东名称：北京岚锋，出资额（万元）：2,909.5963，持股比例（%）：29.9376；序号2 EARNACE，出资额1,294.9351万元，持股13.3239%；...[共27名股东]...合计9,718.8612万元，100.00%。（招股说明书第64-65页）",
AUTO-SNAP-688775-012,688775,影石创新,688775_影石创新.jsonl,12,64,t0/报告期初,有限公司阶段，注册资本出资额；2019年11月VIE架构拆除后、股改前最后一次股权转让完成后,中证投资,自然人/其他,,246.0118,2.5313,,9718.8612,"报告期期初，发行人注册资本为9,718.8612万元，股权结构如下：序号1 股东名称：北京岚锋，出资额（万元）：2,909.5963，持股比例（%）：29.9376；序号2 EARNACE，出资额1,294.9351万元，持股13.3239%；...[共27名股东]...合计9,718.8612万元，100.00%。（招股说明书第64-65页）",
AUTO-SNAP-688775-013,688775,影石创新,688775_影石创新.jsonl,13,64,t0/报告期初,有限公司阶段，注册资本出资额；2019年11月VIE架构拆除后、股改前最后一次股权转让完成后,金石智娱,自然人/其他,,246.0083,2.5312,,9718.8612,"报告期期初，发行人注册资本为9,718.8612万元，股权结构如下：序号1 股东名称：北京岚锋，出资额（万元）：2,909.5963，持股比例（%）：29.9376；序号2 EARNACE，出资额1,294.9351万元，持股13.3239%；...[共27名股东]...合计9,718.8612万元，100.00%。（招股说明书第64-65页）",
AUTO-SNAP-688775-014,688775,影石创新,688775_影石创新.jsonl,14,64,t0/报告期初,有限公司阶段，注册资本出资额；2019年11月VIE架构拆除后、股改前最后一次股权转让完成后,芜湖旷沄,自然人/其他,,172.3849,1.7737,,9718.8612,"报告期期初，发行人注册资本为9,718.8612万元，股权结构如下：序号1 股东名称：北京岚锋，出资额（万元）：2,909.5963，持股比例（%）：29.9376；序号2 EARNACE，出资额1,294.9351万元，持股13.3239%；...[共27名股东]...合计9,718.8612万元，100.00%。（招股说明书第64-65页）",
AUTO-SNAP-688775-015,688775,影石创新,688775_影石创新.jsonl,15,64,t0/报告期初,有限公司阶段，注册资本出资额；2019年11月VIE架构拆除后、股改前最后一次股权转让完成后,朗玛六号,PE/VC或私募基金,,162.1267,1.6682,,9718.8612,"报告期期初，发行人注册资本为9,718.8612万元，股权结构如下：序号1 股东名称：北京岚锋，出资额（万元）：2,909.5963，持股比例（%）：29.9376；序号2 EARNACE，出资额1,294.9351万元，持股13.3239%；...[共27名股东]...合计9,718.8612万元，100.00%。（招股说明书第64-65页）",
AUTO-SNAP-688775-016,688775,影石创新,688775_影石创新.jsonl,16,64,t0/报告期初,有限公司阶段，注册资本出资额；2019年11月VIE架构拆除后、股改前最后一次股权转让完成后,天正投资,自然人/其他,,157.9312,1.625,,9718.8612,"报告期期初，发行人注册资本为9,718.8612万元，股权结构如下：序号1 股东名称：北京岚锋，出资额（万元）：2,909.5963，持股比例（%）：29.9376；序号2 EARNACE，出资额1,294.9351万元，持股13.3239%；...[共27名股东]...合计9,718.8612万元，100.00%。（招股说明书第64-65页）",
AUTO-SNAP-688775-017,688775,影石创新,688775_影石创新.jsonl,17,64,t0/报告期初,有限公司阶段，注册资本出资额；2019年11月VIE架构拆除后、股改前最后一次股权转让完成后,朗玛五号,PE/VC或私募基金,,145.9141,1.5013,,9718.8612,"报告期期初，发行人注册资本为9,718.8612万元，股权结构如下：序号1 股东名称：北京岚锋，出资额（万元）：2,909.5963，持股比例（%）：29.9376；序号2 EARNACE，出资额1,294.9351万元，持股13.3239%；...[共27名股东]...合计9,718.8612万元，100.00%。（招股说明书第64-65页）",
AUTO-SNAP-688775-018,688775,影石创新,688775_影石创新.jsonl,18,64,t0/报告期初,有限公司阶段，注册资本出资额；2019年11月VIE架构拆除后、股改前最后一次股权转让完成后,深圳麦高,自然人/其他,,126.3558,1.3001,,9718.8612,"报告期期初，发行人注册资本为9,718.8612万元，股权结构如下：序号1 股东名称：北京岚锋，出资额（万元）：2,909.5963，持股比例（%）：29.9376；序号2 EARNACE，出资额1,294.9351万元，持股13.3239%；...[共27名股东]...合计9,718.8612万元，100.00%。（招股说明书第64-65页）",
AUTO-SNAP-688775-019,688775,影石创新,688775_影石创新.jsonl,19,64,t0/报告期初,有限公司阶段，注册资本出资额；2019年11月VIE架构拆除后、股改前最后一次股权转让完成后,朗玛九号,PE/VC或私募基金,,122.9215,1.2648,,9718.8612,"报告期期初，发行人注册资本为9,718.8612万元，股权结构如下：序号1 股东名称：北京岚锋，出资额（万元）：2,909.5963，持股比例（%）：29.9376；序号2 EARNACE，出资额1,294.9351万元，持股13.3239%；...[共27名股东]...合计9,718.8612万元，100.00%。（招股说明书第64-65页）",
AUTO-SNAP-688775-020,688775,影石创新,688775_影石创新.jsonl,20,64,t0/报告期初,有限公司阶段，注册资本出资额；2019年11月VIE架构拆除后、股改前最后一次股权转让完成后,德朴投资,自然人/其他,,77.4985,0.7974,,9718.8612,"报告期期初，发行人注册资本为9,718.8612万元，股权结构如下：序号1 股东名称：北京岚锋，出资额（万元）：2,909.5963，持股比例（%）：29.9376；序号2 EARNACE，出资额1,294.9351万元，持股13.3239%；...[共27名股东]...合计9,718.8612万元，100.00%。（招股说明书第64-65页）",
AUTO-SNAP-688775-021,688775,影石创新,688775_影石创新.jsonl,21,64,t0/报告期初,有限公司阶段，注册资本出资额；2019年11月VIE架构拆除后、股改前最后一次股权转让完成后,朗玛十四号,PE/VC或私募基金,,60.7422,0.625,,9718.8612,"报告期期初，发行人注册资本为9,718.8612万元，股权结构如下：序号1 股东名称：北京岚锋，出资额（万元）：2,909.5963，持股比例（%）：29.9376；序号2 EARNACE，出资额1,294.9351万元，持股13.3239%；...[共27名股东]...合计9,718.8612万元，100.00%。（招股说明书第64-65页）",
AUTO-SNAP-688775-022,688775,影石创新,688775_影石创新.jsonl,22,64,t0/报告期初,有限公司阶段，注册资本出资额；2019年11月VIE架构拆除后、股改前最后一次股权转让完成后,利得鑫投,自然人/其他,,58.3132,0.6,,9718.8612,"报告期期初，发行人注册资本为9,718.8612万元，股权结构如下：序号1 股东名称：北京岚锋，出资额（万元）：2,909.5963，持股比例（%）：29.9376；序号2 EARNACE，出资额1,294.9351万元，持股13.3239%；...[共27名股东]...合计9,718.8612万元，100.00%。（招股说明书第64-65页）",
AUTO-SNAP-688775-023,688775,影石创新,688775_影石创新.jsonl,23,64,t0/报告期初,有限公司阶段，注册资本出资额；2019年11月VIE架构拆除后、股改前最后一次股权转让完成后,汇智同裕,自然人/其他,,51.7155,0.5321,,9718.8612,"报告期期初，发行人注册资本为9,718.8612万元，股权结构如下：序号1 股东名称：北京岚锋，出资额（万元）：2,909.5963，持股比例（%）：29.9376；序号2 EARNACE，出资额1,294.9351万元，持股13.3239%；...[共27名股东]...合计9,718.8612万元，100.00%。（招股说明书第64-65页）",
AUTO-SNAP-688775-024,688775,影石创新,688775_影石创新.jsonl,24,64,t0/报告期初,有限公司阶段，注册资本出资额；2019年11月VIE架构拆除后、股改前最后一次股权转让完成后,华金创盈,PE/VC或私募基金,,42.5193,0.4375,,9718.8612,"报告期期初，发行人注册资本为9,718.8612万元，股权结构如下：序号1 股东名称：北京岚锋，出资额（万元）：2,909.5963，持股比例（%）：29.9376；序号2 EARNACE，出资额1,294.9351万元，持股13.3239%；...[共27名股东]...合计9,718.8612万元，100.00%。（招股说明书第64-65页）",
AUTO-SNAP-688775-025,688775,影石创新,688775_影石创新.jsonl,25,64,t0/报告期初,有限公司阶段，注册资本出资额；2019年11月VIE架构拆除后、股改前最后一次股权转让完成后,岚烽管理,自然人/其他,,39.37,0.4051,,9718.8612,"报告期期初，发行人注册资本为9,718.8612万元，股权结构如下：序号1 股东名称：北京岚锋，出资额（万元）：2,909.5963，持股比例（%）：29.9376；序号2 EARNACE，出资额1,294.9351万元，持股13.3239%；...[共27名股东]...合计9,718.8612万元，100.00%。（招股说明书第64-65页）",
AUTO-SNAP-688775-026,688775,影石创新,688775_影石创新.jsonl,26,64,t0/报告期初,有限公司阶段，注册资本出资额；2019年11月VIE架构拆除后、股改前最后一次股权转让完成后,威明投资,自然人/其他,,24.2963,0.25,,9718.8612,"报告期期初，发行人注册资本为9,718.8612万元，股权结构如下：序号1 股东名称：北京岚锋，出资额（万元）：2,909.5963，持股比例（%）：29.9376；序号2 EARNACE，出资额1,294.9351万元，持股13.3239%；...[共27名股东]...合计9,718.8612万元，100.00%。（招股说明书第64-65页）",
AUTO-SNAP-688775-027,688775,影石创新,688775_影石创新.jsonl,27,64,t0/报告期初,有限公司阶段，注册资本出资额；2019年11月VIE架构拆除后、股改前最后一次股权转让完成后,山东龙兴（SS）,自然人/其他,,18.986,0.1954,,9718.8612,"报告期期初，发行人注册资本为9,718.8612万元，股权结构如下：序号1 股东名称：北京岚锋，出资额（万元）：2,909.5963，持股比例（%）：29.9376；序号2 EARNACE，出资额1,294.9351万元，持股13.3239%；...[共27名股东]...合计9,718.8612万元，100.00%。（招股说明书第64-65页）",
AUTO-SNAP-688775-028,688775,影石创新,688775_影石创新.jsonl,28,64,t0/报告期初,有限公司阶段，注册资本出资额；2019年11月VIE架构拆除后、股改前最后一次股权转让完成后,知盛投资,自然人/其他,,17.1799,0.1768,,9718.8612,"报告期期初，发行人注册资本为9,718.8612万元，股权结构如下：序号1 股东名称：北京岚锋，出资额（万元）：2,909.5963，持股比例（%）：29.9376；序号2 EARNACE，出资额1,294.9351万元，持股13.3239%；...[共27名股东]...合计9,718.8612万元，100.00%。（招股说明书第64-65页）",
AUTO-SNAP-688775-029,688775,影石创新,688775_影石创新.jsonl,29,63,t1/股份公司设立时,"股份公司阶段，净资产折股；注册资本36,000万元折合36,000万股",北京岚锋,自然人/其他,10777.5453,10777.5453,29.9376,36000.0,36000.0,"2020年1月18日，公司召开创立大会暨第一次临时股东大会，审议通过成立影石创新科技股份有限公司等事宜。截至2019年10月31日，深圳岚锋账面净资产为52,728.05万元，深圳岚锋全体股东以其拥有的净资产52,728.05万元出资，并按照1：1.4647的比例折合股本36,000.00万元，其余计入资本公积。2020年2月26日，深圳市市场监督管理局核准了本次备案登记。影石创新设立时，股本结构如下：序号1 北京岚锋 10,777.5453万股 29.9376%；...合计36,000.00万股，100.00%。（招股说明书第63-64页）",
AUTO-SNAP-688775-030,688775,影石创新,688775_影石创新.jsonl,30,63,t1/股份公司设立时,"股份公司阶段，净资产折股；注册资本36,000万元折合36,000万股",EARNACE,自然人/其他,4796.6179,4796.6179,13.3239,36000.0,36000.0,"2020年1月18日，公司召开创立大会暨第一次临时股东大会，审议通过成立影石创新科技股份有限公司等事宜。截至2019年10月31日，深圳岚锋账面净资产为52,728.05万元，深圳岚锋全体股东以其拥有的净资产52,728.05万元出资，并按照1：1.4647的比例折合股本36,000.00万元，其余计入资本公积。2020年2月26日，深圳市市场监督管理局核准了本次备案登记。影石创新设立时，股本结构如下：序号1 北京岚锋 10,777.5453万股 29.9376%；...合计36,000.00万股，100.00%。（招股说明书第63-64页）",
AUTO-SNAP-688775-031,688775,影石创新,688775_影石创新.jsonl,31,63,t1/股份公司设立时,"股份公司阶段，净资产折股；注册资本36,000万元折合36,000万股",QM101,自然人/其他,3384.0413,3384.0413,9.4001,36000.0,36000.0,"2020年1月18日，公司召开创立大会暨第一次临时股东大会，审议通过成立影石创新科技股份有限公司等事宜。截至2019年10月31日，深圳岚锋账面净资产为52,728.05万元，深圳岚锋全体股东以其拥有的净资产52,728.05万元出资，并按照1：1.4647的比例折合股本36,000.00万元，其余计入资本公积。2020年2月26日，深圳市市场监督管理局核准了本次备案登记。影石创新设立时，股本结构如下：序号1 北京岚锋 10,777.5453万股 29.9376%；...合计36,000.00万股，100.00%。（招股说明书第63-64页）",
AUTO-SNAP-688775-032,688775,影石创新,688775_影石创新.jsonl,32,63,t1/股份公司设立时,"股份公司阶段，净资产折股；注册资本36,000万元折合36,000万股",香港迅雷,自然人/其他,3143.7542,3143.7542,8.7327,36000.0,36000.0,"2020年1月18日，公司召开创立大会暨第一次临时股东大会，审议通过成立影石创新科技股份有限公司等事宜。截至2019年10月31日，深圳岚锋账面净资产为52,728.05万元，深圳岚锋全体股东以其拥有的净资产52,728.05万元出资，并按照1：1.4647的比例折合股本36,000.00万元，其余计入资本公积。2020年2月26日，深圳市市场监督管理局核准了本次备案登记。影石创新设立时，股本结构如下：序号1 北京岚锋 10,777.5453万股 29.9376%；...合计36,000.00万股，100.00%。（招股说明书第63-64页）",
AUTO-SNAP-688775-033,688775,影石创新,688775_影石创新.jsonl,33,63,t1/股份公司设立时,"股份公司阶段，净资产折股；注册资本36,000万元折合36,000万股",岚沣管理,员工持股平台/员工激励,1464.0237,1464.0237,4.0667,36000.0,36000.0,"2020年1月18日，公司召开创立大会暨第一次临时股东大会，审议通过成立影石创新科技股份有限公司等事宜。截至2019年10月31日，深圳岚锋账面净资产为52,728.05万元，深圳岚锋全体股东以其拥有的净资产52,728.05万元出资，并按照1：1.4647的比例折合股本36,000.00万元，其余计入资本公积。2020年2月26日，深圳市市场监督管理局核准了本次备案登记。影石创新设立时，股本结构如下：序号1 北京岚锋 10,777.5453万股 29.9376%；...合计36,000.00万股，100.00%。（招股说明书第63-64页）",
AUTO-SNAP-688775-034,688775,影石创新,688775_影石创新.jsonl,34,63,t1/股份公司设立时,"股份公司阶段，净资产折股；注册资本36,000万元折合36,000万股",华金同达,PE/VC或私募基金,1436.7094,1436.7094,3.9909,36000.0,36000.0,"2020年1月18日，公司召开创立大会暨第一次临时股东大会，审议通过成立影石创新科技股份有限公司等事宜。截至2019年10月31日，深圳岚锋账面净资产为52,728.05万元，深圳岚锋全体股东以其拥有的净资产52,728.05万元出资，并按照1：1.4647的比例折合股本36,000.00万元，其余计入资本公积。2020年2月26日，深圳市市场监督管理局核准了本次备案登记。影石创新设立时，股本结构如下：序号1 北京岚锋 10,777.5453万股 29.9376%；...合计36,000.00万股，100.00%。（招股说明书第63-64页）",
AUTO-SNAP-688775-035,688775,影石创新,688775_影石创新.jsonl,35,63,t1/股份公司设立时,"股份公司阶段，净资产折股；注册资本36,000万元折合36,000万股",厦门富凯,自然人/其他,1332.1116,1332.1116,3.7003,36000.0,36000.0,"2020年1月18日，公司召开创立大会暨第一次临时股东大会，审议通过成立影石创新科技股份有限公司等事宜。截至2019年10月31日，深圳岚锋账面净资产为52,728.05万元，深圳岚锋全体股东以其拥有的净资产52,728.05万元出资，并按照1：1.4647的比例折合股本36,000.00万元，其余计入资本公积。2020年2月26日，深圳市市场监督管理局核准了本次备案登记。影石创新设立时，股本结构如下：序号1 北京岚锋 10,777.5453万股 29.9376%；...合计36,000.00万股，100.00%。（招股说明书第63-64页）",
AUTO-SNAP-688775-036,688775,影石创新,688775_影石创新.jsonl,36,63,t1/股份公司设立时,"股份公司阶段，净资产折股；注册资本36,000万元折合36,000万股",澜烽管理,自然人/其他,1171.2193,1171.2193,3.2534,36000.0,36000.0,"2020年1月18日，公司召开创立大会暨第一次临时股东大会，审议通过成立影石创新科技股份有限公司等事宜。截至2019年10月31日，深圳岚锋账面净资产为52,728.05万元，深圳岚锋全体股东以其拥有的净资产52,728.05万元出资，并按照1：1.4647的比例折合股本36,000.00万元，其余计入资本公积。2020年2月26日，深圳市市场监督管理局核准了本次备案登记。影石创新设立时，股本结构如下：序号1 北京岚锋 10,777.5453万股 29.9376%；...合计36,000.00万股，100.00%。（招股说明书第63-64页）",
AUTO-SNAP-688775-037,688775,影石创新,688775_影石创新.jsonl,37,63,t1/股份公司设立时,"股份公司阶段，净资产折股；注册资本36,000万元折合36,000万股",伊敦传媒,自然人/其他,976.4985,976.4985,2.7125,36000.0,36000.0,"2020年1月18日，公司召开创立大会暨第一次临时股东大会，审议通过成立影石创新科技股份有限公司等事宜。截至2019年10月31日，深圳岚锋账面净资产为52,728.05万元，深圳岚锋全体股东以其拥有的净资产52,728.05万元出资，并按照1：1.4647的比例折合股本36,000.00万元，其余计入资本公积。2020年2月26日，深圳市市场监督管理局核准了本次备案登记。影石创新设立时，股本结构如下：序号1 北京岚锋 10,777.5453万股 29.9376%；...合计36,000.00万股，100.00%。（招股说明书第63-64页）",
AUTO-SNAP-688775-038,688775,影石创新,688775_影石创新.jsonl,38,63,t1/股份公司设立时,"股份公司阶段，净资产折股；注册资本36,000万元折合36,000万股",领誉基石,PE/VC或私募基金,960.1358,960.1358,2.667,36000.0,36000.0,"2020年1月18日，公司召开创立大会暨第一次临时股东大会，审议通过成立影石创新科技股份有限公司等事宜。截至2019年10月31日，深圳岚锋账面净资产为52,728.05万元，深圳岚锋全体股东以其拥有的净资产52,728.05万元出资，并按照1：1.4647的比例折合股本36,000.00万元，其余计入资本公积。2020年2月26日，深圳市市场监督管理局核准了本次备案登记。影石创新设立时，股本结构如下：序号1 北京岚锋 10,777.5453万股 29.9376%；...合计36,000.00万股，100.00%。（招股说明书第63-64页）",
AUTO-SNAP-688775-039,688775,影石创新,688775_影石创新.jsonl,39,63,t1/股份公司设立时,"股份公司阶段，净资产折股；注册资本36,000万元折合36,000万股",中证投资,自然人/其他,911.2616,911.2616,2.5313,36000.0,36000.0,"2020年1月18日，公司召开创立大会暨第一次临时股东大会，审议通过成立影石创新科技股份有限公司等事宜。截至2019年10月31日，深圳岚锋账面净资产为52,728.05万元，深圳岚锋全体股东以其拥有的净资产52,728.05万元出资，并按照1：1.4647的比例折合股本36,000.00万元，其余计入资本公积。2020年2月26日，深圳市市场监督管理局核准了本次备案登记。影石创新设立时，股本结构如下：序号1 北京岚锋 10,777.5453万股 29.9376%；...合计36,000.00万股，100.00%。（招股说明书第63-64页）",
AUTO-SNAP-688775-040,688775,影石创新,688775_影石创新.jsonl,40,63,t1/股份公司设立时,"股份公司阶段，净资产折股；注册资本36,000万元折合36,000万股",金石智娱,自然人/其他,911.2486,911.2486,2.5312,36000.0,36000.0,"2020年1月18日，公司召开创立大会暨第一次临时股东大会，审议通过成立影石创新科技股份有限公司等事宜。截至2019年10月31日，深圳岚锋账面净资产为52,728.05万元，深圳岚锋全体股东以其拥有的净资产52,728.05万元出资，并按照1：1.4647的比例折合股本36,000.00万元，其余计入资本公积。2020年2月26日，深圳市市场监督管理局核准了本次备案登记。影石创新设立时，股本结构如下：序号1 北京岚锋 10,777.5453万股 29.9376%；...合计36,000.00万股，100.00%。（招股说明书第63-64页）",
AUTO-SNAP-688775-041,688775,影石创新,688775_影石创新.jsonl,41,63,t1/股份公司设立时,"股份公司阶段，净资产折股；注册资本36,000万元折合36,000万股",芜湖旷沄,自然人/其他,638.5374,638.5374,1.7737,36000.0,36000.0,"2020年1月18日，公司召开创立大会暨第一次临时股东大会，审议通过成立影石创新科技股份有限公司等事宜。截至2019年10月31日，深圳岚锋账面净资产为52,728.05万元，深圳岚锋全体股东以其拥有的净资产52,728.05万元出资，并按照1：1.4647的比例折合股本36,000.00万元，其余计入资本公积。2020年2月26日，深圳市市场监督管理局核准了本次备案登记。影石创新设立时，股本结构如下：序号1 北京岚锋 10,777.5453万股 29.9376%；...合计36,000.00万股，100.00%。（招股说明书第63-64页）",
AUTO-SNAP-688775-042,688775,影石创新,688775_影石创新.jsonl,42,63,t1/股份公司设立时,"股份公司阶段，净资产折股；注册资本36,000万元折合36,000万股",朗玛六号,PE/VC或私募基金,600.5396,600.5396,1.6682,36000.0,36000.0,"2020年1月18日，公司召开创立大会暨第一次临时股东大会，审议通过成立影石创新科技股份有限公司等事宜。截至2019年10月31日，深圳岚锋账面净资产为52,728.05万元，深圳岚锋全体股东以其拥有的净资产52,728.05万元出资，并按照1：1.4647的比例折合股本36,000.00万元，其余计入资本公积。2020年2月26日，深圳市市场监督管理局核准了本次备案登记。影石创新设立时，股本结构如下：序号1 北京岚锋 10,777.5453万股 29.9376%；...合计36,000.00万股，100.00%。（招股说明书第63-64页）",
AUTO-SNAP-688775-043,688775,影石创新,688775_影石创新.jsonl,43,63,t1/股份公司设立时,"股份公司阶段，净资产折股；注册资本36,000万元折合36,000万股",天正投资,自然人/其他,584.9989,584.9989,1.625,36000.0,36000.0,"2020年1月18日，公司召开创立大会暨第一次临时股东大会，审议通过成立影石创新科技股份有限公司等事宜。截至2019年10月31日，深圳岚锋账面净资产为52,728.05万元，深圳岚锋全体股东以其拥有的净资产52,728.05万元出资，并按照1：1.4647的比例折合股本36,000.00万元，其余计入资本公积。2020年2月26日，深圳市市场监督管理局核准了本次备案登记。影石创新设立时，股本结构如下：序号1 北京岚锋 10,777.5453万股 29.9376%；...合计36,000.00万股，100.00%。（招股说明书第63-64页）",
AUTO-SNAP-688775-044,688775,影石创新,688775_影石创新.jsonl,44,63,t1/股份公司设立时,"股份公司阶段，净资产折股；注册资本36,000万元折合36,000万股",朗玛五号,PE/VC或私募基金,540.4859,540.4859,1.5013,36000.0,36000.0,"2020年1月18日，公司召开创立大会暨第一次临时股东大会，审议通过成立影石创新科技股份有限公司等事宜。截至2019年10月31日，深圳岚锋账面净资产为52,728.05万元，深圳岚锋全体股东以其拥有的净资产52,728.05万元出资，并按照1：1.4647的比例折合股本36,000.00万元，其余计入资本公积。2020年2月26日，深圳市市场监督管理局核准了本次备案登记。影石创新设立时，股本结构如下：序号1 北京岚锋 10,777.5453万股 29.9376%；...合计36,000.00万股，100.00%。（招股说明书第63-64页）",
AUTO-SNAP-688775-045,688775,影石创新,688775_影石创新.jsonl,45,63,t1/股份公司设立时,"股份公司阶段，净资产折股；注册资本36,000万元折合36,000万股",深圳麦高,自然人/其他,468.0393,468.0393,1.3001,36000.0,36000.0,"2020年1月18日，公司召开创立大会暨第一次临时股东大会，审议通过成立影石创新科技股份有限公司等事宜。截至2019年10月31日，深圳岚锋账面净资产为52,728.05万元，深圳岚锋全体股东以其拥有的净资产52,728.05万元出资，并按照1：1.4647的比例折合股本36,000.00万元，其余计入资本公积。2020年2月26日，深圳市市场监督管理局核准了本次备案登记。影石创新设立时，股本结构如下：序号1 北京岚锋 10,777.5453万股 29.9376%；...合计36,000.00万股，100.00%。（招股说明书第63-64页）",
AUTO-SNAP-688775-046,688775,影石创新,688775_影石创新.jsonl,46,63,t1/股份公司设立时,"股份公司阶段，净资产折股；注册资本36,000万元折合36,000万股",朗玛九号,PE/VC或私募基金,455.3182,455.3182,1.2648,36000.0,36000.0,"2020年1月18日，公司召开创立大会暨第一次临时股东大会，审议通过成立影石创新科技股份有限公司等事宜。截至2019年10月31日，深圳岚锋账面净资产为52,728.05万元，深圳岚锋全体股东以其拥有的净资产52,728.05万元出资，并按照1：1.4647的比例折合股本36,000.00万元，其余计入资本公积。2020年2月26日，深圳市市场监督管理局核准了本次备案登记。影石创新设立时，股本结构如下：序号1 北京岚锋 10,777.5453万股 29.9376%；...合计36,000.00万股，100.00%。（招股说明书第63-64页）",
AUTO-SNAP-688775-047,688775,影石创新,688775_影石创新.jsonl,47,63,t1/股份公司设立时,"股份公司阶段，净资产折股；注册资本36,000万元折合36,000万股",德朴投资,自然人/其他,287.0651,287.0651,0.7974,36000.0,36000.0,"2020年1月18日，公司召开创立大会暨第一次临时股东大会，审议通过成立影石创新科技股份有限公司等事宜。截至2019年10月31日，深圳岚锋账面净资产为52,728.05万元，深圳岚锋全体股东以其拥有的净资产52,728.05万元出资，并按照1：1.4647的比例折合股本36,000.00万元，其余计入资本公积。2020年2月26日，深圳市市场监督管理局核准了本次备案登记。影石创新设立时，股本结构如下：序号1 北京岚锋 10,777.5453万股 29.9376%；...合计36,000.00万股，100.00%。（招股说明书第63-64页）",
AUTO-SNAP-688775-048,688775,影石创新,688775_影石创新.jsonl,48,63,t1/股份公司设立时,"股份公司阶段，净资产折股；注册资本36,000万元折合36,000万股",朗玛十四号,PE/VC或私募基金,224.9975,224.9975,0.625,36000.0,36000.0,"2020年1月18日，公司召开创立大会暨第一次临时股东大会，审议通过成立影石创新科技股份有限公司等事宜。截至2019年10月31日，深圳岚锋账面净资产为52,728.05万元，深圳岚锋全体股东以其拥有的净资产52,728.05万元出资，并按照1：1.4647的比例折合股本36,000.00万元，其余计入资本公积。2020年2月26日，深圳市市场监督管理局核准了本次备案登记。影石创新设立时，股本结构如下：序号1 北京岚锋 10,777.5453万股 29.9376%；...合计36,000.00万股，100.00%。（招股说明书第63-64页）",
AUTO-SNAP-688775-049,688775,影石创新,688775_影石创新.jsonl,49,63,t1/股份公司设立时,"股份公司阶段，净资产折股；注册资本36,000万元折合36,000万股",利得鑫投,自然人/其他,216.0001,216.0001,0.6,36000.0,36000.0,"2020年1月18日，公司召开创立大会暨第一次临时股东大会，审议通过成立影石创新科技股份有限公司等事宜。截至2019年10月31日，深圳岚锋账面净资产为52,728.05万元，深圳岚锋全体股东以其拥有的净资产52,728.05万元出资，并按照1：1.4647的比例折合股本36,000.00万元，其余计入资本公积。2020年2月26日，深圳市市场监督管理局核准了本次备案登记。影石创新设立时，股本结构如下：序号1 北京岚锋 10,777.5453万股 29.9376%；...合计36,000.00万股，100.00%。（招股说明书第63-64页）",
AUTO-SNAP-688775-050,688775,影石创新,688775_影石创新.jsonl,50,63,t1/股份公司设立时,"股份公司阶段，净资产折股；注册资本36,000万元折合36,000万股",汇智同裕,自然人/其他,191.5613,191.5613,0.5321,36000.0,36000.0,"2020年1月18日，公司召开创立大会暨第一次临时股东大会，审议通过成立影石创新科技股份有限公司等事宜。截至2019年10月31日，深圳岚锋账面净资产为52,728.05万元，深圳岚锋全体股东以其拥有的净资产52,728.05万元出资，并按照1：1.4647的比例折合股本36,000.00万元，其余计入资本公积。2020年2月26日，深圳市市场监督管理局核准了本次备案登记。影石创新设立时，股本结构如下：序号1 北京岚锋 10,777.5453万股 29.9376%；...合计36,000.00万股，100.00%。（招股说明书第63-64页）",
AUTO-SNAP-688775-051,688775,影石创新,688775_影石创新.jsonl,51,63,t1/股份公司设立时,"股份公司阶段，净资产折股；注册资本36,000万元折合36,000万股",华金创盈,PE/VC或私募基金,157.4973,157.4973,0.4375,36000.0,36000.0,"2020年1月18日，公司召开创立大会暨第一次临时股东大会，审议通过成立影石创新科技股份有限公司等事宜。截至2019年10月31日，深圳岚锋账面净资产为52,728.05万元，深圳岚锋全体股东以其拥有的净资产52,728.05万元出资，并按照1：1.4647的比例折合股本36,000.00万元，其余计入资本公积。2020年2月26日，深圳市市场监督管理局核准了本次备案登记。影石创新设立时，股本结构如下：序号1 北京岚锋 10,777.5453万股 29.9376%；...合计36,000.00万股，100.00%。（招股说明书第63-64页）",
AUTO-SNAP-688775-052,688775,影石创新,688775_影石创新.jsonl,52,63,t1/股份公司设立时,"股份公司阶段，净资产折股；注册资本36,000万元折合36,000万股",岚烽管理,自然人/其他,145.8319,145.8319,0.4051,36000.0,36000.0,"2020年1月18日，公司召开创立大会暨第一次临时股东大会，审议通过成立影石创新科技股份有限公司等事宜。截至2019年10月31日，深圳岚锋账面净资产为52,728.05万元，深圳岚锋全体股东以其拥有的净资产52,728.05万元出资，并按照1：1.4647的比例折合股本36,000.00万元，其余计入资本公积。2020年2月26日，深圳市市场监督管理局核准了本次备案登记。影石创新设立时，股本结构如下：序号1 北京岚锋 10,777.5453万股 29.9376%；...合计36,000.00万股，100.00%。（招股说明书第63-64页）",
AUTO-SNAP-688775-053,688775,影石创新,688775_影石创新.jsonl,53,63,t1/股份公司设立时,"股份公司阶段，净资产折股；注册资本36,000万元折合36,000万股",威明投资,自然人/其他,89.9968,89.9968,0.25,36000.0,36000.0,"2020年1月18日，公司召开创立大会暨第一次临时股东大会，审议通过成立影石创新科技股份有限公司等事宜。截至2019年10月31日，深圳岚锋账面净资产为52,728.05万元，深圳岚锋全体股东以其拥有的净资产52,728.05万元出资，并按照1：1.4647的比例折合股本36,000.00万元，其余计入资本公积。2020年2月26日，深圳市市场监督管理局核准了本次备案登记。影石创新设立时，股本结构如下：序号1 北京岚锋 10,777.5453万股 29.9376%；...合计36,000.00万股，100.00%。（招股说明书第63-64页）",
AUTO-SNAP-688775-054,688775,影石创新,688775_影石创新.jsonl,54,63,t1/股份公司设立时,"股份公司阶段，净资产折股；注册资本36,000万元折合36,000万股",山东龙兴（SS）,自然人/其他,70.3268,70.3268,0.1954,36000.0,36000.0,"2020年1月18日，公司召开创立大会暨第一次临时股东大会，审议通过成立影石创新科技股份有限公司等事宜。截至2019年10月31日，深圳岚锋账面净资产为52,728.05万元，深圳岚锋全体股东以其拥有的净资产52,728.05万元出资，并按照1：1.4647的比例折合股本36,000.00万元，其余计入资本公积。2020年2月26日，深圳市市场监督管理局核准了本次备案登记。影石创新设立时，股本结构如下：序号1 北京岚锋 10,777.5453万股 29.9376%；...合计36,000.00万股，100.00%。（招股说明书第63-64页）",
AUTO-SNAP-688775-055,688775,影石创新,688775_影石创新.jsonl,55,63,t1/股份公司设立时,"股份公司阶段，净资产折股；注册资本36,000万元折合36,000万股",知盛投资,自然人/其他,63.6367,63.6367,0.1768,36000.0,36000.0,"2020年1月18日，公司召开创立大会暨第一次临时股东大会，审议通过成立影石创新科技股份有限公司等事宜。截至2019年10月31日，深圳岚锋账面净资产为52,728.05万元，深圳岚锋全体股东以其拥有的净资产52,728.05万元出资，并按照1：1.4647的比例折合股本36,000.00万元，其余计入资本公积。2020年2月26日，深圳市市场监督管理局核准了本次备案登记。影石创新设立时，股本结构如下：序号1 北京岚锋 10,777.5453万股 29.9376%；...合计36,000.00万股，100.00%。（招股说明书第63-64页）",
AUTO-SNAP-688775-056,688775,影石创新,688775_影石创新.jsonl,56,66,t2/2023年3月股权转让后,股份公司阶段，德朴投资将其全部股份转让给汇智同裕后,北京岚锋,自然人/其他,10777.5453,10777.5453,29.9376,36000.0,36000.0,"2023年1月28日和2023年2月17日，影石创新分别召开董事会和股东大会并形成决议，同意德朴投资以1,462.7126万元的对价向汇智同裕转让股本287.0651万元。2023年3月24日，深圳市市场监督管理局核准了本次备案登记。本次变更后，公司的出资情况如下：序号1 北京岚锋 10,777.5453万股 29.9376%；...序号17 汇智同裕 478.6264万股 1.3295%；...合计36,000.00万元，100.00%。（招股说明书第65-67页）",
AUTO-SNAP-688775-057,688775,影石创新,688775_影石创新.jsonl,57,66,t2/2023年3月股权转让后,股份公司阶段，德朴投资将其全部股份转让给汇智同裕后,EARNACE,自然人/其他,4796.6179,4796.6179,13.3239,36000.0,36000.0,"2023年1月28日和2023年2月17日，影石创新分别召开董事会和股东大会并形成决议，同意德朴投资以1,462.7126万元的对价向汇智同裕转让股本287.0651万元。2023年3月24日，深圳市市场监督管理局核准了本次备案登记。本次变更后，公司的出资情况如下：序号1 北京岚锋 10,777.5453万股 29.9376%；...序号17 汇智同裕 478.6264万股 1.3295%；...合计36,000.00万元，100.00%。（招股说明书第65-67页）",
AUTO-SNAP-688775-058,688775,影石创新,688775_影石创新.jsonl,58,66,t2/2023年3月股权转让后,股份公司阶段，德朴投资将其全部股份转让给汇智同裕后,QM101,自然人/其他,3384.0413,3384.0413,9.4001,36000.0,36000.0,"2023年1月28日和2023年2月17日，影石创新分别召开董事会和股东大会并形成决议，同意德朴投资以1,462.7126万元的对价向汇智同裕转让股本287.0651万元。2023年3月24日，深圳市市场监督管理局核准了本次备案登记。本次变更后，公司的出资情况如下：序号1 北京岚锋 10,777.5453万股 29.9376%；...序号17 汇智同裕 478.6264万股 1.3295%；...合计36,000.00万元，100.00%。（招股说明书第65-67页）",
AUTO-SNAP-688775-059,688775,影石创新,688775_影石创新.jsonl,59,66,t2/2023年3月股权转让后,股份公司阶段，德朴投资将其全部股份转让给汇智同裕后,香港迅雷,自然人/其他,3143.7542,3143.7542,8.7327,36000.0,36000.0,"2023年1月28日和2023年2月17日，影石创新分别召开董事会和股东大会并形成决议，同意德朴投资以1,462.7126万元的对价向汇智同裕转让股本287.0651万元。2023年3月24日，深圳市市场监督管理局核准了本次备案登记。本次变更后，公司的出资情况如下：序号1 北京岚锋 10,777.5453万股 29.9376%；...序号17 汇智同裕 478.6264万股 1.3295%；...合计36,000.00万元，100.00%。（招股说明书第65-67页）",
AUTO-SNAP-688775-060,688775,影石创新,688775_影石创新.jsonl,60,66,t2/2023年3月股权转让后,股份公司阶段，德朴投资将其全部股份转让给汇智同裕后,岚沣管理,员工持股平台/员工激励,1464.0237,1464.0237,4.0667,36000.0,36000.0,"2023年1月28日和2023年2月17日，影石创新分别召开董事会和股东大会并形成决议，同意德朴投资以1,462.7126万元的对价向汇智同裕转让股本287.0651万元。2023年3月24日，深圳市市场监督管理局核准了本次备案登记。本次变更后，公司的出资情况如下：序号1 北京岚锋 10,777.5453万股 29.9376%；...序号17 汇智同裕 478.6264万股 1.3295%；...合计36,000.00万元，100.00%。（招股说明书第65-67页）",
AUTO-SNAP-688775-061,688775,影石创新,688775_影石创新.jsonl,61,66,t2/2023年3月股权转让后,股份公司阶段，德朴投资将其全部股份转让给汇智同裕后,华金同达,PE/VC或私募基金,1436.7094,1436.7094,3.9909,36000.0,36000.0,"2023年1月28日和2023年2月17日，影石创新分别召开董事会和股东大会并形成决议，同意德朴投资以1,462.7126万元的对价向汇智同裕转让股本287.0651万元。2023年3月24日，深圳市市场监督管理局核准了本次备案登记。本次变更后，公司的出资情况如下：序号1 北京岚锋 10,777.5453万股 29.9376%；...序号17 汇智同裕 478.6264万股 1.3295%；...合计36,000.00万元，100.00%。（招股说明书第65-67页）",
AUTO-SNAP-688775-062,688775,影石创新,688775_影石创新.jsonl,62,66,t2/2023年3月股权转让后,股份公司阶段，德朴投资将其全部股份转让给汇智同裕后,厦门富凯,自然人/其他,1332.1116,1332.1116,3.7003,36000.0,36000.0,"2023年1月28日和2023年2月17日，影石创新分别召开董事会和股东大会并形成决议，同意德朴投资以1,462.7126万元的对价向汇智同裕转让股本287.0651万元。2023年3月24日，深圳市市场监督管理局核准了本次备案登记。本次变更后，公司的出资情况如下：序号1 北京岚锋 10,777.5453万股 29.9376%；...序号17 汇智同裕 478.6264万股 1.3295%；...合计36,000.00万元，100.00%。（招股说明书第65-67页）",
AUTO-SNAP-688775-063,688775,影石创新,688775_影石创新.jsonl,63,66,t2/2023年3月股权转让后,股份公司阶段，德朴投资将其全部股份转让给汇智同裕后,澜烽管理,自然人/其他,1171.2193,1171.2193,3.2534,36000.0,36000.0,"2023年1月28日和2023年2月17日，影石创新分别召开董事会和股东大会并形成决议，同意德朴投资以1,462.7126万元的对价向汇智同裕转让股本287.0651万元。2023年3月24日，深圳市市场监督管理局核准了本次备案登记。本次变更后，公司的出资情况如下：序号1 北京岚锋 10,777.5453万股 29.9376%；...序号17 汇智同裕 478.6264万股 1.3295%；...合计36,000.00万元，100.00%。（招股说明书第65-67页）",
AUTO-SNAP-688775-064,688775,影石创新,688775_影石创新.jsonl,64,66,t2/2023年3月股权转让后,股份公司阶段，德朴投资将其全部股份转让给汇智同裕后,伊敦传媒,自然人/其他,976.4985,976.4985,2.7125,36000.0,36000.0,"2023年1月28日和2023年2月17日，影石创新分别召开董事会和股东大会并形成决议，同意德朴投资以1,462.7126万元的对价向汇智同裕转让股本287.0651万元。2023年3月24日，深圳市市场监督管理局核准了本次备案登记。本次变更后，公司的出资情况如下：序号1 北京岚锋 10,777.5453万股 29.9376%；...序号17 汇智同裕 478.6264万股 1.3295%；...合计36,000.00万元，100.00%。（招股说明书第65-67页）",
AUTO-SNAP-688775-065,688775,影石创新,688775_影石创新.jsonl,65,66,t2/2023年3月股权转让后,股份公司阶段，德朴投资将其全部股份转让给汇智同裕后,领誉基石,PE/VC或私募基金,960.1358,960.1358,2.667,36000.0,36000.0,"2023年1月28日和2023年2月17日，影石创新分别召开董事会和股东大会并形成决议，同意德朴投资以1,462.7126万元的对价向汇智同裕转让股本287.0651万元。2023年3月24日，深圳市市场监督管理局核准了本次备案登记。本次变更后，公司的出资情况如下：序号1 北京岚锋 10,777.5453万股 29.9376%；...序号17 汇智同裕 478.6264万股 1.3295%；...合计36,000.00万元，100.00%。（招股说明书第65-67页）",
AUTO-SNAP-688775-066,688775,影石创新,688775_影石创新.jsonl,66,66,t2/2023年3月股权转让后,股份公司阶段，德朴投资将其全部股份转让给汇智同裕后,中证投资,自然人/其他,911.2616,911.2616,2.5313,36000.0,36000.0,"2023年1月28日和2023年2月17日，影石创新分别召开董事会和股东大会并形成决议，同意德朴投资以1,462.7126万元的对价向汇智同裕转让股本287.0651万元。2023年3月24日，深圳市市场监督管理局核准了本次备案登记。本次变更后，公司的出资情况如下：序号1 北京岚锋 10,777.5453万股 29.9376%；...序号17 汇智同裕 478.6264万股 1.3295%；...合计36,000.00万元，100.00%。（招股说明书第65-67页）",
AUTO-SNAP-688775-067,688775,影石创新,688775_影石创新.jsonl,67,66,t2/2023年3月股权转让后,股份公司阶段，德朴投资将其全部股份转让给汇智同裕后,金石智娱,自然人/其他,911.2486,911.2486,2.5312,36000.0,36000.0,"2023年1月28日和2023年2月17日，影石创新分别召开董事会和股东大会并形成决议，同意德朴投资以1,462.7126万元的对价向汇智同裕转让股本287.0651万元。2023年3月24日，深圳市市场监督管理局核准了本次备案登记。本次变更后，公司的出资情况如下：序号1 北京岚锋 10,777.5453万股 29.9376%；...序号17 汇智同裕 478.6264万股 1.3295%；...合计36,000.00万元，100.00%。（招股说明书第65-67页）",
AUTO-SNAP-688775-068,688775,影石创新,688775_影石创新.jsonl,68,66,t2/2023年3月股权转让后,股份公司阶段，德朴投资将其全部股份转让给汇智同裕后,芜湖旷沄,自然人/其他,638.5374,638.5374,1.7737,36000.0,36000.0,"2023年1月28日和2023年2月17日，影石创新分别召开董事会和股东大会并形成决议，同意德朴投资以1,462.7126万元的对价向汇智同裕转让股本287.0651万元。2023年3月24日，深圳市市场监督管理局核准了本次备案登记。本次变更后，公司的出资情况如下：序号1 北京岚锋 10,777.5453万股 29.9376%；...序号17 汇智同裕 478.6264万股 1.3295%；...合计36,000.00万元，100.00%。（招股说明书第65-67页）",
AUTO-SNAP-688775-069,688775,影石创新,688775_影石创新.jsonl,69,66,t2/2023年3月股权转让后,股份公司阶段，德朴投资将其全部股份转让给汇智同裕后,朗玛六号,PE/VC或私募基金,600.5396,600.5396,1.6682,36000.0,36000.0,"2023年1月28日和2023年2月17日，影石创新分别召开董事会和股东大会并形成决议，同意德朴投资以1,462.7126万元的对价向汇智同裕转让股本287.0651万元。2023年3月24日，深圳市市场监督管理局核准了本次备案登记。本次变更后，公司的出资情况如下：序号1 北京岚锋 10,777.5453万股 29.9376%；...序号17 汇智同裕 478.6264万股 1.3295%；...合计36,000.00万元，100.00%。（招股说明书第65-67页）",
AUTO-SNAP-688775-070,688775,影石创新,688775_影石创新.jsonl,70,66,t2/2023年3月股权转让后,股份公司阶段，德朴投资将其全部股份转让给汇智同裕后,天正投资,自然人/其他,584.9989,584.9989,1.625,36000.0,36000.0,"2023年1月28日和2023年2月17日，影石创新分别召开董事会和股东大会并形成决议，同意德朴投资以1,462.7126万元的对价向汇智同裕转让股本287.0651万元。2023年3月24日，深圳市市场监督管理局核准了本次备案登记。本次变更后，公司的出资情况如下：序号1 北京岚锋 10,777.5453万股 29.9376%；...序号17 汇智同裕 478.6264万股 1.3295%；...合计36,000.00万元，100.00%。（招股说明书第65-67页）",
AUTO-SNAP-688775-071,688775,影石创新,688775_影石创新.jsonl,71,66,t2/2023年3月股权转让后,股份公司阶段，德朴投资将其全部股份转让给汇智同裕后,朗玛五号,PE/VC或私募基金,540.4859,540.4859,1.5013,36000.0,36000.0,"2023年1月28日和2023年2月17日，影石创新分别召开董事会和股东大会并形成决议，同意德朴投资以1,462.7126万元的对价向汇智同裕转让股本287.0651万元。2023年3月24日，深圳市市场监督管理局核准了本次备案登记。本次变更后，公司的出资情况如下：序号1 北京岚锋 10,777.5453万股 29.9376%；...序号17 汇智同裕 478.6264万股 1.3295%；...合计36,000.00万元，100.00%。（招股说明书第65-67页）",
AUTO-SNAP-688775-072,688775,影石创新,688775_影石创新.jsonl,72,66,t2/2023年3月股权转让后,股份公司阶段，德朴投资将其全部股份转让给汇智同裕后,汇智同裕,自然人/其他,478.6264,478.6264,1.3295,36000.0,36000.0,"2023年1月28日和2023年2月17日，影石创新分别召开董事会和股东大会并形成决议，同意德朴投资以1,462.7126万元的对价向汇智同裕转让股本287.0651万元。2023年3月24日，深圳市市场监督管理局核准了本次备案登记。本次变更后，公司的出资情况如下：序号1 北京岚锋 10,777.5453万股 29.9376%；...序号17 汇智同裕 478.6264万股 1.3295%；...合计36,000.00万元，100.00%。（招股说明书第65-67页）",
AUTO-SNAP-688775-073,688775,影石创新,688775_影石创新.jsonl,73,66,t2/2023年3月股权转让后,股份公司阶段，德朴投资将其全部股份转让给汇智同裕后,深圳麦高,自然人/其他,468.0393,468.0393,1.3001,36000.0,36000.0,"2023年1月28日和2023年2月17日，影石创新分别召开董事会和股东大会并形成决议，同意德朴投资以1,462.7126万元的对价向汇智同裕转让股本287.0651万元。2023年3月24日，深圳市市场监督管理局核准了本次备案登记。本次变更后，公司的出资情况如下：序号1 北京岚锋 10,777.5453万股 29.9376%；...序号17 汇智同裕 478.6264万股 1.3295%；...合计36,000.00万元，100.00%。（招股说明书第65-67页）",
AUTO-SNAP-688775-074,688775,影石创新,688775_影石创新.jsonl,74,66,t2/2023年3月股权转让后,股份公司阶段，德朴投资将其全部股份转让给汇智同裕后,朗玛九号,PE/VC或私募基金,455.3182,455.3182,1.2648,36000.0,36000.0,"2023年1月28日和2023年2月17日，影石创新分别召开董事会和股东大会并形成决议，同意德朴投资以1,462.7126万元的对价向汇智同裕转让股本287.0651万元。2023年3月24日，深圳市市场监督管理局核准了本次备案登记。本次变更后，公司的出资情况如下：序号1 北京岚锋 10,777.5453万股 29.9376%；...序号17 汇智同裕 478.6264万股 1.3295%；...合计36,000.00万元，100.00%。（招股说明书第65-67页）",
AUTO-SNAP-688775-075,688775,影石创新,688775_影石创新.jsonl,75,66,t2/2023年3月股权转让后,股份公司阶段，德朴投资将其全部股份转让给汇智同裕后,朗玛十四号,PE/VC或私募基金,224.9975,224.9975,0.625,36000.0,36000.0,"2023年1月28日和2023年2月17日，影石创新分别召开董事会和股东大会并形成决议，同意德朴投资以1,462.7126万元的对价向汇智同裕转让股本287.0651万元。2023年3月24日，深圳市市场监督管理局核准了本次备案登记。本次变更后，公司的出资情况如下：序号1 北京岚锋 10,777.5453万股 29.9376%；...序号17 汇智同裕 478.6264万股 1.3295%；...合计36,000.00万元，100.00%。（招股说明书第65-67页）",
AUTO-SNAP-688775-076,688775,影石创新,688775_影石创新.jsonl,76,66,t2/2023年3月股权转让后,股份公司阶段，德朴投资将其全部股份转让给汇智同裕后,利得鑫投,自然人/其他,216.0001,216.0001,0.6,36000.0,36000.0,"2023年1月28日和2023年2月17日，影石创新分别召开董事会和股东大会并形成决议，同意德朴投资以1,462.7126万元的对价向汇智同裕转让股本287.0651万元。2023年3月24日，深圳市市场监督管理局核准了本次备案登记。本次变更后，公司的出资情况如下：序号1 北京岚锋 10,777.5453万股 29.9376%；...序号17 汇智同裕 478.6264万股 1.3295%；...合计36,000.00万元，100.00%。（招股说明书第65-67页）",
AUTO-SNAP-688775-077,688775,影石创新,688775_影石创新.jsonl,77,66,t2/2023年3月股权转让后,股份公司阶段，德朴投资将其全部股份转让给汇智同裕后,华金创盈,PE/VC或私募基金,157.4973,157.4973,0.4375,36000.0,36000.0,"2023年1月28日和2023年2月17日，影石创新分别召开董事会和股东大会并形成决议，同意德朴投资以1,462.7126万元的对价向汇智同裕转让股本287.0651万元。2023年3月24日，深圳市市场监督管理局核准了本次备案登记。本次变更后，公司的出资情况如下：序号1 北京岚锋 10,777.5453万股 29.9376%；...序号17 汇智同裕 478.6264万股 1.3295%；...合计36,000.00万元，100.00%。（招股说明书第65-67页）",
AUTO-SNAP-688775-078,688775,影石创新,688775_影石创新.jsonl,78,66,t2/2023年3月股权转让后,股份公司阶段，德朴投资将其全部股份转让给汇智同裕后,岚烽管理,自然人/其他,145.8319,145.8319,0.4051,36000.0,36000.0,"2023年1月28日和2023年2月17日，影石创新分别召开董事会和股东大会并形成决议，同意德朴投资以1,462.7126万元的对价向汇智同裕转让股本287.0651万元。2023年3月24日，深圳市市场监督管理局核准了本次备案登记。本次变更后，公司的出资情况如下：序号1 北京岚锋 10,777.5453万股 29.9376%；...序号17 汇智同裕 478.6264万股 1.3295%；...合计36,000.00万元，100.00%。（招股说明书第65-67页）",
AUTO-SNAP-688775-079,688775,影石创新,688775_影石创新.jsonl,79,66,t2/2023年3月股权转让后,股份公司阶段，德朴投资将其全部股份转让给汇智同裕后,威明投资,自然人/其他,89.9968,89.9968,0.25,36000.0,36000.0,"2023年1月28日和2023年2月17日，影石创新分别召开董事会和股东大会并形成决议，同意德朴投资以1,462.7126万元的对价向汇智同裕转让股本287.0651万元。2023年3月24日，深圳市市场监督管理局核准了本次备案登记。本次变更后，公司的出资情况如下：序号1 北京岚锋 10,777.5453万股 29.9376%；...序号17 汇智同裕 478.6264万股 1.3295%；...合计36,000.00万元，100.00%。（招股说明书第65-67页）",
AUTO-SNAP-688775-080,688775,影石创新,688775_影石创新.jsonl,80,66,t2/2023年3月股权转让后,股份公司阶段，德朴投资将其全部股份转让给汇智同裕后,山东龙兴（SS）,自然人/其他,70.3268,70.3268,0.1954,36000.0,36000.0,"2023年1月28日和2023年2月17日，影石创新分别召开董事会和股东大会并形成决议，同意德朴投资以1,462.7126万元的对价向汇智同裕转让股本287.0651万元。2023年3月24日，深圳市市场监督管理局核准了本次备案登记。本次变更后，公司的出资情况如下：序号1 北京岚锋 10,777.5453万股 29.9376%；...序号17 汇智同裕 478.6264万股 1.3295%；...合计36,000.00万元，100.00%。（招股说明书第65-67页）",
AUTO-SNAP-688775-081,688775,影石创新,688775_影石创新.jsonl,81,66,t2/2023年3月股权转让后,股份公司阶段，德朴投资将其全部股份转让给汇智同裕后,知盛投资,自然人/其他,63.6367,63.6367,0.1768,36000.0,36000.0,"2023年1月28日和2023年2月17日，影石创新分别召开董事会和股东大会并形成决议，同意德朴投资以1,462.7126万元的对价向汇智同裕转让股本287.0651万元。2023年3月24日，深圳市市场监督管理局核准了本次备案登记。本次变更后，公司的出资情况如下：序号1 北京岚锋 10,777.5453万股 29.9376%；...序号17 汇智同裕 478.6264万股 1.3295%；...合计36,000.00万元，100.00%。（招股说明书第65-67页）",
AUTO-SNAP-920100-001,920100,三协电机,920100_三协电机.jsonl,18,35-37,发行前（截至招股说明书签署日）,"本次发行前股本结构，总股本5,310.93万股",盛祎,自然人/其他,3344.4438,3344.4438,62.97,5310.93,5310.93,"本次发行前，公司总股本为5,310.93万股。本次发行前后的股本情况如下表（PDF第35-36页）: 盛祎: 33,444,438股(62.97%); 朱绶青: 10,349,724股(19.49%); 稳正景明: 4,866,965股(9.16%); 长泽创投: 2,447,035股(4.61%); 盛月瑶: 538,200股(1.01%); 盛松: 207,000股(0.39%); 薛小丽: 207,000股(0.39%); 倪进宽: 207,000股(0.39%); 余方成: 207,000股(0.39%); 吴春扣: 138,000股(0.26%); 陆宇君: 110,400股(0.21%); 戈翔俊: 110,400股(0.21%); 陈都亮: 69,000股(0.13%); 圣利: 69,000股(0.13%); 董雪强: 41,400股(0.08%); 文涛: 41,400股(0.08%); 付荷庆: 41,400股(0.08%); 陈韵: 13,800股(0.03%); 张雯华: 138股(~0.00%)。 前十名股东明细见第37页表格。股东关联关系见第37页（三）。",
AUTO-SNAP-920100-002,920100,三协电机,920100_三协电机.jsonl,19,35-37,发行前（截至招股说明书签署日）,"本次发行前股本结构，总股本5,310.93万股",朱绶青,自然人/其他,1034.9724,1034.9724,19.49,5310.93,5310.93,"本次发行前，公司总股本为5,310.93万股。本次发行前后的股本情况如下表（PDF第35-36页）: 盛祎: 33,444,438股(62.97%); 朱绶青: 10,349,724股(19.49%); 稳正景明: 4,866,965股(9.16%); 长泽创投: 2,447,035股(4.61%); 盛月瑶: 538,200股(1.01%); 盛松: 207,000股(0.39%); 薛小丽: 207,000股(0.39%); 倪进宽: 207,000股(0.39%); 余方成: 207,000股(0.39%); 吴春扣: 138,000股(0.26%); 陆宇君: 110,400股(0.21%); 戈翔俊: 110,400股(0.21%); 陈都亮: 69,000股(0.13%); 圣利: 69,000股(0.13%); 董雪强: 41,400股(0.08%); 文涛: 41,400股(0.08%); 付荷庆: 41,400股(0.08%); 陈韵: 13,800股(0.03%); 张雯华: 138股(~0.00%)。 前十名股东明细见第37页表格。股东关联关系见第37页（三）。",
AUTO-SNAP-920100-003,920100,三协电机,920100_三协电机.jsonl,20,35-37,发行前（截至招股说明书签署日）,"本次发行前股本结构，总股本5,310.93万股",深圳市稳正景明创业投资企业（有限合伙）,PE/VC或私募基金,486.6965,486.6965,9.16,5310.93,5310.93,"本次发行前，公司总股本为5,310.93万股。本次发行前后的股本情况如下表（PDF第35-36页）: 盛祎: 33,444,438股(62.97%); 朱绶青: 10,349,724股(19.49%); 稳正景明: 4,866,965股(9.16%); 长泽创投: 2,447,035股(4.61%); 盛月瑶: 538,200股(1.01%); 盛松: 207,000股(0.39%); 薛小丽: 207,000股(0.39%); 倪进宽: 207,000股(0.39%); 余方成: 207,000股(0.39%); 吴春扣: 138,000股(0.26%); 陆宇君: 110,400股(0.21%); 戈翔俊: 110,400股(0.21%); 陈都亮: 69,000股(0.13%); 圣利: 69,000股(0.13%); 董雪强: 41,400股(0.08%); 文涛: 41,400股(0.08%); 付荷庆: 41,400股(0.08%); 陈韵: 13,800股(0.03%); 张雯华: 138股(~0.00%)。 前十名股东明细见第37页表格。股东关联关系见第37页（三）。",
AUTO-SNAP-920100-004,920100,三协电机,920100_三协电机.jsonl,21,35-37,发行前（截至招股说明书签署日）,"本次发行前股本结构，总股本5,310.93万股",深圳市稳正长泽创业投资企业（有限合伙）,PE/VC或私募基金,244.7035,244.7035,4.61,5310.93,5310.93,"本次发行前，公司总股本为5,310.93万股。本次发行前后的股本情况如下表（PDF第35-36页）: 盛祎: 33,444,438股(62.97%); 朱绶青: 10,349,724股(19.49%); 稳正景明: 4,866,965股(9.16%); 长泽创投: 2,447,035股(4.61%); 盛月瑶: 538,200股(1.01%); 盛松: 207,000股(0.39%); 薛小丽: 207,000股(0.39%); 倪进宽: 207,000股(0.39%); 余方成: 207,000股(0.39%); 吴春扣: 138,000股(0.26%); 陆宇君: 110,400股(0.21%); 戈翔俊: 110,400股(0.21%); 陈都亮: 69,000股(0.13%); 圣利: 69,000股(0.13%); 董雪强: 41,400股(0.08%); 文涛: 41,400股(0.08%); 付荷庆: 41,400股(0.08%); 陈韵: 13,800股(0.03%); 张雯华: 138股(~0.00%)。 前十名股东明细见第37页表格。股东关联关系见第37页（三）。",
AUTO-SNAP-920100-005,920100,三协电机,920100_三协电机.jsonl,22,35-37,发行前（截至招股说明书签署日）,"本次发行前股本结构，总股本5,310.93万股",盛月瑶,自然人/其他,53.82,53.82,1.01,5310.93,5310.93,"本次发行前，公司总股本为5,310.93万股。本次发行前后的股本情况如下表（PDF第35-36页）: 盛祎: 33,444,438股(62.97%); 朱绶青: 10,349,724股(19.49%); 稳正景明: 4,866,965股(9.16%); 长泽创投: 2,447,035股(4.61%); 盛月瑶: 538,200股(1.01%); 盛松: 207,000股(0.39%); 薛小丽: 207,000股(0.39%); 倪进宽: 207,000股(0.39%); 余方成: 207,000股(0.39%); 吴春扣: 138,000股(0.26%); 陆宇君: 110,400股(0.21%); 戈翔俊: 110,400股(0.21%); 陈都亮: 69,000股(0.13%); 圣利: 69,000股(0.13%); 董雪强: 41,400股(0.08%); 文涛: 41,400股(0.08%); 付荷庆: 41,400股(0.08%); 陈韵: 13,800股(0.03%); 张雯华: 138股(~0.00%)。 前十名股东明细见第37页表格。股东关联关系见第37页（三）。",
AUTO-SNAP-920100-006,920100,三协电机,920100_三协电机.jsonl,23,35-37,发行前（截至招股说明书签署日）,"本次发行前股本结构，总股本5,310.93万股",盛松,自然人/其他,20.7,20.7,0.39,5310.93,5310.93,"本次发行前，公司总股本为5,310.93万股。本次发行前后的股本情况如下表（PDF第35-36页）: 盛祎: 33,444,438股(62.97%); 朱绶青: 10,349,724股(19.49%); 稳正景明: 4,866,965股(9.16%); 长泽创投: 2,447,035股(4.61%); 盛月瑶: 538,200股(1.01%); 盛松: 207,000股(0.39%); 薛小丽: 207,000股(0.39%); 倪进宽: 207,000股(0.39%); 余方成: 207,000股(0.39%); 吴春扣: 138,000股(0.26%); 陆宇君: 110,400股(0.21%); 戈翔俊: 110,400股(0.21%); 陈都亮: 69,000股(0.13%); 圣利: 69,000股(0.13%); 董雪强: 41,400股(0.08%); 文涛: 41,400股(0.08%); 付荷庆: 41,400股(0.08%); 陈韵: 13,800股(0.03%); 张雯华: 138股(~0.00%)。 前十名股东明细见第37页表格。股东关联关系见第37页（三）。",
AUTO-SNAP-920100-007,920100,三协电机,920100_三协电机.jsonl,24,35-37,发行前（截至招股说明书签署日）,"本次发行前股本结构，总股本5,310.93万股",薛小丽,自然人/其他,20.7,20.7,0.39,5310.93,5310.93,"本次发行前，公司总股本为5,310.93万股。本次发行前后的股本情况如下表（PDF第35-36页）: 盛祎: 33,444,438股(62.97%); 朱绶青: 10,349,724股(19.49%); 稳正景明: 4,866,965股(9.16%); 长泽创投: 2,447,035股(4.61%); 盛月瑶: 538,200股(1.01%); 盛松: 207,000股(0.39%); 薛小丽: 207,000股(0.39%); 倪进宽: 207,000股(0.39%); 余方成: 207,000股(0.39%); 吴春扣: 138,000股(0.26%); 陆宇君: 110,400股(0.21%); 戈翔俊: 110,400股(0.21%); 陈都亮: 69,000股(0.13%); 圣利: 69,000股(0.13%); 董雪强: 41,400股(0.08%); 文涛: 41,400股(0.08%); 付荷庆: 41,400股(0.08%); 陈韵: 13,800股(0.03%); 张雯华: 138股(~0.00%)。 前十名股东明细见第37页表格。股东关联关系见第37页（三）。",
AUTO-SNAP-920100-008,920100,三协电机,920100_三协电机.jsonl,25,35-37,发行前（截至招股说明书签署日）,"本次发行前股本结构，总股本5,310.93万股",倪进宽,自然人/其他,20.7,20.7,0.39,5310.93,5310.93,"本次发行前，公司总股本为5,310.93万股。本次发行前后的股本情况如下表（PDF第35-36页）: 盛祎: 33,444,438股(62.97%); 朱绶青: 10,349,724股(19.49%); 稳正景明: 4,866,965股(9.16%); 长泽创投: 2,447,035股(4.61%); 盛月瑶: 538,200股(1.01%); 盛松: 207,000股(0.39%); 薛小丽: 207,000股(0.39%); 倪进宽: 207,000股(0.39%); 余方成: 207,000股(0.39%); 吴春扣: 138,000股(0.26%); 陆宇君: 110,400股(0.21%); 戈翔俊: 110,400股(0.21%); 陈都亮: 69,000股(0.13%); 圣利: 69,000股(0.13%); 董雪强: 41,400股(0.08%); 文涛: 41,400股(0.08%); 付荷庆: 41,400股(0.08%); 陈韵: 13,800股(0.03%); 张雯华: 138股(~0.00%)。 前十名股东明细见第37页表格。股东关联关系见第37页（三）。",
AUTO-SNAP-920100-009,920100,三协电机,920100_三协电机.jsonl,26,35-37,发行前（截至招股说明书签署日）,"本次发行前股本结构，总股本5,310.93万股",余方成,自然人/其他,20.7,20.7,0.39,5310.93,5310.93,"本次发行前，公司总股本为5,310.93万股。本次发行前后的股本情况如下表（PDF第35-36页）: 盛祎: 33,444,438股(62.97%); 朱绶青: 10,349,724股(19.49%); 稳正景明: 4,866,965股(9.16%); 长泽创投: 2,447,035股(4.61%); 盛月瑶: 538,200股(1.01%); 盛松: 207,000股(0.39%); 薛小丽: 207,000股(0.39%); 倪进宽: 207,000股(0.39%); 余方成: 207,000股(0.39%); 吴春扣: 138,000股(0.26%); 陆宇君: 110,400股(0.21%); 戈翔俊: 110,400股(0.21%); 陈都亮: 69,000股(0.13%); 圣利: 69,000股(0.13%); 董雪强: 41,400股(0.08%); 文涛: 41,400股(0.08%); 付荷庆: 41,400股(0.08%); 陈韵: 13,800股(0.03%); 张雯华: 138股(~0.00%)。 前十名股东明细见第37页表格。股东关联关系见第37页（三）。",
AUTO-SNAP-920100-010,920100,三协电机,920100_三协电机.jsonl,27,35-37,发行前（截至招股说明书签署日）,"本次发行前股本结构，总股本5,310.93万股",吴春扣,自然人/其他,13.8,13.8,0.26,5310.93,5310.93,"本次发行前，公司总股本为5,310.93万股。本次发行前后的股本情况如下表（PDF第35-36页）: 盛祎: 33,444,438股(62.97%); 朱绶青: 10,349,724股(19.49%); 稳正景明: 4,866,965股(9.16%); 长泽创投: 2,447,035股(4.61%); 盛月瑶: 538,200股(1.01%); 盛松: 207,000股(0.39%); 薛小丽: 207,000股(0.39%); 倪进宽: 207,000股(0.39%); 余方成: 207,000股(0.39%); 吴春扣: 138,000股(0.26%); 陆宇君: 110,400股(0.21%); 戈翔俊: 110,400股(0.21%); 陈都亮: 69,000股(0.13%); 圣利: 69,000股(0.13%); 董雪强: 41,400股(0.08%); 文涛: 41,400股(0.08%); 付荷庆: 41,400股(0.08%); 陈韵: 13,800股(0.03%); 张雯华: 138股(~0.00%)。 前十名股东明细见第37页表格。股东关联关系见第37页（三）。",
AUTO-SNAP-920100-011,920100,三协电机,920100_三协电机.jsonl,28,35-37,发行前（截至招股说明书签署日）,"本次发行前股本结构，总股本5,310.93万股",陆宇君,自然人/其他,11.04,11.04,0.21,5310.93,5310.93,"本次发行前，公司总股本为5,310.93万股。本次发行前后的股本情况如下表（PDF第35-36页）: 盛祎: 33,444,438股(62.97%); 朱绶青: 10,349,724股(19.49%); 稳正景明: 4,866,965股(9.16%); 长泽创投: 2,447,035股(4.61%); 盛月瑶: 538,200股(1.01%); 盛松: 207,000股(0.39%); 薛小丽: 207,000股(0.39%); 倪进宽: 207,000股(0.39%); 余方成: 207,000股(0.39%); 吴春扣: 138,000股(0.26%); 陆宇君: 110,400股(0.21%); 戈翔俊: 110,400股(0.21%); 陈都亮: 69,000股(0.13%); 圣利: 69,000股(0.13%); 董雪强: 41,400股(0.08%); 文涛: 41,400股(0.08%); 付荷庆: 41,400股(0.08%); 陈韵: 13,800股(0.03%); 张雯华: 138股(~0.00%)。 前十名股东明细见第37页表格。股东关联关系见第37页（三）。",
AUTO-SNAP-920100-012,920100,三协电机,920100_三协电机.jsonl,29,35-37,发行前（截至招股说明书签署日）,"本次发行前股本结构，总股本5,310.93万股",戈翔俊,自然人/其他,11.04,11.04,0.21,5310.93,5310.93,"本次发行前，公司总股本为5,310.93万股。本次发行前后的股本情况如下表（PDF第35-36页）: 盛祎: 33,444,438股(62.97%); 朱绶青: 10,349,724股(19.49%); 稳正景明: 4,866,965股(9.16%); 长泽创投: 2,447,035股(4.61%); 盛月瑶: 538,200股(1.01%); 盛松: 207,000股(0.39%); 薛小丽: 207,000股(0.39%); 倪进宽: 207,000股(0.39%); 余方成: 207,000股(0.39%); 吴春扣: 138,000股(0.26%); 陆宇君: 110,400股(0.21%); 戈翔俊: 110,400股(0.21%); 陈都亮: 69,000股(0.13%); 圣利: 69,000股(0.13%); 董雪强: 41,400股(0.08%); 文涛: 41,400股(0.08%); 付荷庆: 41,400股(0.08%); 陈韵: 13,800股(0.03%); 张雯华: 138股(~0.00%)。 前十名股东明细见第37页表格。股东关联关系见第37页（三）。",
AUTO-SNAP-920100-013,920100,三协电机,920100_三协电机.jsonl,30,35-37,发行前（截至招股说明书签署日）,"本次发行前股本结构，总股本5,310.93万股",陈都亮,自然人/其他,6.9,6.9,0.13,5310.93,5310.93,"本次发行前，公司总股本为5,310.93万股。本次发行前后的股本情况如下表（PDF第35-36页）: 盛祎: 33,444,438股(62.97%); 朱绶青: 10,349,724股(19.49%); 稳正景明: 4,866,965股(9.16%); 长泽创投: 2,447,035股(4.61%); 盛月瑶: 538,200股(1.01%); 盛松: 207,000股(0.39%); 薛小丽: 207,000股(0.39%); 倪进宽: 207,000股(0.39%); 余方成: 207,000股(0.39%); 吴春扣: 138,000股(0.26%); 陆宇君: 110,400股(0.21%); 戈翔俊: 110,400股(0.21%); 陈都亮: 69,000股(0.13%); 圣利: 69,000股(0.13%); 董雪强: 41,400股(0.08%); 文涛: 41,400股(0.08%); 付荷庆: 41,400股(0.08%); 陈韵: 13,800股(0.03%); 张雯华: 138股(~0.00%)。 前十名股东明细见第37页表格。股东关联关系见第37页（三）。",
AUTO-SNAP-920100-014,920100,三协电机,920100_三协电机.jsonl,31,35-37,发行前（截至招股说明书签署日）,"本次发行前股本结构，总股本5,310.93万股",圣利,自然人/其他,6.9,6.9,0.13,5310.93,5310.93,"本次发行前，公司总股本为5,310.93万股。本次发行前后的股本情况如下表（PDF第35-36页）: 盛祎: 33,444,438股(62.97%); 朱绶青: 10,349,724股(19.49%); 稳正景明: 4,866,965股(9.16%); 长泽创投: 2,447,035股(4.61%); 盛月瑶: 538,200股(1.01%); 盛松: 207,000股(0.39%); 薛小丽: 207,000股(0.39%); 倪进宽: 207,000股(0.39%); 余方成: 207,000股(0.39%); 吴春扣: 138,000股(0.26%); 陆宇君: 110,400股(0.21%); 戈翔俊: 110,400股(0.21%); 陈都亮: 69,000股(0.13%); 圣利: 69,000股(0.13%); 董雪强: 41,400股(0.08%); 文涛: 41,400股(0.08%); 付荷庆: 41,400股(0.08%); 陈韵: 13,800股(0.03%); 张雯华: 138股(~0.00%)。 前十名股东明细见第37页表格。股东关联关系见第37页（三）。",
AUTO-SNAP-920100-015,920100,三协电机,920100_三协电机.jsonl,32,35-37,发行前（截至招股说明书签署日）,"本次发行前股本结构，总股本5,310.93万股",董雪强,自然人/其他,4.14,4.14,0.08,5310.93,5310.93,"本次发行前，公司总股本为5,310.93万股。本次发行前后的股本情况如下表（PDF第35-36页）: 盛祎: 33,444,438股(62.97%); 朱绶青: 10,349,724股(19.49%); 稳正景明: 4,866,965股(9.16%); 长泽创投: 2,447,035股(4.61%); 盛月瑶: 538,200股(1.01%); 盛松: 207,000股(0.39%); 薛小丽: 207,000股(0.39%); 倪进宽: 207,000股(0.39%); 余方成: 207,000股(0.39%); 吴春扣: 138,000股(0.26%); 陆宇君: 110,400股(0.21%); 戈翔俊: 110,400股(0.21%); 陈都亮: 69,000股(0.13%); 圣利: 69,000股(0.13%); 董雪强: 41,400股(0.08%); 文涛: 41,400股(0.08%); 付荷庆: 41,400股(0.08%); 陈韵: 13,800股(0.03%); 张雯华: 138股(~0.00%)。 前十名股东明细见第37页表格。股东关联关系见第37页（三）。",
AUTO-SNAP-920100-016,920100,三协电机,920100_三协电机.jsonl,33,35-37,发行前（截至招股说明书签署日）,"本次发行前股本结构，总股本5,310.93万股",文涛,自然人/其他,4.14,4.14,0.08,5310.93,5310.93,"本次发行前，公司总股本为5,310.93万股。本次发行前后的股本情况如下表（PDF第35-36页）: 盛祎: 33,444,438股(62.97%); 朱绶青: 10,349,724股(19.49%); 稳正景明: 4,866,965股(9.16%); 长泽创投: 2,447,035股(4.61%); 盛月瑶: 538,200股(1.01%); 盛松: 207,000股(0.39%); 薛小丽: 207,000股(0.39%); 倪进宽: 207,000股(0.39%); 余方成: 207,000股(0.39%); 吴春扣: 138,000股(0.26%); 陆宇君: 110,400股(0.21%); 戈翔俊: 110,400股(0.21%); 陈都亮: 69,000股(0.13%); 圣利: 69,000股(0.13%); 董雪强: 41,400股(0.08%); 文涛: 41,400股(0.08%); 付荷庆: 41,400股(0.08%); 陈韵: 13,800股(0.03%); 张雯华: 138股(~0.00%)。 前十名股东明细见第37页表格。股东关联关系见第37页（三）。",
AUTO-SNAP-920100-017,920100,三协电机,920100_三协电机.jsonl,34,35-37,发行前（截至招股说明书签署日）,"本次发行前股本结构，总股本5,310.93万股",付荷庆,自然人/其他,4.14,4.14,0.08,5310.93,5310.93,"本次发行前，公司总股本为5,310.93万股。本次发行前后的股本情况如下表（PDF第35-36页）: 盛祎: 33,444,438股(62.97%); 朱绶青: 10,349,724股(19.49%); 稳正景明: 4,866,965股(9.16%); 长泽创投: 2,447,035股(4.61%); 盛月瑶: 538,200股(1.01%); 盛松: 207,000股(0.39%); 薛小丽: 207,000股(0.39%); 倪进宽: 207,000股(0.39%); 余方成: 207,000股(0.39%); 吴春扣: 138,000股(0.26%); 陆宇君: 110,400股(0.21%); 戈翔俊: 110,400股(0.21%); 陈都亮: 69,000股(0.13%); 圣利: 69,000股(0.13%); 董雪强: 41,400股(0.08%); 文涛: 41,400股(0.08%); 付荷庆: 41,400股(0.08%); 陈韵: 13,800股(0.03%); 张雯华: 138股(~0.00%)。 前十名股东明细见第37页表格。股东关联关系见第37页（三）。",
AUTO-SNAP-920100-018,920100,三协电机,920100_三协电机.jsonl,35,35-37,发行前（截至招股说明书签署日）,"本次发行前股本结构，总股本5,310.93万股",陈韵,自然人/其他,1.38,1.38,0.03,5310.93,5310.93,"本次发行前，公司总股本为5,310.93万股。本次发行前后的股本情况如下表（PDF第35-36页）: 盛祎: 33,444,438股(62.97%); 朱绶青: 10,349,724股(19.49%); 稳正景明: 4,866,965股(9.16%); 长泽创投: 2,447,035股(4.61%); 盛月瑶: 538,200股(1.01%); 盛松: 207,000股(0.39%); 薛小丽: 207,000股(0.39%); 倪进宽: 207,000股(0.39%); 余方成: 207,000股(0.39%); 吴春扣: 138,000股(0.26%); 陆宇君: 110,400股(0.21%); 戈翔俊: 110,400股(0.21%); 陈都亮: 69,000股(0.13%); 圣利: 69,000股(0.13%); 董雪强: 41,400股(0.08%); 文涛: 41,400股(0.08%); 付荷庆: 41,400股(0.08%); 陈韵: 13,800股(0.03%); 张雯华: 138股(~0.00%)。 前十名股东明细见第37页表格。股东关联关系见第37页（三）。",
AUTO-SNAP-920100-019,920100,三协电机,920100_三协电机.jsonl,36,35-37,发行前（截至招股说明书签署日）,"本次发行前股本结构，总股本5,310.93万股",张雯华,自然人/其他,0.0138,0.0138,0.0,5310.93,5310.93,"本次发行前，公司总股本为5,310.93万股。本次发行前后的股本情况如下表（PDF第35-36页）: 盛祎: 33,444,438股(62.97%); 朱绶青: 10,349,724股(19.49%); 稳正景明: 4,866,965股(9.16%); 长泽创投: 2,447,035股(4.61%); 盛月瑶: 538,200股(1.01%); 盛松: 207,000股(0.39%); 薛小丽: 207,000股(0.39%); 倪进宽: 207,000股(0.39%); 余方成: 207,000股(0.39%); 吴春扣: 138,000股(0.26%); 陆宇君: 110,400股(0.21%); 戈翔俊: 110,400股(0.21%); 陈都亮: 69,000股(0.13%); 圣利: 69,000股(0.13%); 董雪强: 41,400股(0.08%); 文涛: 41,400股(0.08%); 付荷庆: 41,400股(0.08%); 陈韵: 13,800股(0.03%); 张雯华: 138股(~0.00%)。 前十名股东明细见第37页表格。股东关联关系见第37页（三）。",
AUTO-SNAP-920116-001,920116,星图测控,920116_星图测控.jsonl,7,1-1-48,t0-公司设立日,,北京四方继保自动化股份有限公司,产业资本/法人股东,1200.0,1200.0,60.0,2000.0,2000.0,"中科星图测控技术股份有限公司 招股说明书 1、2016年12月，星图测控有限设立 2016年12月14日，星图测控有限取得西安市工商行政管理局核发的《营业执照》。 公司设立时的股权结构情况如下： 序号 股东名称 认缴出资额（万元） 出资比例（%） 出资方式 1 四方股份 1,200.00 60.00 货币 2 罗永红 400.00 20.00 货币 3 王金林 400.00 20.00 货币 合计 2,000.00 100.00 / 注：公司历史沿革中存在股权代持情形，罗永红代牛威持股、王金林代吴功友持股。",
AUTO-SNAP-920116-002,920116,星图测控,920116_星图测控.jsonl,8,1-1-48,t0-公司设立日,,罗永红,自然人/其他,400.0,400.0,20.0,2000.0,2000.0,"中科星图测控技术股份有限公司 招股说明书 1、2016年12月，星图测控有限设立 2016年12月14日，星图测控有限取得西安市工商行政管理局核发的《营业执照》。 公司设立时的股权结构情况如下： 序号 股东名称 认缴出资额（万元） 出资比例（%） 出资方式 1 四方股份 1,200.00 60.00 货币 2 罗永红 400.00 20.00 货币 3 王金林 400.00 20.00 货币 合计 2,000.00 100.00 / 注：公司历史沿革中存在股权代持情形，罗永红代牛威持股、王金林代吴功友持股。",
AUTO-SNAP-920116-003,920116,星图测控,920116_星图测控.jsonl,9,1-1-48,t0-公司设立日,,王金林,自然人/其他,400.0,400.0,20.0,2000.0,2000.0,"中科星图测控技术股份有限公司 招股说明书 1、2016年12月，星图测控有限设立 2016年12月14日，星图测控有限取得西安市工商行政管理局核发的《营业执照》。 公司设立时的股权结构情况如下： 序号 股东名称 认缴出资额（万元） 出资比例（%） 出资方式 1 四方股份 1,200.00 60.00 货币 2 罗永红 400.00 20.00 货币 3 王金林 400.00 20.00 货币 合计 2,000.00 100.00 / 注：公司历史沿革中存在股权代持情形，罗永红代牛威持股、王金林代吴功友持股。",
AUTO-SNAP-920116-004,920116,星图测控,920116_星图测控.jsonl,10,1-1-48,代持解除后,,北京四方继保自动化股份有限公司,产业资本/法人股东,1200.0,1200.0,60.0,2000.0,2000.0,中科星图测控技术股份有限公司 招股说明书 公司历史沿革中存在股权代持情形。2017年10月9日，罗永红与牛威、王金林与吴功友分别签署《股权转让协议》，罗永红将其持有的星图测控有限20%股权（对应400万元出资额）转让给牛威，王金林将其持有的星图测控有限20%股权（对应400万元出资额）转让给吴功友，代持关系解除。,
AUTO-SNAP-920116-005,920116,星图测控,920116_星图测控.jsonl,11,1-1-48,代持解除后,,牛威,自然人/其他,400.0,400.0,20.0,2000.0,2000.0,中科星图测控技术股份有限公司 招股说明书 公司历史沿革中存在股权代持情形。2017年10月9日，罗永红与牛威、王金林与吴功友分别签署《股权转让协议》，罗永红将其持有的星图测控有限20%股权（对应400万元出资额）转让给牛威，王金林将其持有的星图测控有限20%股权（对应400万元出资额）转让给吴功友，代持关系解除。,
AUTO-SNAP-920116-006,920116,星图测控,920116_星图测控.jsonl,12,1-1-48,代持解除后,,吴功友,自然人/其他,400.0,400.0,20.0,2000.0,2000.0,中科星图测控技术股份有限公司 招股说明书 公司历史沿革中存在股权代持情形。2017年10月9日，罗永红与牛威、王金林与吴功友分别签署《股权转让协议》，罗永红将其持有的星图测控有限20%股权（对应400万元出资额）转让给牛威，王金林将其持有的星图测控有限20%股权（对应400万元出资额）转让给吴功友，代持关系解除。,
AUTO-SNAP-920116-007,920116,星图测控,920116_星图测控.jsonl,13,"1-1-35, 1-1-47",发行前-招股说明书签署日,,中科星图股份有限公司,产业资本/法人股东,3825.0,,46.36,8250.0,8250.0,"中科星图测控技术股份有限公司 招股说明书（申报稿） （二）发行人的股本结构 截至本招股说明书签署日，公司股本结构情况如下： 序号 股东名称 持股数量（股） 持股比例（%） 1 中科星图股份有限公司 38,250,000 46.36 2 共青城策星九天投资合伙企业（有限合伙） 23,450,781 28.43 3 共青城星图幸福一期投资合伙企业（有限合伙） 9,174,219 11.12 4 共青城策星揽月投资合伙企业（有限合伙） 4,125,000 5.00 5 共青城星图幸福二期投资合伙企业（有限合伙） 3,000,000 3.64 6 共青城策星银河投资合伙企业（有限合伙） 2,790,000 3.38 7 共青城策星逐日投资合伙企业（有限合伙） 1,710,000 2.07 合计 82,500,000 100.00",
AUTO-SNAP-920116-008,920116,星图测控,920116_星图测控.jsonl,14,"1-1-35, 1-1-47",发行前-招股说明书签署日,,共青城策星九天投资合伙企业（有限合伙）,员工持股平台/员工激励,2345.0781,,28.43,8250.0,8250.0,"中科星图测控技术股份有限公司 招股说明书（申报稿） （二）发行人的股本结构 截至本招股说明书签署日，公司股本结构情况如下： 序号 股东名称 持股数量（股） 持股比例（%） 1 中科星图股份有限公司 38,250,000 46.36 2 共青城策星九天投资合伙企业（有限合伙） 23,450,781 28.43 3 共青城星图幸福一期投资合伙企业（有限合伙） 9,174,219 11.12 4 共青城策星揽月投资合伙企业（有限合伙） 4,125,000 5.00 5 共青城星图幸福二期投资合伙企业（有限合伙） 3,000,000 3.64 6 共青城策星银河投资合伙企业（有限合伙） 2,790,000 3.38 7 共青城策星逐日投资合伙企业（有限合伙） 1,710,000 2.07 合计 82,500,000 100.00",
AUTO-SNAP-920116-009,920116,星图测控,920116_星图测控.jsonl,15,"1-1-35, 1-1-47",发行前-招股说明书签署日,,共青城星图幸福一期投资合伙企业（有限合伙）,合伙企业-待复核,917.4219,,11.12,8250.0,8250.0,"中科星图测控技术股份有限公司 招股说明书（申报稿） （二）发行人的股本结构 截至本招股说明书签署日，公司股本结构情况如下： 序号 股东名称 持股数量（股） 持股比例（%） 1 中科星图股份有限公司 38,250,000 46.36 2 共青城策星九天投资合伙企业（有限合伙） 23,450,781 28.43 3 共青城星图幸福一期投资合伙企业（有限合伙） 9,174,219 11.12 4 共青城策星揽月投资合伙企业（有限合伙） 4,125,000 5.00 5 共青城星图幸福二期投资合伙企业（有限合伙） 3,000,000 3.64 6 共青城策星银河投资合伙企业（有限合伙） 2,790,000 3.38 7 共青城策星逐日投资合伙企业（有限合伙） 1,710,000 2.07 合计 82,500,000 100.00",
AUTO-SNAP-920116-010,920116,星图测控,920116_星图测控.jsonl,16,"1-1-35, 1-1-47",发行前-招股说明书签署日,,共青城策星揽月投资合伙企业（有限合伙）,员工持股平台/员工激励,412.5,,5.0,8250.0,8250.0,"中科星图测控技术股份有限公司 招股说明书（申报稿） （二）发行人的股本结构 截至本招股说明书签署日，公司股本结构情况如下： 序号 股东名称 持股数量（股） 持股比例（%） 1 中科星图股份有限公司 38,250,000 46.36 2 共青城策星九天投资合伙企业（有限合伙） 23,450,781 28.43 3 共青城星图幸福一期投资合伙企业（有限合伙） 9,174,219 11.12 4 共青城策星揽月投资合伙企业（有限合伙） 4,125,000 5.00 5 共青城星图幸福二期投资合伙企业（有限合伙） 3,000,000 3.64 6 共青城策星银河投资合伙企业（有限合伙） 2,790,000 3.38 7 共青城策星逐日投资合伙企业（有限合伙） 1,710,000 2.07 合计 82,500,000 100.00",
AUTO-SNAP-920116-011,920116,星图测控,920116_星图测控.jsonl,17,"1-1-35, 1-1-47",发行前-招股说明书签署日,,共青城星图幸福二期投资合伙企业（有限合伙）,合伙企业-待复核,300.0,,3.64,8250.0,8250.0,"中科星图测控技术股份有限公司 招股说明书（申报稿） （二）发行人的股本结构 截至本招股说明书签署日，公司股本结构情况如下： 序号 股东名称 持股数量（股） 持股比例（%） 1 中科星图股份有限公司 38,250,000 46.36 2 共青城策星九天投资合伙企业（有限合伙） 23,450,781 28.43 3 共青城星图幸福一期投资合伙企业（有限合伙） 9,174,219 11.12 4 共青城策星揽月投资合伙企业（有限合伙） 4,125,000 5.00 5 共青城星图幸福二期投资合伙企业（有限合伙） 3,000,000 3.64 6 共青城策星银河投资合伙企业（有限合伙） 2,790,000 3.38 7 共青城策星逐日投资合伙企业（有限合伙） 1,710,000 2.07 合计 82,500,000 100.00",
AUTO-SNAP-920116-012,920116,星图测控,920116_星图测控.jsonl,18,"1-1-35, 1-1-47",发行前-招股说明书签署日,,共青城策星银河投资合伙企业（有限合伙）,员工持股平台/员工激励,279.0,,3.38,8250.0,8250.0,"中科星图测控技术股份有限公司 招股说明书（申报稿） （二）发行人的股本结构 截至本招股说明书签署日，公司股本结构情况如下： 序号 股东名称 持股数量（股） 持股比例（%） 1 中科星图股份有限公司 38,250,000 46.36 2 共青城策星九天投资合伙企业（有限合伙） 23,450,781 28.43 3 共青城星图幸福一期投资合伙企业（有限合伙） 9,174,219 11.12 4 共青城策星揽月投资合伙企业（有限合伙） 4,125,000 5.00 5 共青城星图幸福二期投资合伙企业（有限合伙） 3,000,000 3.64 6 共青城策星银河投资合伙企业（有限合伙） 2,790,000 3.38 7 共青城策星逐日投资合伙企业（有限合伙） 1,710,000 2.07 合计 82,500,000 100.00",
AUTO-SNAP-920116-013,920116,星图测控,920116_星图测控.jsonl,19,"1-1-35, 1-1-47",发行前-招股说明书签署日,,共青城策星逐日投资合伙企业（有限合伙）,员工持股平台/员工激励,171.0,,2.07,8250.0,8250.0,"中科星图测控技术股份有限公司 招股说明书（申报稿） （二）发行人的股本结构 截至本招股说明书签署日，公司股本结构情况如下： 序号 股东名称 持股数量（股） 持股比例（%） 1 中科星图股份有限公司 38,250,000 46.36 2 共青城策星九天投资合伙企业（有限合伙） 23,450,781 28.43 3 共青城星图幸福一期投资合伙企业（有限合伙） 9,174,219 11.12 4 共青城策星揽月投资合伙企业（有限合伙） 4,125,000 5.00 5 共青城星图幸福二期投资合伙企业（有限合伙） 3,000,000 3.64 6 共青城策星银河投资合伙企业（有限合伙） 2,790,000 3.38 7 共青城策星逐日投资合伙企业（有限合伙） 1,710,000 2.07 合计 82,500,000 100.00",
