sample_id,stock_code,company_short,pdf_name,page,section_hint,hit_keywords,snippet
MB001,603072,天和磁材,MB001_603072_包头天和磁材科技股份有限公司_招股说明书.pdf,7,toc,目录,包头天和磁材科技股份有限公司招股说明书1-1-6目录发行人声明.......................................................................................................1致投资者的声明................................................................................................2一、发行人上市的目的..............................................................................2二、发行人现代企业制度的建立健全情况.................................................2三、发行人本次融资的必要性及募集资金使用规划...................................3四、发行人持续经营能力及未来发展规划.................................................3本次发行概况................
MB001,603072,天和磁材,MB001_603072_包头天和磁材科技股份有限公司_招股说明书.pdf,8,special_terms,持有发行人;对赌;清理情况,磁材科技股份有限公司招股说明书1-1-7四、公司股权结构...................................................................................55五、发行人控股公司及参股公司的简要情况............................................55六、持有发行人5%以上股份的主要股东及实际控制人的基本情况.........59七、发行人特别表决权股份的情况..........................................................70八、发行人协议控制架构情况.................................................................71九、控股股东、实际控制人报告期内的重大违法行为.............................71十、发行人股本情况...............................................................................71十一、董事、监事、高级管理人员与其他核心人员.................................74十二、董事、监事、高级管理人员与其他核心人员近三年的变动情况....83十三、董事、监事、高级管理人员与其他核心人员对外投资情况............84十四、董事、监事、高级管理人员与其他核心人员最近一年薪酬情况....85十五、本次公开发行申报前
MB001,603072,天和磁材,MB001_603072_包头天和磁材科技股份有限公司_招股说明书.pdf,11,special_terms,回购,........................510一、关于股份锁定、持股及减持意向的承诺函......................................510二、稳定股价的措施和承诺...................................................................517三、欺诈发行上市股份回购的承诺........................................................525四、摊薄即期回报填补措施的承诺函....................................................526五、上市后利润分配政策的承诺............................................................529六、依法承担赔偿责任的承诺...............................................................531七、控股股东避免新增同业竞争的承诺.................................................533八、关于业绩下滑情形相关的承诺........................................................535九、其他承诺事项..............................................................................
MB001,603072,天和磁材,MB001_603072_包头天和磁材科技股份有限公司_招股说明书.pdf,14,toc,目录,结钕铁硼永磁材料、粘结钕铁硼永磁材料、热压钕铁硼永磁材料等，业内亦称钕铁硼永磁体烧结钕铁硼、烧结钕铁硼永磁材料指采用粉末冶金工艺制造的钕铁硼永磁材料，制造流程主要包括：合金熔炼、破碎制粉、模压成型、烧结致密化、时效热处理等。根据应用要求，还可以进行必要的机械加工、表面处理等，业内亦称烧结钕铁硼永磁体或烧结钕铁硼磁体高性能钕铁硼永磁材料指根据《中国高新技术产品目录（2006）》，高性能钕铁硼永磁材料的标准为：以速凝甩带法制成，内禀矫顽力（Hcj）和最大磁能积（（BH）max）之和大于60，用于制作中、小、微型特殊用途的永磁电机、传感器、磁共振仪、高级音像设备等的烧结钕铁硼永磁材料
MB001,603072,天和磁材,MB001_603072_包头天和磁材科技股份有限公司_招股说明书.pdf,30,toc,目录,"行业代表性。（五）发行人生产经营符合国家产业政策发行人系国内先进的高性能稀土永磁材料提供商，重点围绕下游新能源汽车及汽车零部件、风力发电、节能家电、3C消费电子等终端领域的能源绿色化、用能高效化、装备轻量化、器件小型化需求，基于自有核心技术开展配方研制、工艺开发、毛坯生产、成品加工和表面处理，为客户提供烧结钕铁硼、烧结钐钴等关键功能材料，在《产业结构调整指导目录（2024年本）》中被列为鼓励类产业项目。公司还依托多元成分调控技术、晶粒细化技术、高效绿色加工技术等核心技术，实现材料制备过程中的重稀土元素减量、高丰度稀土替代、能耗控制、循环利用等，相继获评工信部全国绿色工厂（2020年）、2020年内蒙古自治区绿色制造示范单位等荣誉。综上所述，发行人生产经营符合国家产业政策。六、发行人主要财务数据及财务指标根据信永中和会计师事务所（特殊普通合伙）出具的《审计报告》（XYZH/2024BJAA8B0259），包头天和磁材科技股份有限公司报告期内的主要财务数据及主要财务指标如下：项目2024年6月30日/2024年1-6月2023年12月31日/2023年度2022年12月31日/2022年度2021年12月31日/2021年度资产总额（万元）300,031.39299,285.19258,277.37195,864.83"
MB001,603072,天和磁材,MB001_603072_包头天和磁材科技股份有限公司_招股说明书.pdf,47,gp_lp,出资比例,"2008年5月21日，高新会计师出具“包高新所验S字（2008）第78号”《验资报告》。经审验，截至2008年5月21日，天和有限（筹）已收到股东天津天和以货币方式出资缴纳的注册资本合计2,000万元。2008年5月22日，天和有限取得包头市工商行政管理局颁发的营业执照，注册号为150208000006688，公司成立时股权结构如下：序号出资人出资额（万元）出资比例（%）出资方式1天津天和2,000.00100.00货币合计2,000.00100.00-（二）股份有限公司设立情况发行人系由天和有限整体变更设立的股份公司。2019年1月14日，信永中和会计师事务所（特殊普通合伙）出具了XYZH/2019BJA80002号《审计报告》，确认天和有限截至审计基准日2018年11月30日的净资产为人民币37,503.92万元。2019年1月15日，公司全体股东签署《包头天和磁材科技股份有限公司发起人协议》，同意将原有限公司依法整体变更为股份有限公司，变更基准日为2018年11月30日，并以公司经审计的净资产37,503.92万元出资，按1：0.4746比例折合股本17,800万元股。股份公司成立时注册资本为17,800万元，前述经审计净资产超出部分19,703.92万元则计入股份公司资本公积，由全体股东享有。各股东以其持有的公司股权所对应的净资产认购股份公司股份，持股比例不变。2019年1月30日，信永中和出具了XYZH/2019BJA80086号《验资报告》，对天和有限整体变更为股份有限公司出资情况进行了审验，确认截至2019年1月30日，发行人已收到全体出资者以其拥有的天和有限净资"
MB001,603072,天和磁材,MB001_603072_包头天和磁材科技股份有限公司_招股说明书.pdf,52,history,股权转让,21年9月3日，汇誉中证出具《债转股追溯资产评估报告》，确认债权评估值与相关债权金额相同，相关债权不存在高估或低估作价的情形。另外，包头市市场监督管理局亦于2021年11月9日出具《证明》，确认发行人“从2018年1月1日至2021年11月8日期间，无包头市市场监督管理局查处的违法、违规记录”，故上述债转股出资真实，不存在出资不实或虚假出资的情形。（三）历次股权转让、增资的背景和原因，转让及增资价格确定的依据及合理性、所履行的法律程序，2019年3月与2019年12月股东增资入股价格存在较大差异的原因，相关价款支付情况，股东资金来源及其合法性，是否存在委托持股、利益输送或其他利益安排，是否为股东的真实意思表示，是否存在纠纷或潜在纠纷1、历次股权转让、增资的背景和原因，转让及增资价格确定的依据及合理性、所履行的法律程序，相关价款支付情况，股东资金来源及其合法性发行人历次股权转让、增资的具体情况如下表所示：序号股东姓名/名称入股背景、原因入股时间入股形式入股价格（元/注册资本）定价依据及合理性价款支付情况资金来源及合法性履行的法律程序1天津天和公司设立2008.5公司设立1注册资本账面值已支付自有资金，合法股东决定、验资、工商设立登记2天津天和扩大公司生产经营规模2009.9增资1原股东增资已支付自有资金，合法股东决定、验资、工商变更登记3天津天和扩大公司生产经营规模2009.11增资1原股东增资已支付自有资金，合法股东决定、验资、工商变更登记4天津天和、袁易扩大公司生产经营规模2010.3增资1原股东以及实控人增资已支付自有资金，合法股东会决议、验资、工商变更登记
MB001,603072,天和磁材,MB001_603072_包头天和磁材科技股份有限公司_招股说明书.pdf,53,history,股权转让;新增股东;员工持股平台,"资人看好公司未来发展前景2019.3增资2.57参考上一年末每股净资产2.11元以及2018年实现净利润经协商确定已支付自有资金、自筹资金，合法股东大会决议、验资、工商变更登记12中车泛海、同历宏阳外部投资人看好公司未来发展前景2020.1增资5.35参考2019年盈利情况并经协商确定已支付自有资金，合法股东大会决议、验资、工商变更登记由上表可知，发行人历次股权转让、增资定价依据合理、定价公允、价款均已支付、资金来源合法，并已履行了必要的法律程序。2、2019年3月与2019年12月股东增资入股价格存在较大差异的原因（1）2019年3月公司增资的定价系依据公司2018年扣除非经常性损益后归属于母公司所有者的净利润3,580.18万元（本次发行调整为3,401.80万元，系公司研发费用调整所致），按照PE倍数约13.42倍并参考上一年末每股净资产2.11元协商确定。（2）2019年12月公司增资的定价系依据管理层测算的2019年扣除非经常性损益后归属于母公司所有者的净利润约8,000万元，按照PE倍数约13倍协商确定。综上，2019年3月与2019年12月股东增资入股价格存在较大差异的原因系两次增资估值依据的净利润基础不同，增资价格存在较大差异。但两次增资的"
MB001,603072,天和磁材,MB001_603072_包头天和磁材科技股份有限公司_招股说明书.pdf,54,history,发行人股东;历次增资;股权转让;员工持股平台;核心员工,有股东是否为适格股东，与发行人其他股东、董事、监事、高级管理人员、本次发行中介机构及其负责人、签字人员之间是否存在亲属关系、关联关系、委托持股等特殊协议或安排，是否存在纠纷或潜在争议1、发行人现有股东是否为适格股东截至招股说明书签署日，发行人共有17名股东，包括9名自然人股东，1名企业法人股东，7名合伙企业股东。其中，9名自然人股东均在发行人处任职，具备成为发行人股东的民事权利能力及行为能力；寰盈投资、科曼咨询作为发行人的员工持股平台，为依法有效存续的有限合伙企业，不存在根据法律、法规或者其合伙协议需要终止或解散的情形，其合伙人均为发行人及其全资子公司的员工；天津天和、朗润园、元龙智能、星火咨询、中车泛海、同历宏阳为依法有效
MB001,603072,天和磁材,MB001_603072_包头天和磁材科技股份有限公司_招股说明书.pdf,55,pe_fund,私募基金;基金管理人,包头天和磁材科技股份有限公司招股说明书1-1-54存续的有限责任公司或有限合伙企业，不存在根据法律、法规或者其章程/合伙协议需要终止或解散的情形。同时，发行人私募基金股东中车泛海、同历宏阳已办理私募基金备案，其基金管理人亦办理了登记手续。截至本招股说明书签署日，发行人现有股东均为适格股东。截至本招股说明书签署日，发行人现有股东均为适格股东。2、发行人现有股东与发行人其他股东、董事、监事、高级管理人员、本次发行中介机构及其负责人、签字人员之间是否存在亲属关系、关联关系、委托持股等特殊协议或安排，是否存在纠纷或潜在争议截至本招股说明书签署日，发行人现有股东与发行人其他股东、直接股东、董事、监事、高级管理人员之间的关联关系如下：序号股东姓名/名称直接持股情况间接持股情况在发行人处任职情况关联关系1袁文杰13.74%持有天津天和14%股权董事长袁文杰系袁擘和袁易之父，袁擘系袁易之兄；袁文杰、袁擘、陈雅、翟勇、范跃林、沈强、周拴柱为天津天和董事2袁擘1.38%持有天津天和36%股权、寰盈投资4.57%合伙权益审计法务部部长3袁易9.14%持有天津天和18%股权董事、副总经理4翟勇0.62%持有天津天和4%股权天之和总经理5范跃林0.62%持有天津天和4%股权烧结一分厂厂长6沈强0.62%持有天津天和4%股权机械加工分厂厂长7周拴柱0.28%持有天津天和2%股权销售市场部职工8天津天和45.
MB001,603072,天和磁材,MB001_603072_包头天和磁材科技股份有限公司_招股说明书.pdf,60,shareholder,持有发行人,"磁性材料、机械设备、磁应用产品的销售。（依法须经批准的项目,经相关部门批准后方可开展经营活动）2、包头天和磁材科技股份有限公司德国分公司企业名称包头天和磁材科技股份有限公司德国分公司成立日期2017年11月15日企业住所BruchköbelerLandstr.41号，德国哈瑙市，邮编63452经营范围磁性材料以及相关产品的研发、进出口、贸易、储存以及销售六、持有发行人5%以上股份的主要股东及实际控制人的基本情况（一）控股股东、实际控制人情况1、控股股东截至本招股说明书签署日，公司控股股东为天津天和，直接持有发行人45.39%的股份。天津天和的基本情况如下：公司名称天津天和盈亚科技有限公司成立日期2003年9月27日注册资本5,000万元实收资本5,000万元注册地及主要生产经营地华苑产业区（环外）海泰东路8号主营业务房屋租赁主营业务与发行人主营业务的关系天津天和仅有经营租赁业务，无实际生产经营，与发行人主营业务无直接关系。最近一年及一期主要财务数据（单位：万元）日期总资产净资产营业收入净利润2024.6.30/2024年1-6月9,396.738.650.74100.39-16.152023.12.31/2023年度9,491.918,706.90203.40-2.62注：上述2023年数据已经信永中和审计，2024年上半年财务数据未经审计。"
MB001,603072,天和磁材,MB001_603072_包头天和磁材科技股份有限公司_招股说明书.pdf,61,shareholder,持有发行人;出资比例,"天津天和的股权结构如下：序号股东姓名认缴出资（万元）出资比例1袁擘1,80036%2袁易90018%3陈雅90018%4袁文杰70014%5范跃林2004%6翟勇2004%7沈强2004%8周拴柱1002%合计5,000100%2、实际控制人袁文杰、袁擘、袁易父子为公司共同实际控制人，袁文杰系袁擘、袁易之父，袁擘系袁易之兄。截至本招股说明书签署日，袁文杰直接持有发行人13.74%股份，袁易直接持有发行人9.14%股份，袁擘直接持有发行人1.38%股份；袁文杰父子合计持有天津天和68%股权，其通过天津天和间接控制发行人45.39%股份，袁文杰父子通过直接和间接方式合计共同控制发行人69.65%股份。2020年7月1日，袁文杰父子共同签订《一致行动人协议》，明确约定三人为一致行动人关系，共同作为发行人的实际控制人。实际控制人具体信息如下：序号股东名称性别国籍是否拥有永久境外居留权身份证号码1袁文杰男中国否140102194706******2袁易男中国否140102198007******3袁擘男中国否140103197412******自有限公司设立以来，公司实际控制人未发生变更。（二）其他持股5%以上的股东1、陈雅截至本招股说明书签署日，陈雅直接持有发行人3.38%的股份，通过天津天和间接持有发行人8.17%的股份，合计持有发行人11.55%的股份。陈雅的基本情况如下："
MB001,603072,天和磁材,MB001_603072_包头天和磁材科技股份有限公司_招股说明书.pdf,62,gp_lp,持有发行人;执行事务合伙人;普通合伙人;有限合伙人;出资比例,"包头天和磁材科技股份有限公司招股说明书1-1-61序号股东名称性别国籍是否拥有永久境外居留权身份证号码1陈雅女中国否140102197112******2、朗润园截至本招股说明书签署日，朗润园持有发行人7.04%的股份。朗润园的基本情况如下：公司名称南通朗润园企业管理咨询中心（有限合伙）成立日期2015年6月26日执行事务合伙人陈娟认缴出资额2,807.80万元注册地及主要生产经营地南通市崇川区江海佳苑19幢1901室（A1907）主营业务企业管理咨询与发行人主营业务的关系与发行人主营业务不相关最近一年及一期主要财务数据（单位：万元）日期总资产净资产净利润2024.6.30/2024年1-6月2,788.752,788.27-2.862023.12.31/2023年度2,791.612,791,12-3.01注：上述数据未经审计。截至本招股说明书签署日，朗润园的出资结构如下：序号合伙人姓名合伙人性质出资额（万元）出资比例1陈娟普通合伙人50.51.80%2李华强有限合伙人535.319.06%3陈义有限合伙人202.07.19%4卢汉明有限合伙人202.07.19%5王耀国有限合伙人202.07.19%6郭亚安有限合伙人202.07.19%7马维智有限合伙人202.07.19%8曹海和有限合伙人202.07.19%9晏浩有限合伙人151.55.40%10盖伟勇有限合伙人151.55.40%11葛祖显有限合伙人15"
MB001,603072,天和磁材,MB001_603072_包头天和磁材科技股份有限公司_招股说明书.pdf,63,gp_lp,持有发行人;执行事务合伙人;普通合伙人;有限合伙人;出资比例,"1-1-62序号合伙人姓名合伙人性质出资额（万元）出资比例14杨跃轩有限合伙人101.03.60%15郑梅有限合伙人50.51.80%16李晓东有限合伙人50.51.80%17米良有限合伙人50.51.80%18高秀花有限合伙人50.51.80%19季国芹有限合伙人50.51.80%合计2,807.8100.00%3、元龙智能截至本招股说明书签署日，元龙智能持有发行人6.20%的股份。元龙智能的基本情况如下：公司名称南通元龙智能科技中心（有限合伙）成立日期2015年6月26日执行事务合伙人张凌认缴出资额2,450万元注册地及主要生产经营地南通市崇川区江海佳苑19幢1901室（A1901）主营业务企业管理咨询与发行人主营业务的关系与发行人主营业务不相关最近一年及一期主要财务数据（单位：万元）日期总资产净资产净利润2024.6.30/2024年1-6月3,602.722,281.05-12.882023.12.31/2023年度3,615.602,295.93-89.04注：上述数据未经审计。截至本招股说明书签署日，元龙智能的出资结构如下：序号合伙人姓名合伙人性质出资额（万元）出资比例1张凌普通合伙人1004.082%2陈义有限合伙人1,33054.286%3曹海和有限合伙人70028.571%4黄峰有限合伙人1204.897%5陈健豪有限合伙人1004.082%6王猛有限合伙人1004.082%合计2,450100.000%"
MB001,603072,天和磁材,MB001_603072_包头天和磁材科技股份有限公司_招股说明书.pdf,72,shareholder,股本结构,"本招股说明书签署日，发行人不存在协议控制架构。九、控股股东、实际控制人报告期内的重大违法行为报告期内，公司控股股东、实际控制人不存在贪污、贿赂、侵占财产、挪用财产或者破坏社会主义市场经济秩序的刑事犯罪，也不存在欺诈发行、重大信息披露违法或者其他涉及国家安全、公共安全、生态安全、生产安全、公众健康安全等领域的重大违法行为。十、发行人股本情况（一）本次发行前后的股本结构本次发行前，公司总股本19,821万元，本次拟向社会公开发行6,607万元，发行后总股本为26,428万元，发行前后公司股权结构如下：股东情况发行前发行后股数（万股）比例（%）股数（万股）比例（%）天津天和8,997.000045.398,997.000034.04袁文杰2,724.000013.742,724.000010.31袁易1,811.00009.141,811.00006.85朗润园1,394.98217.041,394.98215.28元龙智能1,229.39076.201,229.39074.65陈雅669.59143.38669.59142.53中车泛海561.00002.83561.00002.12同历宏阳560.00002.83560.00002.12寰盈投资457.00002.31457.00001.73星火咨询423.00002.13423.00001.60科曼咨询289.00001.46289.00001.09袁擘273.00001.38273.00001.03范跃林122.00000.62122.00000.46翟勇122.00000.62122.00000.46沈强122.00000."
MB001,603072,天和磁材,MB001_603072_包头天和磁材科技股份有限公司_招股说明书.pdf,73,shareholder,前十名股东,"包头天和磁材科技股份有限公司招股说明书1-1-72股东情况发行前发行后股数（万股）比例（%）股数（万股）比例（%）社会公众股（A股）--6,607.000025.00总股本19,821.0000100.0026,428.0000100.00（二）发行人的前十名股东截至本招股说明书签署日，公司前十名股东直接持股情况如下表所示：序号股东名称持股数量（万股）持股比例（%）1天津天和8,997.000045.392袁文杰2,724.000013.743袁易1,811.00009.144朗润园1,394.98217.045元龙智能1,229.39076.206陈雅669.59143.387中车泛海561.00002.838同历宏阳560.00002.839寰盈投资457.00002.3110星火咨询423.00002.13-合计18,826.960094.99（三）前十名自然人股东及其在公司的任职情况本次发行前公司前十名自然人股东及其在发行人担任的职务如下：序号姓名持股数量（万股）任职占发行前股本比例（%）1袁文杰2,724.00董事长13.742袁易1,811.00董事、副总经理、副总工程师9.143陈雅669.5914董事、总经理3.384袁擘273.00审计法务部部长1.385范跃林122.00烧结一分厂厂长0.62翟勇122.00天之和总经理0.62沈强122.00机械加工分厂厂长0.626周拴柱56.00销售市场部职工0.287陈斌10.0358销售市场部职工0.05合计5"
MB001,603072,天和磁材,MB001_603072_包头天和磁材科技股份有限公司_招股说明书.pdf,74,shareholder,持有发行人;新增股东;有限合伙人,"及外资股份。（五）发行人申报前12个月新增股东情况发行人不存在申报前12个月新增股东情况。（六）本次发行前各股东间的关联关系及关联股东的各自持股比例截至本招股说明书签署日，公司各股东间的关联关系及关联股东的各自持股比例情况如下：1、天津天和持有公司45.39%的股份，袁文杰系天津天和的法定代表人，袁擘等八名公司自然人股东持有天津天和股权，上述八名公司股东同时持有发行人股权，具体情况如下：序号姓名持股发行人股份数量（万股）持股比例（%）1袁文杰2,724.0013.742袁易1,811.009.143陈雅669.59143.384袁擘273.001.385范跃林122.000.626翟勇122.000.627沈强122.000.628周拴柱56.000.282、袁擘直接持有公司1.38%的股份，寰盈投资直接持有公司2.31%的股份，袁擘系寰盈投资有限合伙人，持有寰盈投资4.57%出资。3、公司股东袁文杰系袁擘和袁易之父，袁擘系袁易之兄。2020年7月1日，袁文杰、袁擘、袁易共同签订《一致行动人协议》。4、公司股东陈雅系陈斌之姐。5、陈斌直接持有公司0.05%的股份，寰盈投资直接持有公司2.31%的股份，陈斌系寰盈投资有限合伙人，持有寰盈投资10.44%出资。除此之外，发行前各股东不存在关联关系。"
MB001,603072,天和磁材,MB001_603072_包头天和磁材科技股份有限公司_招股说明书.pdf,75,shareholder,发行人股东;历史沿革;员工持股平台,包头天和磁材科技股份有限公司招股说明书1-1-74（七）发行人股东公开发售股份情况本次发行不涉及发行人股东公开发售股份的情况。（八）公司历史沿革中是否存在股权代持情况以及形成原因、演变情况、解除过程、是否存在纠纷或潜在纠纷等1、股权代持的形成2019年3月，发行人组织员工入股，员工屈波的同学朱海红、胡波从屈波处得知入股机会，遂分别将5.14万元转账给屈波，委托屈波向发行人员工持股平台科曼咨询出资，各方未签订股权代持协议。屈波合计对科曼咨询出资25.7万元，合伙份额均登记在屈波名下。2、股权代持的解除2021年1月，发行人撤回科创板上市申请后，朱海红、胡波与屈波协商，拟退回出资，屈波最终同意解除代持。将委托投资款退回给朱海红、胡波，但筹集资金需要时间，各方同意在2年内（2023年1月前）屈波将5.14万元退回给朱海红、胡波。上述股权代持已于2021年1月解除，无需办理工商变更登记。2022年12月，屈波分别将5.14万元以转账方式退回给朱海红、胡波。至此，屈波对朱海红、胡波的退款退还完毕。3、关于股权代持的确认目前上述股权代持已经解除，屈波对朱海红、胡波的退款已退还完毕，各方之间不存在尚未了结的债权债务关系，不存在纠纷或潜在纠纷，不存在股权代持或其他利益安排。十一、董事、监事、高级
MB001,603072,天和磁材,MB001_603072_包头天和磁材科技股份有限公司_招股说明书.pdf,88,gp_lp,持有发行人;执行事务合伙人;普通合伙人;有限合伙人;出资比例;员工持股平台,绩考核指标完成情况不达预期而有所下降。（四）其他待遇和退休金计划截至本招股说明书签署之日，在公司任职并领薪的董事、监事、高级管理人员和其他核心人员除在公司领取工资奖金及享受社会保险、住房公积金等情况外，不存在在公司及其关联企业享受其他待遇和退休金计划。十五、本次公开发行申报前已经制定或实施的股权激励及相关安排寰盈投资、科曼咨询为公司员工持股平台，其中寰盈投资持有发行人457.00万股，持股比例2.31%，科曼咨询持有发行人289.00万股，持股比例1.46%。两个员工持股平台的基本情况及合伙人构成情况如下：（一）寰盈投资1、基本情况公司名称包头寰盈投资中心（有限合伙）成立日期2016年2月29日执行事务合伙人龚瑞娥认缴出资额656.39万元实缴出资额656.39万元注册地及主要生产经营地内蒙古自治区包头稀土开发区稀土应用产业园主营业务投资管理、咨询与发行人主营业务关系与发行人主营业务不相关2、合伙人构成情况截至本招股说明书签署日，寰盈投资的出资情况如下：序号合伙人姓名任职情况合伙人性质出资额（万元）出资比例（%）1龚瑞娥已退休普通合伙人43.486.622陈斌销售市场部职工有限合伙人68.5510.443张晋平已退休有限合伙人55.708.494董义董事、副总经理、总工程师有限合伙人55.288.425刁树林监事会主席、销售市场部部长有限合伙人42.856.536苗聚昌天之和副总经理有限合伙人42.856.53
MB001,603072,天和磁材,MB001_603072_包头天和磁材科技股份有限公司_招股说明书.pdf,89,gp_lp,执行事务合伙人;有限合伙人;出资比例,处理分厂厂长有限合伙人7.711.1725张亚茹表面处理分厂职工有限合伙人7.711.1726苑占祚产品试制中心职工有限合伙人7.711.1727秦阳销售市场部职工有限合伙人7.711.1728逯伟生产部职工有限合伙人7.711.17合计656.39100.00（二）科曼咨询1、基本情况公司名称包头科曼企业管理咨询中心（有限合伙）成立日期2019年2月21日执行事务合伙人刘子瑶认缴出资额742.73万元实缴出资额742.73万元注册地及主要生产经营地内蒙古自治区包头稀土高新区稀土应用产业园
MB001,603072,天和磁材,MB001_603072_包头天和磁材科技股份有限公司_招股说明书.pdf,90,gp_lp,普通合伙人;有限合伙人;出资比例,包头天和磁材科技股份有限公司招股说明书1-1-89主营业务企业管理咨询与发行人主营业务关系与发行人主营业务不相关2、合伙人构成情况截至本招股说明书签署日，科曼咨询的出资情况如下：序号合伙人姓名任职情况合伙人性质出资额（万元）出资比例（%）1刘子瑶管理部职工普通合伙人69.399.342杜晓霞已退休有限合伙人115.6515.573张海潮财务总监、董事会秘书有限合伙人110.5114.884冯丽丽已退休有限合伙人38.555.195吴树杰研究所所长有限合伙人30.844.156邓伟杰实验检测中心职工有限合伙人30.844.157林晓勤扩散分厂厂长有限合伙人30.844.158屈波工艺创新室职工有限合伙人25.703.469伍丹妹销售市场部职工有限合伙人25.703.4610胡占江监事、材料研究二室主任有限合伙人25.703.4611杨琦华材料研究室职工有限合伙人25.703.4612李志强熔炼氢碎分厂厂长有限合伙人20.562.7713李占全后勤管理员有限合伙人15.422.0814丁伟三分厂职工有限合伙人15.422.0815齐鹤均工艺创新室职工有限合伙人15.422.0816武志敏研发管理室主任有限合伙人12.851.7317张倩证券事务部部长有限合伙人12.851.7318郭丽珍品管部部长有限合伙人12.851.7319贾瑞天之和员工有限合伙人12.851.7320苏建云母材工艺组职工有限合伙人10.281.3821翟伟伟研发管理室职工有限合伙人10.281.3822王志
MB001,603072,天和磁材,MB001_603072_包头天和磁材科技股份有限公司_招股说明书.pdf,91,gp_lp,股权转让;有限合伙人;出资比例;员工持股平台,龙工艺创新室扩散工艺组组长有限合伙人7.711.04合计742.73100.00（三）员工持股平台的股份锁定期寰盈投资、科曼咨询已出具关于锁定期的承诺函，具体内容参见本招股说明书“附录二”之“一、关于股份锁定、持股及减持意向的承诺函”。（四）员工入股的股份支付情况寰盈投资系发行人员工持股平台，部分合伙人于2014年9月增资入股发行人，并于2016年3月将所持股权转让给持股平台寰盈投资，由直接持股变为通过寰盈投资间接持股；部分合伙人于2019年3月通过寰盈投资增资间接入股发行人。上述合伙人均系发行人内部员工，2014年9月增资价格综合考虑公司发展阶段、业务发展情况，以1元/股的价格进行增资，具有合理性，不涉及股份支付的处理；2019年3月增资价格系与同次入股的外部投资者价格相同，增资价格公允，不涉及股份支付的处理。科曼咨询系发行人员工持股平台，于2019年3月增资入股发行人。其合伙人均系发行人内部员工，增资价格与同次入股的外部投资者价格相同，价格公允，不涉及股份支付的处理。报告期内，寰盈投资发生过1次份额变动。科曼咨询发生过4次份额变动，涉及股份支付事项。1、报告期内，员工持股平台各次份额变动具体情况如下：序号员工持股平台协议签订时间变更事项出让人受让人转让价格（元/股）转让财产份额（万元）转让数量（万股）1科曼咨询2021年11月离职转让宋欢欢王子培2.64717.713.002科曼咨询2022年4月离职转让刘国承刘子瑶2.775612.855.003科曼咨询2022年9月离职转让张帅刘子瑶2.827010.284.004科曼咨询2023年3月离职转让刘延斌王子培2.84281
MB001,603072,天和磁材,MB001_603072_包头天和磁材科技股份有限公司_招股说明书.pdf,92,gp_lp,执行事务合伙人,元）0.6590.070.220.439.000.050.140.291.3790.150.460.929.000.100.310.612.4190.270.801.619.000.180.541.074.8190.531.603.219.000.361.072.14----31.02--4.4326.59上述员工离职后均按照合伙协议以及转让协议将股份转让给执行事务合伙人或执行事务合伙人指定的其他人。2、转让时点股权公允价值（1）2021年11月宋欢欢离职，根据包头科曼企业管理咨询中心（有限合伙）合伙协议规定，宋欢欢将科曼咨询财产份额7.71万元（对应发行人股份3
MB001,603072,天和磁材,MB001_603072_包头天和磁材科技股份有限公司_招股说明书.pdf,93,history,股权转让;执行事务合伙人,"包头天和磁材科技股份有限公司招股说明书1-1-92万股）按2.6471元/股转让给了公司员工王子培。公允价值系参考公司2021年扣除非经常性损益后归属于母公司所有者的净利润13,728.51万元，按照PE倍数13倍确定，其公允价值9.00元/股。13倍PE系参考公司最近一次外部专业投资机构增资时的市盈率以及同期同行业股权转让或增资并购时的市盈率确定。（2）2022年4月刘国承离职，根据包头科曼企业管理咨询中心（有限合伙）合伙协议规定，刘国承将科曼咨询财产份额12.85万元（对应发行人股份5万股）按2.7756元/股转让给了科曼咨询执行事务合伙人刘子瑶。公允价值系参考公司2021年扣除非经常性损益后归属于母公司所有者的净利润13,728.51万元，按照PE倍数13倍确定，其公允价值9.00元/股。13倍PE系参考公司最近一次外部专业投资机构增资时的市盈率以及同期同行业股权转让或增资并购时的市盈率确定。（3）2022年9月张帅离职，根据包头科曼企业管理咨询中心（有限合伙）合伙协议规定，张帅将科曼咨询财产份额10.28万元（对应发行人股份4万股）按2.8270元/股转让给了科曼咨询执行事务合伙人刘子瑶。公允价值系参考公司2022年扣除股份支付费用前扣除非经常性损益后归属于母公司所有者的净利润，按照PE倍数13倍确定，其公允价值12.47元/股。13倍PE系参考公司最近一次外部专业投资机构增资时的市盈率以及同期同行业股权转让或增资并购时的市盈率确定。（4）2023年3月刘延斌离职，根据包头科曼企业管理咨询中心（有限合伙）合伙协议规定，刘延斌将科"
MB001,603072,天和磁材,MB001_603072_包头天和磁材科技股份有限公司_招股说明书.pdf,94,history,股权转让;执行事务合伙人,"包头天和磁材科技股份有限公司招股说明书1-1-932.8938元/股转让给了寰盈投资执行事务合伙人龚瑞娥。公允价值系参考公司2023年扣除股份支付费用前扣除非经常性损益后归属于母公司所有者的净利润16,238.85万元，按照PE倍数13倍确定，其公允价值10.65元/股。13倍PE系参考公司最近一次外部专业投资机构增资时的市盈率以及同期同行业股权转让或增资并购时的市盈率确定。3、股份支付金额的确认及会计处理合理性由于员工离职（退伙）导致执行事务合伙人及其指定人员受让份额时，视为一次新的授予，新的授予时发行人的公允价值发生了变化，因此按照受让时发行人的公允价值确认股份支付。根据《企业会计准则第11号-股份支付》及合伙协议规定，发行人员工作为科曼咨询合伙人，存在隐含服务期（至发行人完成首次公开发行股票并上市内），彼时，发行人完成首次公开发行股票并上市预计时间为2023年9月，故发行人股权激励隐含服务期至2023年9月。2023年9月，公司根据最新上市进展，预计2023年12月上市，剩余股份支付费用重新计量，剩余等待期为2023年7月-2023年12月。2023年12月，公司根据最新上市进展，预计2024年3月上市，剩余股份支付费用重新计量。剩余等待期为2023年10月-2024年3月。2024年1月，公司根据最新上市进展，预计2024年9月上市，剩余股份支付费用重新计量。剩余等待期为2024年1月-2024年9月。2024年6月，公司根据最新上市进展，预计2024年12月上市，剩余股份支付费用重新计量。剩余等待期为2024年4月-2024年12月。综上，2021年1"
MB001,603072,天和磁材,MB001_603072_包头天和磁材科技股份有限公司_招股说明书.pdf,95,special_terms,股权转让;执行事务合伙人;对赌;清理情况;员工持股平台,份额，因公允价值变动涉及股份支付，公司已按《企业会计准则第11号-股份支付》进行了股份支付确认及会计处理，公司会计处理合理。（五）员工持股平台对公司经营状况、财务状况、控制权变化等方面的影响发行人实施员工持股，能够充分激发经营管理层与骨干人员的积极性，进一步提高公司凝聚力，建立健全激励约束长效机制，为公司持续发展夯实基础。发行人上述员工持股平台在设立以及后续股权转让前后，发行人控股股东、实际控制人未发生变化，员工持股平台对发行人控制权未产生影响。除上述员工持股平台之外，公司不存在其他已制定或实施的股权激励及相关安排。十六、本次发行前涉及的对赌协议及清理情况（一）与朗润园对赌协议具体内容及实际执行情况、解除情况、清理情况1、对赌协议具体内容2016年5月，天津天和、袁文杰及其他22名自然人股东（“甲方”）与朗润园（“乙方”）、发行人（“丙方”）签署《有关南通朗润园投资中心（有
MB001,603072,天和磁材,MB001_603072_包头天和磁材科技股份有限公司_招股说明书.pdf,96,special_terms,历史沿革;对赌;回购,"95限合伙）与包头天和磁材技术有限责任公司投资协议书》（以下简称“《朗润园投资协议书》”），约定履行对赌义务方为甲方，对赌条款主要内容如下：“4.1当出现以下情况时，乙方有权选择退出。4.1.1因下列原因之一，致丙方不能在2020年8月31日前实现首次公开发行股票并在中国证券交易机构上市的：①丙方经营业绩指标不具备任何一证券交易机构规定的上市条件的；②因丙方历史沿革的不规范原因致使未能实现上市目标，且该不规范的情形非乙方在本协议签订后能够发现、消除与弥补；③因丙方经营活动存在重大过错、经营失误等原因造成无法上市。4.1.2在2020年8月31日之前的任何时间，甲方或丙方以书面方式向乙方明示放弃本协议项下的丙方上市安排或工作；4.1.3虽乙方按本协议约定履行了出资义务,但丙方累计新增亏损达到当期净资产的20%时；4.1.4甲方或丙方实质性违反本协议及附件的相关条款，给上市的目标造成实际影响，致无法上市的。4.1.5如虽甲乙方在准备上市进程中，均无任何过错，但根据现行或上市日期前的新增的有效政策与规定，丙方确无法在上述期限前具备上市条件；丙方经营业绩指标虽达到5.1条规定，但仍不具备任何一证券交易机构规定的上市条件的。4.6当出现下列任何重大事项时，乙方随时有权选择是采取“甲方回购”乙方所持有丙方股权，还是按照市场价转让乙方所持有的全部或者部分丙方股权。甲丙方有权优先受让该等股权；如有第三方愿意购买该股权，即使其价格等条件高甲丙方条件，也应事先书面（征求）甲丙两方意见，甲丙方收到书面意见一个月之内，给出态度，如果甲丙方与乙方不能协商一致价格，乙方可以卖给第三方公司。退出价格约定参照"
MB001,603072,天和磁材,MB001_603072_包头天和磁材科技股份有限公司_招股说明书.pdf,97,special_terms,对赌;清理情况,"低于人民币1,200万元、1,800万元、2,700万元。除非获得乙方同意，本次增资后每年的利润分配额应该不低于当年可分配利润的50%。5.3如丙方本年度净利润低于5.1条约定的数额，且该等低于与乙方无关时，则由甲方在次年6月底前给付乙方出资本金数额8%的投资补偿金，扣除乙方已分配的红利及其产生的利息收入，此项补偿金不影响乙方在天和磁材公司的股东权益。”2、对赌协议实际执行情况、解除情况、清理情况（1）对赌协议实际执行情况截至本招股说明书签署日，对赌义务人与朗润园签署的投资协议中约定的对赌条款均未实际执行，不存在对赌义务人需履行对赌义务的情形。（2）对赌协议解除情况、清理情况2019年12月，前述对赌义务人与朗润园签署了《关于南通朗润园企业管理咨询中心（有限合伙）与包头天和磁材科技股份有限公司投资协议书之补充协议》（以下简称“《朗润园补充协议》”），约定上市时间“2020年8月31日”"
MB001,603072,天和磁材,MB001_603072_包头天和磁材科技股份有限公司_招股说明书.pdf,98,special_terms,对赌;特殊权利;清理情况,包头天和磁材科技股份有限公司招股说明书1-1-97修改为“2023年6月30日”，各方同意自《朗润园投资协议书》签订之日起乙方即无条件放弃《朗润园投资协议书》5.1条，并终止其他特殊分红条款；根据丙方上市的需要，乙方同意在丙方上市申请材料申报及审核等上市流程期间，中止《朗润园投资协议书》中影响丙方上市的对赌及其他股东特殊权利条款，如丙方成功上市，则终止《朗润园投资协议书》中的该等对赌及其他股东特殊权利条款，如丙方未成功上市，则《朗润园投资协议书》中的前述对赌及其他股东特殊权利条款自动恢复。2020年7月，前述对赌义务人与朗润园签署了《关于南通朗润园企业管理咨询中心（有限合伙）与包头天和磁材科技股份有限公司投资协议书之补充协议（二）》（以下简称“《朗润园补充协议（二）》”），约定终止《朗润园投资协议书》中影响丙方上市的对赌及其他股东特殊权利条款且效力溯及《朗润园投资协议书》签署之日。各方同意，前述对赌及其他股东特殊权利条款终止后不再恢复。2022年11月，朗润园进一步出具说明，明确了2020年7月，与天和磁材及其股东天津天和盈亚科技有限公司、袁文杰等签署的《补充协议（二）》，约定终止《投资协议书》中影响天和磁材上市的对赌及其他股东特殊权利条款（《投资协议书》第6条亦包括在内）且效力溯及《投资协议书》签署之日，前述对赌及其他股东特殊权利条款终止后不再恢复。至此，前述对赌义务人与朗润园签署的对赌协议完全解除和清理。（二）与元龙智能对赌协议具体内容、实际执行情况、解除情况、清理情况1、对赌协议具体内容2016年5月，天津天和、袁文
MB001,603072,天和磁材,MB001_603072_包头天和磁材科技股份有限公司_招股说明书.pdf,99,special_terms,对赌;特殊权利;清理情况,包头天和磁材科技股份有限公司招股说明书1-1-98截至本招股说明书签署日，对赌义务人与元龙智能签署的投资协议中约定的对赌条款均未实际执行，不存在对赌义务人需履行对赌义务的情形。（2）对赌协议解除情况、清理情况对赌各方未出现执行上述对赌条款的情形。2019年12月，前述对赌义务方与元龙智能签署了《关于南通元龙智能科技中心（有限合伙）与包头天和磁材科技股份有限公司投资协议书之补充协议》（以下简称“《元龙智能补充协议》”），约定上市时间“2020年8月31日”修改为“2023年6月30日”，各方同意自《元龙智能投资协议书》签订之日起乙方即无条件放弃《元龙智能投资协议书》5.1条，并终止其他特殊分红条款；根据丙方上市的需要，乙方同意在丙方上市申请材料申报及审核等上市流程期间，中止《元龙智能投资协议书》中影响丙方上市的对赌及其他股东特殊权利条款，如丙方成功上市，则终止《元龙智能投资协议书》中的该等对赌及其他股东特殊权利条款，如丙方未成功上市，则《元龙智能投资协议书》中的前述对赌及其他股东特殊权利条款自动恢复。2020年7月，前述对赌义务人与元龙智能签署了《关于南通元龙智能科技中心（有限合伙）与包头天和磁材科技股份有限公司投资协议书之补充协议（二）》（以下简称“《元龙智能补充协议（二）》”），约定终止《元龙智
MB001,603072,天和磁材,MB001_603072_包头天和磁材科技股份有限公司_招股说明书.pdf,100,special_terms,增资扩股;对赌;回购,包头天和磁材科技股份有限公司招股说明书1-1-99方”）、发行人（“丙方”）签署《袁文杰、袁擘、袁易、天津天和盈亚科技有限公司与中车泛海智能制造投资（天津）合伙企业（有限合伙）关于包头天和磁材科技股份有限公司增资扩股之投资协议之补充协议》（以下简称“《中车泛海补充协议》”），约定履行对赌义务方为甲方，对赌条款主要内容如下：“1.1如遇有以下情形，且在乙方未能将其所持有的目标公司股份全部转让给第三方的情况下，乙方有权要求甲方回购其持有目标公司的全部或部分股份（本轮增资后乙方已减持的股份及本轮增资后乙方通过其他方式受让的新增股份，均不在本协议股份回购之列），回购方式为甲方受让乙方向其转让的目标公司股份。下列条件满足其一，乙方即可提出回购要求：1.1.1公司于2020年12月31日前没有向中国证监会或证券交易所递交上市（“合格首次公开发行”）申请材料；1.1.2公司于2023年6月30日或乙方另行同意的更晚时间（预期上市日）前没有完成首次公开发行；1.1.3在公司递交上市申请材料之前，公司合并报表口径累计新增亏损达到投资人投资完成时公司经审计的净资产的20％；1.1.4本次增资完成后，公司、公司控股股东及或其实际控制人发生重大违法违规行为及现有股东出现重大个人诚信问题且导致公司未能于预期上市日前完成合格首次公开发行或明显不具备实现合格首次公开发行的条件；1.1.5由于相关部门的要求，确认首次公开发行无法获得相关部门的审批、无法实施或实
MB001,603072,天和磁材,MB001_603072_包头天和磁材科技股份有限公司_招股说明书.pdf,101,special_terms,增资扩股;对赌;特殊权利;清理情况,1）对赌协议实际执行情况截至本招股说明书签署日，对赌义务人与中车泛海签署的投资协议中约定的对赌条款均未实际执行，不存在对赌义务人需履行对赌义务的情形。（2）对赌协议解除情况、清理情况2020年7月，发行人、对赌义务方与中车泛海签署了《袁文杰、袁擘、袁易、天津天和盈亚科技有限公司与中车泛海智能制造投资（天津）合伙企业（有限合伙）关于包头天和磁材科技股份有限公司增资扩股之投资协议之补充协议（二）》（以下简称“《中车泛海补充协议（二）》”），约定在发行人上市申请材料申报及审核等上市流程期间，中止《中车泛海补充协议》中影响丙方上市的对赌及其他股东特殊权利条款，如丙方成功上市，则终止《中车泛海补充协议》中的该等对赌及其他股东特殊权利条款，如丙方首次公开发行的申请被撤回、失效、否决或因其他原因无法完成申报、首次公开发行，则《中车泛海补充协议》中的前述对赌及其他股东特殊权利条款自上述情形发生之日起自动恢复。为彻底清理对赌协议，2020年12月23日，天津天和、袁文杰、袁擘、袁易、发行人与中车泛海签署《中车泛海补充协议（三）》，协议约定的主要内容如下：①中车泛海同意终止《中车泛海补充协议》中影响发行人上市的对赌及其他股东特殊权利条款，且效力溯及《中车泛海补充协议》签署之日。各方同意，前述对赌及其他股东特殊权利条款终止后不再恢复，各方之间无其他后续安排。②截至《中车泛海补充协议（三）》签署日，各方在《中车泛海投资协议》
MB001,603072,天和磁材,MB001_603072_包头天和磁材科技股份有限公司_招股说明书.pdf,102,special_terms,增资扩股;对赌;回购;特殊权利;清理情况,义务人与中车泛海签署的对赌协议完全解除和清理。（四）与同历宏阳对赌协议具体内容及实际执行情况、解除情况、清理情况1、对赌协议具体内容2019年12月，天津天和、袁文杰、袁擘、袁易（“甲方”）与同历宏阳（“乙方”）、发行人（“丙方”）签署《袁文杰、袁擘、袁易、天津天和盈亚科技有限公司与天津同历宏阳三号企业管理咨询中心（有限合伙）关于包头天和磁材科技股份有限公司增资扩股之投资协议之补充协议》（以下简称“《同历宏阳补充协议》”），约定履行对赌义务方为甲方，对赌条款主要内容如下：“1.1如遇有以下情形，乙方有权要求甲方回购其持有目标公司的全部或部分股份（本轮增资后乙方已减持的股份及本轮增资后乙方通过其他方式受让的新增股份，均不在本协议股份回购之列），回购方式为甲方受让乙方向其转让的目标公司股份。下列条件满足其一，乙方即可提出回购要求：1.1.1公司于2023年6月30日或乙方另行同意的更晚时间（预期上市日）前没有完成首次公开发行；1.1.2在公司递交上市申请材料之前，公司合并报表口径累计新增亏损达到投资人投资完成时公司经审计的净资产的20%；1.1.3由于相关部门的要求，确认IPO无法获得相关部门的审批、无法实施或实施后被要求整改甚至停业；1.1.4稀土产业政策没有重大不利变化的情况下，公司2019-2021年经审计后的扣非后归母算术平均净利润没有达到8000万元的70%，并且申报前一年扣非后净利润不低于5600万元。1.1.5本次增资完成后，公司、公司控股股东或其实际控制人发生重大违法
MB001,603072,天和磁材,MB001_603072_包头天和磁材科技股份有限公司_招股说明书.pdf,103,special_terms,增资扩股;对赌;特殊权利;清理情况,理情况（1）对赌协议实际执行情况截至本招股说明书签署日，对赌义务人与同历宏阳签署的投资协议中的对赌条款均未实际执行，不存在对赌义务人需履行对赌义务的情形。（2）对赌协议解除情况、清理情况2020年7月，发行人、对赌义务方与同历宏阳签署了《袁文杰、袁擘、袁易、天津天和盈亚科技有限公司与天津同历宏阳三号企业管理咨询中心（有限合伙）关于包头天和磁材科技股份有限公司增资扩股之投资协议之补充协议（二）》（以下简称“《同历宏阳补充协议（二）》”），约定在发行人上市申请材料申报及审核等上市流程期间，中止《同历宏阳补充协议》中影响丙方上市的对赌及其他股东特殊权利条款，如丙方成功上市，则终止《同历宏阳补充协议》中的该等对赌及其他股东特殊权利条款，如丙方未成功上市，则根据《同历宏阳补充协议》第二条约定，前述对赌及其他股东特殊权利条款自动恢复。为彻底清理对赌协议，2020年12月23日，天津天和、袁文杰、袁擘、袁易、发行人与同历宏阳签署《同历宏阳补充协议（三）》，上述协议约定的主要内容如下：1、同历宏阳同意终止《同历宏阳补充协议》中影响发行人上市的对赌及其他股东特殊权利条款，且效力溯及《同历宏阳补充协议》签署之日。各方同意，前述对赌及其他股东特殊权利条款终止后不再恢复，各方之间无其他后续安排。2、截至《同历宏阳补充协议（三）》签署日，各方在《中车泛海补充协议》《同历宏阳投资协议》《同历宏阳补充协议》《同历宏阳补充协议（二）》履行过程中不存在任何纠纷或潜在纠纷。3、除《同历宏阳补充协议》《同历宏阳补充协议（二）》《同历宏阳补充协议（三）》外，各方不存在其他对赌协议或替代性利益安排，除法律规定和公司章程
MB001,603072,天和磁材,MB001_603072_包头天和磁材科技股份有限公司_招股说明书.pdf,104,special_terms,对赌,"包头天和磁材科技股份有限公司招股说明书1-1-103至此，前述对赌义务人与同历宏阳签署的对赌协议完全解除和清理。（五）上述对赌协议不存在其他后续安排，对赌各方不存在纠纷或潜在纠纷截至本招股说明书签署日，发行人与朗润园、元龙智能、中车泛海、同历宏阳所签订的对赌协议均已解除，且解除效力溯及对赌协议签署日，对赌协议各方不存在其他后续安排，不存在纠纷或潜在纠纷，亦不影响发行人股权稳定。除上述对赌协议外，发行人不存在其他对赌协议。十七、员工及其社会保障情况（一）员工结构1、员工人数及变化情况截至2024年6月30日，公司及子公司共有在册员工1,489人，报告期各期末，公司员工人数如下：项目2024.6.302023.12.312022.12.312021.12.31员工人数（人）1,4891,2921,2351,2172、员工专业结构截至2024年6月30日，公司员工专业结构如下：人员类别人数（人）占职工总数比例（%）管理及行政人员875.84生产人员（含品质）1,19880.46销售人员281.88专业技术人员17611.82合计1,489100.003、员工受教育程度截至2024年6月30日，公司员工学历结构如下：文化程度人数（人）占职工总数比例（%）研究生及以上291.95本科学历2121"
MB001,603072,天和磁材,MB001_603072_包头天和磁材科技股份有限公司_招股说明书.pdf,115,toc,目录,心技术开展配方研制、工艺开发、毛坯生产、成品加工和表面处理，为客户提供烧结钕铁硼、烧结钐钴等关键功能材料。稀土永磁材料凭借稳定的内生磁场和良好的磁性能，在不借助外界电场的条件下实现电能与机械能高效转换、电信号转换、磁力转换等关键功能，有效解决了国民经济发展、国家安全与社会生活中的供能、用能等问题，从而先后被《新材料产业发展指南》《重点新材料首批次应用示范指导目录（2024年版）》等政策文件列为关键战略材料。自1993年起至今，以董事长袁文杰先生为核心的技术团队一直从事高性能稀土永磁材料的开发与生产，始终秉承“顾客至上，清洁世界，磁引未来”使命和“做高性能永磁材料创新引领者”愿景，围绕产品高质、客户高端、生产高效、资源低耗的经营目标，致力于稀土永磁材料制备全过程、全工序技术创新与突破，持续推动产品创新、工艺革新、装备升级，实现核心技术自主可控，推动公司逐步成长为国内先进的高性能稀土永磁材料提供商。与国内稀土永磁材料厂商相比，公司生产经营具有较为明显的特点，具体如下：一是始终坚持自主创新引领发展，实现生产全过程、全工序核心技术自主可控。公司长期致力于高性能烧结钕铁硼、烧结钐钴材料配方研制、技术工艺创新以及核心关键装备研制，聚焦稀土永磁材料制备全过程的关键技术创新与突破，相继开发、掌握了多元成分调控、晶粒细化、一次成型压制、晶界扩散、高效绿色加工、低涡流损耗磁体、新型镀层表面处理等一系列先进核心、关键技术，并成功实现规模化生产与产业化应用，整体技术开发能力居国内先进水平。公司
MB001,603072,天和磁材,MB001_603072_包头天和磁材科技股份有限公司_招股说明书.pdf,144,toc,目录,包头天和磁材科技股份有限公司招股说明书1-1-143（八）发行人生产经营符合国家相关产业政策及国家经济发展战略近年来，国家陆续出台了一系列指导、促进稀土永磁材料等新材料产业良性发展的法律法规和政策，对公司所处的稀土永磁材料行业发展产生了有力的推动作用。根据《新材料产业发展指南》、《重点新材料首批次应用示范指导目录（2024年版）》、《战略性新兴产业重点产品和服务指导目录（2016版）》等文件，新材料产业的三大重点发展方向为先进基础材料、关键战略材料和前沿新材料，稀土永磁材料作为其中的关键战略材料，受到重点扶持与鼓励。2024年，发改委发布了《产业结构调整指导目录（2024年本）》，公司生产经营及本次募投项目均不属于《产业结构调整指导目录（2024年本）》中限制类和淘汰类产业，不存在《产业结构调整指导目录（2024年本）》中规定的落后生产工艺装备和落后产品，不属于落后产能；公司生产经营及本次募投项目生产的高性能稀土永磁材料，符合《产业结构调整指导目录（2024年本）》中“鼓励类”的第九类：“有色金属”中的第5条-交通运输、高端制造及其他领域有色金属新材料。综上所述，发行人主营业务产品包括烧结钕铁硼、烧结钐钴产品，本次募投项目生产的产品为高性能烧结钕铁硼产品，符合国家相关产业政策及国家经济发展战略。二、公司所处行业的基本情况（一）所属行业公司主要从事烧结钕铁硼、烧结钐钴等高性能稀土永磁材料研发、生产、销售。根据《国民经济行业分类（GB/T4754-2017）》，公司处于“C3985电子专用材料制造”中的“磁性材料”行业。根据发改委发
MB001,603072,天和磁材,MB001_603072_包头天和磁材科技股份有限公司_招股说明书.pdf,145,toc,目录,包头天和磁材科技股份有限公司招股说明书1-1-144大发展重点方向之一“关键战略材料”中的“高性能永磁材料”；第二，根据工信部发布的《重点新材料首批次应用示范指导目录（2024年版）》，公司主营产品属于新材料三大重点领域中的“关键战略材料”之“二、稀土功能材料：230高性能钕铁硼永磁体、233高性能钐钴永磁体”。（二）行业主管部门、监管体制及行业主要法律法规与政策1、行业主管部门及监管体制目前，我国磁性材料行业主要由主管部门和行业协会共同管理。其中，主管部门侧重于行政管理，行业协会侧重于自律管理，二者共同构成了我国磁性材料行业的管理体系，为我国行业及相关企业的健康有序发展创造了良好的监管体系和市场环境。磁性材料行业的主管部门为国家工业和信息化部，其相关职责包括：制定并组织实施行业规划、计划和产业政策，提出产业布局、结构的政策建议，起草相关法律法规草案，制定规章，拟订行业技术规范和标准，并组织实施，指导行业质量管理工作；指导行业技术创新和技术进步，组织实施有关国家科技重大专项，推进相关科研成果产业化；统计并发布相关信息，进行预测预警和信息引导，协调解决行业运行发展中的有关问题并提出政策建议；拟订并组织实施工业、通信业的能源节约和资源综合利用、清洁生产促进政策，组织协调相关重大示范工程和新产品、新技术、新设备、新材料的推广应用；推进行业体制改革和管理创新，提高行业综合素质和核心竞争力，指
MB001,603072,天和磁材,MB001_603072_包头天和磁材科技股份有限公司_招股说明书.pdf,146,toc,目录,乳业技术创新中心，研究支持创建稀土新材料、草种业国家技术创新中心。4《关于巩固回升向好趋势加力振作工业经济的通知》工业和信息化部、国家发展改革委、国务院国资委2022年11月聚焦产业基础好、比较优势突出、技术领先的行业细分领域或重点产品，发挥产业链龙头企业引领带头作用，支持形成一批石化化工、钢铁、有色金属、稀土、绿色建材、新材料产业集群。5《鼓励外商投资产业目录（2022年版）》国家发展与改革委员会、商务部2022年10月鼓励外商投资符合稀土新材料要求的稀土高端应用产品加工相关产业6《“十四五”原材料工业发展规划》工业和信息化部科学技术部自然资源部2021年12月围绕大飞机、航空发动机、集成电路、信息通信、生物产业和能源产业等重点应用领域，攻克高温合金、航空轻合金材料、超高纯稀土金属及化合物、高性能特种钢、可降解生物材料、特种涂层、光刻胶、靶材、抛光液、工业气体、仿生合成橡胶、人工晶体、高性能功能玻璃、先进陶瓷材料、特种分离膜以及高性能稀土磁性、催化、光功能、储氢材料等一批关键材料。7《十四五规划和2035年远景目标纲要》国家发展和改革委员会2021年3月聚焦新一代信息技术、生物技术、新能源、新材料、高端装备、新能源汽车、绿色环保以及航空航天、海洋装备等战略性新兴产业，加快关键核心技术创新应用，增强要素保障能力，培育壮大产业发展新动能。8《重点新材料首批次应用示范指导工信部2023年12月将高性能钕铁硼、高性能钐钴等稀土功能材料列入新材料三大重点领域中的“关键战略材料”，进行鼓励与扶持
MB001,603072,天和磁材,MB001_603072_包头天和磁材科技股份有限公司_招股说明书.pdf,147,toc,目录,包头天和磁材科技股份有限公司招股说明书1-1-146序号文件名称颁布部门颁布时间主要相关内容目录（2024年）》9《战略性新兴产业重点产品和服务指导目录》国家发展和改革委员会2018年9月（修订）将稀土永磁材料列入“3新材料产业”之“3.1新型功能材料产业”中的“3.1.3稀土功能材料：高性能稀土（永）磁性材料及其制品”领域，进行鼓励与扶持10《“十三五”材料领域科技创新专项规划》科学技术部2017年4月（1）材料是经济建设、社会进步和国家安全的物质基础和先导，是国民经济的基础，具有举足轻重的地位。（2）坚持把握材料科技创新发展的新态势，以增强材料领域原始创新能力为核心，强化材料的基础创新能力，提高全链条贯通、集成和应用水平，支撑供给侧结构性改革和经济社会可持续健康发展。（3）针对制约材料发展的瓶颈和薄弱环节，加快转型升级和提质增效，切实提高产业的核心竞争力和可持续发展能力。（4）通过基础材料的设计开发、制造流程及工艺优化等关键技术和国产化装备的重点突破，实现重点基础材料产品的高性能和高附加值、绿色高效低碳生产。（5）稀土此功能材料定位在七大发展重点中的“新型功能与智能材料”领域，进行重点扶持11《“十三五”节能减排综合工作方案》国务院2017年1月（1）牢固树立创新、协调、绿色、开放、共享的发展理念，以提高能源利
MB001,603072,天和磁材,MB001_603072_包头天和磁材科技股份有限公司_招股说明书.pdf,159,toc,目录,。整体而言，我国稀土永磁材料行业不存在明显的季节性特征。3、行业发展趋势（1）高性能稀土永磁材料的市场需求及市场份额将加速扩大近年来，党和国家坚持创新、协调、绿色等发展理念，深入推进创新驱动型战略和可持续发展战略。随着《国家创新驱动发展战略纲要》、《“十三五”国家战略性新兴产业发展规划》、《“十三五”节能减排综合工作方案》、《战略性新兴产业重点产品和服务指导目录》等一系列政策的落地实施，以及“2060碳中和”目标指导下低碳经济的蓬勃发展，我国产业结构不断优化，汽车、3C消费电子、节能家电等行业产品换代与产业升级趋势明显，新能源汽车、风力发电、智能制造、轨道交通、航空航天等战略性新兴产业亦加速成长。稀土永磁材料具有无源（无需额外耗费电能提供外加磁场）、无接触（隔空使用，磨损小）、结构简单（节省附加材料与空间，体积小、重量轻）、节能环保（电磁转换过程中能量损耗小）及稳定可靠（维护简单，寿命长）等优点，成为汽车EPS核心部件及ABS系统、3C消费电子设备、节能电梯永磁同步曳引机、变频空调压缩机、新能源汽车永磁驱动电机、永磁直驱风机、机器人高精度伺服电机、轨道交通牵引电机、航空航天用直流电机等关键组件必须的核心材料。前述行业不断扩张、升级的同时，对稀土永磁材料的磁能积、矫顽力、剩磁等磁性能的要求越来越高，与之相匹配的高性能稀土永磁材料的市场需求将加速扩大。未来，高性能稀土永磁材料的产销量将保持高速增长，市场份额有望加速提升。
MB001,603072,天和磁材,MB001_603072_包头天和磁材科技股份有限公司_招股说明书.pdf,174,toc,目录,"的研发，增强磁体耐腐蚀性与环保性，同时控制相关成本（六）行业发展的有利因素与不利因素1、行业发展的有利因素（1）国家政策的有力推动近年来，国家陆续出台了一系列指导、促进稀土永磁材料等新材料产业良性发展的法律法规和政策，对公司所处的稀土永磁材料行业发展产生了有力的推动作用。材料产业是国民经济的基础21，根据《新材料产业发展指南》、《重点新材料首批次应用示范指导目录（2024年版）》、《战略性新兴产业重点产品和服务指导目录（2016版）》等文件，新材料产业的三大重点发展方向为先进基础材料、关键战略材料和前沿新材料，稀土永磁材料作为其中的关键战略材料，受到重点扶持与鼓励。各级政府机关陆续发布、落实配套政策，“集中力量、加紧部署，推进材料先行、产用结合”22，一方面促进完善行业标准、健全产业体系，“提高全链条贯通、集成和应用水平”23，持续有力推动稀土永磁材料产业规模化、产业化、体系化发展，促进行业加速壮大，另一方面“以增强材料领域原始创新能力为核心”，扶持、鼓励具有较强研发、创新能力的企业成长，促进相关产业结构升级和技术更新换代。当前，“碳中和”已经成为世界各国发展的重要目标。日本、韩国、新西兰、法国、加拿大、丹麦、南非、智利等国陆续提出到2050年实现“碳中和”，推21引用自《“十三五”材料领域科技创新专项规划》，科学技术部，2017年4月14日.22引用自《新材料产业发展指南》,工业和信息化部、国家发展和改革委员会、科学技术部、财政部,2016年12月30日.23引用自《“十三五”材料领域科技创新专项规划》，科学技术部，2017年4月14日."
MB001,603072,天和磁材,MB001_603072_包头天和磁材科技股份有限公司_招股说明书.pdf,188,toc,目录,"生产与产业化应用，产品性能及核心技术整体居国内先进水平。公司研发中心获评国家企业技术中心，自主申报的高性能钐钴稀土永磁关键技术与产业化项目荣获2020年度全国稀土科学技术奖二等奖，稀土永磁材料产品2019年度、2020年度连续被认定为内蒙古自治区新材料首批次产品。公司主导产品烧结钕铁硼的内禀矫顽力和最大磁能积之和可达84（20℃），显著高于《中国高新技术产品目录（2006）》中内禀矫顽力和最大磁能积之和为60的高性能钕铁硼永磁材料判定标准。公司系中国稀土行业协会理事、全国稀土标准化技术委员会委员、国家新材料测试评价平台稀土行业中心首届理事，拥有国家企业技术中心、内蒙古自治区重点实验室、内蒙古钕铁硼稀土永磁材料工程技术研究中心、内蒙古自治区企业技术中心、内蒙古自治区高性能稀土永磁材料企业重点实验室等科研平台，并参股设立了由国家工业和信息化部牵头发起的唯一国家级稀土功能材料创新中心“国瑞科创稀土功能材料有限公司”。截至2024年8月27日，公司拥有专利105项，其中美国、欧洲、日本等国家和地区47项，国内58项。②生产能力优势多年来，公司以核心技术为依托，紧贴供给侧改革与产业转型升级趋势，持续围绕下游前沿领域和新兴产业的应用场景与发展需求，配套提供高性能烧结钕铁硼、烧结钐钴材料，形成了较强的生产能力。从生产规模上看，公司下设稀土永磁材料制造分厂8个，共14个车间，其生产内容相互配套、生产工序相互衔接，涵盖熔炼、氢碎、烧结、机械加工、晶界扩散、表面处理等烧结钕铁硼及钐钴生产过程的全部环节。2023年，公司烧结钕铁硼毛坯产量达8,200余吨，整体规模居行业前列。根据中国稀土行业协会磁性"
MB001,603072,天和磁材,MB001_603072_包头天和磁材科技股份有限公司_招股说明书.pdf,206,shareholder,持有发行人,"11,964.307.284宁波复能稀土新材料股份有限公司镝铁、镨钕、铽等10,462.836.375山东南稀金石新材料有限公司镝铁、镨钕、铽等6,545.133.98合计128,044.7777.91注：前五大供应商为当期采购金额占比排名前五的供应商，受同一最终控制方控制的供应商已合并计算采购金额。本公司董事、监事、高级管理人员、核心技术人员、主要关联方或持有发行人5%以上股份的股东均不拥有上述供应商的权益。报告期内，公司对前五大供应商的采购额占总采购额的比重分别为77.91%、85.21%、85.98%及88.84%，占比稳定较高。因上游稀土行业内，头部大集团、大企业持续整合，集中度较高，导致稀土永磁材料行业企业的原材料采购渠道普遍相对集中，原材料供应商集中度较高为行业普遍现象。"
MB001,603072,天和磁材,MB001_603072_包头天和磁材科技股份有限公司_招股说明书.pdf,234,toc,目录,其他资产许可给其他方使用的情形，亦不存在作为被许可方使用他人资产的情况。（五）特许经营权情况截至本招股说明书签署日，公司不存在特许经营情况。（六）生产经营所必要的审批、认证（含合格供应商认证）、备案取得情况1、发行人生产产品无需取得特殊的行业许可根据《中华人民共和国工业产品生产许可证管理条例》、《强制性产品认证管理规定》及《市场监管总局关于优化强制性产品认证目录的公告》等法规规定，发行人所生产的产品无需取得工业产品生产许可证、无需实施强制性产品认证。根据《安全生产许可证条例（2014修订）》、《基础设施和公用事业特许经营管理办法》及《国民经济行业分类（GB/T4754-2017）》的规定，发行人处于“C3985电子专用材料制造”之磁性材料行业，不属于按照法规规定需要实行安全生产许可制度及特许经营的企业。综上，发行人生产产品无需取得特殊的行业许可。2、审批、认证及备案发行人及其子公司在采购、生产和销售环节需获得的审批、认证、备案等事项如下表所示：主要环节主体获得的审批、认证、备案主要依据生产环节发行人安全生产标准化三级企业《中华人民共和国安全生产法（2021修正）》发行人排污许可证《中华人民共和国环境保护法》《排污许可管理办法（试行）》发行人城镇污水排入排水管网许可证《城镇污水排入排水管网许可管理办法（2022修正）》发行人建设项目的环境影响评价《中华人民共和国环境影响评价法（2018修正）》《建设项目环境保护管理条例（2017修订）》
MB001,603072,天和磁材,MB001_603072_包头天和磁材科技股份有限公司_招股说明书.pdf,236,toc,目录,建立相关补偿修正系数，并持续在量产条件下对各种工艺参数与实验结果进行放大分析，与后端工序的配套技术、工艺进行双向调整，形成了多元成分调控技术。磁性能始终是评价稀土永磁材料技术先进性的核心标准，内禀矫顽力与最大磁能积之和则是磁性能的关键指标。凭借多元成分调控等技术，公司主导产品烧结钕铁硼的内禀矫顽力和最大磁能积之和可达84（20℃），显著高于《中国高新技术产品目录（2006）》中内禀矫顽力和最大磁能积之和为60的高性能钕铁硼永磁材料判定标准，综合磁性能达到行业先进水平。目前，公司已经形成十五大系列（包括烧结钕铁硼八大系列N、M、H、SH、UH、EH、AH、DH及烧结钐钴七大系列XG、XGH、XGSL、XGSM、XGS、XGSH、XGSLT）逾百种牌号的产品体系，建立了完善的产品配方库，可快速响应多个应用领域和组件的配套需求。针对主导产品烧结钕铁硼，公司多元成分调控技术的实现的关键性成果包括但不限于：第一，高性能。通常，配方中的基本成分具有较高剩磁，但内禀矫顽力低；中重稀土元素及微量元素的添加可以提高矫顽力与温度系数，但可能抑制最大磁能积与剩磁。公司根据不同应用场景下的磁性能需求侧重，差异化调配基本元素
MB001,603072,天和磁材,MB001_603072_包头天和磁材科技股份有限公司_招股说明书.pdf,256,employee_platform,员工持股平台,保留索赔、仲裁、诉讼等权利；公司与核心技术人员均签署了《保密与竞业限制协议》，明确约定了机密信息的保密机制、发明创造的权属划分、非竞争义务等，有效防范核心技术对外泄露的风险。公司对研发技术人员建立了有效的激励机制，保证其在技术职务方面具有畅通的晋升渠道和较大的发展空间。公司还鼓励公司员工在生产、技术、管理等领域持续创新，并对产生的效益进行奖励。同时，公司通过员工持股平台对核心技术人员进行激励，将其个人利益与公司长远发展有效结合，保证核心技术团队的长期稳定。报告期内，公司核心技术人员未发生重大不利变化。（2）研发模式公司长期致力于稀土永磁材料的研究开发与技术创新，根据国家战略部署、
MB001,603072,天和磁材,MB001_603072_包头天和磁材科技股份有限公司_招股说明书.pdf,269,history,股权转让,称“天之和公司”）、启航（香港）科技有限公司、EuroCoreMagneticsKft.和TianheMagneticsTechnologyGmbH。截至报告期末，纳入合并范围的子公司的主要情况如下：子公司名称主要经营地注册地业务性质持股比例（%）取得方式直接间接包头市天之和磁材设备制造有限公司内蒙古包头稀土高新区稀土产业园机器制造、维修100.000.00股权转让启航（香港）科技有限公司中国香港中国香港磁性材料销售、进出口贸易100.000.00设立EuroCoreMagneticsKft.匈牙利布达佩斯匈牙利磁性材料及其装配件相关技术研发、进出口贸易、仓储、分销0.00100.00设立TianheMagneticsTechnologyGmbH德国哈瑙德国钕铁硼产品的生产与销售100.000.00设立四、财务报表的编制基础（一）编制基础公司财务报表以持续经营为基础，根据实际发生的交易和事项，按照财政部颁布的《企业会计准则》及相关规定，并基于本招股说明书“第六节财务会计信息与管理层分析”之“五、报告期内采用的主要会计政策和会计估计”所述会计政策和会计估计编制。（二）持续经营公司管理层综合考虑了宏观政策风险、市场经营风险、目前和长期的盈利能力、偿债能力、财务弹性以及管理层改变经营政策的意向等因素，认为公司自报告期末起12个月内不存在影响持续经营能力的事项。五、报告期内采用的主要会计政策和会计估计公司根据重要性原则，结合公司经营活动特点及关键审计事项等，列示对公司财务状况和经营成果有重大影响的会计政策和会计估计，全部会计政策和会计
MB001,603072,天和磁材,MB001_603072_包头天和磁材科技股份有限公司_招股说明书.pdf,282,special_terms,回购,持有方之间达成的所有条款和条件。如果集团作为一个整体由于该工具而承担了交付现金、其他金融资产或者以其他导致该工具成为金融负债的方式进行结算的义务，则该工具应当分类为金融负债。金融工具或其组成部分属于金融负债的，相关利息、股利（或股息）、利得或损失，以及赎回或再融资产生的利得或损失等，本公司计入当期损益。金融工具或其组成部分属于权益工具的，其发行（含再融资）、回购、出售或注销时，本公司作为权益的变动处理，不确认权益工具的公允价值变动。（7）金融资产和金融负债的抵销本公司的金融资产和金融负债在资产负债表内分别列示，不相互抵销。但同时满足下列条件时，以相互抵销后的净额在资产负债表内列示：①本公司具有抵销已确认金额的法定权利，且该种法定权利是当前可执行的；②本公司计划以净额结算，或同时变现该金融资产和清偿该金融负债。（十）存货本公司存货主要包括原材料、在产品、库存商品、合同履约成本-发出商品等。存货实行永续盘存制，存货在取得时按实际成本计价；领用或发出存货，采用加权平均法确定其实际成本。低值易耗品和包装物采用一次转销法进行摊销。在资产负债表日，本公司存货按照成本与可变现净值孰低进行计量。当可变现净值低于存货成本时，提取存货跌价准备。存货跌价准备按照单个项目的成本高于可变现净值的差额提取。可变现净值是指日常生产经营活动中，存货的估计售价减去至完工时估计将要发生的成本、估计要发生的销售费用及相关税费后的金额。在确定存货的可变现净值时，以取得的可靠确凿证据为基础，同时考虑持有存货的目的及资产负债表日后事项的影响。
MB001,603072,天和磁材,MB001_603072_包头天和磁材科技股份有限公司_招股说明书.pdf,309,shareholder,发行人股东,"0.13%60.41%59.19%财务指标2024年1-6月2023年度2022年度2021年度应收账款周转率（次/年）2.255.206.014.21存货周转率（次/年）0.841.882.682.99息税折旧摊销前利润（万元）11,621.0528,698.0231,901.6221,107.33利息保障倍数（倍）8.366.979.3011.88归属于发行人股东的净利润（万元）6,557.3916,880.5822,283.9014,304.18归属于发行人股东扣除非经常性损益后的净利润（万元）6,696.9716,146.7619,063.8213,803.08研发投入占营业收入的比例（%）3.553.504.574.18每股经营活动产生的现金流量（元/股）0.731.22-2.66-0.10每股净现金流量（元/股）0.56-0.190.44-0.04归属于发行人股东的每股净资产（元/股）6.356.025.164.03上述财务指标计算公式如下：1、流动比率＝流动资产／流动负债2、速动比率＝（流动资产-存货）／流动负债3、资产负债率＝（负债总额/资产总额）×100%4、应收账款周转率＝营业收入/平均应收账款账面价值（计算口径为应收账款及合同资产的平均账面价值）5、存货周转率＝营业成本/平均存货账面价值6、息税折旧摊销前利润＝利润总额+利息费用+折旧＋摊销7、利息保障倍数＝息税折旧摊销前利润／利息支出8、每股经营活动产生的现金流量＝经营活动净现金流量／期末股本总额9、每股净现金流量＝现金及现金等价物净增加额／期末股本总额（二）净资产收益率和每股收益项目加权平均净资产收益率"
MB001,603072,天和磁材,MB001_603072_包头天和磁材科技股份有限公司_招股说明书.pdf,310,special_terms,回购,：1、加权平均净资产收益率=P0/（E0＋NP÷2＋Ei×Mi÷M0–Ej×Mj÷M0±Ek×Mk÷M0）其中：P0分别对应于归属于公司普通股股东的净利润、扣除非经常性损益后归属于公司普通股股东的净利润；NP为归属于公司普通股股东的净利润；E0为归属于公司普通股股东的期初净资产；Ei为报告期发行新股或债转股等新增的、归属于公司普通股股东的净资产；Ej为报告期回购或现金分红等减少的、归属于公司普通股股东的净资产；M0为报告期月份数；Mi为新增净资产次月起至报告期期末的累计月数；Mj为减少净资产次月起至报告期期末的累计月数；Ek为因其他交易或事项引起的、归属于公司普通股股东的净资产增减变动；Mk为发生其他净资产增减变动次月起至报告期期末的累计月数。2、基本每股收益=P0÷S，S=S0＋S1＋Si×Mi÷M0–Sj×Mj÷M0-Sk其中：P0为归属于公司普通股股东的净利润或扣除非经常性损益后归属于普通股股东的净利润；S为发行在外的普通股加权平均数；S0为期初股份总数；S1为报告期因公积金转增股本或股票股利分配等增加股份数；Si为报告期因发行新股或债转股等增加股份数；Sj为报告期因回购等减少股份数；Sk为报告期缩股数；M0报告期月份数；Mi为增加股份次月起至报告期期末的累计月数；Mj为减少股份次月起至报告期期末的累计月数。3、稀释每股收益=P1/（S0＋S1＋Si×Mi÷M0–Sj×Mj÷M0–Sk+认股权证、股份期权、可转换债券等增加的普通股加权平均数）其中：P1为归属于公司普通股股东的净利润或扣除非经常性损益后归属于公司普通股股东的净利润，并考虑稀释性潜在普通股对其影响，按《企业会
MB001,603072,天和磁材,MB001_603072_包头天和磁材科技股份有限公司_招股说明书.pdf,379,shareholder,持有发行人,"包头天和磁材科技股份有限公司招股说明书1-1-378款余额合计分别为15,115.00万元、14,452.82万元、18,509.45万元和29,966.51万元，占各期末应收账款余额的比例分别为30.53%、28.13%、32.52%和48.41%。报告期内，公司董事、监事、高级管理人员和核心技术人员、主要关联方或持有发行人5%以上股份的股东与报告期各期末应收账款主要客户不存在关联关系。5）期后回款情况分析截至2024年7月末，公司报告期各期末应收账款回款情况如下：单位：万元项目2024.6.302023.12.312022.12.312021.12.31应收账款余额61,913.5456,921.2051,389.6049,512.86截至2024年7月31日回款金额20,907.7052,665.0849,244.0648,632.66期后回款比例33.77%92.52%95.82%98.22%公司的销售信用期主要包括60天、90天、120天等。截至2024年8月31日，公司报告期各期末应收账款的已回款比例分别为98.22%、95.82%、92.52%和33.77%，除2024年6月末部分款项尚在信用期内，其余大部分均已收回。2021年至2024年6月末，公司营业收入显著增长，期末应收账款余额随之增加。公司高度重视对应收账款回款的管理，坚持实施并不断完善客户信用政策，密切跟踪客户回款进度、合理控制应收账款回收，报告期各期末应收账款账龄合理，回款情况良好。报告期内，公司信用政策整体稳定，不存在放宽信用期拓展销售的情况。6）应收款项占"
MB001,603072,天和磁材,MB001_603072_包头天和磁材科技股份有限公司_招股说明书.pdf,382,shareholder,持有发行人,"包头天和磁材科技股份有限公司招股说明书1-1-381持有发行人5%以上股份的股东与报告期各期末预付账款主要供应商不存在关联关系。（5）其他应收款1）其他应收款余额情况报告期各期末，公司其他应收款余额情况如下：单位：万元项目2024.6.302023.12.312022.12.312021.12.31其他应收款项1,562.101,603.571,889.98182.63减：坏账准备771.69772.52849.5477.83合计790.41831.051,040.44104.802021年末、2022年末、2023年末和2024年6月末，公司其他应收款金额分别为104.80万元、1,040.44万元、831.05万元和790.41万元，占流动资产的比例分别为0.07%、0.53%、0.35%和0.34%，比重较低。2）其他应收款分类情况报告期各期末，公司其他应收款余额按款项性质分类情况如下：单位：万元款项性质2024.6.302023.12.312022.12.312021.12.31金额比例（%）金额比例（%）金额比例（%）金额比例（%）合同解除退款1,377.0788.161,377.0785.881,534.0081.17--保险赔付----249.4413.20--"
MB001,603072,天和磁材,MB001_603072_包头天和磁材科技股份有限公司_招股说明书.pdf,384,shareholder,持有发行人,"包头天和磁材科技股份有限公司招股说明书1-1-383单位名称款项性质是否关联方金额（万元）占账面余额比例（%）东方电气股份有限公司保证金非关联方22.841.46包头高新稀土科技发展有限公司保证金非关联方20.001.28合计--1,535.0798.27报告期内，公司董事、监事、高级管理人员和核心技术人员、主要关联方或持有发行人5%以上股份的股东与报告期各期末其他应收款主要往来单位不存在关联关系。（6）存货1）存货金额情况单位：万元项目2024.6.302023.12.312022.12.312021.12.31存货账面价值138,164.30121,492.93119,432.2961,921.58存货账面价值占流动资产的比例（%）58.8051.7560.5943.78存货是公司流动资产的重要构成部分。报告期各期末，公司存货账面价值分别为61,921.58万元、119,432.29万元、121,492.93万元和138,164.30万元，呈上升趋势；占流动资产的比重分别为43.78%、60.59%、51.75%和58.80%，2022年较2021年上升，2023年出现下降，2024年6月末有所回升。2）存货总体构成情况报告期各期末，公司存货的构成如下表所示：单位：万元项目2024.6.302023.12.312022.12.312021.12.31账面余额比例（%）账面余额比例（%）账面余额比例（%）账面余额比例（%）原材料26,694.4119.0323,787.9419.3127,416.4922.696,149.429.84在产"
MB001,603072,天和磁材,MB001_603072_包头天和磁材科技股份有限公司_招股说明书.pdf,423,toc,目录,商的发展目标具有一致性和延续性。五、募集资金投资项目的市场前景及发展趋势（一）高性能稀土永磁材料的市场需求及市场份额将加速扩大近年来，党和国家坚持创新、协调、绿色等发展理念，深入推进创新驱动型战略和可持续发展战略。随着《国家创新驱动发展战略纲要》、《“十三五”国家战略性新兴产业发展规划》、《“十三五”节能减排综合工作方案》、《战略性新兴产业重点产品和服务指导目录》等一系列政策的落地实施、《十四五规划和2035年远景目标纲要》指引下各地产业发展规划的逐步推进，以及“2060
MB001,603072,天和磁材,MB001_603072_包头天和磁材科技股份有限公司_招股说明书.pdf,426,toc,目录,"目，项目建成后，公司将新增年产2,000吨高性能钕铁硼永磁材料的生产能力，保障公司继续提升在新能源汽车及汽车零部件、风力发电、节能家电、3C消费电子、轨道交通及智能制造等相关领域的市场占有率。2、项目建设的可行性本项目生产的高性能稀土永磁材料的重点应用领域包括新能源汽车及汽车零部件、风力发电、节能家电、3C消费电子、轨道交通及智能制造等。在《产业结构调整指导目录（2019年本）》（中华人民共和国国家发展和改革委员会"
MB001,603072,天和磁材,MB001_603072_包头天和磁材科技股份有限公司_招股说明书.pdf,427,toc,目录,显现。自动化生产线缩短了生产周期，提高了生产效率，能够满足客户快速交货、快速响应的需求，有利于企业参与市场竞争。本项目的成功实施可有效缩短产品生产周期，为产品抢占市场提供时间保证。同时，制造自动化技术能够提高生产效率，减少日益增高的劳动力消耗和使用，帮助企业降低生产成本、提高经济效益。2、项目建设的可行性本项目生产的高性能稀土永磁材料，符合《产业结构调整指导目录》（2019年本）中“鼓励类”的第九类：“有色金属”中的第5条-交通运输、高端制造及其他领域有色金属新材料。《“十三五”国家战略性新兴产业发展规划》指出：推动人工智能技术在各领域应用，鼓励各行业加强与人工智能融合，逐步实现智能化升级。大力发展智能制造系统，加快推动新一代信息技术与制造技术的深度
MB001,603072,天和磁材,MB001_603072_包头天和磁材科技股份有限公司_招股说明书.pdf,429,toc,目录,",000吨新能源汽车用高性能钕铁硼产业化项目，将加快本地优势资源的转化，延伸产品产业链条，公司的跨跃式发展，必然快速拉动汽车业、节能降耗领域、电力行业、机电产业的发展。对高性能稀土永磁材料的需求，尤其是高性能钕铁硼材料的需求，也将迅速增长，带动相关行业发展将具有重要的意义。2、项目建设的可行性本项目生产的高性能钕铁硼为高性能稀土磁性材料，在《产业结构调整指导目录（2019年本）》中被列为鼓励类产业项目。钕铁硼永磁材料属于新一代高性能磁性材料，而高性能钕铁硼永磁材料是新一代钕铁硼永磁材料中的高档次产品，因此，本项目的建设符合国家产业政策。同时，新能源汽车产品的燃料电池系统、电机及核心零部件、稀土功能材料，均属于《战略性新兴产业重点产品和服务指导目录》（2016版）中的内容。符合《内蒙古自治区国民经济和社会发展第十四个五年规划和2035年远景目标纲要》，符合《包头市国民经济和社会发展第十四个五年规划和二○三五年远景目标》以及《包头稀土高新技术产业开发区稀土产业“十四五”发展规划》。公司的生产工艺具有长期的技术积累，能够为公司实施该项目提供良好的技"
MB001,603072,天和磁材,MB001_603072_包头天和磁材科技股份有限公司_招股说明书.pdf,445,history,历史沿革;出资比例,察后，发现现有生产厂房不具备生产条件，截至本招股说明书签署日，政府指定的生产厂房仍不具备生产条件，故安徽恒山设立至今，一直无实际经营业务。考虑到安徽恒山是否能够实现生产经营事项具有重大不确定性，安徽恒山拟不再从事磁性材料设备制造业务并启动企业注销程序。安徽恒山成立后一直无实际经营具有合理性。安徽恒山已于2023年8月14日注销。（二）前述企业的实际经营业务、历史沿革、资产、人员、业务和技术等方面与发行人的关系，业务是否具有替代性、竞争性、是否有利益冲突，销售渠道、主要客户及供应商的重叠情况，是否影响发行人的独立性等，充分论证上述企业是否与发行人构成同业竞争1、天和盈亚（1）历史沿革以及与发行人关系2003年9月15日，天津天和作出股东会决议，同意通过公司章程，公司注册资本为500万元，分别由袁文杰认缴出资280万元，陈雅认缴出资90万元，范跃林认缴出资40万元，翟勇认缴出资40万元，沈强认缴出资35万元，周拴柱认缴出资15万元。天津天和设立时的股权结构如下：序号股东姓名认缴出资（万元）实缴出资（万元）出资比例1袁文杰28028056%2陈雅909018%3范跃林40408%4翟勇40408%5沈强35357%6周拴柱15153%合计500500100%
MB001,603072,天和磁材,MB001_603072_包头天和磁材科技股份有限公司_招股说明书.pdf,446,history,股权转让;出资比例,"认缴16万元。2016年1月4日，天津天和作出股东会决议，同意天津天和磁材技术有限公司名称变更为天津天和盈亚科技有限公司。2016年7月16日，天和盈亚作出股东会决议，同意袁文杰将其持有的天和盈亚1,300万元出资额（占比26%）转让给袁擘，将其持有的天和盈亚900万元出资额（占比18%）转让给袁易，其他股东放弃优先购买权。同日，袁文杰与袁擘、袁易分别签署《股权转让协议》，该次转让为无偿转让。该次变更后，天和盈亚的股权结构如下：序号股东姓名认缴出资（万元）实缴出资（万元）出资比例1袁擘1,8001,80036%"
MB001,603072,天和磁材,MB001_603072_包头天和磁材科技股份有限公司_招股说明书.pdf,447,shareholder,持有发行人;出资比例,"-1-446序号股东姓名认缴出资（万元）实缴出资（万元）出资比例2袁易90090018%3陈雅90090018%4袁文杰70070014%5范跃林2002004%6翟勇2002004%7沈强2002004%8周拴柱1001002%合计5,0005,000100%该次变更后，天和盈亚的股权结构未发生变动。天和盈亚为发行人控股股东，天和盈亚的全部股东亦直接或间接持有发行人的股份。（2）实际经营业务、资产、人员、业务和技术等方面与发行人的关系，业务是否具有替代性、竞争性、是否有利益冲突，销售渠道、主要客户及供应商的重叠情况，是否影响发行人的独立性等，充分论证上述企业是否与发行人构成同业竞争天和盈亚于2003年9月成立，主要从事磁性材料相关业务；为彻底解决同业竞争问题，2015年开始天和盈亚全面停止磁性材料相关业务，原核心人员陆续入职发行人；2015年及2016年，天和盈亚亦陆续将其持有的全部商标、专利转让给发行人。全面停止磁性材料相关业务后，天和盈亚主要从事房屋出租业务。报告期内，天和盈亚实际经营业务为房屋出租，与发行人在资产、人员、业务和技术方面完全独立，不存在实物资产混用、共用专利等知识产权、人员混同、技术共用等情形；天和盈亚业务与发行人的主营业务无关，不存在替代性、竞争性，不存在利益冲突，亦不存在销售渠道、主要客户及供应商的重叠情况，不影响发行人的独立性，与发行人不构成同业竞争。"
MB001,603072,天和磁材,MB001_603072_包头天和磁材科技股份有限公司_招股说明书.pdf,448,shareholder,持有发行人;历史沿革;出资比例,股东姓名认缴出资（万元）出资比例1袁文杰239.965646.96%2张洁106.645720.87%3佟文昌106.645720.87%4翟勇57.743011.30%合计511.0000100.00%该次变更后，太原天和股权结构未发生变动。太原天和为实际控制人袁文杰控制的企业，其股东袁文杰、翟勇亦为发行人的直接或间接股东，股东张洁、佟文昌不存在直接或间接持有发行人股份的情况。（2）实际经营业务、资产、人员、业务和技术等方面与发行人的关系，业务是否具有替代性、竞争性、是否有利益冲突，销售渠道、主要客户及供应商的
MB001,603072,天和磁材,MB001_603072_包头天和磁材科技股份有限公司_招股说明书.pdf,449,history,历史沿革;出资比例,主要从事房屋出租业务。报告期内，太原天和实际经营业务为房屋出租，与发行人在资产、人员、业务和技术方面完全独立，不存在实物资产混用、共用专利等知识产权、人员混同、技术共用等情形；太原天和业务与发行人的主营业务无关，不存在替代性、竞争性，不存在利益冲突，亦不存在销售渠道、主要客户及供应商的重叠情况，不影响发行人的独立性，与发行人不构成同业竞争。3、恒山机电（1）历史沿革以及与发行人关系2002年8月，恒山机电设立，设立时的股权结构如下：序号股东名称认缴出资（万元）出资比例1袁文斌206.2784.965%2张秀花6.002.471%3杨付生5.002.059%4李乃成5.502.266%5袁文建3.001.236%6张志刚2.501.029%7梁润生0.300.124%8杜丽娟0.500.206%9杨宗义1.000.412%10李顺义1.000.412%11李新荣1.000.412%12齐成龙1.000.412%13康立中0.300.124%14鲁永禄1.000.412%15郑秀峰0.800.330%
MB001,603072,天和磁材,MB001_603072_包头天和磁材科技股份有限公司_招股说明书.pdf,450,history,股权转让;出资比例,330%23苏功德0.800.330%24张秋香0.500.206%25邢蕊强0.500.206%26白碧涛0.200.082%27王培秀0.200.082%28吕建生0.200.082%29安俊华0.200.082%合计242.77100.000%2004年7月，恒山机电增资800万元，由袁文斌认缴。2006年1月，李乃成、邢蕊强分别将其持有的全部恒山机电股权转让给袁文斌。2011年8月，恒山机电增资957.23万元，新增注册资本由袁文斌认缴457.23万元，太原科伟科技创业投资管理有限公司认缴500万元。2014年3月，袁文斌将其持有的恒山机电11%股权转让给其女儿袁琪。2015年3月，恒山机电增资2000万元，新增注册资本由袁文斌认缴1500万元，太原科伟科技创业投资管理有限公司认缴500万元。2017年5月，齐成龙、张志刚、李新荣、郑秀峰、郑秀山、袁文仙、赵晋、苏功德、白碧涛、安俊华分别将其持有的全部恒山机电股权转让给康立中，武小萍、杨宗义、张秋香、鲁永禄、李顺义、梁润生、米安唐、王培秀分别将其持有的全部恒山机电股权转让给袁琪。2018年7月，杨付生、杜丽娟、张秀花分别将其持有的恒山机电全部股权转让给袁琪。
MB001,603072,天和磁材,MB001_603072_包头天和磁材科技股份有限公司_招股说明书.pdf,451,history,持有发行人;历史沿革;股权转让;出资比例,"元）出资比例1袁琪2,977.574.4375%2太原科伟科技创业投资管理有限公司1,000.025.0000%3袁文斌9.50.2375%4康立中8.80.2200%5袁文建3.00.0750%6史永刚1.00.0250%7吕建生0.20.0050%合计4,000.0100.00%该次变更后，恒山机电的股权结构未发生变化。综上，恒山机电及其股东未直接或间接持有发行人的股份，发行人及其主要股东亦未直接或间接持有恒山机电的股权，恒山机电与发行人在历史沿革方面完全独立。（2）实际经营业务、资产、人员、业务和技术等方面与发行人的关系，业务是否具有替代性、竞争性、是否有利益冲突，销售渠道、主要客户及供应商的重叠情况，是否影响发行人的独立性等，充分论证上述企业是否与发行人构成同业竞争恒山机电实际经营业务主要为修磨机专业设备的生产、销售，主要产品包括修磨机、修磨机配件，产品主要运用于钢坯的表面处理，客户均为国内外大型钢材企业；恒山机电与发行人在资产、人员、业务和技术方面完全独立，不存在实物资产混用、共用专利等知识产权、人员混同、技术共用等情形。恒山机电业务与发行人的主营业务存在本质差异，不存在替代性、竞争性，不存在利益冲突，销售渠道、主要客户及供应商的重叠情况，不影响发行人的独立性，与发行人不构成同业竞争。4、恒山磁械"
MB001,603072,天和磁材,MB001_603072_包头天和磁材科技股份有限公司_招股说明书.pdf,452,history,历史沿革;股权转让;出资比例,包头天和磁材科技股份有限公司招股说明书1-1-451（1）历史沿革及与发行人的关系①设立情况及背景、原因2000年3月，恒山磁械由袁文瑞（实际控制人袁文杰的弟弟）、袁春贵（实际控制人袁文杰的父亲）、袁文斌（实际控制人袁文杰的弟弟）、李润凯（实际控制人袁文杰的母亲）发起设立，设立时注册资本50万元，袁文瑞持股50%，袁文斌持股30%，袁春贵持股10%，李润凯持股10%。恒山磁械设立前，袁文瑞曾历任太原大学人事处干事、处长，未从事过磁性材料设备制造行业，后通过多次与已从事磁性材料生产销售行业的袁文杰交流，认为该行业前景良好，故设立了恒山磁械，从事磁性材料设备制造业务。为支持袁文瑞刚起步的业务，其兄袁文斌、其父袁春贵、其母李润凯均出资入股恒山磁械，分别持有恒山磁械30%、10%、10%股权。鉴于袁文杰已经创建了太原天和（1988年设立）并从事磁性材料生产销售业务多年，并且太原天和已布局磁性材料设备制造业务，袁文杰未入股恒山磁械。袁文斌创办的恒山机电主要从事修磨机专业设备的生产、销售业务，袁春贵、李润凯曾从事球磨机制造工作，三人均未涉足磁性材料生产销售、磁性材料设备制造等业务。②股权变动2003年2月，袁文斌、李润凯分别将所持有的30%股权和10%股权转让予袁文瑞。2009年5月，袁文瑞通
MB001,603072,天和磁材,MB001_603072_包头天和磁材科技股份有限公司_招股说明书.pdf,453,shareholder,持有发行人;历史沿革;出资比例,包头天和磁材科技股份有限公司招股说明书1-1-452序号股东名称认缴出资（万元）实缴出资（万元）出资比例2张洁30530538.125%3袁雪16016020.000%合计800800100.000%综上，发行人、发行人控股股东、主要股东、实际控制人均未直接或间接持有恒山磁械的股权，恒山磁械的股东亦未直接或间接持有发行人的股权。发行人与恒山磁械在历史沿革方面完全独立。（2）实际经营业务、资产、人员、业务和技术等方面与发行人的关系，业务是否具有替代性、竞争性、是否有利益冲突，销售渠道、主要客户及供应商的重叠情况，是否影响发行人的独立性等，充分论证上述企业是否与发行人构成同业竞争，并完善相关信息披露①发行人与恒山磁械在实际经营业务、资产、人员、业务和技术等方面完全独立恒山磁械主要从事磁材生产设备、陶瓷设备、3D打印设备的生产、销售，所生产的磁材生产设备主要包括真空速凝炉、气流磨等，与发行人在资产、人员、业务和技术方面完全独立，不存在实物资产混用、共用专利等知识产权、人员混同、技术共用等情形。恒山磁械基于自身生产经营需要、正常的商业交易模式而独立开展交易，不会对发行人独立性构成重大不利影响。报告期内，发行人作为生产型企业，拥有与生产经营相关的独立且完整的采购系统、生产系统、销售系统，合法拥有与生产经营有关的土地、厂房、机器设备以及商标、专利等无形资产的所有权；在人员方面，发行人拥有独立、完整的人事管理体系，劳动、人事及工资管理完全独立；在业务方面，发行人拥有独立完整的采购、生产和销售业务系统，具有独立面向市场、自主经营业务的能力，能够独
MB001,603072,天和磁材,MB001_603072_包头天和磁材科技股份有限公司_招股说明书.pdf,459,shareholder,持有发行人;历史沿革,人的独立性构成重大不利影响；五是恒山磁械不属于实际控制人直系亲属控制的企业，不属于《证券期货法律适用意见第17号》规定的同业竞争范畴，故恒山磁械与发行人不存在同业竞争。5、山西天磁山西天磁于2008年10月设立，设立时注册资本为101万元，由袁文瑞认缴21万元，袁文瑞的配偶张洁认缴80万元。山西天磁自设立至今的股权结构未发生变化。山西天磁及其股东未直接或间接持有发行人的股份，发行人及其主要股东亦未直接或间接持有山西天磁的股权，山西天磁与发行人在历史沿革方面完全独立。山西天磁自成立后一直无实际经营，报告期内无资产、人员、业务与技术，与发行人不存在替代性、竞争性，不存在利益冲突，不存在销售渠道、主要客户及供应商的重叠情况，不影响发行人的独立性，与发行人不构成同业竞争。
MB001,603072,天和磁材,MB001_603072_包头天和磁材科技股份有限公司_招股说明书.pdf,460,shareholder,持有发行人;历史沿革,"包头天和磁材科技股份有限公司招股说明书1-1-4596、安徽恒山安徽恒山于2021年4月设立，设立时注册资本为3,000万元，由袁文瑞认缴，截至本招股说明书签署日，袁文瑞尚未实缴。安徽恒山自设立至今的股权结构未发生变化。安徽恒山及其股东未直接或间接持有发行人的股份，发行人及其主要股东亦未直接或间接持有安徽恒山的股权，安徽恒山与发行人在历史沿革方面完全独立。安徽恒山自成立后一直无实际经营，报告期内无资产、人员、业务与技术，与发行人不存在替代性、竞争性，不存在利益冲突，不存在销售渠道、主要客户及供应商的重叠情况，不影响发行人的独立性，与发行人不构成同业竞争。安徽恒山已于2023年8月14日注销。7、烟台首晋烟台首晋于2010年5月设立，设立时注册资本为50万元，由张洁认缴35万元，张煜认缴15万元。烟台首晋自设立至今的股权结构未发生变化。烟台首晋及其股东未直接或间接持有发行人的股份，发行人及其主要股东亦未直接或间接持有烟台首晋的股权，烟台首晋与发行人在历史沿革方面完全独立。烟台首晋自2010年5月成立后曾从事磁性材料产品研发活动，后研发失败，停止经营，因未按时接受年检，已于2011年10月被吊销，2011年10月至今无实际经营业务，报告期内无资产、人员、业务与技术，与发行人不存在替代性、竞争性，不存在利益冲突，不存在销售渠道、主要客户及供应商的重叠情况，不影响发行人的独立性，与发行人不构成同业竞争。综上，恒山磁械在历史沿革、资产、人员、业务、技术、财务方面与发行人完全独立"
MB001,603072,天和磁材,MB001_603072_包头天和磁材科技股份有限公司_招股说明书.pdf,462,shareholder,持有发行人,及其控股企业造成的经济损失。5、本承诺将持续有效，直至本单位不再拥有发行人及其控股企业的控制权为止。”七、关联方、关联关系及变化根据《公司法》、《企业会计准则第36号-关联方披露》及中国证监会有关规定，截至本招股说明书签署日，公司的关联方及关联关系如下：（一）关联自然人1、直接或间接持有上市公司5%以上股份的自然人关联方名称关联关系袁文杰实际控制人之一，直接持有发行人13.74%的股权，间接持有发行人6.35%的股权
MB001,603072,天和磁材,MB001_603072_包头天和磁材科技股份有限公司_招股说明书.pdf,463,shareholder,持有发行人,包头天和磁材科技股份有限公司招股说明书1-1-462关联方名称关联关系袁擘实际控制人之一，直接持有发行人1.38%的股权，间接持有发行人16.45%的股权袁易实际控制人之一，直接持有发行人9.14%的股权，间接持有发行人8.17%的股权陈雅直接持有发行人3.38%的股权，间接持有发行人8.17%的股权2、公司董事、监事和高级管理人员截至本招股说明书签署日，公司董事、监事和高级管理人员参见本招股说明书“第四节发行人基本情况”之“十一、董事、监事、高级管理人员与其他核心人员”。3、公司控股股东的董事、监事和高级管理人员截至本招股说明书签署日，公司控股股东的董事、监事、高级管理人员包括袁文杰、袁擘、陈雅、范跃林、沈强、翟勇、周拴柱、程长顺。4、其他关联自然人上述第1、2项关联自然人的关系密切的家庭成员，包括配偶、年满18周岁的子女及其配偶、父母及配偶的父母、兄弟姐妹及其配偶、配偶的兄弟姐妹、子女配偶的父母。（二）关联法人1、公司控股股东截至本招股说明书签署日，公司控股股东为直接持有发行人45.39%股权的天津天和。2、持有公司5%以上股份的法人或其他组织关联方名称关联关系朗润园直接持有发行人7.04%的股份元龙智能直接持有发行人6.20%的股份3、公司的子公司截至本招股说明书签署日，公司拥有3家全资子公司，分别为天之和、启
MB001,603072,天和磁材,MB001_603072_包头天和磁材科技股份有限公司_招股说明书.pdf,464,shareholder,持有发行人,包头天和磁材科技股份有限公司招股说明书1-1-463明书“第四节发行人基本情况”之“五、发行人控股公司及参股公司的简要情况”。4、关联自然人直接或者间接控制的，或者由关联自然人担任董事、高级管理人员的除公司及其控股子公司以外的法人或其他组织序号关联方名称关联关系1太原天和高新技术有限公司实际控制人之一袁文杰控制的企业，未持有发行人股份2太原恒山磁械有限公司实际控制人之一袁文杰之弟袁文瑞控制的公司，未持有发行人股份3山西天磁机械有限公司实际控制人之一袁文杰之弟袁文瑞之配偶张洁控制的企业，未持有发行人股份4太原市恒山机电设备有限公司实际控制人之一袁文杰之弟袁文斌担任董事长兼总经理的企业，未持有发行人股份5肇庆市拓力拓电子科技有限公司实际控制人之一袁文杰之弟袁文瑞持股35%并担任监事的企业（已吊销）6烟台首晋磁性材料有限公司实际控制人之一袁文杰之弟袁文瑞之配偶张洁曾控制的企业（已吊销）7内蒙古盛汇环境科技有限公司持股5%以上股东并担任发行人董事、总经理的陈雅之配偶晏涛曾经持股20%并担任监事的企业8万商天勤（上海）律师事务所发行人独立董事陈凯担任主任的企业9上海宏大东亚会计师事务所有限公司发行人独立董事朱震宇担任执行董事、直接持股44.12%、其配偶直接持股47.06%的企业10江苏宏海新型材料有限公司发行人独立董事朱震宇担任董事长兼总经理、直接和间接持股95.88%的企业11四川绵竹宏大信宇酒类销售有限公司发行人独立董事朱震宇担任执行董事兼经理、直接持股60%的企业12四川省绵竹粗粮坊酒业有限公司发行人独立董事朱震宇担任执行董事兼经理、直接持股
MB001,603072,天和磁材,MB001_603072_包头天和磁材科技股份有限公司_招股说明书.pdf,466,shareholder,持有发行人,2北京方舟智业文化发展有限公司西城分公司曾任发行人独立董事王宏林担任负责人的企业（已于2007年吊销）王宏林2022年1月开始不再担任发行人独立董事13南京恒英酒店管理有限公司曾任发行人独立董事王宏林担任执行董事的企业（已于2008年吊销）王宏林2022年1月开始不再担任发行人独立董事14安徽恒山磁性材料有限公司实际控制人之一袁文杰之弟袁文瑞曾控制的企业，未持有发行人股份2023年8月14日注销注：根据《上市规则》中关于上市公司的关联方定义，上述关联关系解除后12个月内仍被视为关联方。报告期内，发行人已被注销的关联方共2家，分别为发行人总经理陈雅之配偶晏涛曾担任负责人的企业中政国评（北京）科技有限公司天津分公司、实际控制人之一袁文杰之弟袁文瑞曾控制的安徽恒山磁性材料有限公司，上述关联方的相关情况如下：公司名称注销时间注销原因是否存在违法违规行为注销后资产、业务、人员的去向，是否由发行人承接实际经营的业务内容中政国评（北京）科技有限公司天津分公司2021.1注销前已无实际业务，总公司决定注销否注销前无资产、业务、人员，不涉及承接事项环境影响评价、环保工程竣工验收安徽恒山磁性材料有限公司2023.8自成立后一直无实际经营，其实际控制人决定注销否注销前无资产、业务、人员，不涉及承接事项自成立后一直无实际经营报告期内上述已被注销的关联方不存在受到主管部门行政处罚的情形；不存在为发行人代为承担成本、费用或调节利润等情况，未曾与公司存在同业竞争或者关联交易。报告期内，发行人因任职关系变动导致关联关系变化的关联方为内蒙古稀土
MB001,603072,天和磁材,MB001_603072_包头天和磁材科技股份有限公司_招股说明书.pdf,467,history,股权转让,，因发行人退出对稀土创新的投资，袁易自2021年2月开始不再担任稀土创新的董事发行人2020年6月退出对稀土创新的投资董事变更相关的工商登记已完成，袁易已不再履行稀土创新董事职责，职务变动真实内蒙古盛汇环境科技有限公司2022.4内蒙古盛汇环境科技有限公司为发行人董事、总经理的陈雅配偶晏涛曾持股20%并担任监事的企业，因晏涛已不在该公司任职，故将持有的该公司股权转让并辞任监事晏涛于2022年4月转让股份并辞任监事晏涛股权转让及辞任监事事项已完成工商变更登记，职务变动真实杨涛及其关系密切的家庭成员控制或担任董事（不含同为双方的独立董事）、高级管理人员的企业2022.1杨涛曾担任发行人独立董事，2022年1月发行人第一届董事会换届选举，杨涛不再担任发行人独立董事杨涛于2022年1月不再担任发行人独立董事杨涛不再担任发行人独立董事事项已完成工商变更登记，职务变动真实王宏林及其关系密切的家庭成员控制或担任董事（不含同为双方的独立董事）、高级管理人员的企业2022.1王宏林曾担任发行人独立董事，2022年1月发行人第一届董事会换届选举，王宏林不再担任发行人独立董事王宏林于2022年1月不再担任发行人独立董事王宏林不再担任发行人独立董事事项已完成工商变更登记，职务变动真实八、发行人关联交易情况公司具有独立、完整的产供销体系，对控股股东、实际控制人及其他关联企业不存在依赖。参照《公司法》《证券法》《上海证券交易所股票上市规则》等相关法律、法规对于关联交易的决策程序，认定公司与关联自然人发生的金额在30万元以上的关联交易（公司提供担保除外，下同）或与关联法人发生的金额在300万元以上且占公司最
MB001,603072,天和磁材,MB001_603072_包头天和磁材科技股份有限公司_招股说明书.pdf,511,special_terms,回购,材科技股份有限公司招股说明书1-1-510附录二与投资者保护相关的承诺一、关于股份锁定、持股及减持意向的承诺函（一）发行人控股股东承诺发行人控股股东天津天和作出以下承诺：“1、本单位持续看好公司业务前景，全力支持公司发展，拟长期持有公司股票。自发行人股票上市之日起36个月内，不转让或者委托他人管理本单位持有的发行人首次公开发行股票前已发行的股份，也不由发行人回购该部分股份。2、发行人股票上市后6个月内如发行人股票连续20个交易日的收盘价均低于发行人的股票发行价格，或者发行人股票上市后6个月期末（如该日非交易日，则为该日后的第一个交易日）收盘价低于发行人的股票发行价格，则本单位持有的发行人股票的锁定期限将自动延长6个月。若发行人在6个月期间内已发生派息、送股、资本公积转增股本等除权除息事项，则上述收盘价格指发行人股票经调整后的价格。3、在遵守本次发行其他各项承诺的前提下，在本单位所持发行人股票锁定期届满后，本单位存在对所持发行人股票实施有限减持的可能性：（1）减持数量本单位在所持发行人股票锁定期届满后的两年内减持的，减持股份总量不超过法律、法规及规范性文件的规定；本单位采取集中竞价交易方式减持公司股份的，在任意连续90个自然日内，减持股份的总数不超过公司股份总数的1%；本单位采取大宗交易方式减持公司股份的，在任意连续90个自然日内，减持股份的总数不超过公司股份总数的2%；本单位采取协议转让方式的，单个受让方的受让比例不低于公司股份总数的5%。（2）减持方式本单位减持所持有的发行人股份应当符合相关法律法规及规范性文件的规定，减持方式包括但不限于二级市场集中竞价交易方式、大宗交易方式
MB001,603072,天和磁材,MB001_603072_包头天和磁材科技股份有限公司_招股说明书.pdf,512,special_terms,回购,众投资者道歉；如因未履行上述承诺给公司或投资者造成损失的，将依法向公司或其他投资者赔偿相关损失。”（二）发行人实际控制人承诺发行人实际控制人袁文杰、袁擘、袁易作出以下承诺：“1、本人持续看好公司业务前景，全力支持公司发展，拟长期持有公司股票。自发行人股票上市之日起36个月内，不转让或者委托他人管理本单位持有的发行人首次公开发行股票前已发行的股份，也不由发行人回购该部分股份。2、在遵守本次发行其他各项承诺的前提下，在本人所持发行人股票锁定期
MB001,603072,天和磁材,MB001_603072_包头天和磁材科技股份有限公司_招股说明书.pdf,514,special_terms,回购,歉；如因未履行上述承诺给公司或投资者造成损失的，将依法向公司或其他投资者赔偿相关损失。”（三）发行人持股5%以上自然人股东承诺发行人持股5%以上的自然人股东陈雅作出以下承诺：“1、本人持续看好公司业务前景，全力支持公司发展，拟长期持有公司股票。自发行人股票上市交易之日起一年内，不转让或者委托他人管理本人持有的发行人首次公开发行股票前已发行的股份，也不由发行人回购该部分股份。2、在遵守本次发行其他各项承诺的前提下，在本人所持发行人股票锁定期届满后，本人存在对所持发行人股票实施有限减持的可能性：（1）减持数量本人在所持发行人股票锁定期届满后的两年内减持的，减持股份总量不超过法律、法规及规范性文件的规定；本人采取集中竞价交易方式减持公司股份的，在任意连续90个自然日内，减持股份的总数不超过公司股份总数的1%；本人采取大宗交易方式减持公司股份的，在任意连续90个自然日内，减持股份的总数不超过公司股份总数的2%；本人采取协议转让方式的，单个受让方的受让比例不低于公司股份总数的5%。（2）减持方式本人减持所持有的发行人股份应当符合相关法律法规及规范性文件的规定，减持方式包括但不限于二级市场集中竞价交易方式、大宗交易方式、协议转让方式等。（3）减持价格本人减持所持有的发行人股份的价格根据当时的二级市场价格确定，并应符合相关法律、法规及规范性文件的规定。本人在发行人本次发行前所持的发行人
MB001,603072,天和磁材,MB001_603072_包头天和磁材科技股份有限公司_招股说明书.pdf,515,special_terms,回购,行上述承诺给公司或投资者造成损失的，将依法向公司或其他投资者赔偿相关损失。”（四）发行人持股5%以上机构股东承诺发行人持股5%以上的机构股东朗润园、元龙智能作出以下承诺：“1、本单位持续看好公司业务前景，全力支持公司发展，拟长期持有公司股票。自发行人股票上市交易之日起一年内，不转让或者委托他人管理本单位持有的发行人首次公开发行股票前已发行的股份，也不由发行人回购该部分股份。2、在遵守本次发行其他各项承诺的前提下，在本单位所持发行人股票锁定期届满后，本单位存在对所持发行人股票实施有限减持的可能性：（1）减持数量本单位在所持发行人股票锁定期届满后的两年内减持的，减持股份总量不超
MB001,603072,天和磁材,MB001_603072_包头天和磁材科技股份有限公司_招股说明书.pdf,517,shareholder,持有发行人,月期末（如该日非交易日，则为该日后的第一个交易日）收盘价低于发行人的股票发行价格，则本人在本次发行及上市前直接或间接持有的发行人股份的锁定期将自动延长6个月。若发行人在6个月期间内已发生派息、送股、资本公积转增股本等除权除息事项，则上述收盘价格指发行人股票经调整后的价格。3、本人在任职期间内（于股份锁定期结束后）每年转让的发行人股份数量将不超过本人直接及间接持有发行人股份总数的25%。如本人出于任何原因离职，则在离职后半年内，亦不转让或者委托他人管理本人直接及间接持有的发行人的股份。本人在就任时确定的任职期间内及离职后半年内的减持比例依据《减持规定》及届时有效的法律、行政法规、部门规章及证券交易所相关规定执行。4、自锁定期满后两年内，若本人试图通过任何途径或手段减持本人在本次发行及上市前直接或间接持有的发行人股份，减持价格（如果公司上市后，发生派息、送股、转增股本等除权除息事项的，须按照中国证监会、上海证券交易所的有关规定调整）不低于发行价，并应符合相关法律法规及上海证券交易所规则要求。5、如未履行上述承诺，本人将在公司股东大会及中国证监会指定媒体上公开说明未履行的具体原因，并向公司股东和社会公众投资者道歉；如因未履行上述承诺给公司或投资者造成损失的，将依法向公司或其他投资者赔偿相关损失。6、不论本人未来在发行人处的职务是否发生变化或者本人是否从发行人处离职，本人均会严格履行上述承诺。”
MB001,603072,天和磁材,MB001_603072_包头天和磁材科技股份有限公司_招股说明书.pdf,518,shareholder,持有发行人,包头天和磁材科技股份有限公司招股说明书1-1-517（六）发行人持股监事承诺发行人持股监事刁树林、伊海波、胡占江作出以下承诺：“1、本人所持发行人股份自公司股票上市交易之日起一年内不得转让。本人在任职期间内（于股份锁定期结束后）每年转让的发行人股份数量将不超过本人直接及间接持有发行人股份总数的25%。如本人出于任何原因离职，则在离职后半年内，亦不转让或者委托他人管理本人直接及间接持有的发行人的股份。本人在就任时确定的任职期间内及离职后半年内的减持比例依据《减持规定》及届时有效的法律、行政法规、部门规章及证券交易所相关规定执行。2、自锁定期满后两年内，若本人试图通过任何途径或手段减持本人在本次发行及上市前直接或间接持有的发行人股份，减持价格（如公司上市后，发生派息、送股、转增股本等除权除息事项，须按照中国证监会、上海证券交易所的有关规定调整）不低于发行价，并应符合相关法律法规及上海证券交易所规则要求。3、如未履行上述承诺，本人将在公司股东大会及中国证监会指定媒体上公开说明未履行的具体原因，并向公司股东和社会公众投资者道歉；如因未履行上述承诺给公司或投资者造成损失的，将依法向公司或其他投资者赔偿相关损失。4、不论本人未来在发行人处的职务是否发生变化或者本人是否从发行人处离职，本人均会严格履行上述承诺。”二、稳定股价的措施和承诺（一）启动股价稳定措施的具体条件和程序1、启动条件及程序：当公司股票连续20个交易日的收盘价低于公司上一年度末经审计的每股净资产时，应当在10日内召开董事会、25日内召开股东
MB001,603072,天和磁材,MB001_603072_包头天和磁材科技股份有限公司_招股说明书.pdf,519,special_terms,回购,股份有限公司招股说明书1-1-518（二）具体措施和方案公司、公司控股股东、实际控制人、董事（独立董事除外，下同）和高级管理人员为承担稳定公司股价的义务的主体。在不影响公司上市条件的前提下，可采取如下具体措施及方案：1、公司稳定股价的具体措施（1）当触发前述股价稳定措施的启动条件时，公司应依照法律、法规、规范性文件、公司章程及公司内部治理制度的规定，制定股份回购方案，向社会公众股东回购公司部分股票，并保证股价稳定措施实施后，公司的股权分布仍符合上市条件。（2）公司以集中竞价交易方式、要约方式或证券监督管理部门认可的其他方式回购公司社会公众股份，回购价格为市场价格。公司用于回购股份的资金金额不高于回购股份事项发生时上一个会计年度经审计归属于母公司股东净利润的30%。如果公司股份已经不满足启动稳定公司股价措施条件的，公司可不再实施向社会公众股东回购股份。（3）要求控股股东及时任公司董事、高级管理人员的人员以增持公司股票的方式稳定公司股价，并明确增持的金额和期间。（4）在保证公司经营资金需求的前提下，经董事会、股东大会审议同意，通过实施利润分配或资本公积金转增股本的方式稳定公司股价。（5）通过削减开支、限制高级管理人员薪酬、暂停股权激励计划等方式提升公司业绩、稳定公司股价。（6）法律、行政法规、规范性文件规定以及中国证监会认可的其他方式。2、控股股东稳定股价的具体措施控股股东应在不迟于股东大会审议通过稳定股价具体方案后的10个交易日内，根据股东大会审议通过的稳定股价具体方案，积极采取下述措施以稳定公司股价，并保证股价稳定措施实施后，公司的股权分布仍符合上市条件：（1）在符合股票交易相
MB001,603072,天和磁材,MB001_603072_包头天和磁材科技股份有限公司_招股说明书.pdf,520,shareholder,发行人股东;回购,定股价具体方案及方案实施期间，不转让其持有的公司股份；除经股东大会非关联股东同意外，不由公司回购其持有的股份。（3）法律、行政法规、规范性文件规定以及中国证监会认可的其他方式。触发前述股价稳定措施的启动条件时公司的控股股东，不因在股东大会审议稳定股价具体方案及方案实施期间内不再作为控股股东而拒绝实施上述稳定股价的措施。3、实际控制人稳定股价的具体措施在不迟于发行人股东大会审议通过稳定股价具体方案后的10个交易日内，根据发行人股东大会审议通过的稳定股价具体方案，积极采取下述措施以稳定发行人股价，并保证股价稳定措施实施后，发行人的股权分布仍符合上市条件：（1）在符合股票交易相关规定的前提下，按照发行人关于稳定股价具体方案中确定的增持金额和期间，通过交易所集中竞价交易方式增持公司股票；购买所增持股票的总金额，不高于自发行人上市后累计从公司所获得现金分红金额的30%。增持发行人股份方案公告后，如果发行人股价已经不满足启动稳定发行人股价措施条件的，可以终止增持股份；（2）除因被强制执行或上市公司重组等情形必须转股或触发前述股价稳定措施的停止条件外，在发行人股东大会审议稳定股价具体方案及方案实施期间，不转让本人持有的发行人股份；除经发行人股东大会非关联股东同意外，不由发行人回购本人持有的股份；（3）法律、行政法规、规范性文件规定以及中国证监会认可的其他方式。触发股价稳定措施的启动条件时，不因在发行人股东大会审议稳定股价具体方案及方案实施期间内不再作为发行人实际控制人而拒绝实施上述稳定股价的
MB001,603072,天和磁材,MB001_603072_包头天和磁材科技股份有限公司_招股说明书.pdf,521,special_terms,回购,取的税后薪酬及税后现金分红总额的30%。公司董事、高级管理人员增持公司股份方案公告后，如果公司股价已经不满足启动稳定公司股价措施条件的，上述人员可以终止增持股份。（2）除因继承、被强制执行或上市公司重组等情形必须转股或触发前述股价稳定措施的停止条件外，在股东大会审议稳定股价具体方案及方案实施期间，不转让其持有的公司股份；除经股东大会非关联股东同意外，不由公司回购其持有的股份。（3）法律、行政法规、规范性文件规定以及中国证监会认可的其他方式。触发前述股价稳定措施的启动条件时公司的董事、高级管理人员，不因在股东大会审议稳定股价具体方案及方案实施期间内职务变更、离职等情形而拒绝实施上述稳定股价的措施。（三）本预案的修订权限任何对本预案的修订均应经公司股东大会审议通过。（四）本预案的执行1、公司、公司控股股东、公司董事及高级管理人员在履行上述回购或增持义务时，应按照公司章程、上市公司回购股份、上市公司控股股东增持股份、上市公司董事及高级管理人员增持股份等相关监管规则履行相应的信息披露义务。2、本预案适用于公司未来选举或聘任的董事、高级管理人员。公司选举或
MB001,603072,天和磁材,MB001_603072_包头天和磁材科技股份有限公司_招股说明书.pdf,522,special_terms,回购,者道歉。2、向投资者提出补充承诺或替代承诺，以尽可能保护投资者的权益。3、如未履行上述承诺事项，致使投资者在证券交易中遭受损失的，将依法赔偿投资者损失。4、如公司控股股东未履行增持公司股份的义务，公司有权将控股股东应履行其增持义务相等金额的应付现金分红予以扣留，直至控股股东履行其增持义务。公司可将与控股股东履行其增持义务相等金额的应付现金分红予以扣减用于公司回购股份，控股股东丧失对相应金额现金分红的追索权。5、如公司实际控制人未履行增持公司股份的义务，公司有权将实际控制人应履行其增持义务相等金额的应付现金分红予以扣留，直至实际控制人履行其增持义务。公司可将与实际控制人履行其增持义务相等金额的应付现金分红予以扣减用于公司回购股份，实际控制人丧失对相应金额现金分红的追索权。6、如公司董事、高级管理人员未履行增持公司股份的义务，公司有权将应付董事、高级管理人员的薪酬及现金分红予以扣留，直至董事、高级管理人员履行其增持义务。公司可将应付董事、高级管理人员的薪酬与现金分红予以扣减用于公司回购股份，董事、高级管理人员丧失对相应金额现金分红的追索权。特此承诺。（六）相关承诺公司及其控股股东、实际控制人、董事、高级管理人员承诺就上述稳定股价措施接受以下约束：1、发行人控股股东承诺
MB001,603072,天和磁材,MB001_603072_包头天和磁材科技股份有限公司_招股说明书.pdf,523,shareholder,发行人股东;回购,包头天和磁材科技股份有限公司招股说明书1-1-522发行人控股股东天津天和作出以下承诺：“1、在不迟于发行人股东大会审议通过稳定股价具体方案后的10个交易日内，根据发行人股东大会审议通过的稳定股价具体方案，积极采取下述措施以稳定发行人股价，并保证股价稳定措施实施后，发行人的股权分布仍符合上市条件：（1）在符合股票交易相关规定的前提下，按照发行人关于稳定股价具体方案中确定的增持金额和期间，通过交易所集中竞价交易方式增持公司股票；购买所增持股票的总金额，不高于自发行人上市后累计从公司所获得现金分红金额的30%。增持发行人股份方案公告后，如果发行人股价已经不满足启动稳定发行人股价措施条件的，可以终止增持股份；（2）除因被强制执行或上市公司重组等情形必须转股或触发前述股价稳定措施的停止条件外，在发行人股东大会审议稳定股价具体方案及方案实施期间，不转让本单位持有的发行人股份；除经发行人股东大会非关联股东同意外，不由发行人回购本单位持有的股份；（3）法律、行政法规、规范性文件规定以及中国证监会认可的其他方式。触发股价稳定措施的启动条件时，不因在发行人股东大会审议稳定股价具体方案及方案实施期间内不再作为发行人控股股东而拒绝实施上述稳定股价的措施。2、本单位同意就上述稳定股价措施接受以下约束：（1）将在发行人股东大会及中国证监会指定报刊上公
MB001,603072,天和磁材,MB001_603072_包头天和磁材科技股份有限公司_招股说明书.pdf,524,shareholder,发行人股东;回购,包头天和磁材科技股份有限公司招股说明书1-1-523位不享有对相应金额现金分红的追索权。”2、发行人实际控制人承诺发行人实际控制人袁文杰、袁擘、袁易作出以下承诺：“1、在不迟于发行人股东大会审议通过稳定股价具体方案后的10个交易日内，根据发行人股东大会审议通过的稳定股价具体方案，积极采取下述措施以稳定发行人股价，并保证股价稳定措施实施后，发行人的股权分布仍符合上市条件：（1）在符合股票交易相关规定的前提下，按照发行人关于稳定股价具体方案中确定的增持金额和期间，通过交易所集中竞价交易方式增持公司股票；购买所增持股票的总金额，不高于自发行人上市后累计从公司所获得现金分红金额的30%。增持发行人股份方案公告后，如果发行人股价已经不满足启动稳定发行人股价措施条件的，可以终止增持股份；（2）除因被强制执行或上市公司重组等情形必须转股或触发前述股价稳定措施的停止条件外，在发行人股东大会审议稳定股价具体方案及方案实施期间，不转让本人持有的发行人股份；除经发行人股东大会非关联股东同意外，不由发行人回购本人持有的股份；（3）法律、行政法规、规范性文件规定以及中国证监会认可的其他方式。触发股价稳定措施的启动条件时，不因在发行人股东大会审议稳定股价具体方案及方案实施期间内不再作为发行人实际控制人而拒绝实施上述稳定股价的措施。2、本人同意就上述稳定股价措施接受以下约束：（1）将在发行人股东大会及中国证监会指定报刊上公开说
MB001,603072,天和磁材,MB001_603072_包头天和磁材科技股份有限公司_招股说明书.pdf,525,shareholder,发行人股东;回购,包头天和磁材科技股份有限公司招股说明书1-1-524相等金额的应付现金分红予以扣留，直至本人履行增持义务。发行人可将与本人履行增持义务相等金额的应付现金分红予以扣减用于公司回购股份，本人不享有对相应金额现金分红的追索权。”3、发行人全体董事（非独立董事）及高级管理人员承诺发行人全体董事（非独立董事）及高级管理人员作出以下承诺：“1、在不迟于发行人股东大会审议通过稳定股价具体方案后的10个交易日内，根据股东大会审议通过的稳定股价具体方案，积极采取下述措施以稳定发行人股价，并保证股价稳定措施实施后，发行人的股权分布仍符合上市条件：（1）在符合股票交易相关规定的前提下，按照发行人关于稳定股价具体方案中确定的增持金额和期间，通过交易所集中竞价交易方式增持公司股票；购买所增持股票的总金额，不高于其上年度初至董事会审议通过稳定股价具体方案日期间从发行人获取的税后薪酬及税后现金分红总额的30%。增持发行人股份方案公告后，如果发行人股价已经不满足启动稳定公司股价措施条件的，可以终止增持股份。（2）除因继承、被强制执行或上市公司重组等情形必须转股或触发前述股价稳定措施的停止条件外，在股东大会审议稳定股价具体方案及方案实施期间，不转让本人持有的发行人股份；除经公司股东大会非关联股东同意外，不由发行人回购本人持有的股份。（3）法律、行政法规、规范性文件规定以及中国证监会认可的其他方式。触发股价稳定措施的启动条件时，不因在发行人股东大会审议稳定股价具体方案及方案实施期间内职务变更、离职等情形而拒绝实施上述稳定股价的措施。2、就上述稳定股价措施接受以下约束：（1）将在发行人股东大会及中
MB001,603072,天和磁材,MB001_603072_包头天和磁材科技股份有限公司_招股说明书.pdf,526,special_terms,回购,包头天和磁材科技股份有限公司招股说明书1-1-525（4）如未履行增持发行人股份的义务，发行人有权将应付本人的薪酬及现金分红予以扣留，直至本人履行增持义务。发行人可将应付本人的薪酬与现金分红予以扣减用于发行人回购股份，本人丧失对相应金额现金分红的追索权。”三、欺诈发行上市股份回购的承诺（一）发行人控股股东承诺发行人控股股东天津天和作出如下承诺：“1、发行人本次发行并上市不存在任何欺诈发行的情形。2、如发行人不符合发行上市条件，以欺骗手段骗取发行注册并已经发行上市的，本单位将在中国证监会或司法机关等有权部门作出本公司存在上述事实的认定或生效判决后5个交易日内启动股份回购程序，向本次发行至欺诈发行揭露日或者更正日期间买入欺诈发行的股票且在回购时仍然持有股票的投资者发出要约，具体按照中国证监会和上海证券交易所的相关规定执行。3、具体回购方案将依据法律、法规、规范性文件及本公司章程等相关规定履行审批程序，并以基准价格进行回购，具体按照中国证券监督管理委员会、上海证券交易所等证券监管部门的相关规定依法确定。在实施上述股份购回时，如法律、行政法规、部门规章、规范性文件、证券监管规则、本公司章程等另有规定的，从其规定。”（二）发行人实际控制人承诺发行人实际控制人袁文杰、袁擘、袁易作出如下承诺：“1、发行人本次发行并上市不存在任何欺诈发行的情形。2、如发行人不符合发行上市条件，以欺骗手段骗取发行注册并已经发行上市的，本人将在中国证监会或司法机关
MB001,603072,天和磁材,MB001_603072_包头天和磁材科技股份有限公司_招股说明书.pdf,527,special_terms,回购,26法律、行政法规、部门规章、规范性文件、证券监管规则、本公司章程等另有规定的，从其规定。”（三）发行人承诺发行人天和磁材作出如下承诺：“1、本公司本次发行并上市不存在任何欺诈发行的情形。2、如本公司不符合发行上市条件，以欺骗手段骗取发行注册并已经发行上市的，本公司将在中国证监会或司法机关等有权部门作出本公司存在上述事实的认定或生效判决后5个交易日内启动股份回购程序，向本次发行至欺诈发行揭露日或者更正日期间买入欺诈发行的股票且在回购时仍然持有股票的投资者发出要约，具体按照中国证监会和上海证券交易所的相关规定执行。3、具体回购方案将依据法律、法规、规范性文件及本公司章程等相关规定履行审批程序，并以基准价格进行回购，具体按照中国证券监督管理委员会、上海证券交易所等证券监管部门的相关规定依法确定。在实施上述股份购回时，如法律、行政法规、部门规章、规范性文件、证券监管规则、本公司章程等另有规定的，从其规定。”四、摊薄即期回报填补措施的承诺函（一）发行人承诺发行人天和磁材作出如下承诺：“1、做大做强主营业务，提升公司的盈利水平公司将继续完善生产管理体系和研发体系，做大做强主营业务，进一步强化公司主营业务的核心竞争力，提升公司主营业务的盈利水平。公司计划紧抓稀土永磁产品的发展方向，将积极推进高效生产与先进制造，持续改善生产流程；进一步完善生产管理体系，促进质量、生产、安全的相互融合，保证产品质量稳步提高；进一步完善研发机制、加大研发投入、加强外部交流与合作，提高公司研发能力和技术水平。公司在募集资金投资项目达产前，将立足于现有的业务，通过不断市场开拓
MB001,603072,天和磁材,MB001_603072_包头天和磁材科技股份有限公司_招股说明书.pdf,532,special_terms,回购,存在虚假记载、误导性陈述或者重大遗漏，且本公司对招股说明书所载内容的真实性、准确性和完整性承担个别和连带的法律责任。2、本公司招股说明书及其他信息披露资料所载之内容如有虚假记载、误导性陈述或者重大遗漏，且对判断本公司是否符合法律规定的发行条件构成重大、实质影响的，本公司将在中国证监会或人民法院等有权部门作出本公司存在上述事实的最终认定或生效判决后及时制定股份回购方案，并按照董事会、股东大会审议通过的股份回购具体方案回购公司首次公开发行的全部新股，回购价格以本次发行上市的发行价为基础并参考相关市场因素确定（若公司股票有派息、送股、资本公积转增股本等除权、除息事项的，发行价格将相应进行除权、除息调整），并根据相关法律、法规规定的程序实施。在实施上述股份回购时，如法律法规、公司章程等另有规定的从其规定。3、若本公司招股说明书及其他信息披露资料存在虚假记载、误导性陈述或者重大遗漏，致使投资者在证券发行和交易中遭受损失的，则本公司将依照相关法律法规规定承担民事赔偿责任，赔偿投资者损失。本公司将根据中国证监会或人民法院等有权部门的最终处理决定或生效判决，依法及时、足额赔偿投资者损失。”（二）发行人控股股东承诺发行人控股股东作出承诺如下承诺：“1、发行人提交的首次公开发行股票招股说明书（以下简称“招股说明书”）及其他信息披露资料不存在虚假记载、误导性陈述或者重大遗漏，本单位对招股说明书及其他信息披露资料所载内容的真实性、准确性和完整性承担个别和连带的法律责任。
MB001,603072,天和磁材,MB001_603072_包头天和磁材科技股份有限公司_招股说明书.pdf,533,special_terms,回购,包头天和磁材科技股份有限公司招股说明书1-1-5322、发行人招股说明书及其他信息披露资料所载之内容如有虚假记载、误导性陈述或者重大遗漏，且对判断发行人是否符合法律规定的发行条件构成重大、实质影响的，本单位将敦促发行人在中国证监会或人民法院等有权部门作出发行人存在上述事实的最终认定或生效判决后及时制定股份回购方案，并按照董事会、股东大会审议通过的股份回购具体方案回购发行人首次公开发行的全部新股，并且本单位将购回已转让的原限售股份（如有）。3、若因发行人招股说明书及其他信息披露资料存在虚假记载、误导性陈述或者重大遗漏，致使投资者在证券发行和交易中遭受损失的，则本单位将依照相关法律法规规定承担民事赔偿责任，赔偿投资者损失。本单位将根据中国证监会或人民法院等有权部门的最终处理决定或生效判决，依法及时、足额赔偿投资者损失。”（三）发行人实际控制人承诺发行人实际控制人袁文杰、袁擘、袁易作出承诺如下承诺：“1、发行人提交的首次公开发行股票招股说明书（以下简称“招股说明书”）及其他信息披露资料不存在虚假记载、误导性陈述或者重大遗漏，本人对招股说明书及其他信息披露资料所载内容的真实性、准确性和完整性承担个别和连带的法律责任。2、发行人招股说明书及其他信息披露资料所载之内容如有虚假记载、误导性陈述或者重大遗漏，且对判断发行人是否符合法律规定的发行条件构成重大、实质影响的，本人将敦促发行人在中国证监会或人民法院等有权部门作出发行人存在上述事实的最终认定或生效判决后及时制定股份回购方案，并按照董事会、股东大会审议通过的股份回购具体方案回购发行人首
MB001,603072,天和磁材,MB001_603072_包头天和磁材科技股份有限公司_招股说明书.pdf,536,employee_platform,员工持股平台,经常性损益后归母净利润为准，“届时所持股份”是指本企业/本人上市前取得，上市当年及之后第二年、第三年年报披露时仍持有的股份。”九、其他承诺事项（一）关于股东信息披露专项承诺包头天和磁材科技股份有限公司拟申请首次公开发行股票并在上海证券交易所主板上市，现针对股东信息披露出具如下承诺：“（一）本公司已在招股说明书中真实、准确、完整地披露了股东信息。（二）除本公司员工持股平台科曼咨询合伙人屈波曾存在受托持股（已解除）的情况外，本公司不存在股权代持、委托持股等情形，不存在股权争议或潜在纠纷等情形。
MB001,603072,天和磁材,MB001_603072_包头天和磁材科技股份有限公司_招股说明书.pdf,537,shareholder,持有发行人,包头天和磁材科技股份有限公司招股说明书1-1-536（三）本公司不存在法律法规规定禁止持股的主体直接或间接持有发行人股份的情形；（四）本次发行上市的中介机构或其负责人、高级管理人员、经办人员不存在直接或间接持有发行人股份情形；（五）本公司及本公司股东不存在以发行人股权进行不当利益输送情形；（六）本公司不存在证监会系统离职人员入股的情形；（七）若本公司违反上述承诺，将承担由此产生的一切法律后果。”（二）减少和规范关联交易的承诺1、发行人承诺发行人天和磁材作出以下承诺：“1、除发行人本次发行并上市申报的经审计财务报告披露的关联交易以外，本单位以及本单位所控制的其他企业与发行人及其控制的企业之间不存在其他任何依照法律法规和中国证监会、上海证券交易所有关规定应披露而未披露的关联交易。2、本单位将尽量避免本单位以及本单位所控制的其他企业与发行人及其控制的企业之间发生关联交易事项，对于不可避免发生的关联业务往来或交易将在平等、自愿的基础上，按照公平、公允原则进行，交易价格将参照市场价格或以合理方式确定的价格确定。3、本单位及关联方将严格遵守发行人《公司章程》等规范性文件中关于关联交易事项的回避规定，所涉及的关联交易均将按照规定的决策程序进行，并将履行合法程序，及时对关联交易事项进行信息披露。本单位承诺不会利用关联交易转移、输送利润，不会通过
MB001,603072,天和磁材,MB001_603072_包头天和磁材科技股份有限公司_招股说明书.pdf,538,shareholder,持有发行人,联交易均将按照规定的决策程序进行，并将履行合法程序，及时对关联交易事项进行信息披露。本人承诺不会利用关联交易转移、输送利润，不会通过对发行人行使不正当股东权利损害发行人及其他股东的合法权益。4、如违反上述承诺给发行人造成损失的，本人愿意对违反上述承诺及保证而给发行人造成的经济损失承担赔偿责任。5、本承诺函在本人作为发行人的实际控制人期间内，以及本人直接或间接持有发行人5%及以上股份的期间内均持续有效，并不可撤销。”3、发行人持股5%以上自然人股东承诺发行人持股5%以上的自然人股东陈雅作出以下承诺：“1、除发行人本次发行并上市申报的经审计财务报告披露的关联交易以外，本人以及本人所控制的企业与发行人及其控制的企业之间不存在其他任何依照法律法规和中国证监会、上海证券交易所有关规定应披露而未披露的关联交易。2、本人将尽量避免本人以及本人所控制的企业与发行人及其控制的企业发生关联交易事项，对于不可避免发生的关联业务往来或交易将在平等、自愿的基
MB001,603072,天和磁材,MB001_603072_包头天和磁材科技股份有限公司_招股说明书.pdf,539,shareholder,持有发行人,及的关联交易均将按照规定的决策程序进行，并将履行合法程序，及时对关联交易事项进行信息披露。本人承诺不会利用关联交易转移、输送利润，不会通过对发行人行使不正当股东权利损害发行人及其他股东的合法权益。4、如违反上述承诺给发行人造成损失的，本人愿意对违反上述承诺及保证而给发行人造成的经济损失承担赔偿责任。5、本承诺函在本人作为发行人的股东期间内，以及本人直接或间接持有发行人5%及以上股份的期间内均持续有效，并不可撤销。”4、发行人持股5%以上机构股东承诺发行人持股5%以上的机构股东朗润园、元龙智能作出以下承诺：“1、除发行人本次发行并上市申报的经审计财务报告披露的关联交易以外，本单位以及本单位控制的企业与发行人及其控制的企业之间不存在其他任何依照法律法规和中国证监会的有关规定应披露而未披露的关联交易。2、本单位将尽量避免本单位以及本单位所控制的企业与发行人及其控制的企业发生关联交易事项，对于不可避免发生的关联业务往来或交易将在平等、自愿的基础上，按照公平、公允原则进行，交易价格将按照市场公认的合理价格确定。3、本单位及关联方将严格遵守发行人《公司章程》等规范性文件中关于关联交易事项的回避规定，所涉及的关联交易均将按照规定的决策程序进行，并将履行合法程序，及时对关联交易事项进行信息披露。本单位承诺不会利用关联交易转移、输送利润，不会通过对发行人行使不正当股东权利损害发行人及其他股东的合法权益。4、如违反上述承诺给发行人造成损失的，本单位愿意对违反上述承诺及保证而给发行人造成的经济损失承担赔偿责任。
MB001,603072,天和磁材,MB001_603072_包头天和磁材科技股份有限公司_招股说明书.pdf,540,shareholder,持有发行人,包头天和磁材科技股份有限公司招股说明书1-1-5395、本承诺函在本单位直接或间接持有发行人5%及以上股份的期间内均持续有效，并不可撤销。”5、发行人董事、监事、高级管理人员承诺发行人董事、监事、高级管理人员作出以下承诺：“1、除发行人本次发行并上市申报的经审计财务报告披露的关联交易以外，本人以及本人所控制的企业与发行人及其控制的企业之间不存在其他任何依照法律法规和中国证监会、上海证券交易所有关规定应披露而未披露的关联交易。2、本人将尽量避免本人以及本人所控制的企业与发行人及其控制的企业发生关联交易事项，对于不可避免发生的关联业务往来或交易将在平等、自愿的基础上，按照公平、公允原则进行，交易价格将参照市场价格或以合理方式确定的价格确定。3、本人及关联方将严格遵守发行人《公司章程》等规范性文件中关于关联交易事项的回避规定，所涉及的关联交易均将按照规定的决策程序进行，并将履行合法程序，及时对关联交易事项进行信息披露。本人承诺不会利用关联交易转移、输送利润，不会通过对发行人行使不正当职权损害发行人及其他股东的合法权益。4、如违反上述承诺给发行人造成损失的，本人愿意对违反上述承诺及保证而给发行人造成的经济损失承担赔偿责任。5、本承诺函在本人作为发行人的董事/监事/高级管理人员期间内均持续有效，并不可撤销。”（三）
MB001,603072,天和磁材,MB001_603072_包头天和磁材科技股份有限公司_招股说明书.pdf,541,shareholder,发行人股东,权通过法律途径要求本公司履行承诺。”2、发行人控股股东承诺发行人控股股东天津天和作出以下承诺：“1、本单位将严格履行在发行人本次发行并上市过程中所作出的全部公开承诺事项（以下简称“承诺事项”）中的各项义务和责任。2、若本单位非因不可抗力原因导致未能完全且有效地履行前述承诺事项中的各项义务或责任，则本单位承诺将视具体情况采取以下一项或多项措施予以约束：（1）在发行人股东大会及中国证监会指定媒体上公开说明未能完全且有效履行承诺事项的原因并向股东和社会公众投资者道歉；（2）以自有资金补偿公众投资者因依赖相关承诺实施交易而遭受的直接损失，补偿金额依据本公司与投资者协商确定的金额，或证券监督管理部门、司法机关认定的方式或金额确定；（3）本单位直接或间接方式持有的发行人股份的锁定期除被强制执行、上市公司重组、为履行保护投资者利益承诺等必须转让的情形外，自动延长至本公司完全消除因本单位未履行相关承诺事项所导致的所有不利影响之日；3、如本单位因不可抗力原因导致未能充分且有效履行公开承诺事项的，在不可抗力原因消除后，本单位应在发行人股东大会及中国证监会指定媒体上公开说明造成本单位未能充分且有效履行承诺事项的不可抗力的具体情况，并向发行人股东和社会公众投资者致歉。同时，本单位应尽快研究将投资者利益损失降低到最小的处理方案，尽可能地保护发行人和发行人投资者的利益。本单位还应说明原有承诺在不可抗力消除后是否继续实施，如不继续实施的，本单位应根据实际情况提出新的承诺。”3、发行人实际控制人承诺发行人实际控制人袁文杰、袁擘、袁易作出以下承诺：
MB001,603072,天和磁材,MB001_603072_包头天和磁材科技股份有限公司_招股说明书.pdf,542,shareholder,发行人股东,包头天和磁材科技股份有限公司招股说明书1-1-541“1、本人将严格履行在发行人本次发行并上市过程中所作出的全部公开承诺事项（以下简称“承诺事项”）中的各项义务和责任。2、若本人非因不可抗力原因导致未能完全且有效地履行前述承诺事项中的各项义务或责任，则本人承诺将视具体情况采取以下一项或多项措施予以约束：（1）在发行人股东大会及中国证监会指定媒体上公开说明未能完全且有效履行承诺事项的原因并向股东和社会公众投资者道歉；（2）以自有资金补偿公众投资者因依赖相关承诺实施交易而遭受的直接损失，补偿金额依据本人与投资者协商确定的金额，或证券监督管理部门、司法机关认定的方式或金额确定；（3）本人直接或间接方式持有的发行人股份的锁定期除被强制执行、上市公司重组、为履行保护投资者利益承诺等必须转让的情形外，自动延长至本人完全消除因本人未履行相关承诺事项所导致的所有不利影响之日；3、如本人因不可抗力原因致未能充分且有效履行公开承诺事项的，在不可抗力原因消除后，本人应在发行人股东大会及中国证监会指定媒体上公开说明造成本人未能充分且有效履行承诺事项的不可抗力的具体情况，并向发行人股东和社会公众投资者致歉。同时，本人应尽快研究将投资者利益损失降低到最小的处理方案，尽可能地保护发行人及投资者的利益。本人还应说明原有承诺在不可抗力消除后是否继续实施，如不继续实施的，本人应根据实际情况提出新的承诺。”4、发行人持股5%以上自然人股东承诺发行人持股5%以上的自然人股东陈雅作出以下承诺：“1、本人将严格履行在发行人本次发行并上市过程中所作出的全部公开承诺事项（以下简
MB001,603072,天和磁材,MB001_603072_包头天和磁材科技股份有限公司_招股说明书.pdf,543,shareholder,发行人股东,本人与投资者协商确定的金额，或证券监督管理部门、司法机关认定的方式或金额确定；（3）本人直接或间接方式持有的发行人股份的锁定期除被强制执行、上市公司重组、为履行保护投资者利益承诺等必须转让的情形外，自动延长至本人完全消除因本人未履行相关承诺事项所导致的所有不利影响之日；3、如本人因不可抗力原因致未能充分且有效履行公开承诺事项的，在不可抗力原因消除后，本人应在发行人股东大会及中国证监会指定媒体上公开说明造成本人未能充分且有效履行承诺事项的不可抗力的具体情况，并向发行人股东和社会公众投资者致歉。同时，本人应尽快研究将投资者利益损失降低到最小的处理方案，尽可能地保护发行人及投资者的利益。本人还应说明原有承诺在不可抗力消除后是否继续实施，如不继续实施的，本人应根据实际情况提出新的承诺。”4、发行人持股5%以上机构股东承诺发行人持股5%以上的机构股东朗润园、元龙智能作出以下承诺：“1、本单位将严格履行在发行人本次发行并上市过程中所作出的全部公开承诺事项（以下简称“承诺事项”）中的各项义务和责任。2、若本单位非因不可抗力原因导致未能完全且有效地履行前述承诺事项中的各项义务或责任，则本单位承诺将视具体情况采取以下一项或多项措施予以约束：（1）在发行人股东大会及中国证监会指定媒体上公开说明未能完全且有效履行承诺事项的原因并向股东和社会公众投资者道歉；（2）以自有资金补偿公众投资者因依赖相关承诺实施交易而遭受的直接损失，补偿金额依据本单位与投资者协商确定的金额，或证券监督管理部门、司法机关认定的方式或金额确定；（3）本单位直接或间接方式持有的发行人股份的锁定期除被强制执行、上市公司重组、为履行保
MB001,603072,天和磁材,MB001_603072_包头天和磁材科技股份有限公司_招股说明书.pdf,544,shareholder,发行人股东,包头天和磁材科技股份有限公司招股说明书1-1-5433、如本单位因不可抗力原因导致未能充分且有效履行公开承诺事项的，在不可抗力原因消除后，本单位应在发行人股东大会及中国证监会指定媒体上公开说明造成本单位未能充分且有效履行承诺事项的不可抗力的具体情况，并向发行人股东和社会公众投资者致歉。同时，本单位应尽快研究将投资者利益损失降低到最小的处理方案，尽可能地保护发行人和发行人投资者的利益。本单位还应说明原有承诺在不可抗力消除后是否继续实施，如不继续实施的，本单位应根据实际情况提出新的承诺。”5、发行人全体董事、监事、高级管理人员承诺发行人全体董事、监事、高级管理人员作出以下承诺：“1、我们将严格履行在发行人本次发行并上市过程中所作出的全部公开承诺事项（以下简称“承诺事项”）中的各项义务和责任。2、若我们非因不可抗力原因导致未能完全且有效地履行前述承诺事项中的各项义务或责任，则我们承诺将视具体情况采取以下一项或多项措施予以约束：（1）在发行人股东大会及中国证监会指定媒体上公开说明未能完全且有效履行承诺事项的原因并向股东和社会公众投资者道歉；（2）以自有资金补偿公众投资者因依赖相关承诺实施交易而遭受的直接损失，补偿金额依据我们与投资者协商确定的金额，或证券监督管理部门、司法机关认定的方式或金额确定；（3）我们直接或间接方式持有的发行人股份（如有）的锁定期除被强制执行、上市公司重组
MB002,603418,友升股份,MB002_603418_上海友升铝业股份有限公司_招股说明书.pdf,6,toc,目录,上海友升铝业股份有限公司招股说明书5目录致投资者的声明...........................................................................................................1一、发行人上市的目的........................................................................................1二、发行人现代企业制度的建立健全情况........................................................1三、发行人本次融资的必要性及募集资金使用规划........................................1四、发行人持续经营能力及未来发展规划........................................................2发行人声明......................................................................................
MB002,603418,友升股份,MB002_603418_上海友升铝业股份有限公司_招股说明书.pdf,7,shareholder,持有发行人,股权结构......................................................................................51六、发行人控股和参股公司情况......................................................................51七、持有发行人5%以上股份的主要股东及实际控制人的基本情况...........57八、控股股东、实际控制人报告期内不存在重大违法行为..........................72九、发行人股本情况..........................................................................................72十、发行人董事、监事、高级管理人员及其他核心人员的简要情况..........81十一、公司与董事、监事、高级管理人员及其他核心人员签订的协议及履行情况..................................................................................................................88十二、公司董事、监事、高级管理人员及其他核心人员及其近亲属持股情况.....................................................................................................
MB002,603418,友升股份,MB002_603418_上海友升铝业股份有限公司_招股说明书.pdf,10,shareholder,发行人股东;回购,者关系的主要安排................................................................367二、股利分配政策............................................................................................368三、发行人股东投票机制的建立情况............................................................373附录三：发行人股东大会、董事会、监事会、独立董事和董事会秘书制度的建立健全及运行情况...................................................................................................375一、股东大会制度的建立健全及运行情况....................................................375二、董事会制度的建立健全及运行情况........................................................375三、监事会制度的建立健全及运行情况........................................................376四、独立董事制度的建立健全及运行情况....................................................376五
MB002,603418,友升股份,MB002_603418_上海友升铝业股份有限公司_招股说明书.pdf,12,shareholder,发行人股东,"IVECOMPONENTSMEXICOS.A.DEC.V.,系发行人全资子公司墨西哥友升指UNISONAUTOMOTIVEMEXICOS.A.DEC.V.，系发行人全资子公司徐泾工业公司指上海市青浦县徐泾乡工业公司，系发行人历史上的股东友升太平洋美国指UnisonPacificInvestment（US）Limited，即友升太平洋（美国）投资有限公司，曾系发行人股东第一美亚指UnisonAluminumProducts（FAAF）LLC，即友升铝业（第一美亚）有限责任公司，曾系发行人股东第一美亚基金指FirstAmericaAsiaFundILP，曾系友升铝业（第一美亚）有限责任公司的股东美国日升指SunriseGroup（USA）,Inc.，即美国日升集团公司，曾系发行人股东上海广虹指上海广虹实业有限公司，曾系发行人股东，曾用名为上海广虹（集团）有限公司共青城泽升指共青城泽升投资管理合伙企业（有限合伙），发行人发起人股东之一"
MB002,603418,友升股份,MB002_603418_上海友升铝业股份有限公司_招股说明书.pdf,13,shareholder,发行人股东,"上海友升铝业股份有限公司招股说明书12达晨创联基金指深圳市达晨创联私募股权投资基金合伙企业（有限合伙），发行人发起人股东之一金浦临港基金指上海金浦临港智能科技股权投资基金合伙企业（有限合伙），系发行人股东金浦科创基金指上海金浦科技创业股权投资基金合伙企业（有限合伙），系发行人股东上海骁墨指上海骁墨信息技术服务中心（有限合伙），系发行人股东杉晖创业指深圳市杉晖创业投资合伙企业（有限合伙），系发行人股东杉创智至指上海杉创智至创业投资合伙企业（有限合伙），系发行人股东上海联炻指上海联炻企业管理中心（有限合伙），系发行人股东达晨财汇指海南三亚达晨财汇私募股权投资基金合伙企业（有限合伙），系发行人股东财投晨源指江西赣江新区财投晨源股权投资中心（有限合伙），系发行人股东达晨财智指深圳市达晨财智创业投资管理有限公司，系发行人股东财智创赢指深圳市财智创赢私募股权投资企业（有限合伙），系发行人股东杭州达晨创程指杭州达晨创程股权投资基金合伙企业（有限合伙），系发行人股东深圳达晨创程指深圳市达晨创程私募股权投资基金企业（有限合伙），系发行人股东安吉璞颉指安吉璞颉企业管理合伙企业（有限合伙），系发行人股东财智创享指深圳市财智创享咨询服务合伙企业（有限合伙）特斯拉指Tesla,Inc.及其下属公司、TeslaManufacturingBrandenburgSE及其下属公司和特斯拉（上海）有限公司及其下属公司蔚来汽车指蔚来控股有限公司及其下属"
MB002,603418,友升股份,MB002_603418_上海友升铝业股份有限公司_招股说明书.pdf,22,employee_platform,核心员工,"售股数与最终战略配售股数的差额275.0923万股回拨至网下发行。2、战略配售对象本次发行中，参与战略配售的投资者的选择在考虑投资者资质以及市场情况后综合决定，包括以下几类：（1）与发行人经营业务具有战略合作关系或长期合作愿景的大型企业或其下属企业；（2）具有长期投资意愿的大型保险公司或其下属企业、国家级大型投资基金或其下属企业；（3）发行人的高级管理人员与核心员工参与本次战略配售设立的专项资产管理计划，即海富通友升资管计划。3、发行人高管核心员工专项资产管理计划（1）投资主体发行人的高级管理人员与核心员工参与本次战略配售设立的专项资产管理计划为海富通友升资管计划。（2）参与规模和具体情况海富通友升资管计划参与战略配售的数量为3,882,657股，占本次发行数量的8.04%，获配金额为179,999,978.52元。具体情况如下：具体名称：海富通友升铝业员工参与主板战略配售集合资产管理计划设立时间：2025年7月18日备案时间：2025年7月31日产品编码：SBCG61募集资金规模：18,000.00万元认购金额上限：18,000.00万元管理人：海富通基金管理有限公司"
MB002,603418,友升股份,MB002_603418_上海友升铝业股份有限公司_招股说明书.pdf,23,employee_platform,核心员工,"上海友升铝业股份有限公司招股说明书22集合计划托管人：兴业银行股份有限公司上海分行实际支配主体：实际支配主体为海富通基金管理有限公司，发行人的高级管理人员及核心员工非实际支配主体。海富通友升资管计划的出资人均与发行人或发行人全资子公司签署劳动合同、建立劳动关系。参与人姓名、职务与比例等信息具体如下：序号姓名职务员工类别劳动合同签署单位缴款金额（万元）专项资管计划的持有比例1罗世兵董事长、总经理高级管理人员友升股份6,600.0036.67%2金丽燕董事、人资行政部经理核心员工友升股份4,400.0024.44%3付忠祥副总经理高级管理人员友升股份1,600.008.89%4王甥财务总监高级管理人员友升股份600.003.33%5朱明销售部主管核心员工友升股份500.002.78%6閤成云人资行政部高级经理核心员工友升股份350.001.94%7糜罕峰工程技术中心副总监核心员工友升股份300.001.67%8杨浩工程技术中心项目经理核心员工友升股份300.001.67%9王立忠工程技术中心项目经理核心员工友升股份300.001.67%10倪清元运营总监核心员工友升股份300.001.67%11李文通工程技术中心项目经理核心员工友升股份250.001.39%12刘旺才副总经理高级管理人员广东泽升200.001.11%13蔡翱副总经理高级管理人员重庆友利森200.001.11%14殷"
MB002,603418,友升股份,MB002_603418_上海友升铝业股份有限公司_招股说明书.pdf,24,employee_platform,核心员工,"上海友升铝业股份有限公司招股说明书23序号姓名职务员工类别劳动合同签署单位缴款金额（万元）专项资管计划的持有比例23徐辉工程技术中心项目经理核心员工友升股份100.000.56%24聂龙武工程技术中心项目经理核心员工友升股份100.000.56%25陈银喜销售部副主管核心员工友升股份100.000.56%合计/18,000.00100.00%注1：合计数与各部分数直接相加之和在尾数存在的差异系由四舍五入造成；注2：海富通友升资管计划所募集资金的100%用于参与本次战略配售，即用于支付本次战略配售的价款；注3：广东泽升指广东泽升汽车科技有限公司，系发行人全资子公司；安徽友升指安徽友升铝业有限公司，系发行人全资子公司；重庆友利森指重庆友利森汽车科技有限公司，系发行人全资子公司；4、获配结果本次发行最终战略配售结果如下：序号投资者名称类型获配股数（股）获配股数占本次发行数量的比例获配金额（元）限售期（月）1江西省国控产业发展基金（有限合伙）与发行人经营业务具有战略合作关系或长期合作愿景的大型企业或其下属企业215,7030.45%9,999,991.08182晋拓科技股份有限公司647,1091.34%29,999,973.24183南方工业资产管理有限责任公司431,4060.89%19,999,982.16184广东广祺柒号股权投资合伙企业(有限合伙)647,10"
MB002,603418,友升股份,MB002_603418_上海友升铝业股份有限公司_招股说明书.pdf,25,employee_platform,核心员工,"上海友升铝业股份有限公司招股说明书24序号投资者名称类型获配股数（股）获配股数占本次发行数量的比例获配金额（元）限售期（月）7海富通友升铝业员工参与主板战略配售集合资产管理计划高级管理人员与核心员工专项资产管理计划3,882,6578.04%179,999,978.5212合计6,902,49914.30%319,999,853.64-5、限售期限海富通友升资管计划本次获配股票限售期限为自发行人首次公开发行并上市之日起12个月。其他参与战略配售的投资者本次获配股票限售期限为自发行人首次公开发行并上市之日起18个月。限售期届满后，参与战略配售的投资者对获配股份的减持适用中国证监会和上交所关于股份减持的有关规定。四、发行人的主营业务经营情况（一）发行人主营业务及产品公司是集设计、开发、生产、销售、服务于一体的专业铝合金汽车零部件制造商，公司始终专注于轻量化汽车零部件领域，致力于推动新能源汽车的续航升级和燃油车的节能减排。公司产品主要聚焦于新能源汽车领域，已经形成了门槛梁系列、电池托盘系列、保险杠系列、副车架系列等多产品体系。凭借着先进的技术工艺、强大的产品开发实力和规模化的产品交付能力，公司得到全球领先的新能源汽车整车厂商特斯拉、广汽集团、蔚来汽车、北汽新能源、吉利集团的高度认可，形成了长期稳定的合作关系。在燃油车业务领域，公司主要客户包括凌云工业、富奥股份、华域汽车等知名一级汽车零部件厂商。公司主要产品为汽车结构"
MB002,603418,友升股份,MB002_603418_上海友升铝业股份有限公司_招股说明书.pdf,42,gp_lp,出资比例,"府贸（1992）289号），批复同意设立友升有限等相关事项。1992年11月26日，上海市人民政府向友升有限核发《中华人民共和国外商投资企业批准证书》（外经贸沪字[1992]1636号）。1992年12月4日，友升有限取得《企业法人营业执照》（注册号为工商企合字第02590号），友升有限正式成立。友升有限设立时股东及出资情况如下：序号股东名称出资额（万美元）出资比例1徐泾工业公司240.0060.00%2友升太平洋美国160.0040.00%合计400.00100.00%上海青浦会计师事务所分别于1993年8月20日、1996年12月31日出具资志字第93088号《验资报告》和96338号《验资报告》，确认友升有限400万美元注册资金已全部到位。其中，徐泾工业公司以土地使用权出资99.12万美元，以货币出资140.88万美元；友升太平洋美国以货币出资160.00万美元。（二）股份有限公司的设立情况公司由上海友升铝业有限公司整体变更设立。根据会计师出具的《审计报告》，友升有限截至2020年5月31日的净资产为40,482.37万元。沃克森评估于2020年7月23日出具了沃克森评报字（2020）第1025号《上海友升铝业有限公司拟变更设立股份公司涉及的上海友升铝业有限公司净资产资产评估报告》，根据该评估报告，截至2020年5月31日，友升有限的净资产评估值为48,659.65万元。2020年7月27日，友升有限股东会作出决议，同意根据会计师出具的《审计报告》，以友升有限截至2020年5月31日的净资产40,482.37万元按3.3735:1的比例折合股本12,000.00万元（每股"
MB002,603418,友升股份,MB002_603418_上海友升铝业股份有限公司_招股说明书.pdf,43,gp_lp,出资比例,"注册资本充实情况。2023年11月，公司分别召开了第二届董事会第三次会议及2023年第三次临时股东大会，审议通过《上海友升铝业股份有限公司关于追溯调整股改基准日净资产及折股比例的议案》，同意对友升有限整体变更基准日的净资产折股方案进行调整。（三）报告期内股本和股东的变化情况1、报告期初公司的股权结构报告期初，友升有限的股权结构如下：序号股东名称出资额（万元）出资比例1泽升贸易8,190.808674.80%"
MB002,603418,友升股份,MB002_603418_上海友升铝业股份有限公司_招股说明书.pdf,44,gp_lp,出资比例,"上海友升铝业股份有限公司招股说明书43序号股东名称出资额（万元）出资比例2达晨创联基金1,642.541815.00%3共青城泽升930.77378.50%4罗世兵186.15471.70%合计10,950.2788100.00%2、2020年9月，整体变更为股份有限公司，股本增加至12,000.00万元友升股份设立情况参见本节“二/（二）股份有限公司的设立情况”之说明。3、2020年9月，增资至13,380.00万元2020年9月，金浦临港基金、金浦科创基金和上海骁墨与本次增资前公司股东泽升贸易、罗世兵、共青城泽升、达晨创联基金共同签署《投资协议》，约定金浦临港基金、金浦科创基金和上海骁墨分别以7,000万元、3,000万元和1,500万元认购发行人新增注册资本840万元、360万元和180万元。2020年9月27日，经友升股份2020年第二次临时股东大会审议通过，友升股份股本由12,000万元增加至13,380万元，新增注册资本由金浦临港基金出资840万元、金浦科创基金出资360万元、上海骁墨出资180万元，出资方式均为货币资金，新增股份的认购价格为8.3333元/股。2020年9月30日，友升股份完成了上述增资的工商变更登记手续，并取得了由上海市市场监督管理局换发的《营业执照》。本"
MB002,603418,友升股份,MB002_603418_上海友升铝业股份有限公司_招股说明书.pdf,46,special_terms,股权转让;对赌;回购,"330.21%16达晨财智29.73330.21%17财智创赢10.10930.07%合计14,480.1333100.00%（四）发行人与股东之间的特殊权益安排及解除情况公司部分股东与发行人及其实际控制人签订了对赌协议，相关对赌或特殊股东权利的约定与解除情况如下：序号股东名称特殊股东权利内容解除情况义务主体是否设置恢复条款1达晨创联基金回购权、共同出售权、股权转让限制、优先受让权和随售权、优先认购权等2021年6月各方已签署《补充协议三》，约定相关特殊股东权利自标的公司正式申报上市材料之日起不可撤销的自动终止且自始无效，特殊股东权利的违约条款未被触发；标的公司于2021年6月完成上市申报，相关特殊股东权利已于2021年6月不可撤销地自动终止且自始无效友升有限、泽升贸易、罗世兵、共青城泽升否2金浦临港基金、金浦科创基金股权转让限制、优先受让和认购权、不进行更优惠的增资和股权转让等2021年5月各方已签署《补充协议二》，各方不可撤销同意，自《补充协议二》签署之日，《补充协议一》第1.2条自动终止，自向证券交易所申报上传上市申请材料之日，《补充协议一》第1.1条自动终止；2023年5月各方已签署《补充协议三》，各方不可撤销地确认，《补充协议一》第1.3条自向证券交易所等证券监管机构提交上市申请材料之日起自动终止罗世兵否3上海骁墨股权转让限制、优先受让2021年5月各方已签署《补充协议二》，各方不可撤销地同意，罗世兵否"
MB002,603418,友升股份,MB002_603418_上海友升铝业股份有限公司_招股说明书.pdf,47,history,历史沿革;股权转让;对赌;回购,权条款等特殊条款以及相应的违约责任条款自始均未被触发，各方未就上述特殊条款产生任何争议罗世兵、金丽燕否发行人及实际控制人与上述股东签订的特殊权益安排均已签订相关解除协议或条款，不存在发行上市后因对赌安排导致发行人控制权变化或股权结构发生重大变更的潜在风险，不存在影响发行人持续经营能力或者其他严重影响投资者权益的情形，不存在违反相关监管规定的情形。（五）发行人历史沿革中存在股份代持的情况发行人历史上存在股份代持的情况，形成原因、演变情况和解除过程如下：
MB002,603418,友升股份,MB002_603418_上海友升铝业股份有限公司_招股说明书.pdf,48,history,股权转让,上海友升铝业股份有限公司招股说明书471、第一美亚、美国日升代持（1）代持的形成1）2003年7月3日，第一美亚基金向陈桂荣转让其所持有第一美亚100%的股权，存在股权代持的情况2003年7月3日，陈桂荣与第一美亚基金签署了《股权转让协议》，约定第一美亚基金以6.0753万美元的价格向陈桂荣转让其所持有第一美亚100%的股权，陈桂荣间接取得友升有限55%股权。陈桂荣系罗世兵兄弟之配偶，与罗世兵之间存在委托持股的情况，陈桂荣作为名义股东不实际参与经营管理，双方均确认属于代持。2）2003年7月30日，第一美亚向美国日升转让其所持有的友升有限55%股权，存在股权代持的情况2003年7月30日，第一美亚与美国日升签署《股权转让协议》，约定第一美亚将其持有的友升有限55%股权转让给美国日升，第一美亚不再持有友升有限股权，该次转让系由罗世兵同一控制下的两家企业进行的转让，未支付对价。根据公司提供的资料及境外律师出具的境外法律意见书，美国日升成立于2003年7月21日，注册地址为美国亚利桑那州，股东和法定代表人为占庆华。占庆华为罗世兵的母亲，其受罗世兵委托于2003年7月21日设立美国日升。本次股权转让后，罗世兵通过美国日升间接持有友升有限55%股权。占庆华作为名义股东不实际参与经营管理，双方均确认属于代持。（2）股权代持原因当时友升有限经营陷入困境且公司所欠银行贷款期限届满，面临续期压力，在此情况下外方股东有意通过间接方式出让其持有的公司股权，罗世兵时任公
MB002,603418,友升股份,MB002_603418_上海友升铝业股份有限公司_招股说明书.pdf,49,history,发行人股东;历史沿革;股权转让;员工持股平台,"权及后续将美国日升股权转让予罗世兵不存在任何异议，代持形成及解除过程不存在任何纠纷及潜在纠纷，各方将来亦不会就该等代持事项提出任何异议、索赔或权利主张。根据上海广虹于2021年8月21日出具的《关于上海友升铝业股份有限公司历史沿革相关事项的确认函》，上海广虹确认其已知悉罗世兵委托陈桂荣、占庆华间接收购友升有限股权事项，确认对上述股权变动事项不存在任何异议，与发行人股东间不存在任何纠纷或潜在纠纷。上述股权代持已有效解除，代持形成及解除不存在纠纷及潜在纠纷。2、付忠祥为李雷、万海亮代持的情况（1）代持的基本情况和原因2018年12月，友升有限开展员工股权激励。李雷、万海亮看好友升有限的未来发展前景，但因当时其未达到员工股权激励的条件，因此李雷、万海亮与付忠祥协商通过付忠祥代持公司员工持股平台共青城泽升各5万元出资份额并间接持有公司的股权。考虑到李雷、万海亮在公司处任职及工作表现等情况，付忠祥同意以委托持股的方式代李雷、万海亮各认购共青城泽升5万元出资份额，价格为3.55元/出资份额，计划分两期支付。2018年12月28日，李雷、万海亮分别向付忠祥支付了首期出资款97,625.00元（5万元出资份额的55%），截至代持解除前，李雷、万海亮均未支付第二期出资款缴款。"
MB002,603418,友升股份,MB002_603418_上海友升铝业股份有限公司_招股说明书.pdf,51,history,历史沿革,有限相关股东出资的有效性，不构成重大违法行为及本次发行的法律障碍。三、发行人成立以来重要事件1、实际控制人变更2003年7月3日，第一美亚基金向陈桂荣转让其所持有第一美亚100%的股权，陈桂荣通过第一美亚间接持有友升有限55%股权，陈桂荣系罗世兵兄弟之配偶，与罗世兵之间存在委托持股的情况，友升有限实际控制人变更为罗世兵。股权代持情况参见本节“二/（五）发行人历史沿革中存在股份代持的情况”。2、报告期内重大资产重组报告期内，发行人未发生重大资产重组情况。
MB002,603418,友升股份,MB002_603418_上海友升铝业股份有限公司_招股说明书.pdf,58,shareholder,持有发行人,"7从事铝合金汽车零部件的生产和销售2云南友升友升股份持股100%5,000万元2023.3.16从事铝合金汽车零部件的生产和销售3泽升欧洲泽升国际持股100%100保加利亚列弗2023.8.15从事铝合金汽车零部件的生产和销售4墨西哥友升友升股份持股99%，上海泽升持股1%200,000.00墨西哥比索2024.10.22从事铝合金汽车零部件的生产和销售七、持有发行人5%以上股份的主要股东及实际控制人的基本情况（一）控股股东、实际控制人基本情况1、控股股东泽升贸易系公司控股股东，截至本招股说明书签署日，泽升贸易持有公司8,976.00万股股份，占本次发行前总股本的61.99%。泽升贸易基本情况如下："
MB002,603418,友升股份,MB002_603418_上海友升铝业股份有限公司_招股说明书.pdf,59,shareholder,持有发行人;执行事务合伙人,，无境外永久居留权，身份证号310112197010******，硕士研究生学历。金丽燕基本信息为：女，汉族，中国国籍，无境外永久居留权，身份证号330726197706******，本科学历。个人简历参见本节“十/（一）董事会成员”。罗世兵现任公司董事长兼总经理，金丽燕现任公司董事。罗世兵、金丽燕直接和间接合计控制发行人70.44%的股份，其中，罗世兵直接持有发行人1.41%的股份，罗世兵通过泽升贸易控制发行人61.99%的股份；金丽燕担任共青城泽升执行事务合伙人，通过共青城泽升控制发行人7.04%的股份。报告期内，发行人的实际控制人未发生变化。截至本招股说明书签署日，控股股东和实际控制人持有的公司股份不存在质押或其它有争议的情况。
MB002,603418,友升股份,MB002_603418_上海友升铝业股份有限公司_招股说明书.pdf,60,gp_lp,持有发行人;私募基金;执行事务合伙人;普通合伙人;有限合伙人;出资比例;员工持股平台,"上海友升铝业股份有限公司招股说明书59（二）其他持股5%以上主要股东的情况1、共青城泽升（1）共青城泽升基本情况截至本招股说明书签署日，共青城泽升持有发行人7.04%的股份。共青城泽升的基本情况如下：公司名称共青城泽升投资管理合伙企业（有限合伙）成立日期2017年9月28日认缴出资额930.7737万元执行事务合伙人金丽燕注册地和主要生产经营地江西省九江市共青城市私募基金创新园内主营业务及其与发行人主营业务的关系发行人员工持股平台，与发行人主营业务不相关主要财务数据（单位：万元）项目2024.12.31/2024年度总资产2,042.28净资产1,819.39营业收入-净利润33.72审计情况未经审计（2）共青城泽升的出资结构截至本招股说明书签署日，共青城泽升的出资结构如下：序号姓名在发行人处任职情况合伙人性质出资额（万元）出资比例1金丽燕董事普通合伙人154.827416.63%2罗世兵董事长、总经理有限合伙人457.696349.17%3付忠祥副总经理有限合伙人85.00009.13%4罗登董事有限合伙人40.00004.30%5杨小玲/有限合伙人37.50004.03%6施红惠董事会秘书有限合伙人30.00003.22%7罗楚佳/有限合伙人12.50001.34%8于亚静销售部经理有限合伙人10.00001.07%9蔡翱副总经理有限合伙人10.00001.07%"
MB002,603418,友升股份,MB002_603418_上海友升铝业股份有限公司_招股说明书.pdf,61,gp_lp,基金管理人;有限合伙人;出资比例,00.27%30张兴状生产部经理有限合伙人2.50000.27%31倪清元工程技术中心项目经理有限合伙人2.50000.27%合计930.7737100.00%注1：杨小玲和罗楚佳为发行人原高级管理人员罗世国（已去世）继承人。2、达晨创联基金、财投晨源、深圳达晨创程、杭州达晨创程、达晨财智、财智创赢达晨创联基金、财投晨源、深圳达晨创程、杭州达晨创程、财智创赢基金管理人均为达晨财智，因此，公司股东达晨创联基金、财投晨源、深圳达晨创
MB002,603418,友升股份,MB002_603418_上海友升铝业股份有限公司_招股说明书.pdf,62,gp_lp,持有发行人;私募基金;基金管理人;执行事务合伙人;普通合伙人;有限合伙人;出资比例,"上海友升铝业股份有限公司招股说明书61程、杭州达晨创程、财智创赢、达晨财智为一致行动人，上述股东合计持有发行人14.28%股份，为持有发行人5%以上股份的股东。（1）达晨创联基金截至本招股说明书签署日，达晨创联基金持有本公司12.43%的股份。达晨创联基金基本情况如下：公司名称深圳市达晨创联私募股权投资基金合伙企业（有限合伙）成立日期2016-11-17认缴出资额300,000万元执行事务合伙人深圳市达晨财智创业投资管理有限公司注册地和主要生产经营地深圳市福田区沙头街道天安社区深南大道深铁置业大厦三十七层、三十八层主营业务及其与发行人主营业务的关系股权投资，与发行人主营业务不相关达晨创联基金已在中国证券投资基金业协会进行了私募基金备案，其基金管理人深圳市达晨财智创业投资管理有限公司已在中国证券投资基金业协会进行了登记。截至本招股说明书签署日，达晨创联基金的出资结构如下：序号合伙人名称或者姓名合伙人性质出资额（万元）出资比例1深圳市达晨财智创业投资管理有限公司普通合伙人32,400.0010.80%2芜湖胜宾投资中心（有限合伙）有限合伙人60,600.0020.20%3深圳市引导基金投资有限公司有限合伙人40,000.0013.33%4湖南电广传媒股份有限公司有限合伙人20,000.006.67%5深圳市福田引导基金投资有限"
MB002,603418,友升股份,MB002_603418_上海友升铝业股份有限公司_招股说明书.pdf,63,gp_lp,有限合伙人;出资比例,"上海友升铝业股份有限公司招股说明书62序号合伙人名称或者姓名合伙人性质出资额（万元）出资比例12井冈山辰兴启迪投资合伙企业（有限合伙）有限合伙人5,000.001.67%13陈延良有限合伙人5,000.001.67%14苏州博瑔昕瑞创业投资合伙企业（有限合伙）有限合伙人3,500.001.17%15宁波梅山保税港区国钰乾元一期股权投资合伙企业（有限合伙）有限合伙人3,000.001.00%16杭州清科和思投资管理合伙企业（有限合伙）有限合伙人3,000.001.00%17武汉正煊资本投资有限公司有限合伙人3,000.001.00%18孙绍录有限合伙人2,500.000.83%19宁波梅山保税港区鍫氏创业投资合伙企业（有限合伙）有限合伙人2,000.000.67%20南京星纳晨企业管理合伙企业（有限合伙）有限合伙人2,000.000.67%21杨婧有限合伙人2,000.000.67%22湖北世纪英才文化发展有限公司有限合伙人2,000.000.67%23管晓薇有限合伙人2,000.000.67%24张陆有限合伙人2,000.000.67%25王卫平有限合伙人2,000.000.67%26张涛有限合伙人2,000.000.67%27江晓龙有限合伙人2,000.000.67%28李侃有限合伙人2,000.000.67%29舒胜利有限合伙人2,000.000.67"
MB002,603418,友升股份,MB002_603418_上海友升铝业股份有限公司_招股说明书.pdf,64,gp_lp,私募基金;基金管理人;执行事务合伙人;普通合伙人;有限合伙人;出资比例,"资中心（有限合伙）成立日期2022-11-9认缴出资额50,000万元人民币执行事务合伙人深圳市达晨财智创业投资管理有限公司（实际控制人：湖南电广传媒股份有限公司）注册地和主要生产经营地江西省赣江新区直管区中医药科创城新祺周欣东杨路8号36栋二层2095主营业务及其与发行人主营业务的关系股权投资，与发行人主营业务不相关财投晨源已在中国证券投资基金业协会进行了私募基金备案，其基金管理人深圳市达晨财智创业投资管理有限公司已在中国证券投资基金业协会进行了登记。截至本招股说明书签署日，财投晨源的出资结构如下：序号合伙人名称或者姓名合伙人性质出资额（万元）出资比例1深圳市达晨财智创业投资管理有限公司普通合伙人500.001.00%2江西省财投供应链金融有限公司有限合伙人49,500.0099.00%合计50,000.00100.00%"
MB002,603418,友升股份,MB002_603418_上海友升铝业股份有限公司_招股说明书.pdf,65,gp_lp,私募基金;基金管理人;执行事务合伙人;普通合伙人;有限合伙人;出资比例,"业（有限合伙）成立日期2022-3-22认缴出资额378,700万元人民币执行事务合伙人深圳市达晨财智创业投资管理有限公司（实际控制人：湖南电广传媒股份有限公司）注册地和主要生产经营地深圳市福田区沙头街道天安社区深南大道深铁置业大厦三十七层、三十八层主营业务及其与发行人主营业务的关系股权投资，与发行人主营业务不相关深圳达晨创程已在中国证券投资基金业协会进行了私募基金备案，其基金管理人深圳市达晨财智创业投资管理有限公司已在中国证券投资基金业协会进行了登记。截至本招股说明书签署日，深圳达晨创程的出资结构如下：序号合伙人名称或者姓名合伙人性质出资额（万元）出资比例1深圳市达晨财智创业投资管理有限公司普通合伙人6,000.001.58%2太保长航股权投资基金（武汉）合伙企业（有限合伙）有限合伙人51,000.0013.47%3常德市达晨创程私募股权投资企业（有限合伙）有限合伙人32,100.008.48%4湖南省湘江产业投资基金合伙企业（有限合伙）有限合伙人30,000.007.92%5江西省现代产业引导基金（有限合伙）有限合伙人30,000.007.92%6成都高新策源投资集团有限公司有限合伙人30,000.007.92%7招商财富资产管理有限公司有限合伙人27,600.007.29%8江西省国有资本运营控股集团有限公司有限合伙人20,000.005.28%9东莞市产投发展母基金合伙企业（有限合伙）有限合伙人20,000.005.28%10渝深（重庆）科技创新私募股权投资基金合伙企业（有限合伙）有限合伙人20,000.005.28%11湖南电广传媒股份有限公司有限合伙人15,000."
MB002,603418,友升股份,MB002_603418_上海友升铝业股份有限公司_招股说明书.pdf,66,gp_lp,私募基金;基金管理人;执行事务合伙人;普通合伙人;有限合伙人;出资比例,"业（有限合伙）成立日期2022-3-11认缴出资额300,480万元人民币执行事务合伙人深圳市达晨财智创业投资管理有限公司（实际控制人：湖南电广传媒股份有限公司）注册地和主要生产经营地浙江省杭州市临安区青山湖街道大园路1155号创业广场B座1410室主营业务及其与发行人主营业务的关系股权投资，与发行人主营业务不相关杭州达晨创程已在中国证券投资基金业协会进行了私募基金备案，其基金管理人深圳市达晨财智创业投资管理有限公司已在中国证券投资基金业协会进行了登记。截至本招股说明书签署日，杭州达晨创程的出资结构如下：序号合伙人名称或者姓名合伙人性质出资额（万元）出资比例1深圳市达晨财智创业投资管理有限公司普通合伙人3,000.001.00%"
MB002,603418,友升股份,MB002_603418_上海友升铝业股份有限公司_招股说明书.pdf,67,gp_lp,有限合伙人;出资比例,"上海友升铝业股份有限公司招股说明书66序号合伙人名称或者姓名合伙人性质出资额（万元）出资比例2杭州产业投资有限公司有限合伙人30,000.009.98%3广西投资引导基金有限责任公司有限合伙人29,000.009.65%4芜湖歌斐颂雅股权投资中心（有限合伙）有限合伙人21,355.007.11%5招商财富资产管理有限公司有限合伙人20,050.006.67%6杭州市临安区新锦产业发展集团有限公司有限合伙人20,000.006.66%7湖南电广传媒股份有限公司有限合伙人15,000.004.99%8浙江省产业基金有限公司有限合伙人15,000.004.99%9鄂尔多斯市创新投资集团有限公司有限合伙人15,000.004.99%10芜湖歌斐颂星股权投资中心（有限合伙）有限合伙人10,880.003.62%11杭州临安金融控股集团有限公司有限合伙人10,000.003.33%12长沙马栏山投资开发建设有限公司有限合伙人10,000.003.33%13杭州钱塘和达大健康创业投资基金合伙企业（有限合伙）有限合伙人10,000.003.33%14财信吉祥人寿保险股份有限公司有限合伙人10,000.003.33%15衢州绿石新材料股权投资合伙企业（有限合伙）有限合伙人10,000.003.33%16兰溪市聚力产业基金投资有限公司有限合伙人10,000"
MB002,603418,友升股份,MB002_603418_上海友升铝业股份有限公司_招股说明书.pdf,68,gp_lp,有限合伙人;出资比例,"上海友升铝业股份有限公司招股说明书67序号合伙人名称或者姓名合伙人性质出资额（万元）出资比例27东营前程创业投资合伙企业（有限合伙）有限合伙人3,000.001.00%28宁波梅山保税港区图生霖智股权投资中心（有限合伙）有限合伙人2,900.000.97%29宁波梅山保税港区灿运淳诺股权投资中心（有限合伙）有限合伙人2,000.000.67%合计300,480.00100.00%（5）达晨财智截至本招股说明书签署日，达晨财智持有本公司0.21%的股份。达晨财智基本情况如下：公司名称深圳市达晨财智创业投资管理有限公司成立日期2008-12-15注册资本18,668.5714万元人民币实收资本18,668.5714万元人民币法定代表人刘昼股权结构深圳市达晨创业投资有限公司持有35.00%、湖南电广传媒股份有限公司持有20.00%、肖冰持有10.00%、刘昼持有10.00%、深圳市财智创享咨询服务合伙企业（有限合伙）持有5.75%、邵红霞持有4.45%、胡德华持有2.80%、齐慎持有2.40%、刘旭峰持有2.40%、熊人杰持有2.00%、傅忠红持有2.00%、梁国智持有1.50%、熊维云持有1.30%、黄琨持有0.40%实际控制人湖南电广传媒股份有限公司注册地和主要生产经营地深圳市福田区沙头街道天安社区深南大道深铁置业大厦三十七层、三十八层主营业务及其与发行人"
MB002,603418,友升股份,MB002_603418_上海友升铝业股份有限公司_招股说明书.pdf,69,gp_lp,私募基金;基金管理人;执行事务合伙人;普通合伙人;有限合伙人;出资比例,"有限合伙）成立日期2020-6-23认缴出资额55,135.7597万元人民币执行事务合伙人深圳市达晨财智创业投资管理有限公司（实际控制人：湖南电广传媒股份有限公司）注册地和主要生产经营地深圳市福田区沙头街道天安社区深南大道深铁置业大厦三十七层、三十八层主营业务及其与发行人主营业务的关系股权投资，与发行人主营业务不相关财智创赢已在中国证券投资基金业协会进行了私募基金备案，其基金管理人深圳市达晨财智创业投资管理有限公司已在中国证券投资基金业协会进行了登记。截至本招股说明书签署日，财智创赢的出资结构如下：序号合伙人名称或者姓名合伙人性质出资额（万元）出资比例1深圳市达晨财智创业投资管理有限公司普通合伙人100.000.18%2傅忠红有限合伙人2,778.005.04%3胡德华有限合伙人2,700.004.90%4邵红霞有限合伙人2,671.004.84%"
MB002,603418,友升股份,MB002_603418_上海友升铝业股份有限公司_招股说明书.pdf,70,gp_lp,持有发行人;基金管理人;有限合伙人;出资比例,"%28李卓轩有限合伙人1,500.002.72%29张瀚中有限合伙人1,476.002.68%30肖琪有限合伙人675.001.22%31刘昼有限合伙人115.000.21%合计55,135.76100.00%3、金浦临港基金和金浦科创基金金浦临港基金和金浦科创基金的基金管理人均为上海金浦智能科技投资管理有限公司，系一致行动人，金浦临港基金和金浦科创基金合计持有发行人8.29%的股份，为持有发行人5%以上股份的股东。"
MB002,603418,友升股份,MB002_603418_上海友升铝业股份有限公司_招股说明书.pdf,71,gp_lp,执行事务合伙人;普通合伙人;有限合伙人;出资比例,"上海友升铝业股份有限公司招股说明书70（1）金浦临港基金截至本招股说明书签署日，金浦临港基金持有本公司5.80%的股份。金浦临港基金基本情况如下：公司名称上海金浦临港智能科技股权投资基金合伙企业（有限合伙）成立日期2017-3-27认缴出资额128,600万元执行事务合伙人上海金浦智能科技投资管理有限公司注册地和主要生产经营地上海市浦东新区南汇新城镇环湖西二路888号865室主营业务及其与发行人主营业务的关系股权投资，与发行人主营业务不相关截至本招股说明书签署日，金浦临港基金的出资结构如下：序号合伙人名称或者姓名合伙人性质出资额（万元）出资比例1上海金浦智能科技投资管理有限公司普通合伙人100.000.08%2上海宣鸿企业管理合伙企业（有限合伙）普通合伙人100.000.08%3上海临港智兆股权投资基金合伙企业（有限合伙）有限合伙人20,000.0015.55%4上海彗凛企业管理中心（有限合伙）有限合伙人18,800.0014.62%5上海国方母基金一期创业投资合伙企业（有限合伙）有限合伙人11,250.008.75%6镇江市丹徒区华建资产投资有限公司有限合伙人10,000.007.78%7上海衿歆科技发展有限公司有限合伙人10,000.007.78%8衢州绿色发展集团有限公司有限合伙人10,000.007.78%9镇江高新创业投资有限公司有限合伙人10,000.007.78%10上海荃儒投资有限公司有限合伙人7,000.005.44%11共青城浦联投资合伙企业（有限合伙）有限合"
MB002,603418,友升股份,MB002_603418_上海友升铝业股份有限公司_招股说明书.pdf,72,gp_lp,私募基金;基金管理人;执行事务合伙人;普通合伙人;有限合伙人;出资比例,"8镇江团山资本管理有限公司有限合伙人2,000.001.56%19上海松江城乾投资有限公司有限合伙人1,900.001.48%20上海颉越企业管理合伙企业（有限合伙）有限合伙人1,200.000.93%21宁波恩广创业投资合伙企业（有限合伙）有限合伙人1,000.000.78%合计128,600.00100.00%金浦临港基金已在中国证券投资基金业协会进行了私募基金备案，其基金管理人上海金浦智能科技投资管理有限公司已在中国证券投资基金业协会进行了登记。（2）金浦科创基金截至本招股说明书签署日，金浦科创基金持有本公司2.49%的股份。金浦科创基金基本情况如下：公司名称上海金浦科技创业股权投资基金合伙企业（有限合伙）成立日期2020-9-9认缴出资额60,000.00万元执行事务合伙人上海金浦科创未来投资管理有限公司注册地和主要生产经营地上海市松江区新桥镇莘砖公路668号313室主营业务及其与发行人主营业务的关系股权投资，与发行人主营业务不相关截至本招股说明书签署日，金浦科创基金的出资结构如下：序号合伙人名称或者姓名合伙人性质出资额（万元）出资比例1上海金浦科创未来投资管理有限公司普通合伙人500.000.83%2上海创乂企业管理合伙企业（有限合伙）普通合伙人100.000.17%3上海仓繁廪沣企业管理合伙企业（有限合伙）有限合伙人12,446.0020.74%4上海松江创业投资管理有限公司有限合伙人9,000.0015.00%5越秀（南昌）股权投资合伙企业（有限合伙）有限合伙人7,690.0012.82%6浙江永强集团股份有限公司有限合伙人6,000.0010.00%7上海临港经"
MB002,603418,友升股份,MB002_603418_上海友升铝业股份有限公司_招股说明书.pdf,73,pe_fund,股本结构;私募基金;基金管理人;有限合伙人;出资比例,"有限公司已在中国证券投资基金业协会进行了登记。八、控股股东、实际控制人报告期内不存在重大违法行为报告期内，发行人控股股东、实际控制人不存在贪污、贿赂、侵占财产、挪用财产或者破坏社会主义市场经济秩序的刑事犯罪，不存在欺诈发行、重大信息披露违法或者其他涉及国家安全、公共安全、生态安全、生产安全、公众健康安全等领域的重大违法行为。九、发行人股本情况（一）发行前后的股本结构公司发行前的总股本为14,480.1333万股，本次公开发行股份数量为4,826.7111万普通股，本次发行前后公司股本情况如下：序号股东名称发行前股本结构发行后股本结构股数（万股）比例股数（万股）比例一、有限售条件流通股14,480.1333100.00%14,480.133375.00%1泽升贸易8,976.000061.99%8,976.000046.49%2达晨创联基金1,800.000012.43%1,800.00009.32%"
MB002,603418,友升股份,MB002_603418_上海友升铝业股份有限公司_招股说明书.pdf,74,shareholder,前十名股东,".36%51.95900.27%15达晨财汇29.73330.21%29.73330.15%16达晨财智29.73330.21%29.73330.15%17财智创赢10.10930.07%10.10930.05%二、本次发行流通股--4,826.711125.00%合计14,480.1333100.00%19,306.8444100.00%（二）本次发行前的前十名股东截至本招股说明书签署日，公司前十名股东情况如下表所示：序号股东名称持股数（万股）比例1泽升贸易8,976.000061.99%2达晨创联基金1,800.000012.43%3共青城泽升1,020.00007.04%4金浦临港基金840.00005.80%5金浦科创基金360.00002.49%6杉晖创业297.33332.05%7上海联炻297.33332.05%8罗世兵204.00001.41%9上海骁墨180.00001.24%10安吉璞颉148.66671.03%合计14,123.333397.53%"
MB002,603418,友升股份,MB002_603418_上海友升铝业股份有限公司_招股说明书.pdf,75,history,新增股东,"发行前的前十名自然人股东及其担任发行人职务情况本次发行前，发行人共有1名自然人股东，自然人股东的持股情况及其在发行人处任职情况如下：序号姓名在公司任职情况持股数（万股）持股比例1罗世兵董事长、总经理204.001.41%合计204.001.41%（四）国有股份或外资股份情况截至本招股说明书签署日，发行人股本中不存在国有股份或外资股份情况。（五）申报前十二个月新增股东的基本情况1、新增股东基本情况申报前十二个月，发行人新增股东的情况如下：序号股东名称持股数（万股）比例1杉晖创业297.33332.05%2上海联炻297.33332.05%3安吉璞颉148.66671.03%4财投晨源89.20000.62%5深圳达晨创程86.59840.60%6杉创智至59.46670.41%7杭州达晨创程51.95900.36%8达晨财汇29.73330.21%9达晨财智29.73330.21%10财智创赢10.10930.07%合计1,100.13337.61%上述新增股东均系财务投资者，因看好公司未来发展，通过增资的方式成为公司股东，具备法律、法规规定的股东资格。最近一年内，公司新增股东基本情况如下："
MB002,603418,友升股份,MB002_603418_上海友升铝业股份有限公司_招股说明书.pdf,76,gp_lp,持有发行人;基金管理人;执行事务合伙人;普通合伙人;有限合伙人;合伙人类型;出资比例,"上海友升铝业股份有限公司招股说明书75（1）财投晨源、深圳达晨创程、杭州达晨创程、达晨财智、财智创赢财投晨源、深圳达晨创程、杭州达晨创程、达晨财智、财智创赢简要情况请参见本节之“七、持有发行人5%以上股份的主要股东及实际控制人的基本情况”。（2）达晨财汇1）达晨财汇基本情况企业名称海南三亚达晨财汇私募股权投资基金合伙企业（有限合伙）成立日期2021-1-25注册资本14,500万元人民币执行事务合伙人海南三亚达晨投资有限公司（实际控制人：湖南电广传媒股份有限公司）注册地和主要经营场所海南省三亚市吉阳区迎宾路中铁置业广场3楼310室GW-25号主营业务股权投资2）达晨财汇的合伙人及财产份额结构如下：序号合伙人名称合伙人类型出资额（万元）出资比例1海南三亚达晨投资有限公司普通合伙人14,253.0098.30%2深圳市达晨创业投资有限公司普通合伙人147.001.01%3深圳市荣涵投资有限公司有限合伙人100.000.69%合计14,500.00100.00%3）达晨财汇的基金管理人为深圳市达晨创业投资有限公司，其基本情况如下：企业名称深圳市达晨创业投资有限公司成立日期2000-4-19注册资本10,000万元人民币法定代表人付维刚注册地和主要经营场所深圳市福田区深南大道特区报业大厦23楼D座主营业务股权投资（3）杉晖创业1）杉晖创业基本情况"
MB002,603418,友升股份,MB002_603418_上海友升铝业股份有限公司_招股说明书.pdf,77,gp_lp,基金管理人;执行事务合伙人;普通合伙人;有限合伙人;合伙人类型;出资比例,"-B主营业务股权投资2）杉晖创业的合伙人及财产份额结构如下：序号合伙人名称合伙人类型出资额（万元）出资比例1上海杉杉创晖创业投资管理有限公司普通合伙人10.000.10%2重庆渝富控股集团有限公司有限合伙人8,000.0076.12%3南通杉富股权投资合伙企业（有限合伙）有限合伙人2,500.0023.79%合计10,510.00100.00%3）杉晖创业的基金管理人为上海杉杉创晖创业投资管理有限公司，其基本情况如下：企业名称上海杉杉创晖创业投资管理有限公司成立日期2011-6-16注册资本1,250万元人民币法定代表人宫毅注册地上海市杨浦区国定路335号2号楼1004-7室主要经营场所上海市浦东新区耀元路39弄君康金融广场A栋8楼主营业务股权投资（4）杉创智至1）杉创智至基本情况企业名称上海杉创智至创业投资合伙企业（有限合伙）成立日期2020-10-14注册资本32,000万元人民币执行事务合伙人上海杉杉创晖创业投资管理有限公司（实际控制人：宫毅）注册地上海市嘉定区塔城路885号3幢3层327室主要经营场所上海市浦东新区耀元路39弄君康金融广场A栋8楼"
MB002,603418,友升股份,MB002_603418_上海友升铝业股份有限公司_招股说明书.pdf,78,gp_lp,基金管理人;执行事务合伙人;普通合伙人;有限合伙人;合伙人类型;出资比例,"资有限公司有限合伙人4,500.0014.06%7上海市信息投资股份有限公司有限合伙人4,000.0012.50%8上海兴嘉股权投资合伙企业（有限合伙）有限合伙人3,000.009.38%9深圳爱众资本管理有限公司有限合伙人2,000.006.25%10上海杉创矿业投资有限公司有限合伙人390.001.22%合计32,000.00100.00%3）杉创智至的基金管理人为上海杉杉创晖创业投资管理有限公司，与杉晖创业管理人相同。（5）上海联炻1）上海联炻基本情况企业名称上海联炻企业管理中心（有限合伙）成立日期2022-1-19注册资本10,010万元人民币执行事务合伙人上海联新资本管理有限公司（实际控制人：无实际控制人）注册地和主要经营场所上海市青浦区五厍浜路203号13幢六层E区680室主营业务股权投资2）上海联炻的合伙人及财产份额结构如下：序号合伙人名称合伙人类型出资额（万元）出资比例1上海联新资本管理有限公司普通合伙人10.000.10%2上海融合产业股权投资基金合伙企业（有限合伙）有限合伙人8,000.0079.92%3上海联新三期创业投资中心（有限合伙）有限合伙人2,000.0019.98%"
MB002,603418,友升股份,MB002_603418_上海友升铝业股份有限公司_招股说明书.pdf,79,gp_lp,新增股东;基金管理人;执行事务合伙人;普通合伙人;有限合伙人;合伙人类型;出资比例,"构如下：序号合伙人姓名合伙人性质出资额（万元）出资比例1张奕锦普通合伙人1.000.02%2张奕彬有限合伙人2,424.0047.99%3芮志明有限合伙人909.0018.00%4陈道秋有限合伙人707.0014.00%5王维生有限合伙人606.0012.00%6范承喜有限合伙人404.008.00%合计5,051.00100.00%2、发行人申报前十二个月新增股东与发行人其他股东、董事、监事、高级管理人员，及与本次发行的中介机构及其负责人、高级管理人员、经办人员之间的关联关系新增股东财投晨源、深圳达晨创程、杭州达晨创程、财智创赢与发起人股东达晨创联基金的执行事务合伙人兼基金管理人均为新增股东达晨财智。发行人董事汪璐为达晨财智员工。新增股东达晨财汇之基金管理人深圳市达晨创业投资有限公司与达晨财智均属于湖南电广传媒股份有限公司控制，但二者投资决策、运营管理均独立进行。"
MB002,603418,友升股份,MB002_603418_上海友升铝业股份有限公司_招股说明书.pdf,80,pe_fund,新增股东;私募投资基金;私募基金;基金编号;基金管理人;执行事务合伙人,"上海友升铝业股份有限公司招股说明书79杉晖创业和杉创智至的执行事务合伙人兼基金管理人为上海杉杉创晖创业投资管理有限公司。除此之外，新增股东与发行人其他股东、董事、监事、高级管理人员、本次发行中介机构及其负责人、高级管理人员、经办人员不存在亲属关系、关联关系，也不存在委托持股、信托持股或其他利益安排，新增股东亦不存在股份代持情形。3、新增股东入股原因、入股价格及定价依据入股原因：发行人因业务增长存在资金需求，拟通过股权融资的方式引入外部股东，新增股东看好新能源汽车产业及轻量化零部件的发展前景。入股价格及定价依据：2022年12月19日，经股东大会审议通过，发行人股本由13,380.00万元增加至14,480.1333万元。本次增资作价为33.6323元/股，增资价格系综合参考发行人的经营状况、财务状况、发展预期等因素后由各方协商确定。（六）股东私募投资基金备案情况截至本招股说明书签署日，公司共有16名机构股东，其中，私募基金股东为10名并均已办理了私募基金产品备案，私募投资基金管理人1名，系达晨财智，达晨财智已办理私募基金管理人备案。另外5名机构股东不属于《中华人民共和国证券投资基金法》《私募投资基金监督管理暂行办法》《私募投资基金管理人登记和基金备案办法（试行）》所规定的私募投资基金或私募投资基金管理人，无需依照相关规定办理私募投资基金备案或私募投资基"
MB002,603418,友升股份,MB002_603418_上海友升铝业股份有限公司_招股说明书.pdf,81,pe_fund,发行人股东;基金编号;基金管理人;执行事务合伙人,0.60%杭州达晨创程0.36%达晨财智0.21%财智创赢0.07%达晨财汇0.21%达晨财汇之基金管理人深圳市达晨创业投资有限公司与达晨财智均属于湖南电广传媒股份有限公司控制，但二者投资决策、运营管理均独立进行。杉晖创业2.05%杉晖创业和杉创智至的执行事务合伙人兼基金管理人均系上海杉杉创晖创业投资管理有限公司。杉创智至0.41%除上述股东间的关联关系外，发行人股东之间不存在其他关联关系。
MB002,603418,友升股份,MB002_603418_上海友升铝业股份有限公司_招股说明书.pdf,82,shareholder,发行人股东,上海友升铝业股份有限公司招股说明书81（八）发行人股东公开发售股份对发行人的控制权、治理结构及生产经营产生的影响本次发行全部为公开发行新股，不涉及发行人股东公开发售股份。十、发行人董事、监事、高级管理人员及其他核心人员的简要情况（一）董事会成员本公司董事会由7名董事组成，其中独立董事三名，董事会成员如下表：姓名职务提名人任职期间罗世兵董事长董事会2023.8.9至2026.8.9金丽燕董事董事会2023.8.9至2026.8.9汪璐董事董事会2023.8.9至2026.8.9罗登董事董事会2023.8.9至2026.8.9刘伟龙独立董事董事会2023.8.9至2026.8.9李阿吉独立董事董事会2023.8.9至2026.8.9张佼独立董事董事会2023.8.9至2026.8.9公司董事会现任成员的基本情况如下：1、罗世兵，男，1970年出生，中国国籍，无境外永久居留权，硕士研究生学历。曾于1994年3月至1998年4月任上海紫明机械有限公司总经理助理；1998年10月至2002年6月任上海卡迪欧医疗器械有限公司副总经理；2000年7月至2002年6月任上海交大全球通信息技术有限公司总经理；2002年7月至2020年8月任友升有限总经理、执行董事、董事长；2020年8
MB002,603418,友升股份,MB002_603418_上海友升铝业股份有限公司_招股说明书.pdf,83,gp_lp,执行事务合伙人,上海友升铝业股份有限公司招股说明书82有限董事。2020年8月至今任友升股份董事；兼任泽升贸易执行董事、经理及共青城泽升执行事务合伙人。3、汪璐，女，1983年出生，中国国籍，无境外永久居留权，硕士研究生学历。曾于2007年7月至2008年8月任中电飞华通讯股份有限公司市场经理；2010年1月至2014年6月任上海电气泰雷兹交通自动化系统有限公司市场发展部经理；2014年6月至2014年8月任高迪安集团公共事务发展部部长、战略发展部总监；2015年2月至2020年12月任上海四维文化传媒股份有限公司监事；2015年5月至2020年4月任上海浦东爱你壹世创新企业发展有限公司董事；2019年4月至2019年8月任上海壹佰米网络科技有限公司董事；2014年8月至今任深圳市达晨财智创业投资管理有限公司上海总经理；2019年至2021年9月任DingDongCayman董事；2020年10月至今任上海悦普广告集团股份有限公司董事；2017年12月至2020年8月任友升有限董事；2020年8月起至今任友升股份董事。其他任职参见本节“十/（五）董事、监事、高级管理人员及其他核心人员兼职情况”。4、罗登，男，1984年出生，中国国籍，无境外永久居留权，本科学历。曾于2007年1月至2012年2月任上海昊钰软件信息技术有限公司研发总监；2012年2月至2013
MB002,603418,友升股份,MB002_603418_上海友升铝业股份有限公司_招股说明书.pdf,84,gp_lp,执行事务合伙人,主任、上海交通大学材料学院讲师、副教授、英国牛津大学材料系高级访问学者。2015年12月至今任上海交通大学材料学院教授；2017年7月至今任上海交通大学凝固科学与技术研究所研究员和教工支部党支部书记；2017年8月至今任上交赛孚尔（包头）新材料有限公司董事长；2017年8月至今任上海市铝业协会副会长；2019年3月至今任奇铝（上海）新材料研究中心（有限合伙）执行事务合伙人；2019年4月至今任昆山晶微新材料研究院有限公司执行董事兼总经理；2019年5月至今任广西百色市铝业协会副会长；2019年6月至今任昆山祁御新材料科技有限公司总经理；2021年1月至今任上海佼会材料科技有限责任公司执行董事；2020年8月至今任友升股份独立董事。（二）监事会成员公司监事会由3名成员组成，其中包括一名职工代表监事，监事会成员如下表：
MB002,603418,友升股份,MB002_603418_上海友升铝业股份有限公司_招股说明书.pdf,88,gp_lp,执行事务合伙人,上海友升铝业股份有限公司招股说明书87姓名在本单位的任职情况兼职单位兼任职务兼职单位与公司关系金丽燕董事泽升贸易执行董事、经理控股股东共青城泽升执行事务合伙人股东张佼独立董事上海交通大学材料学院教授、凝固科学与技术研究所研究院和教工支部党支部书记无关联关系上交赛孚尔（包头）新材料有限公司董事长关联方奇铝（上海）新材料研究中心（有限合伙）执行事务合伙人关联方昆山晶微新材料研究院有限公司执行董事、总经理关联方昆山祁御新材料科技有限公司总经理关联方上海佼会材料科技有限责任公司执行董事关联方上海凝微新材料研究中心（有限合伙）执行事务合伙人关联方上海市铝业协会副会长无关联关系广西百色市铝业协会副会长无关联关系李阿吉独立董事上海品正方远管理咨询有限公司总经理关联方密尔克卫智能供应链服务集团股份有限公司独立董事无关联关系刘伟龙独立董事联华超市股份有限公司安全质量部部长无关联关系上海衡益企业管理咨询有限公司（已吊销）执行董事关联方上海联通教育科技有限公司（已吊销）监事无关联关系汪璐董事深圳市达晨财智创业投资管理有限公司上海总经理股东上海悦普广告集团股份有限公司董事关联方上海国晨创业投资管理有限公司董事关联方除上述已披露兼职情况外，截至本招股说明书签署日，公司董事、监事、高级管理人员及核心技术人员均未在其他单位兼职。（六）董事、监事、高级管理人员及其他核心人员的亲属关系公司董事、监事
MB002,603418,友升股份,MB002_603418_上海友升铝业股份有限公司_招股说明书.pdf,89,shareholder,持有发行人,人员签订的协议及履行情况公司董事、监事、高级管理人员及核心技术人员与公司签订了《劳动合同》/《聘用协议》，与核心技术人员签订了《保密协议》。截至本招股说明书签署日，上述合同履行正常，不存在违约情形。十二、公司董事、监事、高级管理人员及其他核心人员及其近亲属持股情况1、直接持股情况截至本招股说明书签署日，公司董事、监事、高级管理人员及核心技术人员及其近亲属直接持有发行人股份的情况如下表所示：序号姓名职务/亲属关系持股数（万股）持股比例1罗世兵董事长、总经理204.001.41%截至本招股说明书签署日，上述人员所持有的公司股份不存在任何质押或冻结情形。
MB002,603418,友升股份,MB002_603418_上海友升铝业股份有限公司_招股说明书.pdf,90,shareholder,持有发行人,上海友升铝业股份有限公司招股说明书892、间接持股情况截至本招股说明书签署日，公司董事、监事、高级管理人员及核心技术人员及其近亲属间接持有发行人股份的情况如下表所示：序号姓名职务/亲属关系间接持股公司间接持股情况间接持股比例1罗世兵董事长、总经理泽升贸易持有泽升贸易100%股权65.45%共青城泽升持有共青城泽升49.17%的出资额2金丽燕董事、董事长配偶共青城泽升持有共青城泽升16.63%的出资额1.17%3杨小玲罗世兵之兄长配偶共青城泽升持有共青城泽升4.03%的出资额0.28%4罗楚佳罗世兵之兄长之女共青城泽升持有共青城泽升1.34%的出资额0.09%5罗登董事共青城泽升持有共青城泽升4.30%的出资额0.30%6汪璐董事财智创享持有财智创享0.87%的出资额0.00079%7李健监事共青城泽升持有共青城泽升0.54%的出资额0.04%8付忠祥副总经理共青城泽升持有共青城泽升9.13%的出资额0.64%9施红惠董事会秘书共青城泽升持有共青城泽升3.22%的出资额0.23%10王甥财务总监共青城泽升持有共青城泽升1.07%的出资额0.08%11蔡翱副总经理共青城泽升持有共青城泽升1.07%的出资额0.08%12刘旺才副总经理共青城泽升持有共青城泽升0.54%的出资额0.04%13李文通核心技术人员共青城泽升持有共青城泽升0.54%的出资额0.04%14
MB002,603418,友升股份,MB002_603418_上海友升铝业股份有限公司_招股说明书.pdf,92,gp_lp,出资比例,"上海友升铝业股份有限公司招股说明书91十四、公司与董事、监事、高级管理人员及其他核心人员的对外投资情况截至本招股说明书签署日，除持有本公司股份外，公司董事、监事、高级管理人员及核心技术人员主要对外投资情况如下表：姓名本公司任职其他对外投资企业名称出资额（万元）出资比例罗世兵董事长、总经理泽升贸易50.00100.00%共青城泽升457.696349.17%上海卡迪欧医疗器械有限公司（已吊销）18.000.84%武汉顺道环保健康技术有限公司（已吊销）1.003.33%罗登董事共青城泽升40.004.30%天津众帮企业管理合伙企业（有限合伙）5.001.69%汪璐董事宁波市达晨创元股权投资合伙企业（有限合伙）100.001.81%深圳市财智创享咨询服务合伙企业（有限合伙）67.240.87%深圳市达晨创元股权投资企业（有限合伙）150.000.57%上海创成管理咨询合伙企业（有限合伙）60.0013.33%金丽燕董事共青城泽升154.827416.63%张佼独立董事上交赛孚尔（包头）新材料有限公司1,490.1033.11%昆山祁御新材料科技有限公司297.0099.00%奇铝（上海）新材料研究中心（有限合伙）99.5099.50%上海凝微新材料研究中心（有限合伙）90.0030.00%上海佼会材料科技有限责任公司50.00100.00%李阿吉独立董事上海利保华菁投资中心（有限合伙）200.004.44%刘伟龙独立董事上海衡益企业管理咨询有限公司（已吊销）45.0050.00%上海联"
MB002,603418,友升股份,MB002_603418_上海友升铝业股份有限公司_招股说明书.pdf,93,gp_lp,出资比例,上海友升铝业股份有限公司招股说明书92姓名本公司任职其他对外投资企业名称出资额（万元）出资比例王甥财务总监共青城泽升10.001.07%蔡翱副总经理共青城泽升10.001.07%刘旺才副总经理共青城泽升5.000.54%施红惠董事会秘书共青城泽升30.003.22%李文通核心技术人员共青城泽升5.000.54%糜罕峰核心技术人员共青城泽升5.000.54%截至本招股说明书签署日，公司董事、监事、高级管理人员与核心技术人员的对外投资不存在与发行人利益发生冲突的情况。十五、董事、监事、高级管理人员及其他核心人员的薪酬情况（一）董事、监事、高级管理人员及核心技术人员的薪酬组成、确定依据及所履行的程序公司董事（非独立董事）、监事、高级管理人员及核心技术人员的薪酬由基本工资和奖金组成，基本工资以员工岗位为依据确定，奖金以公司年度盈利水平和各部门及个人绩效考核结果为依据确定。公司董事（非独立董事）、监事、高级管理人员的薪酬方案由薪酬与考核委员会提出提案，并提交公司股东大会或董事会审议通过后生效。公司独立董事津贴标准为：每人每年8.00万元（税前）。此外，独立董事出席本公司董事会和股东大会的差旅费及按《公司章程》行使职权所需的合理费用据实报销。（二）董事、监事、高级管理人员及核心技术人员薪酬总额占各期利润总额的比重报告期内
MB002,603418,友升股份,MB002_603418_上海友升铝业股份有限公司_招股说明书.pdf,94,employee_platform,员工持股平台,"是李文通核心技术人员61.02是糜罕峰核心技术人员74.80是合计853.82注：薪酬计算口径为个人薪酬总金额，不包含股份支付的金额。截至本招股说明书签署日，发行人董事、监事、高级管理人员和核心技术人员未享受其他待遇和退休金计划，不存在在合并范围以外的关联方领薪的情况。十六、本次发行前发行人已制定或实施的股权激励及相关安排2018年12月，公司通过共青城泽升员工持股平台实施了股权激励，共青城泽升持有公司1,020.00万股股份，持股比例7.04%。2021年2月，为进一步"
MB002,603418,友升股份,MB002_603418_上海友升铝业股份有限公司_招股说明书.pdf,95,gp_lp,执行事务合伙人;普通合伙人;有限合伙人;员工持股平台,上海友升铝业股份有限公司招股说明书94激励员工，共青城泽升执行事务合伙人金丽燕将40万元出资额转让给9名股权激励对象。除此之外，公司不存在其他已经制定或正在实施的股权激励及相关安排。（一）员工持股平台的基本情况及人员构成截至本招股说明书签署日，共青城泽升具体情况详见本招股说明书本节“七/（二）其他持股5%以上主要股东的情况/1、共青城泽升”之说明。（二）股份锁定期等有关情况共青城泽升已就本次发行前所持公司股份出具了限售安排、自愿锁定、持股及减持意向的承诺，详见本招股说明书“附录一：与投资者保护相关的承诺”。（三）股权激励对公司经营状况、财务状况、控制权等方面的影响公司通过股权激励，进一步健全了公司的长效激励机制，有助于充分调动员工的积极性和创造性，从而促进公司的良性发展。共青城泽升由公司实际控制人金丽燕担任执行事务合伙人，持股平台的设立不会影响公司控制权的稳定性。为公允反映股权激励对公司财务状况的影响，公司对股权激励确认了股份支付费用。1、2018年12月，股份支付的具体情况及会计处理情况2018年12月，共青城泽升合伙人认缴出资额由200万元变更为930.7737万元。新增出资额730.7737万元，其中：金丽燕认缴73.0774万元，罗世兵认缴277.6963万元，其余380万
MB002,603418,友升股份,MB002_603418_上海友升铝业股份有限公司_招股说明书.pdf,96,gp_lp,有限合伙人,上海友升铝业股份有限公司招股说明书95序号合伙人姓名当时任职情况合伙人性质认缴额（万元）出资占比5施红惠财务总监有限合伙人40.00004.30%6赵洪涛董事有限合伙人30.00003.22%7罗登总经理秘书有限合伙人30.00003.22%8张友伟工程技术中心项目经理有限合伙人20.00002.15%9殷明运营总监有限合伙人10.00001.07%10蔡翱副总经理有限合伙人10.00001.07%11姚清涛运营总监有限合伙人10.00001.07%12刘旺才副总经理有限合伙人10.00001.07%13张云飞行政部经理有限合伙人5.00000.54%14简浩财务经理有限合伙人5.00000.54%15万纯生采购部副经理有限合伙人5.00000.54%16李政品保部经理有限合伙人5.00000.54%17李健生产部经理有限合伙人5.00000.54%18于亚静销售部经理有限合伙人5.00000.54%19潘春林设备部经理有限合伙人5.00000.54%20曹捷工程技术中心项目经理有限合伙人5.00000.54%21李文通工程技术中心项目经理有限合伙人5.00000.54%22糜罕峰工程技术中心工程经理有限合伙人5.00000.54%23王立忠工程技术中心项目经理有限合伙人5.00000.54%24周盛礼工程技术中心项目经理有限合伙人5
MB002,603418,友升股份,MB002_603418_上海友升铝业股份有限公司_招股说明书.pdf,97,gp_lp,股权转让;执行事务合伙人;有限合伙人,股权公允价值参考以2020年9月外部投资者金浦临港基金、金浦科创基金和上海骁墨增资友升股份的价格8.3333元/股作为公允价值测算，应确认的股份支付总额223.28万元，等待期为授予日至预计上市之日后36个月（2027年12月），股权激励费用在等待期内摊销。3、授予日后转让份额时股份支付的处理授予日后，存在部分激励员工离职的情况，离职员工将持有的共青城泽升的股权转让给执行事务合伙人金丽燕或其指定的第三方，公司对离职人员已确认的股份支付费用在当期进行冲回，对新授予方的股权按最新的估值重新确认股份支付费用，并在等待期内摊销。
MB002,603418,友升股份,MB002_603418_上海友升铝业股份有限公司_招股说明书.pdf,98,history,股权转让;执行事务合伙人,"上海友升铝业股份有限公司招股说明书97授予日后，存在部分在职员工将持有的共青城泽升的股权转让给执行事务合伙人金丽燕或其指定的第三方，作为加速行权处理，将剩余等待期内应确认的金额立即计入当期损益。综合考虑上述因素，报告期内确认股份支付费用金额分别为144.33万元、247.78万元和266.30万元。十七、发行人员工情况（一）员工基本情况1、员工人数及变化报告期各期末，公司员工人数如下：项目2024.12.312023.12.312022.12.31员工人数3,4652,9842,5692、员工专业结构、受教育程度和年龄分布情况截至2024年12月31日，公司员工专业结构、受教育程度及年龄分布结构如下：项目类别人数占总人数的比例专业结构生产人员2,83781.88%销售人员250.72%管理人员3108.95%研发人员2938.46%合计3,465100.00%项目类别人数占总人数的比例受教育程度硕士及以上210.61%大学（含大专）51714.92%高中及以下2,92784.47%合计3,465100.00%项目类别人数占总人数的比例年龄分布30岁及以下71520.63%31-40岁1,44141.59%41-50岁1,04730.22%"
MB002,603418,友升股份,MB002_603418_上海友升铝业股份有限公司_招股说明书.pdf,109,toc,目录,上海友升铝业股份有限公司招股说明书108已有的存量客户有新需求后，与公司进一步合作，通常情况下整车厂商首先产生新车型开发需求，将新零件的报价要求发给在其合格供应商目录中全部或部分零部件制造供应商进行技术评估和报价，并在综合考虑价格、研发能力、生产能力、质量控制能力、产品交付能力等综合能力因素后确定最终供应商，公司凭借自身的竞争优势获取新项目订单。公司采用的定价方式主要为行业内普遍使用的“成本加成法”，综合考虑原材料价格、加工成本等基础上，根据市场竞争情况确定合理的利润水平，形成产品报价。公司主要产品为铝合金零部件，产品定价一般为铝基价+加工费的形式。不同客户对于产品定价中铝基价的调整机制存在差异，一般可分为固定价格模式和铝价加成模式，对于固定价格模式，公司在铝价大幅变动时会及时与客户协商调价或补差，参考实际铝价和固定价格中的铝基价差异情况，尽可能获得一定的补差金额；对于铝价加成模式，产品价格按照浮动周期（如按月、按季度、按半年度）自动调整，维持合理的盈利水平。公司的销售部和工程技术中心与客户的各部门、各层级有着良性且深入的沟通，一方面与客户一起解决实际生产过程产生的困难和问题，另一方面与客户一起研发探索行业前沿技术，协助并满足客户开发新款车型的零部件需求。公司通过持续不断地了解和开发客户的新需求，获得新订单，维持和强化与客户之间良好的合作关系。公司通过优秀的研发能力及持续稳定的产品质
MB002,603418,友升股份,MB002_603418_上海友升铝业股份有限公司_招股说明书.pdf,116,toc,目录,现汽车强国战略的重大举措。发行人主要产品和业务属于战略性新兴产业，符合国家经济发展战略的方向。根据《战略性新兴产业分类（2018）》，公司所处行业属于“新材料产业”下的“高品质铝材制造”，公司主要产品汽车结构零部件属于该行业中的“汽车结构用铝合金型材（5000、6000、7000系铝合金）”。发行人主要产品和业务符合国家产业政策的方向。根据《产业结构调整指导目录（2024年本）》，公司主要产品属于“十六、汽车”中列示的“轻量化材料应用”，符合国家产业政策。（1）发行人产品符合产业政策和国家经济发展战略汽车工业提升了我国经济的整体实力，起着重要的支柱作用，是保持国民经济持续、快速、健康发展的重要产业，中央及地方相继出台了一系列对汽车行业、新能源汽车、汽车轻量化相关产业的扶持及鼓励政策。根据相关政策法规和发展规划，新能源汽车、轻量化材料是政策鼓励和支持的产业。发行人是集设计、开发、生产、销售、服务于一体的专业铝合金汽车零部件制造商，公司主要产品应用于新能源汽车领域，主要包括门槛梁系列、电池托盘系列、保险杠系列、副车架系列等铝合金汽车零部件产品。公司始终专注于轻量化汽车零部件领域，致力于推动新能源汽车的续航升级和燃油车的节能
MB002,603418,友升股份,MB002_603418_上海友升铝业股份有限公司_招股说明书.pdf,118,toc,目录,及鼓励政策，主要的法律法规及产业政策如下：序号时间发文部门法律法规及政策主要内容12024年商务部、财政部、国家发展改革委、工业和信息化部、公安部、生态环境部、税务总局《汽车以旧换新补贴实施细则》对个人消费者报废国三及以下排放标准燃油乘用车或2018年4月30日前（含当日，下同）注册登记的新能源乘用车，并购买纳入工业和信息化部《减免车辆购置税的新能源汽车车型目录》的新能源乘用车或2.0升及以下排量燃油乘用车，给予一次性定额补贴，进一步推动新能源汽车换代更新。22023年工业和信息化部、财政部、交通运输部、商务部、海关总署、金融监管总局、国家能源局《汽车行业稳增长工作方案（2023-2024年）》支持扩大新能源汽车消费，进一步提升公共领域车辆电动化水平，组织开展新能源汽车下乡活动，鼓励企业开发更多先进适用车型，推动新能源汽车与能源深度融合发展。32023年财政部、国家税务总局、工业和信息化部《关于延续和优化新能源汽车车辆购置税减免政策的公告》在2024年1月1日至2025年12月31日期间的新能源汽车免征车辆购置税，其中，每辆新能源乘用车免税额不超过3万元；对购置日期在2026年1月1日至
MB002,603418,友升股份,MB002_603418_上海友升铝业股份有限公司_招股说明书.pdf,119,toc,目录,成。实现有条件自动驾驶的智能汽车达到规模化生产，实现高度自动驾驶的智能汽车在特定环境下市场化应用。82019年中共中央国务院《交通强国建设纲要》纲要中提及，推广新能源、清洁能源、智能化、数字化、轻量化、环保型交通装备及成套技术装备。92018年统计局战略性新兴产业分类（2018）将汽车结构用铝合金型材（5000、6000、7000系铝合金）列入战略性新兴产业目录102017年发改委、工信部、科技部《汽车产业中长期发展规划》规划中提出：加大汽车节能环保技术的研发和推广。推动先进燃油汽车、混合动力汽车和替代燃料汽车研发，突破整车轻量化等关键技术。完善节能汽车推广机制，通过汽车燃料消耗量限值标准、标识标准以及税收优惠政策等，引导轻量化、小型化乘用车的研发和消费。
MB002,603418,友升股份,MB002_603418_上海友升铝业股份有限公司_招股说明书.pdf,162,employee_platform,核心员工,未来，公司将加大对研发费用的投入，为公司的技术创新、人才培养等创新机制奠定物质基础。公司建立了严格的研发资金审批流程。制度规定，项目研发决策必须建立在全面严谨的背景调查和科学的可行性分析的基础上，并通过公司内部有关部门审批，最后经过总经理批准后方可实施。该制度有效地提高了资金的使用效率，让有限的研发资金可以集中的使用在利于公司长远发展的研发领域。同时，公司对核心员工实施股权激励，鼓励员工尤其是研发人员深入参与公司技术研发和项目开发，深层融入公司团队。公司上市后将积极探索其它的
MB002,603418,友升股份,MB002_603418_上海友升铝业股份有限公司_招股说明书.pdf,198,shareholder,发行人股东,"443.543.87存货周转率（次/年）8.068.889.06息税折旧摊销前利润（万元）65,231.2750,425.5035,770.06利息保障倍数（倍）18.8023.7613.84每股经营活动产生的现金流量（元/股）-1.750.260.34每股净现金流量（元/股）-0.29-1.932.08每股净资产（元/股）13.4310.768.47归属于发行人股东的净利润（万元）40,515.9832,121.7523,303.10归属于发行人股东扣除非经常性损益后的净利润（万元）40,115.9031,907.3422,434.87研发投入占营业收入的比例3.06%3.34%3.67%注：财务指标计算如下：（1）流动比率＝流动资产/流动负债；（2）速动比率＝速动资产/流动负债=（流动资产-预付款项-其他应收款-存货-其他流动资产）/流动负债；（3）资产负债率＝总负债／总资产；（4）应收账款周转率＝营业收入/应收账款平均余额；（5）存货周转率＝营业成本/存货平均余额；（6）息税折旧摊销前利润＝利润总额＋利息支出＋本期计提的折旧费用＋本期无形资产摊销+本期长期待摊费用摊销；（7）利息保障倍数=息税折旧摊销前利润/（计入财务费用的利息支出+计入在建工程资本化的利息支出）；（8）每股经营活动现金净流量＝经营活动产生的现金流量净额／期末总股本；（9）每股净现金流量（元/股）＝现金及现金等价物净增加（减少）额／期末总股本；（10）每股净资产=所有者权益/期末总股本；（11）归属于发行人股东扣除非经常性损益后的净利润=归属于发行人股东的净利润-非经常性损益；（12）研发投入占营业收入的"
MB002,603418,友升股份,MB002_603418_上海友升铝业股份有限公司_招股说明书.pdf,199,special_terms,回购,益率：加权平均净资产收益率=P0/（E0＋NP÷2＋Ei×Mi÷M0–Ej×Mj÷M0±Ek×Mk÷M0）其中：P0分别对应于归属于公司普通股股东的净利润、扣除非经常性损益后归属于公司普通股股东的净利润；NP为归属于公司普通股股东的净利润；E0为归属于公司普通股股东的期初净资产；Ei为报告期发行新股或债转股等新增的、归属于公司普通股股东的净资产；Ej为报告期回购或现金分红等减少的、归属于公司普通股股东的净资产；M0为报告期月份数；Mi为新增净资产次月起至报告期期末的累计月数；Mj为减少净资产次月起至报告期期末的累计月数；Ek为因其他交易或事项引起的、归属于公司普通股股东的净资产增减变动；Mk为发生其他净资产增减变动次月起至报告期期末的累计月数。基本每股收益=P0÷SS=S0＋S1＋Si×Mi÷M0–Sj×Mj÷M0-Sk其中：P0为归属于公司普通股股东的净利润或扣除非经常性损益后归属于普通股股东的净利润；S为发行在外的普通股加权平均数；S0为期初股份总数；S1为报告期因公积金转增股本或股票股利分配等增加股份数；Si为报告期因发行新股或债转股等增加股份数；Sj为报告期因回购等减少股份数；Sk为报告期缩股数；M0报告期月份数；Mi为增加股份次月起至报告期期末的累计月数；Mj为减少股份次月起至报告期期末的累计月数。稀释每股收益=P1/（S0＋S1＋Si×Mi÷M0–Sj×Mj÷M0–Sk+认股权证、股份期权、可转换债券等增加的普通股加权平均数）其中，P1为归属于公司普通股股东的净利润或扣除非经常性损益后归属于公司普通股股东的净利润，并考虑稀释性潜在普通股对其影响，按《企业会计准则》及
MB002,603418,友升股份,MB002_603418_上海友升铝业股份有限公司_招股说明书.pdf,270,history,增资扩股,"有关的现金9,068.3611,389.0210,608.81筹资活动现金流出小计60,781.2861,711.9552,144.49筹资活动产生的现金流量净额55,086.51-7,681.7440,715.79报告期内，公司筹资活动产生的现金流量净额分别为40,715.79万元、-7,681.74万元和55,086.51万元。公司筹资活动现金流入主要为增资扩股过程中收到新的投资款和银行借款，收到其他与筹资活动有关的现金为票据贴现和售后回租；筹资活动现金流出主要为偿还银行借款及租赁负债的本金和利息。（八）重大资本性支出分析1、报告期内重大资本性支出公司报告期内的重大资本性支出主要包括为扩大产能所增加的固定资产投资支出，包括购买生产设备和厂房建设投资支出。报告期内，公司用于购建固定资产、在建工程、无形资产而支付的现金分别为15,641.62万元、24,252.44万元和32,769.25万元，其中固定资产主要为与业务开展密切相关的房屋建筑物及机器设备等。2、重大资本性支出对公司主营业务和经营成果的影响报告期内，通过上述厂房建设、设备购置，公司扩大了铝合金汽车零部件的生产经营规模，提升了生产配套能力，公司主要产品的生产能力和技术水平得到显著提高，为公司未来的持续发展奠定了坚实基础。"
MB002,603418,友升股份,MB002_603418_上海友升铝业股份有限公司_招股说明书.pdf,281,toc,目录,"上海友升铝业股份有限公司招股说明书280二、募集资金投资项目的可行性及与发行人主要业务、核心技术之间的关系（一）募集资金投资项目的可行性分析1、国家产业政策支持为项目建设提供了基础保障本次项目建设符合国家相关支持政策：《产业结构调整指导目录（2019年本）》中将铝合金汽车零部件设置为“鼓励类”范畴；《新材料产业发展指南》要求“加快基础材料转型，发展高强度铝合金材料”；《有色金属工业发展规划（2016-2020年）》提及“大力发展轻合金材料，发展高强度铝合金材料”；《新能源汽车产业发展规划（2021-2035年）》中支持新能源汽车产业链核心企业发展。综上，国家相关支持政策的落地实施，为本项目建设创造了良好的政策环境，有助于本项目的顺利实施。2、项目的实施具有良好的市场前景根据国际铝业协会发布的《中国汽车工业用铝量评估报告（2016-2030）》，由于轻量化的需要以及铝合金使用量的上升，预测2030年中国汽车行业用铝量将达1,070万吨，年复合增长率为9%；公司作为专业的汽车行业铝合金零部件供应商，市场容量巨大。3、公司较强的技术研发实力为项目建设提供了技术基础发行人始终专注于汽车轻量化领域。多年来，发行人通过项目的成功实施及研发、设计及生产技术经验的积累，已经系统掌握高性能铝合金新材料、先进加工工艺和轻量化终端产品设计等三大核心技术，技术水平受到行业内一流客户的认可，公司深厚的技术研发实力为本次项目建设提供了坚实的技术基础保障。4、公司优质稳定的客户资源为项"
MB002,603418,友升股份,MB002_603418_上海友升铝业股份有限公司_招股说明书.pdf,294,shareholder,持有发行人;员工持股平台,免同业竞争的承诺函》，详见本招股说明书“附录一：与投资者保护相关的承诺”。七、关联方及关联交易（一）关联方及关联关系按照《公司法》《企业会计准则第36号——关联方披露》《上海证券交易所股票上市规则》等相关规定，对照发行人实际情况，发行人的关联方及其关联关系如下：序号关联方名称与发行人的关系一、关联法人（一）直接或者间接地控制上市公司的法人1泽升贸易控股股东，持有发行人本次发行前61.99%的股份（二）持有上市公司5%以上股份的法人（或者其他组织）及其一致行动人2达晨创联基金、财投晨源、达晨财智、财智创赢、杭州达晨创程和深圳达晨创程合计持有发行人本次发行前14.28%的股份3共青城泽升持有发行人本次发行前7.04%的股份4金浦临港基金和金浦科创基金合计持有本次发行前8.29%的股份（三）控股子公司
MB002,603418,友升股份,MB002_603418_上海友升铝业股份有限公司_招股说明书.pdf,296,gp_lp,执行事务合伙人,璐之配偶叶永清持有其99.99%的股权并担任其执行董事35上海竑沃企业管理有限公司上海竑鼎企业管理有限公司持有其100%的股权，发行人董事汪璐之配偶叶永清担任其执行董事36上海麦森医疗科技有限公司发行人董事汪璐之配偶叶永清持有其55%的股权并担任其执行董事、总经理37上海心宏投资管理中心（有限合伙）发行人董事汪璐之配偶叶永清持有其26.89%的出资额并担任其执行事务合伙人38上海希斯百瑞仪器有限公司发行人董事汪璐之配偶叶永清持有其50%的股权并担任其执行董事（已于2023年4月19日已注销）39降维股权投资（上海）有限公司发行人董事汪璐之配偶叶永清持有其40%的股权并担任其总经理40上海降维创业投资管理中心（有限合伙）降维股权投资（上海）有限公司为其执行事务合伙人，发行人董事汪璐之配偶叶永清持有其19.80%的出资额41上海降维投资管理中心（有限合伙）降维股权投资（上海）有限公司为其执行事务合伙人42北京西域鼎盛科技有限公司西域供应链有限公司持有其100%的股权，发行人董事汪璐之配偶叶永清担任其执行董事、经理，已于2022年12月注销43三河璟昌供应链有限公司西域供应链有限公司持有其100%的股权，发行人董事汪璐之配偶叶永清担任其执行董事、经理，已于2022年12月注销44上海歆艺瑞咨询管理中心（有限合伙）发行人董事汪璐之配偶叶永清担任其执行事务合伙人45上海规序咨询策划中心（有限合伙）发行人董事汪璐之配偶叶永清担任其执行事务合伙人46上海心缇企业管理中心（有限合伙）发行人董事汪璐之配偶叶永清担任其执行事务合伙人47上海心雁企业管理中心（有限合伙）发行人董事汪璐之配偶叶永清担任
MB002,603418,友升股份,MB002_603418_上海友升铝业股份有限公司_招股说明书.pdf,297,gp_lp,执行事务合伙人,上海衡益企业管理咨询有限公司（已吊销）发行人独立董事刘伟龙持有其50%的股权并担任其执行董事。51上交赛孚尔（包头）新材料有限公司发行人独立董事张佼持有其36.52%的股权并担任其董事长52昆山祁御新材料科技有限公司发行人独立董事张佼持有其99%的股权并担任其总经理53奇铝（上海）新材料研究中心（有限合伙）发行人独立董事张佼持有其99.50%的出资额并担任其执行事务合伙人54昆山晶微新材料研究院有限公司上海凝微新材料研究中心（有限合伙）持有其46.24%的股权，奇铝（上海）新材料研究中心（有限合伙）持有其21.76%的股权，发行人独立董事张佼担任其执行董事、总经理55上海佼会材料科技有限责任公司发行人独立董事张佼持有其100%的股权并担任其执行董事56上海悦会新材料合伙企业（有限合伙）上海佼会材料科技有限责任公司为其执行事务合伙人57上海麟振材料科技有限公司上海佼会材料科技有限责任公司持有80%的股权58上海凝微新材料研究中心（有限合伙）发行人独立董事张佼持有30%的出资额，并担任其执行事务合伙人59上海品正方远管理咨询有限公司发行人独立董事李阿吉担任其总经理60重庆烨迪建筑工程有限公司（已注销）发行人原副总经理罗世国配偶杨小玲之姐妹之配偶胡建成持有其70%的股权并担任其执行董事兼经理；发行人原副总经理罗世国配偶杨小玲之兄弟杨在雄持有其30%的股权，现已注销61重庆烨迪物业管理有限公司（已注销）发行人原副总经理罗世国配偶杨小玲之姐妹之配偶胡建成持有其100%的股权并担任其执行董事兼经理，现已注销62重庆建成铝业有限公司（已注销）发行人原副总经理罗世国配偶杨小玲之姐妹之配偶胡建成
MB002,603418,友升股份,MB002_603418_上海友升铝业股份有限公司_招股说明书.pdf,298,shareholder,持有发行人;执行事务合伙人,上海友升铝业股份有限公司招股说明书297序号关联方名称与发行人的关系（一）直接或间接持有发行人5%以上股份的自然人66罗世兵实际控制人之一，直接持有发行人1.41%的股份，持有泽升贸易100%的股权，持有共青城泽升49.17%的出资额并担任发行人董事长、总经理67金丽燕实际控制人之一，担任泽升贸易执行董事、经理，持有共青城泽升16.63%的出资额并担任其执行事务合伙人，担任发行人的董事（二）其他发行人董事、监事和高级管理人员，参见本招股说明书“第四节董事、监事、高级管理人员与其他核心人员”（三）其他控股股东董事、监事和高级管理人员68张云飞泽升贸易监事（四）其他关联自然人（包括发行人董事、监事、高级管理人员关系密切的家庭成员、直接和间接持有发行人5%以上股份的自然人关系密切的家庭成员）1、其他关联自然人的认定依据根据《上海证券交易所股票上市规则》的规定，具有以下情形之一的自然人，为上市公司的关联自然人：（1）直接或者间接持有上市公司5%以上股份的自然人；（2）上市公司董事、监事和高级管理人员；（3）直接或者间接地控制上市公司的法人（或者其他组织）的董事、监事和高级管理人员；（4）本款第（1）项、第（2）项所述人士的关系密切的家庭成员。2、其他关联自然人的具体情况“其他关联自然人”主要包括发行人董事、监事、高
MB002,603418,友升股份,MB002_603418_上海友升铝业股份有限公司_招股说明书.pdf,332,shareholder,发行人股东;持有发行人;回购,，至发行人股票终止上市并摘牌或者发行人收到相关行政机关相应行政处罚决定或者人民法院生效司法裁判，显示发行人未触及重大违法类强制退市情形前，本公司承诺不减持发行人股份。5、本公司减持发行人股票时，应依照《公司法》《证券法》、中国证券监督管理委员会和上海证券交易所的相关规定执行。6、本公司将忠实履行承诺，如本公司违反上述承诺或法律强制性规定减持股票的，本公司将在发行人股东大会及中国证监会指定报刊上公开说明未履行承诺的具体原因并向股东和社会公众投资者道歉，本公司违规减持发行人股票
MB002,603418,友升股份,MB002_603418_上海友升铝业股份有限公司_招股说明书.pdf,333,shareholder,持有发行人,上海友升铝业股份有限公司招股说明书332所得（以下简称“违规减持所得”）归发行人所有。如本公司未将违规减持所得上交发行人，则发行人有权扣留应付本公司现金分红中与本公司应上交发行人的违规减持所得金额相等的现金分红。（二）持股及减持意向的承诺1、本公司拟长期持有发行人股票。在所持发行人股票的锁定期满后，本公司拟减持股票的，将认真遵守中国证监会、上海证券交易所关于股东减持的相关规定，审慎制定股票减持计划。2、本公司在持有发行人股票锁定期届满后两年内拟减持发行人股票的，减持价格不低于发行人本次公开发行股票的发行价，并通过发行人在减持前三个交易日予以公告，通过证券交易所集中竞价交易首次减持的在减持前15个交易日予以公告，并在相关信息披露文件中披露本公司减持原因、拟减持数量、未来持股意向、减持行为对发行人治理结构、股权结构及持续经营的影响。若发行人上市后发生派息、送股、资本公积转增股本等除权、除息行为的，上述发行价为除权除息后的价格。3、本公司减持公司股份的方式应符合相关法律、法规、规章的规定，包括但不限于交易所集中竞价交易方式、大宗交易方式、协议转让方式等。4、如届时相关法律法规、中国证监会、上海证券交易所对本公司持有的发行人股份的减持另有要求的，本公司将按照相关要求执行。5、上述承诺在本公司作为发行人控股股东期间持续有效。本企业将严格遵守上述承诺，如本企业违反上述承诺进行减持的，违规减持发行人股票所得（以下简称“违规减持所得”）归发行人所有。如本企业未将违规减持所得上交发行人，则发
MB002,603418,友升股份,MB002_603418_上海友升铝业股份有限公司_招股说明书.pdf,334,shareholder,发行人股东;持有发行人;回购,作出之日起，至发行人股票终止上市并摘牌或者发行人收到相关行政机关相应行政处罚决定或者人民法院生效司法裁判，显示发行人未触及重大违法类强制退市情形前，本人承诺不减持发行人股份。5、本人减持发行人股票时，应依照《公司法》《证券法》、中国证券监督管理委员会和上海证券交易所的相关规定执行。6、本人将忠实履行承诺，如本人违反上述承诺或法律强制性规定减持股票的，本人将在发行人股东大会及中国证监会指定报刊上公开说明未履行承诺的具体原因并向股东和社会公众投资者道歉，本人违规减持发行人股票所得（以下简称“违规减持所得”）归发行人所有。如本人未将违规减持所得上交发行人，则发行人有权扣留应付本人现金分红中与本人应上交发行人的违规减持所得金额相等的现金分红。（二）持股及减持意向的承诺1、本人拟长期持有发行人股票。在所持发行人股票的锁定期满后，本人拟减持股票的，将认真遵守中国证监会、上海证券交易所关于股东减持的相关规定，审慎制定股票减持计划。2、本人在持有发行人股票锁定期届满后两年内拟减持发行人股票的，减持价格不低于发行人本次公开发行股票的发行价，并通过发行人在减持前三个交
MB002,603418,友升股份,MB002_603418_上海友升铝业股份有限公司_招股说明书.pdf,335,shareholder,发行人股东;持有发行人;基金管理人;回购,持公司股份的方式应符合相关法律、法规、规章的规定，包括但不限于交易所集中竞价交易方式、大宗交易方式、协议转让方式等。4、如届时相关法律法规、中国证监会、上海证券交易所对本人持有的发行人股份的减持另有要求的，本人将按照相关要求执行。5、上述承诺在本人作为发行人实际控制人期间持续有效。6、本人将忠实履行承诺，如本人违反上述承诺或法律强制性规定减持股票的，本人将在发行人股东大会及中国证监会指定报刊上公开说明未履行承诺的具体原因并向股东和社会公众投资者道歉，本人违规减持发行人股票所得（以下简称“违规减持所得”）归发行人所有。如本人未将违规减持所得上交发行人，则发行人有权扣留应付本人现金分红中与本人应上交发行人的违规减持所得金额相等的现金分红。”（三）持股比例超过5%的股东所持股份的限售安排、自愿锁定、持股及减持意向的承诺本次发行前，其他持有发行人股份超过股份总数5%的股东分别为：1、共青城泽升持有发行人7.04%股份；2、达晨创联基金持有发行人12.43%股份；3、金浦临港基金和金浦科创基金合计持有发行人8.29%股份，两家基金管理人同为上海金浦智能科技投资管理有限公司。股东共青城泽升承诺：“（一）关于所持股份的限售安排、自愿锁定股份、延长锁定期限的承诺1、在发行人股票在上海证券交易所上市之日起36个月之内，不转让或委托他人管理本企业于本次发行前直接或间接持有的发行人股份（包括由该部分股份派生的股份如送红股、资本公积金转增等，下同），也不由发行人回购本企
MB002,603418,友升股份,MB002_603418_上海友升铝业股份有限公司_招股说明书.pdf,336,shareholder,发行人股东;持有发行人,"，至发行人股票终止上市并摘牌或者发行人收到相关行政机关相应行政处罚决定或者人民法院生效司法裁判，显示发行人未触及重大违法类强制退市情形前，本企业承诺不减持发行人股份。5、本企业减持发行人股票时，应依照《公司法》《证券法》、中国证券监督管理委员会和上海证券交易所的相关规定执行。6、本企业将忠实履行承诺，如本企业违反上述承诺或法律强制性规定减持股票的，本企业将在发行人股东大会及中国证监会指定报刊上公开说明未履行承诺的具体原因并向股东和社会公众投资者道歉，本企业违规减持发行人股票所得（以下简称“违规减持所得”）归发行人所有。如本企业未将违规减持所得上交发行人，则发行人有权扣留应付本企业现金分红中与本企业应上交发行人的违规减持所得金额相等的现金分红。（二）持股及减持意向的承诺1、在本企业所持发行人本次公开发行前股票的锁定期满后，本企业拟减持发行人股票的，将认真遵守中国证监会、上海证券交易所关于股东减持的相关规定,审慎制定股票减持计划。2、本企业在持有发行人股票锁定期届满后两年内拟减持发行人股票的，减持数量不超过本企业持有发行人股票的100%；同时，在本企业作为发行人持股5%以上股东期间拟减持发行人股票的，将通过发行人在减持前3个交易日予以公告，通过证券交易所集中竞价交易首次减持的在减持前15个交易日予以公"
MB002,603418,友升股份,MB002_603418_上海友升铝业股份有限公司_招股说明书.pdf,337,gp_lp,执行事务合伙人;回购,则发行人有权扣留应付本企业现金分红中与本企业应上交发行人的违规减持所得金额相等的现金分红。股东达晨创联基金承诺：“（一）关于所持股份的限售安排、自愿锁定股份、延长锁定期限的承诺1、在发行人股票在上海证券交易所上市之日起12个月之内，不转让或委托他人管理本企业于本次发行前持有的发行人股份（包括由该部分股份派生的股份如送红股、资本公积金转增等，下同）（委托本企业执行事务合伙人管理本企业或执行合伙事务除外），也不由发行人回购本企业持有的发行人公开发行股票前已发行的股份。2、本企业减持发行人股票时，依照《公司法》《证券法》、中国证券监督管理委员会和上海证券交易所的相关规定执行。3、本企业将忠实履行承诺，如本企业违反上述承诺或法律强制性规定减持股票的，本企业将按照中国证券监督管理委员会和上海证券交易所的相关规定执行。（二）持股及减持意向的承诺1、在本企业所持发行人本次公开发行前股票的锁定期满后，本企业拟减持发行人股票的，将认真遵守中国证监会、上海证券交易所关于股东减持的相关
MB002,603418,友升股份,MB002_603418_上海友升铝业股份有限公司_招股说明书.pdf,338,shareholder,持有发行人;回购,上海友升铝业股份有限公司招股说明书337规定，审慎制定股票减持计划。2、本企业在持有发行人股票锁定期届满之日起二十四个月内拟减持发行人股票的，减持数量不超过本企业持有发行人股票的100%，减持价格参考减持当时的市场价格且应符合法律法规的相关规定；同时，在本企业作为发行人持股5%以上股东期间拟减持发行人股票的，本企业在减持发行人股票前，将在相关法律法规及规定所规定的时间提前予以公告，并按照上海证券交易所的规则及时、准确地履行信息披露义务，如计划通过上海证券交易所集中竞价交易减持股份的，将在首次卖出的规定时间前向上海证券交易所报告并预先披露减持计划。3、本企业减持发行人股份的方式应符合相关法律、法规、规章的规定，包括但不限于交易所集中竞价交易方式、大宗交易方式、协议转让方式等。4、如相关法律法规、中国证监会、上海证券交易所对本企业持有的发行人股份的减持另有要求的，本企业将按照相关要求执行。5、上述承诺在本企业作为发行人持股5%以上股东期间持续有效；除相关法律法规、上海证券交易所业务规则另有规定外，自本企业持有发行人股份数量低于发行人总股本的5%时，本企业可不再遵守上述各项承诺。本企业将严格遵守上述承诺，如本企业违反上述承诺进行减持的，本企业将严格按照相关法律法规、上海证券交易所业务规则的要求承担相应法律责任
MB002,603418,友升股份,MB002_603418_上海友升铝业股份有限公司_招股说明书.pdf,339,shareholder,持有发行人,上海友升铝业股份有限公司招股说明书338股票的，本企业将按照中国证券监督管理委员会和上海证券交易所的相关规定执行。（二）持股及减持意向的承诺1、在本企业所持发行人本次公开发行前股票的锁定期满后，本企业拟减持发行人股票的，将认真遵守中国证监会、上海证券交易所关于股东减持的相关规定，审慎制定股票减持计划。2、本企业在持有发行人股票锁定期届满后两年内拟减持发行人股票的，减持数量不超过本企业持有发行人股票的100%；同时，在本企业作为发行人持股5%以上股东期间拟减持发行人股票的，将通过发行人在减持前3个交易日予以公告，通过证券交易所集中竞价交易首次减持的在减持前15个交易日予以公告，并在相关信息披露文件中披露拟减持股份的数量、来源、减持时间区间、方式、价格区间、减持原因。若发行人上市后发生派息、送股、资本公积转增股本等除权、除息行为的，上述发行价为除权除息后的价格。3、本企业减持发行人股份的方式应符合相关法律、法规、规章的规定，包括但不限于交易所集中竞价交易方式、大宗交易方式、协议转让方式等。4、如相关法律法规、中国证监会、上海证券交易所对本企业持有的发行人股份的减持另有要求的，本企业将按照相关要求执行。5、上述承诺在本企业作为发行人持股5%以上股东期间持续有效。本企业将严格遵守上述承诺，如本企业违反上述承诺进行减持的，违规减持发行人股票所得（以下简称“违规减持所得”）归发行人所有。如本企业未将违规减持所得上交发行人，则发行人有权扣留应付本企业现金分红中与本企业应上交发行人的违规减持所得金额相等的现金分红。（四）作为董事、高级管理人员的股东
MB002,603418,友升股份,MB002_603418_上海友升铝业股份有限公司_招股说明书.pdf,340,shareholder,发行人股东;持有发行人;回购,之日起，至发行人股票终止上市并摘牌或者发行人收到相关行政机关相应行政处罚决定或者人民法院生效司法裁判，显示发行人未触及重大违法类强制退市情形前，本人承诺不减持发行人股份。（五）本人减持发行人股票时，应依照《公司法》《证券法》、中国证券监督管理委员会和上海证券交易所的相关规定执行。（六）本人将忠实履行承诺，如本人违反上述承诺或法律强制性规定减持股票的，本人将在发行人股东大会及中国证监会指定报刊上公开说明未履行承诺的具体原因并向股东和社会公众投资者道歉，本人违规减持发行人股票所得（以下简称“违规减持所得”）归发行人所有。如本人未将违规减持所得上交发行人，则发行人有权扣留应付本人现金分红中/薪酬中与本人应上交发行人的违规减持所得金额相等的现金分红/薪酬。”（五）监事间接股东所持股份的限售安排、自愿锁定、持股及减持意向的承诺公司监事李健承诺：
MB002,603418,友升股份,MB002_603418_上海友升铝业股份有限公司_招股说明书.pdf,341,shareholder,发行人股东;增资扩股;回购,之日起，至发行人股票终止上市并摘牌或者发行人收到相关行政机关相应行政处罚决定或者人民法院生效司法裁判，显示发行人未触及重大违法类强制退市情形前，本人承诺不减持发行人股份。（四）本人减持发行人股票时，应依照《公司法》《证券法》、中国证券监督管理委员会和上海证券交易所的相关规定执行。（五）本人将忠实履行承诺，如本人违反上述承诺或法律强制性规定减持股票的，本人将在发行人股东大会及中国证监会指定报刊上公开说明未履行承诺的具体原因并向股东和社会公众投资者道歉，本人违规减持发行人股票所得（以下简称“违规减持所得”）归发行人所有。如本人未将违规减持所得上交发行人，则发行人有权扣留应付本人现金分红中/薪酬中与本人应上交发行人的违规减持所得金额相等的现金分红/薪酬。”（六）申请发行上市前12个月内增资入股的股东所持股份的限售安排、自愿锁定、持股及减持意向的承诺申请发行上市前12个月内增资入股的股东财投晨源、深圳达晨创程、杭州达晨创程、达晨财智、财智创赢承诺：“（一）关于所持股份的限售安排、自愿锁定股份、延长锁定期限的承诺1、自发行人完成本企业入股的增资扩股工商变更登记手续之日起36个月不转让或委托他人管理本企业于本次发行前持有的发行人股份（包括由该部分股份派生的股份如送红股、资本公积金转增等，下同）（委托本企业执行事务合
MB002,603418,友升股份,MB002_603418_上海友升铝业股份有限公司_招股说明书.pdf,342,shareholder,持有发行人;执行事务合伙人;回购,券交易所的相关规定执行。本企业将忠实履行承诺，如本企业违反上述承诺或法律强制性规定减持股票的，本企业将按照中国证券监督管理委员会和上海证券交易所的相关规定执行。（二）持股及减持意向的承诺1、在本企业所持发行人本次公开发行前股票的锁定期满后，本企业拟减持发行人股票的，将认真遵守中国证监会、上海证券交易所关于股东减持的相关规定，审慎制定股票减持计划。2、本企业在持有发行人股票锁定期届满之日起二十四个月内拟减持发行人股票的，减持数量不超过本企业持有发行人股票的100%，减持价格参考减持当时的市场价格且应符合法律法规的相关规定；同时，在本企业作为发行人持股5%以上股东期间拟减持发行人股票的，本企业在减持发行人股票前，将在相关法律法规及规定所规定的时间提前予以公告，并按照上海证券交易所的规则及时、准确地履行信息披露义务，如计划通过上海证券交易所集中竞价交易减持股份的，将在首次卖出的规定时间前向上海证券交易所报告并预先披露减持计划。3、本企业减持发行人股份的方式应符合相关法律、法规、规章的规定，包括但不限于交易所集中竞价交易方式、大宗交易方式、协议转让方式等。4、如相关法律法规、中国证监会、上海证券交易所对本企业持有的发行人股份的减持另有要求的，本企业将按照相关要求执行。5、上述承诺在本企业作为发行人持股5%以上股东期间持续有效；除相关
MB002,603418,友升股份,MB002_603418_上海友升铝业股份有限公司_招股说明书.pdf,343,shareholder,发行人股东;持有发行人;增资扩股;回购,"本企业将按照中国证券监督管理委员会和上海证券交易所的相关规定执行。（二）持股及减持意向的承诺1、本企业减持发行人股份的方式应符合相关法律、法规、规章的规定，包括但不限于交易所集中竞价交易方式、大宗交易方式、协议转让方式等。如届时相关法律法规、中国证监会、上海证券交易所对本企业持有的发行人股份的减持另有要求的,本企业将按照相关要求执行。2、上述承诺在本企业作为发行人股东期间持续有效。”股东杉晖创业、杉创智至、达晨财汇、安吉璞颉承诺"
MB002,603418,友升股份,MB002_603418_上海友升铝业股份有限公司_招股说明书.pdf,344,shareholder,发行人股东;增资扩股;回购,"企业将按照中国证券监督管理委员会和上海证券交易所的相关规定执行。”（二）持股及减持意向的承诺1、本企业减持发行人股份的方式应符合相关法律、法规、规章的规定,包括但不限于交易所集中竞价交易方式、大宗交易方式、协议转让方式等。如届时相关法律法规、中国证监会、上海证券交易所对本企业持有的发行人股份的减持另有要求的，本企业将按照相关要求执行。2、上述承诺在本企业作为发行人股东期间持续有效。”（七）公司其他股东的限售安排、自愿锁定、持股及减持意向的承诺公司股东上海骁墨承诺：“（一）关于所持股份的限售安排、自愿锁定股份、延长锁定期限的承诺1、在发行人股票在上海证券交易所上市之日起12个月之内，不转让或委托他人管理本企业于本次发行前直接或间接持有的发行人股份（包括由该部分股份派生的股份如送红股、资本公积金转增等，下同），也不由发行人回购本企业持有的发行人公开发行股票前已发行的股份。2、本企业减持发行人股票时，依照《公司法》《证券法》、中国证券监督管"
MB002,603418,友升股份,MB002_603418_上海友升铝业股份有限公司_招股说明书.pdf,345,shareholder,发行人股东,本企业将按照中国证券监督管理委员会和上海证券交易所的相关规定执行。（二）持股及减持意向的承诺1、本企业减持发行人股份的方式应符合相关法律、法规、规章的规定，包括但不限于交易所集中竞价交易方式、大宗交易方式、协议转让方式等。如届时相关法律法规、中国证监会、上海证券交易所对本企业持有的发行人股份的减持另有要求的，本企业将按照相关要求执行。2、上述承诺在本企业作为发行人股东期间持续有效。”二、关于稳定公司股价的预案及承诺发行人及控股股东泽升贸易，实际控制人罗世兵、金丽燕，董事罗登、汪璐，高级管理人员付忠祥、蔡翱、刘旺才、王甥、施红惠承诺：“（一）稳定公司股价预案启动情形自公司股票正式挂牌上市之日起三年内，除不可抗力等因素所导致的股价下跌之外，若公司股票连续20个交易日的收盘价（如果因派发现金红利、送股、转增股本、增发新股等原因进行除权、除息的，须按照证券交易所的有关规定作复权处理，下同）均低于公司上一会计年度期末经审计的每股净资产（每股净资产=合并财务报表中的归属于公司普通股股东权益合计数÷年末公司股份总数，下同）情形时，为维护广大股东利益，增强投资者信心，维护公司股价稳定，公司将启动股价稳定措施。（二）责任主体采取稳定公司股价措施的责任主体包括公司、控股股东以及公司的董事（不包括公司独立董事）和高级管理人员。应采取稳定股价措施的董事、高级管理人员既包括在公司上市时任职的董事、高级管理人员，也包括公司上市后三年内新任职董事、高级管理人员。
MB002,603418,友升股份,MB002_603418_上海友升铝业股份有限公司_招股说明书.pdf,346,special_terms,回购,上海友升铝业股份有限公司招股说明书345（三）股价稳定措施的方式及顺序公司稳定股价措施包括：由公司回购公司股票；由控股股东增持公司股票；由公司董事、高级管理人员增持公司股票。上述措施可单独或合并采用。选用前述方式时应考虑：（1）不能导致公司不满足法定上市条件；（2）不能迫使控股股东履行要约收购义务。股价稳定措施的实施顺序如下：（1）第一选择为公司回购股票，但如公司回购股票将导致公司不满足法定上市条件，则第一选择为控股股东增持公司股票；（2）第二选择为控股股东增持公司股票。在下列情形之一出现时将启动第二选择：A、公司无法实施回购股票或回购股票议案未获得公司股东大会批准，且控股股东增持公司股票不会致使公司将不满足法定上市条件或触发控股股东的要约收购义务；B、公司虽实施股票回购计划但仍未满足连续5个交易日的收盘价均已高于公司最近一期经审计的每股净资产之条件。（3）第三选择为董事、高级管理人员增持公司股票。启动该选择的条件为：在控股股东增持公司股票方案实施完成后，如公司股票仍未满足连续5个交易日的收盘价均已高于公司最近一期经审计的每股净资产之条件，并且董事、高级管理人员增持公司股票不会致使公司将不满足法定上市条件或触发董事、高级管理人员的要约收购义务。（四）实施公司回购股票的程序在达到触发启动股价稳定措施条件的情况下，公司将在1
MB002,603418,友升股份,MB002_603418_上海友升铝业股份有限公司_招股说明书.pdf,347,special_terms,回购,上海友升铝业股份有限公司招股说明书346报送相关材料，办理审批或备案手续。在满足法定条件下依照决议通过的实施回购股票的议案中所规定的价格区间、期限实施回购。公司回购股份的资金为自有资金，回购股份的价格不超过最近一期经审计的每股净资产，回购股份的方式为集中竞价交易方式、要约方式或证券监督管理部门认可的其他方式。公司为稳定股价进行股份回购的，还应遵循下列原则：单次用于回购股份的资金金额不高于上一个会计年度经审计的归属于母公司股东净利润的10%，单一会计年度用于稳定股价的回购资金合计不超过上一会计年度经审计的归属于母公司净利润的30%；超过上述标准的，有关稳定股价措施在当年度不再继续实施。除非出现下列情形，公司将在股东大会决议作出之日起6个月内回购股票：（1）公司股票连续5个交易日的收盘价均已高于公司最近一期经审计的每股净资产；（2）继续回购股票将导致公司不满足法定上市条件。单次实施回购股票完毕或终止后，本次回购的公司股票应在实施完毕或终止之日起10日内注销，并及时办理公司减资程序。若某一会计年度内公司股价多次触发上述启动稳定股价措施的条件（不包括公司实施稳定股价措施期间及自实施完毕当次稳定股价措施并由公司公告日后开始计算的连续20个交易日股票收盘价仍低于最近一期经审计的每股净资产的情形），公司将继续按照上述稳定股价措施预案执行。（五）
MB002,603418,友升股份,MB002_603418_上海友升铝业股份有限公司_招股说明书.pdf,348,special_terms,回购,上海友升铝业股份有限公司招股说明书347控股股东将在达到触发启动股价稳定措施条件或公司股东大会作出不实施回购股票计划的决议之日起30日内向公司提交增持公司股票的方案并由公司公告。B、公司已实施股票回购计划公司虽实施股票回购计划但仍未满足公司股票连续5个交易日的收盘价均已高于公司最近一期经审计的每股净资产之条件，公司控股股东将在公司股票回购计划实施完毕或终止之日起30日内向公司提交增持公司股票的方案并由公司公告。（2）控股股东增持公司股票的计划在履行相应的公告等义务后，控股股东将在满足法定条件下依照方案中所规定的价格区间、期限实施增持。控股股东增持股票的金额不超过控股股东上年度从公司领取的分红，增持股份的价格不超过最近一期经审计的每股净资产，且单次及/或连续十二个月增持数量不超过公司股份总数的2%。公司不得为控股股东实施增持公司股票提供资金支持。若某一会计年度内公司股价多次触发上述启动股价稳定措施的条件（不包括控股股东实施稳定股价措施期间及自实施完毕当次稳定股价措施并由公司公告日后开始计算的连续20个交易日股票收盘价仍低于最近一期经审计的每股净资产的情形），控股股东将继续按照上述稳定股价预案执行。除非出现下列情形，控股股东将在增持方案公告之日起6个月内实施增持公司股票计划：A、公司股票连续5个交易日的收盘价均已高于公司最近一期经
MB002,603418,友升股份,MB002_603418_上海友升铝业股份有限公司_招股说明书.pdf,349,special_terms,回购,得薪酬总额和现金分红（税后，下同）的10%，增持股份的价格不超过最近一期经审计的每股净资产。董事、高级管理人员增持公司股票在达到以下条件之一的情况下终止：（1）公司股票连续5个交易日的收盘价均已高于公司最近一期经审计的每股净资产；（2）继续增持股票将导致公司不满足法定上市条件；（3）继续增持股票将导致需要履行要约收购义务且其未计划实施要约收购。”三、关于股份回购和股份购回的措施和承诺（一）发行人关于股份回购和股份购回的措施和承诺发行人承诺：本公司向上海证券交易所提交的招股说明书的内容真实、准确、完整，不存在虚假记载、误导性陈述或重大遗漏，本公司按照诚信原则履行承诺，并承担相应的法律责任。若有权部门或司法机关认定本公司招股说明书中存在虚假记载、误导性陈述或者重大遗漏，且对判断本公司是否符合法律规定的发行条件构成重大、实质影响的，本公司将及时制定股份回购的具体方案，提交董事会、股东大会审议，并进行公告，在收到有权部门或司法机关的书面认定后5个交易日内启动股份回购措施，以二级市场价格依法回购本次公开发行的全部新股，法律法规另有规定的从其规定。若因本公司招股说明书中的内容存在虚假记载、误导性陈述或者重大遗漏，致使投资者在证券交易中遭受损失的，本公司将依法赔偿投资者损失。（二）控股股东关于股份回购和股份购回的措施和承诺公司控股股东泽升贸易承诺：
MB002,603418,友升股份,MB002_603418_上海友升铝业股份有限公司_招股说明书.pdf,350,special_terms,回购,海友升铝业股份有限公司招股说明书349发行人向上海证券交易所提交的招股说明书的内容真实、准确、完整，不存在虚假记载、误导性陈述或重大遗漏，本公司按照诚信原则履行承诺，并承担相应的法律责任。若有权部门或司法机关认定发行人招股说明书中存在虚假记载、误导性陈述或者重大遗漏，且对判断发行人是否符合法律规定的发行条件构成重大、实质影响的，本公司承诺将督促发行人履行股份回购事宜的决策程序，并在发行人召开股东大会对回购股份做出决议时，承诺就该等回购事宜在股东大会中投赞成票，且本公司将购回已转让的原限售股份。若因发行人招股说明书中的内容存在虚假记载、误导性陈述或者重大遗漏，致使投资者在证券交易中遭受损失的，本公司将依法对投资者的损失承担连带赔偿责任，但是能证明本公司无过错的除外。（三）实际控制人关于股份回购和股份购回的措施和承诺公司实际控制人罗世兵、金丽燕承诺：发行人向上海证券交易所提交的招股说明书的内容真实、准确、完整，不存在虚假记载、误导性陈述或重大遗漏，本人按照诚信原则履行承诺，并承担相应法律责任。若有权部门或司法机关认定发行人招股说明书中存在虚假记载、误导性陈述或者重大遗漏，且对判断发行人是否符合法律规定的发行条件构成重大、实质影响的，本人承诺将督促发行人履行股份回购事宜的决策程序，并督促控股股东购回已转让的原限售股份。若因发行人招股说明书中的内容存在虚假记载、误导性陈述或者重大遗漏，致使投资者在证券交易中遭受损失的，本人将依法对投资者的损失承担连带赔偿责任，但是能够证明自己无过错的除外。四、关于欺诈发行上市的股份购回承诺（一）发行人关于欺诈发行上市的股份购回承诺发行人承诺：“（一）保
MB002,603418,友升股份,MB002_603418_上海友升铝业股份有限公司_招股说明书.pdf,351,special_terms,回购,上海友升铝业股份有限公司招股说明书350发行上市的，本公司将在中国证监会等有权部门确认后五个工作日内启动股份回购程序，购回公司本次公开发行的全部新股。”（二）控股股东关于欺诈发行上市的股份购回承诺公司控股股东泽升贸易承诺：“（一）保证发行人本次公开发行股票并上市不存在任何欺诈发行的情形。（二）如果发行人不符合发行上市条件，以欺诈手段骗取发行注册并已经发行上市的，本公司将在中国证监会等有权部门确认后五个工作日内以电子邮件或其他书面或口头方式督促发行人启动股份购回程序，购回发行人本次公开发行的全部新股。”（三）实际控制人关于欺诈发行上市的股份购回承诺公司实际控制人罗世兵、金丽燕承诺：“（一）保证发行人本次公开发行股票并上市不存在任何欺诈发行的情形。（二）如果发行人不符合发行上市条件，以欺诈手段骗取发行注册并已经发行上市的，本人将在中国证监会等有权部门确认后五个工作日内以电子邮件或其他书面或口头方式督促发行人启动股份购回程序，购回发行人本次公开发行的全部新股。”五、关于填补被摊薄即期回报的措施及承诺（一）发行人关于填补被摊薄即期回报的承诺发行人承诺：“本次发行上市完成后，可能导致投资者的即期回报被摊薄，为保证本次募集资金有效使用、有效防范股东即期回报被摊薄的风险和提高公司未来的持续回报能力，发行人拟采取的具体措施如下：（一）迅速提升公司
MB002,603418,友升股份,MB002_603418_上海友升铝业股份有限公司_招股说明书.pdf,357,shareholder,发行人股东,应得的现金分红，同时不得转让本人直接或间接持有的发行人股份，直至本人将违规收益足额交付发行人为止。”（四）董事、监事、高级管理人员关于未履行承诺时的约束措施的承诺公司全体董事、监事、高级管理人员承诺：“如未能履行本人在发行人首次公开发行股票并上市过程中所作出的各项公开承诺事项的，本人将采取以下措施予以约束：1、本人将立即采取措施消除违反承诺事项；2、本人将在发行人股东大会及中国证监会指定的报刊上公开说明未履行的具体原因并向发行人股东和社会公众投资者道歉；3、经有权机关认定本人所承担责任后，本人同意停止在发行人处领取薪酬或津贴及股东分红（如有）；4、本人直接或间接持有的发行人股份（如有）将不得转让，直至本人按相关承诺采取相应的措施并实施完毕时为止；5、发行人具有依据本承诺向本人提起诉讼的权利。”
MB002,603418,友升股份,MB002_603418_上海友升铝业股份有限公司_招股说明书.pdf,361,shareholder,发行人股东,司、本公司控制的其他企业在与发行人或其控股子公司的关联交易中谋取不正当利益；（二）如果本公司、本公司控制的其他企业与发行人或其控股子公司不可避免地出现关联交易，保证按相关法律、法规、规章、规范性文件及发行人章程等制度的规定履行交易程序及信息披露义务。本公司将严格执行相关回避制度，依法诚信地履行股东的义务，不会利用关联人的地位，就上述关联交易采取任何行动以促使发行人股东大会、董事会作出侵犯发行人及其他股东合法权益的决议；（三）发行人或其控股子公司与本公司、本公司控制的其他企业之间的关联交易将遵循公正、公平的原则进行，确保交易价格公允，不损害发行人及其控股子公司的合法权益；
MB002,603418,友升股份,MB002_603418_上海友升铝业股份有限公司_招股说明书.pdf,362,shareholder,发行人股东,地位为本人、本人控制的其他企业在与发行人或其控股子公司的关联交易中谋取不正当利益；（二）如果本人、本人控制的其他企业与发行人或其控股子公司不可避免地出现关联交易，保证按相关法律、法规、规章、规范性文件及发行人章程等制度的规定履行交易程序及信息披露义务。本人将严格执行相关回避制度，依法诚信地履行股东的义务，不会利用关联人的地位，就上述关联交易采取任何行动以促使发行人股东大会、董事会作出侵犯发行人及其他股东合法权益的决议；（三）发行人或其控股子公司与本人、本人控制的其他企业之间的关联交易将遵循公正、公平的原则进行，确保交易价格公允，不损害发行人及其控股子公司的合法权益；（四）如本承诺函被证明是不真实或未被遵守，本人将向发行人赔偿一切直接和间接损失。（五）上述承诺在本人作为发行人实际控制人期间持续有效。”（三）董事、监事、高级管理人员关于减少及规范关联交易的承诺公司全体董事、监事、高级管理人员承诺：“（一）严格遵守《中华人民共和国公司法》《上海友升铝业股份有限公司章程》《上海友升铝业股份有限公司关联交易决策制度》《上海友升铝业股份有
MB002,603418,友升股份,MB002_603418_上海友升铝业股份有限公司_招股说明书.pdf,363,shareholder,发行人股东,地位为本人、本人控制的其他企业在与发行人或其控股子公司的关联交易中谋取不正当利益；（二）如果本人、本人控制的其他企业与发行人或其控股子公司不可避免地出现关联交易，保证按相关法律、法规、规章、规范性文件及发行人章程等制度的规定履行交易程序及信息披露义务。本人将严格执行相关回避制度，依法诚信地履行股东的义务，不会利用关联人的地位，就上述关联交易采取任何行动以促使发行人股东大会、董事会作出侵犯发行人及其他股东合法权益的决议；（三）发行人或其控股子公司与本人、本人控制的其他企业之间的关联交易将遵循公正、公平的原则进行，确保交易价格公允，不损害发行人及其控股子公司的合法权益；（四）如本承诺函被证明是不真实或未被遵守，本人将向发行人赔偿一切直接和间接损失。（五）上述承诺在本人作为发行人董事/监事/高级管理人员期间持续有效。”（四）持股比例超过5%的股东关于减少及规范关联交易的承诺股东共青城泽升、金浦临港基金、金浦科创基金承诺：“（一）严格遵守《中华人民共和国公司法》《上海友升铝业股份有限公司章程》《上海友升铝业股份有限公司关联交易决策制度》《上海友升铝业股份有限公司股东大会议事规则》《上海友升铝业股份有限公司董事会议事规则》等关于关联交易的管理规定，避免和减少关联交易，自觉维护发行人及全体股东的利益，不利用本公司在发行人中的地位为本公司、本公司控制的其他企业在与发行人或其控股子公司的关联交易中谋取不正当利益；（二）如果本公司、本公司控制的其他企业与发行人或其控股子公司不可避免地出现关联交易，保证按相关法律、法规、规章、规范性文件及发行人章程等制度的规定履行交易程序及信息披露义务。本公司将严
MB002,603418,友升股份,MB002_603418_上海友升铝业股份有限公司_招股说明书.pdf,364,shareholder,发行人股东,上海友升铝业股份有限公司招股说明书363度，依法诚信地履行股东的义务，不会利用关联人的地位，就上述关联交易采取任何行动以促使发行人股东大会、董事会作出侵犯发行人及其他股东合法权益的决议；（三）发行人或其控股子公司与本公司、本公司控制的其他企业之间的关联交易将遵循公正、公平的原则进行，确保交易价格公允，不损害发行人及其控股子公司的合法权益；（四）如本承诺函被证明是不真实或未被遵守，本公司将向发行人赔偿一切直接和间接损失。（五）上述承诺在本公司作为发行人持股比例超过5%的股东期间持续有效。”股东达晨创联基金、财投晨源、深圳达晨创程、杭州达晨创程、达晨财智、财智创赢承诺：“（一）严格遵守《中华人民共和国公司法》《上海友升铝业股份有限公司章程》《上海友升铝业股份有限公司关联交易决策制度》《上海友升铝业股份有限公司股东大会议事规则》《上海友升铝业股份有限公司董事会议事规则》等关于关联交易的管理规定，采取合法及有效的措施尽量避免和减少不合理的关联交易，自觉维护发行人及全体股东的利益，采取合法有效的措施，促使不利用本企业在发行人中的地位为本企业、本企业控制的企业在与发行人或其控股子公司的关联交易中谋取不正当利益；（二）如果本企业、本企业控制的其他企业与发行人或其控股子公司不可避免地出现关联交易，本企业将严格执行相关回避制度，依法诚信地履行股东的义务；（三）本企
MB002,603418,友升股份,MB002_603418_上海友升铝业股份有限公司_招股说明书.pdf,366,shareholder,持有发行人;历史沿革,上海友升铝业股份有限公司招股说明书365“（一）本公司已在招股说明书中真实、准确、完整的披露了股东信息；（二）本公司就历史沿革中存在的股权代持情况已在招股说明书中完全披露，除已披露的股权代持情况外，不存在其他股权代持、委托持股等情形，不存在股权争议或潜在纠纷等情形；（三）本公司不存在法律法规规定禁止持股的主体直接或间接持有发行人股份的情形；（四）本次发行的中介机构或其负责人、高级管理人员、经办人员不存在直接或间接持有发行人股份情形；（五）本公司不存在以发行人股权进行不当利益输送情形；（六）若本公司违反上述承诺，将承担由此产生的一切法律后果。”十三、关于在审期间不进行现金分红的承诺发行人承诺：“本公司在首次公开发行股票并上市审核期间不以现金分红方式进行利润分配。”十四、关于业绩下滑情形的承诺（一）控股股东关于业绩下滑情形的承诺“（一）发行人上市当年较上市前一年扣除非经常性损益后归母净利润下滑50%以上的，延长本公司届时所持股份（上市前取得，上市当年年报披露时仍持有的股份）锁定期限6个月。（二）发行人上市第二年较上市前一年扣除非经常性损益后归母净利润下滑50%以上的，在前项基础上延长本公司届时所持股份（上市前取得，上市之后第二年年报披露时仍持有的股份）锁定期限6个月。（三）发行人上市第三年较上市前一年扣除非经常性损益后归母净利润下滑50%以上的，在前两项基础上延长本公司届时所持股份（上市前取得，上市之后第三年年报披露时仍持有的股份）锁定期限6个月。”
MB002,603418,友升股份,MB002_603418_上海友升铝业股份有限公司_招股说明书.pdf,374,shareholder,发行人股东,律法规、规范性文件的规定。2、公司根据生产经营情况、投资规划和长期发展的需要等原因需调整利润分配政策的，应由公司董事会根据实际情况提出利润分配政策调整议案，由独立董事、监事会发表意见，经公司董事会审议通过后提请股东大会审议，并经出席股东大会的股东所持表决权的三分之二以上通过。公司调整利润分配政策，应当提供网络投票等方式为公众股东参与股东大会表决提供便利。三、发行人股东投票机制的建立情况依据公司上市后适用的《公司章程（草案）》，有关股东投票机制的主要规定如下：（一）累积投票制度1、股东大会就选举两名以上董事、监事进行表决时，实行累积投票制。2、前款所称累积投票制是指股东大会在选举董事或者监事时，每一股份拥有与应选董事或者监事人数相同的表决权，股东拥有的表决权可以集中使用。3、股东大会以累积投票方式选举董事的，独立董事和非独立董事的表决应当分别进行。
MB002,603418,友升股份,MB002_603418_上海友升铝业股份有限公司_招股说明书.pdf,376,shareholder,发行人股东,上海友升铝业股份有限公司招股说明书375附录三：发行人股东大会、董事会、监事会、独立董事和董事会秘书制度的建立健全及运行情况一、股东大会制度的建立健全及运行情况（一）股东大会制度建立健全情况2020年8月12日，公司召开2020年第一次临时股东大会暨创立大会，审议通过了《公司章程》和《股东大会议事规则》，股东大会按照有关法律、法规、规范性文件、《公司章程》及《股东大会议事规则》的规定行使权力和履行义务。公司2023年第一次临时股东大会审议通过了公司上市后适用的《公司章程（草案）》并修订了《股东大会议事规则》。《股东大会议事规则》对股东大会的职权、召集与通知、提案、召开与决议、会议记录等内容进行详细的规定，符合法律、法规和规范性文件的规定。（二）股东大会制度运行情况报告期内，发行人共召开14次股东大会，全体股东出席了历次股东大会，并依法履行职权，对公司重大事项作出决策。二、董事会制度的建立健全及运行情况（一）董事会制度建立健全情况公司于2020年8月12日召开创立大会暨2020年第一次临时股东大会，根据《公司法》《上市公司章程指引》的相关规定制定了《公司章程》，建立了董事会制度，审议通过《董事会议事规则》，进一步规范董事会的运行。公司董事会由7名董事组成，其中独立董事3名。
GEM001,301581,黄山谷捷,GEM001_301581_黄山谷捷股份有限公司_招股说明书.pdf,6,toc,目录,黄山谷捷股份有限公司招股说明书1-1-5目录声明............................................................................................................................1致投资者的声明...........................................................................................................2本次发行概况...............................................................................................................4目录............................................................................................................................5第一节释义..........................
GEM001,301581,黄山谷捷,GEM001_301581_黄山谷捷股份有限公司_招股说明书.pdf,7,shareholder,持有发行人,黄山谷捷股份有限公司招股说明书1-1-6六、发行人控股子公司、参股公司情况..........................................................48七、持有发行人5%以上股份或表决权的主要股东及实际控制人情况.......49八、特别表决权股份或类似安排情况..............................................................57九、协议控制架构情况......................................................................................57十、控股股东、实际控制人的合法合规情况..................................................57十一、发行人股本情况......................................................................................57十二、董事、监事、高级管理人员与其他核心人员......................................64十三、发行人本次公开发行申报前已经制定或实施的股权激励及相关安排..........................................
GEM001,301581,黄山谷捷,GEM001_301581_黄山谷捷股份有限公司_招股说明书.pdf,9,toc,目录,.............................................................303第十二节附件.......................................................................................................304一、附件目录....................................................................................................304二、查阅时间及地点........................................................................................305三、落实投资者关系管理相关规定的安排、股利分配决策程序、股东投票机制建立情况................................................................................................................305四、本次发行相关主体作出的重要承诺........................................................308五、股东大会、董事会、监事会、独立董事、董事会秘书以及审计委员会等机构的运行及履职情况...........................................
GEM001,301581,黄山谷捷,GEM001_301581_黄山谷捷股份有限公司_招股说明书.pdf,10,shareholder,发行人股东,"行人、黄山谷捷、股份公司指黄山谷捷股份有限公司谷捷有限指黄山谷捷散热科技有限公司，系发行人前身黄山广捷指黄山广捷表面处理科技有限公司，系发行人控股子公司黄山供销集团指黄山供销集团有限公司，系发行人控股股东黄山市供销社指黄山市供销合作社联合社，系发行人实际控制人昆山谷捷指昆山谷捷金属制品有限公司，曾为发行人控股股东赛格高技术指深圳赛格高技术投资股份有限公司，系发行人股东上汽科技指SAICTECHNOLOGIESFUNDII,LLC，系发行人股东黄山佳捷指黄山佳捷股权管理中心（有限合伙），系发行人股东英飞凌（Infineon）指英飞凌科技股份公司（InfineonTechnologiesAG），世界领先的半导体企业，全球功率半导体龙头企业，前身是西门子集团的半导体部门博世（Bosch）指博世集团（RobertBoschGmbH），世界500强企业，全球领先的汽车技术和服务供应商联合汽车电子指联合汽车电子有限公司（UnitedAutomotiveElectronicSystemsCo.,Ltd.），由博世与中联汽车电子有限公司共同投资组建的合资企业安森美（Onsemi）指ONsemiconductorcorporation，世界领先的半导体制造商，于1999年由摩托罗拉半导体业务部门分拆而来深圳安森美指深圳南山安森美半导体有限公司，为安森美全资子公司，是中国半导体行业第一家外商投资企业日立（Hitachi）指日立集团，世界500强企业，在汽车系统、绿色能源等领域具有领先的市场地位，系全球知名汽车零部件供应商意法半导体（ST）指STMicroelectronics，全球领先的半导体生产"
GEM001,301581,黄山谷捷,GEM001_301581_黄山谷捷股份有限公司_招股说明书.pdf,29,shareholder,发行人股东,"当期损益的政府补助，但与企业正常经营业务密切相关，符合国家政策规定，按照一定标准定额或定量持续享受的政府补助除外1,084.22511.10除上述各项之外的其他营业外收入和支出-2.180.69其他符合非经常性损益定义的损益项目-2.86小计1,082.26511.93减：所得税影响额162.3480.00少数股东权益影响额（税后）-0.11-0.01归属于发行人股东的非经常性损益920.03431.94（二）2024年度业绩预计情况基于已实现的经营情况，结合市场供需情况以及公司自身的经营情况预测等，公司预计2024年度财务数据情况如下：单位：万元项目2024年度2023年度变动营业收入75,990.00至76,740.0075,898.640.12%至1.11%归属于母公司所有者的净利润12,900.00至13,210.0015,728.32-17.98%至-16.01%"
GEM001,301581,黄山谷捷,GEM001_301581_黄山谷捷股份有限公司_招股说明书.pdf,39,gp_lp,出资比例,"黄山谷捷股份有限公司招股说明书1-1-38设立时，谷捷有限的股权结构如下：序号股东姓名/名称出资额（万元）出资比例（%）1昆山谷捷1,000.00100.00合计1,000.00100.002、股份公司设立情况2022年8月5日，中审众环会计师出具《审计报告》（众环审字（2022）0113941号），确认截至2022年5月31日，谷捷有限经审计后的净资产为20,152.51万元。2022年8月7日，中联国信出具《资产评估报告》（皖中联国信评报字（2022）第223号），确认截至2022年5月31日，谷捷有限净资产评估值为28,244.00万元。2022年8月24日，黄山市供销社、黄山供销集团出具《关于黄山谷捷散热科技有限公司整体改制变更设立股份有限公司的批复》（黄供集团[2022]44号）注1，同意谷捷有限整体变更为股份有限公司。2022年8月24日，谷捷有限召开股东会，同意将谷捷有限变更为股份有限公司，以截至2022年5月31日经审计的净资产20,152.51万元按1:0.29773比例折成6,000万股作为发行人总股本，每股面值1元，净资产余额14,152.51万元转为股份有限公司的资本公积，整体变更后各股东持股比例保持不变。2022年8月24日，谷捷有限全体股东签订《黄山谷捷股份有限公司发起人协议》。2022年9月8日，公"
GEM001,301581,黄山谷捷,GEM001_301581_黄山谷捷股份有限公司_招股说明书.pdf,41,history,股权转让,"黄山谷捷股份有限公司招股说明书1-1-40（二）发行人报告期内的股本和股东变化情况2012年6月，谷捷有限成立2021年4月，第一次股权转让2021年4月，吸收合并2021年11月，第一次增资2022年5月，第二次增资2022年9月，整体变更为股份公司注册资本1,000万元，由昆山谷捷出资设立昆山谷捷将其所持谷捷有限78%、11%、11%的股权分别转让给黄山供销集团、张俊武、周斌，转让后黄山供销集团、张俊武、周斌分别持有78%、11%、11%的股权谷捷有限吸收合并昆山谷捷，注册资本变为1,200万元，各股东持股比例不变注册资本增加至1,714.2857万元，黄山供销集团、赛格高技术、张俊武、周斌、上汽科技分别持有54.6%、27%、7.7%、7.7%、3%的股权注册资本增加至1,804.5113万元，黄山供销集团、赛格高技术、张俊武、周斌、黄山佳捷、上汽科技分别持有51.87%、25.65%、7.315%、7.315%、5%、2.85%的股权整体变更为股份公司，各股东持股比例不变1、报告期期初股本和股东情况自有限公司设立至报告期期初，公司的股本及股东情况未发生变化，具体情况见本节之“二、发行人的设立情况、报告期内的股本和股东变化情况”之“（一）发行人的设立情况”之“1、有限公司设立情况”。"
GEM001,301581,黄山谷捷,GEM001_301581_黄山谷捷股份有限公司_招股说明书.pdf,42,history,股权转让;出资比例,"黄山谷捷股份有限公司招股说明书1-1-412、2021年4月，第一次股权转让2020年12月30日，黄山市供销社、黄山供销集团出具《关于同意昆山谷捷股权转让以及黄山谷捷吸收合并昆山谷捷的批复》（黄供集团[2020]80号），同意昆山谷捷将其所持谷捷有限78%、11%、11%的股权以零对价分别转让给黄山供销集团、张俊武、周斌。2021年4月3日，谷捷有限股东昆山谷捷作出股东决定，同意昆山谷捷进行股权转让，受让方系昆山谷捷全体股东，各股东按持有昆山谷捷的股权比例受让谷捷有限股权。同日，昆山谷捷分别与黄山供销集团、张俊武、周斌签署了股权转让相关协议。转让前后，谷捷有限的股权结构图对比如下：2021年4月7日，谷捷有限取得了黄山市徽州区市场监督管理局为其换发的营业执照（统一社会信用代码：913410045986552970）。本次股权转让后，谷捷有限的股权结构如下：序号股东姓名/名称出资额（万元）出资比例（%）1黄山供销集团780.0078.002张俊武110.0011.003周斌110.0011.00合计1,000.00100.00本次股权转让系同一股权结构下的公司架构调整，股权转让完成后，黄山供销集团、张俊武、周斌对谷捷有限的持股方式由间接持股变更为直接持股，本次股权转让价格为0元。"
GEM001,301581,黄山谷捷,GEM001_301581_黄山谷捷股份有限公司_招股说明书.pdf,43,history,股权转让;出资比例,"有限吸收合并昆山谷捷，合并后谷捷有限存续，昆山谷捷注销；同日，谷捷有限与昆山谷捷签订《合并协议》。2020年12月25日，谷捷有限与昆山谷捷在《中国商报》联合刊登了吸收合并公告，按照《公司法》规定履行了债权人告知等义务。公告期满，未有债权人要求谷捷有限清偿债务或要求谷捷有限提供相应担保。2020年12月30日，黄山市供销社、黄山供销集团出具《关于同意昆山谷捷股权转让以及黄山谷捷吸收合并昆山谷捷的批复》（黄供集团[2020]80号），同意谷捷有限吸收合并昆山谷捷，吸收合并后昆山谷捷注销，谷捷有限存续。2021年4月7日，谷捷有限召开股东会，吸收合并后谷捷有限的注册资本变更为1,200万元，其中黄山供销集团出资936万元，张俊武出资132万元，周斌出资132万元；同日，谷捷有限与昆山谷捷再次签订《吸收合并协议》，进一步明确了双方权利义务等条款。2021年4月13日，谷捷有限取得了黄山市徽州区市场监督管理局为其换发的营业执照（统一社会信用代码：913410045986552970）。2021年8月20日，国家税务总局苏州昆山经济技术开发区税务局出具《清税证明》（昆开税税企清[2021]9296号），确认昆山谷捷税务事项已结清。2021年9月7日，昆山市市场监督管理局出具《准予注销登记通知书》（（05831101zc）公司注销[2021]第09070003号），核准昆山谷捷注销。2022年11月16日，中审众环会计师出具《验资报告》（众环验字（2022）0110095号），确认截至2021年9月7日，谷捷有限已收到全体股东新增实收资本200万元，由股东以被合并方昆山谷捷的账面净资产出资"
GEM001,301581,黄山谷捷,GEM001_301581_黄山谷捷股份有限公司_招股说明书.pdf,44,special_terms,增资扩股;出资比例;对赌;回购;特殊权利,"估报告》（新科苑评报字（2021）第0112号），确认截至2020年12月31日，谷捷有限股东全部权益价值为26,461.86万元。2022年11月25日，中联国信出具《评估复核报告》（皖中联国信复核字（2022）第002号），认为评估结果基本反映了资产在评估基准日的市场价值。2021年9月17日，黄山市供销社、黄山供销集团出具《关于黄山谷捷散热科技有限公司增资扩股有关事项的批复》（黄供集团[2021]52号），同意谷捷有限增资扩股，由赛格高技术和上汽科技向谷捷有限增资。2021年9月18日，赛格高技术、上汽科技与黄山供销集团、张俊武、周斌及谷捷有限签署《黄山谷捷散热科技有限公司增资协议》，约定谷捷有限增加注册资本514.2857万元，其中赛格高技术认缴462.8571万元、上汽科技认缴51.4286万元，增资价格为22.42元/注册资本，出资方式为货币。各方在增资协议中约定了回购条款及其他股东特殊权利条款，相关内容及解除情况详见本节之“十一、发行人股本情况”之“（十）本次发行前涉及的对赌协议及其解除情况”。"
GEM001,301581,黄山谷捷,GEM001_301581_黄山谷捷股份有限公司_招股说明书.pdf,45,history,增资扩股;出资比例;员工持股平台,"黄山谷捷股份有限公司招股说明书1-1-442021年9月19日，谷捷有限召开股东会，同意上述增资扩股事项。2021年11月11日，谷捷有限取得了黄山市市场监督管理局为其换发的营业执照（统一社会信用代码：913410045986552970）。2022年1月17日，中审众环会计师出具《验资报告》（众环验字（2022）0110017号），确认截至2021年12月31日，谷捷有限已收到股东赛格高技术和上汽科技缴纳的实收资本514.2857万元，出资方式为货币。本次增资完成后，公司股权结构如下：序号股东姓名/名称出资额（万元）出资比例（%）1黄山供销集团936.000054.602赛格高技术462.857127.003张俊武132.00007.704周斌132.00007.705上汽科技51.42863.00合计1,714.2857100.005、2022年5月，第二次增资，增资至1,804.5113万元2022年4月28日，中联国信出具《资产评估报告》（皖中联国信评报字（2022）第171号），确认截至2021年12月31日，谷捷有限股东全部权益的市场价值为40,370万元。2022年5月17日，黄山市供销社、黄山供销集团出具《关于黄山谷捷散热科技有限公司员工股权激励实施方案的批复》（黄供集团[2022]27号），同意谷"
GEM001,301581,黄山谷捷,GEM001_301581_黄山谷捷股份有限公司_招股说明书.pdf,46,gp_lp,出资比例,"司招股说明书1-1-45执照（统一社会信用代码：913410045986552970）。2022年7月15日，中审众环会计师出具《验资报告》（众环验字（2022）0110088号），确认截至2022年5月31日，谷捷有限已收到股东黄山佳捷缴纳的实收资本90.2256万元，出资方式为货币。本次增资完成后，谷捷有限的股权结构如下：序号股东姓名/名称出资额（万元）出资比例（%）1黄山供销集团936.000051.87002赛格高技术462.857125.65003张俊武132.00007.31504周斌132.00007.31505黄山佳捷90.22565.00006上汽科技51.42862.8500合计1,804.5113100.00006、2022年9月，整体变更为股份公司2022年9月，谷捷有限整体变更为股份公司，具体情况见本节之“二、发行人的设立情况、报告期内的股本和股东变化情况”之“（一）发行人的设立情况”之“2、股份公司设立情况”。三、发行人成立以来的重要事件（一）发行人报告期内的重大资产重组情况报告期内，发行人未进行过重大资产重组。（二）发行人报告期内吸收合并昆山谷捷情况为精简组织架构、降低管理成本，2021年4月，发行人吸收合并昆山谷捷，具体情况如下：1、吸收合并前昆山谷捷基本情况公司名称昆山谷捷金属制品有限公司成立日期2009年7月6日法定代表人胡恩谓"
GEM001,301581,黄山谷捷,GEM001_301581_黄山谷捷股份有限公司_招股说明书.pdf,47,history,股权转让,%的股权2、吸收合并前，昆山谷捷历次股权和股东变化情况2009年6月30日，昆山谷捷召开股东会，审议通过《昆山谷捷金属制品有限公司章程》。根据该公司章程，昆山谷捷设立时注册资本为100万元，其中吴斌认缴出资60万元；张俊武认缴出资20万元；邓亮认缴出资10万元；王凌峰认缴出资10万元。2010年3月22日，昆山谷捷召开股东会，同意王凌峰将其所持昆山谷捷10%股权转让给周斌，邓亮将其所持昆山谷捷10%股权转让给周斌；同日，周斌分别与王凌峰、邓亮签订《股权转让协议》。2012年4月23日，昆山谷捷召开股东会，同意新增注册资本100万元，黄山市化工总厂、吴斌、张俊武、周斌分别认购90万元、6万元、2万元、2万元。2014年6月7日，吴斌与黄山市化工总厂签订《股权转让协议》，约定吴斌将其持有昆山谷捷33%的股权转让给黄山市化工总厂；同日，昆山谷捷召开股东会，通过了股权转让后的章程修正案。2016年9月28日，昆山谷捷召开股东会，决议股东黄山市化工总厂的名称变更为黄山供销集团。至本次吸收合并前，昆山谷捷的股权未再有其他变化。3、吸收合并的具体内容及履行的法定程序本次吸收合并的具体内容及履行的法定程序详见本节之“二、发行人的设立情况、报告期内的股本和股东变化情况”之“（二）发行人报告期内的股本和股东变化情况”之“3、2021年4月，吸收合并”。
GEM001,301581,黄山谷捷,GEM001_301581_黄山谷捷股份有限公司_招股说明书.pdf,48,history,股权转让,人没有发生变更，主营业务亦没有发生变化。本次吸收合并有利于精简组织架构、降低管理成本。四、发行人在其他证券市场的上市/挂牌情况谷捷有限于2018年10月29日在安徽股权托管交易中心挂牌，2022年11月24日终止在安徽股权托管交易中心挂牌。2022年12月30日，安徽股权托管交易中心出具证明，确认公司仅通过该中心进行股权登记托管，未通过该中心进行过股票发行、股权转让、股权质押、增减资等行为，公司未有受到该中心处罚的情形。五、发行人的股权结构和组织结构（一）股权结构图截至本招股说明书签署日，公司股权结构如下图所示：
GEM001,301581,黄山谷捷,GEM001_301581_黄山谷捷股份有限公司_招股说明书.pdf,50,shareholder,持有发行人,"1-6月2023.12.31/2023年度总资产（万元）2,949.073,277.66净资产（万元）2,537.062,553.50营业收入（万元）1,490.433,468.02净利润（万元）583.561,260.70注1：成立时黄山广捷系发行人持股45%的联营企业，2022年5月成为黄山谷捷的控股子公司；注2：以上财务数据已经中审众环会计师审计。七、持有发行人5%以上股份或表决权的主要股东及实际控制人情况（一）控股股东及实际控制人的基本情况1、控股股东截至本招股说明书签署日，黄山供销集团持有发行人3,112.20万股，持股比例为51.87%，为发行人的控股股东。黄山供销集团基本情况如下：公司名称黄山供销集团有限公司成立时间1990年3月2日注册资本30,000万元实收资本30,000万元注册地及主要生产经营地黄山市屯溪区天都大道天都大厦1201号股东构成黄山市供销社持股100%"
GEM001,301581,黄山谷捷,GEM001_301581_黄山谷捷股份有限公司_招股说明书.pdf,51,shareholder,持有发行人,"96.02净资产（万元）57,423.6347,065.88营业收入（万元）492.77945.32净利润（万元）8,564.062,990.14注：2023年度财务数据已经黄山徽泓会计师事务所（普通合伙）审计，2024年1-6月财务数据未经审计。2、实际控制人截至本招股说明书签署日，黄山供销集团为黄山市供销社100%出资的企业，黄山市供销社通过黄山供销集团持有发行人51.87%的股份。公司的实际控制人为黄山市供销社。黄山市供销社系全市供销合作社的联合组织，其主要职能为：管理、监督和运营本级社有资产，建立健全社有资产保值增值考核和责任追究制度，探索建立管理者和经营者与绩效挂钩的激励约束机制，依法履行出资人职责，享有出资人权益；指导成员社的组织建设和制度建设；协调成员社之间的关系等。黄山市供销社不直接从事生产经营活动。（二）控股股东和实际控制人直接或间接持有发行人的股份被质押、冻结或发生诉讼纠纷等情形截至本招股说明书签署日，发行人控股股东、实际控制人直接或间接持有发行人的股份均不存在质押、冻结或诉讼纠纷等情形。"
GEM001,301581,黄山谷捷,GEM001_301581_黄山谷捷股份有限公司_招股说明书.pdf,52,shareholder,持有发行人,"黄山谷捷股份有限公司招股说明书1-1-51（三）其他持有发行人5%以上股份或表决权的主要股东的基本情况截至本招股说明书签署日，除发行人控股股东黄山供销集团外，其他持有公司5%以上股份的股东为赛格高技术、张俊武、周斌和黄山佳捷，具体情况如下：1、自然人股东截至本招股说明书签署日，张俊武直接持有发行人438.90万股，占发行人本次发行前总股本的7.315%，周斌直接持有发行人438.90万股，占发行人本次发行前总股本的7.315%。自然人股东的身份证号及住所信息如下：姓名身份证号码住所国籍境外永久居留权张俊武342723197302******安徽省黄山市中国无周斌310226197105******上海市浦东新区中国无张俊武及周斌简历详见本节”之“十二、董事、监事、高级管理人员与其他核心人员”之“（一）董事、监事、高级管理人员及其他核心人员的简介”之“1、董事会成员”。2、深圳赛格高技术投资股份有限公司赛格高技术持有发行人1,539.00万股，占发行人本次发行前总股本的25.65%，其基本情况如下：公司名称深圳赛格高技术投资股份有限公司统一社会信用代码91440300192268035Q成立时间1994年5月12日注册地址及主要经营地深圳市福田区福保街道福保社区菩提路216号益"
GEM001,301581,黄山谷捷,GEM001_301581_黄山谷捷股份有限公司_招股说明书.pdf,53,gp_lp,持有发行人;执行事务合伙人;普通合伙人;有限合伙人;出资比例;员工持股平台,"4.4360%深圳市深福保（集团）有限公司1,813.96196.0465%深圳市城市建设开发（集团）有限公司1,683.56585.6119%中国长城资产管理股份有限公司贵州省分公司656.08002.1869%深圳市新产业创业投资有限公司515.58591.7186%合计30,000.0000100.0000%3、黄山佳捷股权管理中心（有限合伙）黄山佳捷持有发行人300.00万股，占发行人本次公开发行前总股本的5.00%，其基本情况如下：企业名称黄山佳捷股权管理中心（有限合伙）统一社会信用代码91341004MA8P2F2B9W成立时间2022年5月20日注册地址及主要经营地安徽省黄山市徽州区文峰西路16号执行事务合伙人张俊武企业类型有限合伙企业出资额2,124.8129万元经营范围一般项目：以自有资金从事投资活动（除许可业务外，可自主依法经营法律法规非禁止或限制的项目）黄山佳捷为黄山谷捷的员工持股平台，截至本招股说明书签署日，合伙人出资情况如下：单位：万元序号姓名合伙人类别在公司任职情况出资金额出资比例1张俊武普通合伙人董事、总经理297.471814.00%2罗仁棠有限合伙人副总经理276.225013.00%3程家斌有限合伙人副总经理、董事会秘书212.482310.00%4谷伟有限合伙人营销部经理169.98398.00%"
GEM001,301581,黄山谷捷,GEM001_301581_黄山谷捷股份有限公司_招股说明书.pdf,54,gp_lp,有限合伙人;出资比例,"黄山谷捷股份有限公司招股说明书1-1-53序号姓名合伙人类别在公司任职情况出资金额出资比例5周斌有限合伙人董事、副总经理148.73717.00%6汪琦有限合伙人财务负责人148.73717.00%7肖内有限合伙人研发中心主任148.73717.00%8黄芳芳有限合伙人质量部经理148.73717.00%9刘庆喜有限合伙人生产部经理148.73717.00%10凌志明有限合伙人物料部经理84.99204.00%11吴亚玲有限合伙人行政人事部经理84.99204.00%12吴学智有限合伙人设备部副经理63.74513.00%13王韬有限合伙人研发中心副主任63.74513.00%14程仲伽有限合伙人生产部副经理63.74513.00%15程杰文有限合伙人生产部副经理63.74513.00%合计2,124.8129100.00%（四）控股股东、实际控制人控制的其他企业截至本招股说明书签署日，除控制发行人外，控股股东、实际控制人控制的其他企业基本情况如下：序号名称成立时间注册资本（万元）注册地址主营业务持股情况1黄山荷琇生物科技有限公司2015.08.271,000.00安徽省黄山高新技术产业开发区金鸡路102号化妆品、日用化学产品等黄山供销集团持股100%2黄山乐惟化妆品贸易有限公司2019.03.20100.00安徽省黄"
GEM001,301581,黄山谷捷,GEM001_301581_黄山谷捷股份有限公司_招股说明书.pdf,57,pe_fund,私募基金;执行事务合伙人,"黄山谷捷股份有限公司招股说明书1-1-56序号名称成立时间注册资本（万元）注册地址主营业务持股情况资产）36黄山新安江资本投资管理有限公司2020.7.161,000.00安徽省黄山市屯溪区天都大道30号君悦华府808室私募基金管理、股权投资等业务黄山市信投投资有限公司持股100%37黄山市征信有限公司2019.2.11,000.00安徽省黄山市屯溪区社屋前路昱东大厦19楼征信服务业务黄山产业投资集团有限公司持股100%38黄山市乡村振兴开发投资有限公司2020.11.101,000.00安徽省黄山市屯溪区昱东街道昱东大厦18楼未实际开展业务黄山市信投资产管理有限公司持股100%39黄山市军粮供应站有限公司1989.8.14500.00安徽省黄山市屯溪区黄山中路33号军粮供应保障，粮油、副食品零售黄山市生态粮油食品集团有限公司持股100%40黄山市粮食储备库有限公司2008.9.28500.00安徽省黄山市屯溪区黄山中路33号军粮供应站内政策性粮油（市级储备原粮、成品粮油）承储、省市两级生活类应急救灾物资保管黄山市生态粮油食品集团有限公司持股100%41黄山徽加电子商务有限公司2018.3.20200.00黄山市屯溪区社屋前路昱东大厦18楼电子商务销售业务黄山市信投投资有限公司持股100%42安徽省生态产品交易所有限责任公司2011.11.2210,000.00黄山市屯溪区社屋前路昱东大厦写字楼18层农村产权等生产权益交易所业务黄山产业投资"
GEM001,301581,黄山谷捷,GEM001_301581_黄山谷捷股份有限公司_招股说明书.pdf,58,shareholder,股本结构,"经济秩序的刑事犯罪，不存在欺诈发行、重大信息披露违法或者其他涉及国家安全、公共安全、生态安全、生产安全、公众健康安全等领域的重大违法行为。十一、发行人股本情况（一）本次发行前后的股本情况本次发行前发行人总股本为6,000万股，本次拟公开发行不超过2,000万股股份，占本次发行后总股本的比例不低于25.00%。按本次公开发行2,000万股计算，发行前后发行人的股本结构如下：序号股东名称本次发行前本次发行后持股数量（万股）比例持股数量（万股）比例1黄山供销集团3,112.2051.8700%3,112.2038.9025%2赛格高技术（CS）1,539.0025.6500%1,539.0019.2375%3张俊武438.907.3150%438.905.4863%4周斌438.907.3150%438.905.4863%"
GEM001,301581,黄山谷捷,GEM001_301581_黄山谷捷股份有限公司_招股说明书.pdf,59,shareholder,发行人股东;前十名股东;持有发行人,"00%（三）本次发行前的前十名自然人股东及其在公司任职情况本次发行前，发行人的前十名自然人股东及其在发行人处任职的情况如下：序号股东姓名直接持股数量（万股）持股比例在公司任职情况1张俊武438.907.3150%董事、总经理2周斌438.907.3150%董事、副总经理合计877.8014.6300%-（四）发行人股本中国有股份或外资股份情况1、国有股份情况发行人股东中，赛格高技术为国有股东，持有发行人1,539万股，占发行人发行前总股本的25.65%；上汽科技为国有股东且为境外主体，持有发行人171万股，占发行人发行前总股本的2.85%。2023年3月30日，深圳市人民政府国有资产监督管理委员会出具《深圳市"
GEM001,301581,黄山谷捷,GEM001_301581_黄山谷捷股份有限公司_招股说明书.pdf,60,shareholder,发行人股东;持有发行人;增资扩股;新增股东;执行事务合伙人;员工持股平台,"为国有实际控制股东，其在中国证券登记结算有限责任公司登记的投资者一码通账户应标注“CS”标识。2、外资股份情况公司股东中，上汽科技为外资股东，持有发行人171万股，占发行人发行前总股本的2.85%，注册地为美国。（五）最近一年发行人新增股东情况1、新增股东的持股数量及变化情况、取得股份的时间、价格和定价依据发行人最近一年新增股东为黄山佳捷，系通过增资方式成为发行人股东。为建立、健全公司长效激励机制，吸引和留住优秀人才，2022年5月20日谷捷有限召开股东会，决议由公司的15名激励对象通过新设员工持股平台黄山佳捷对公司增资，以23.55元/注册资本的价格认缴公司新增注册资本90.2256万元。2022年5月24日，谷捷有限与黄山佳捷签署《黄山谷捷散热科技有限公司增资扩股协议》，黄山佳捷以2,124.8129万元认购发行人90.2256万元注册资本。本次增资价格及定价依据以资产评估结果为基准确定，亦不低于最近一次外部投资者的增资价格。2、新增股东基本情况黄山佳捷的基本情况详见本节之“七、持有发行人5%以上股份或表决权的主要股东及实际控制人情况”之“（三）其他持有发行人5%以上股份或表决权的主要股东的基本情况”之“3、黄山佳捷股权管理中心（有限合伙）”。3、新增股东与发行人其他股东、董事、监事、高级管理人员是否存在关联关系，新增股东与本次发行的中介机构及其负责人、高级管理人员、经办人员是否存在关联关系，新增股东是否存在股份代持情形黄山佳捷为员工持股平台，发行人董事、总经理、股东张俊武持有黄山佳捷14%的合伙份额并担任黄山佳捷执行事务合伙人，董事、副总经理、股东周斌持有黄山佳捷7%的合"
GEM001,301581,黄山谷捷,GEM001_301581_黄山谷捷股份有限公司_招股说明书.pdf,61,pe_fund,发行人股东;新增股东;私募投资基金;基金管理人;普通合伙人;有限合伙人,附件”之“四、本次发行相关主体作出的重要承诺”之“（一）股份流通限制及自愿锁定的承诺”。（六）本次发行前各股东之间的关联关系及关联股东的各自持股比例本次发行前，公司股东张俊武为黄山佳捷的普通合伙人，持有黄山佳捷14%的份额；公司股东周斌为黄山佳捷的有限合伙人，持有黄山佳捷7%的份额。除上述情况外，截至本招股说明书签署日，发行人各股东之间不存在关联关系。（七）发行人股东公开发售股份情况本次发行不存在发行人股东公开发售股份的情况。（八）私募投资基金股东备案登记情况截至本招股说明书签署日，公司共有股东6名，其中自然人股东2名，机构股东4名。上述机构股东不存在以非公开方式向投资者募集资金设立的情形，亦不存在委托其他管理机构管理资产的情形或行为，不属于私募投资基金或私募投资基金管理人，不需履行私募投资基金管理人登记或私募投资基金备案程序。（九）契约型基金、资产管理计划或信托计划持股情况截至本招股说明书签署日，公司股东不存在契约型基金、资产管理计划或信托计划等情形。
GEM001,301581,黄山谷捷,GEM001_301581_黄山谷捷股份有限公司_招股说明书.pdf,62,special_terms,对赌;回购;特殊权利,黄山谷捷股份有限公司招股说明书1-1-61（十）本次发行前涉及的对赌协议及其解除情况1、对赌协议基本情况2021年9月18日，赛格高技术、上汽科技与谷捷有限及原股东黄山供销集团、张俊武、周斌签署《黄山谷捷散热科技有限公司增资协议》（以下简称“增资协议”），对回购条款、继续增资权、责任条款、恢复条款等特殊权利进行了约定，具体如下：特殊权利条款条款内容回购条款13.2【退出机制】发生下列情形之一的，投资方有权要求黄山谷捷和/或原股东中的任何一方或多方按照投资本金加8%年化收益（扣除持股期间分红）的价格对投资方所持黄山谷捷的全部或部分股权进行回购：（1）黄山谷捷连续三个会计年度出现亏损，而黄山谷捷未能提出任何令投资方满意的改善标的公司财务状况的方案；（2）黄山谷捷经营管理发生严重困难（包括但不限于经营管理层三分之二以上的人员离职、生产经营停顿达12个月以上等等）；（3）本协议签署生效后5年内，黄山谷捷未能实现合格上市（指在深圳证券交易所或上海证券交易所上市，下同），因IPO审核中止及其他不可抗力因素造成上市时间滞后的，时间相应顺延；黄山谷捷满足合格上市财务指标但未能上市的情形除外。继续增资权2.4【继续增资权】各方确认，本次增资完成后，根据黄山谷捷的后续经营情况和上市计划，在各方协商一致且不影
GEM001,301581,黄山谷捷,GEM001_301581_黄山谷捷股份有限公司_招股说明书.pdf,63,special_terms,股权转让;对赌;特殊权利,内容（4）在董事会、股东（大）会结束后15日内提供相关董事会、股东（大）会的会议纪要、会议决议复印件或扫描件。8.9【章程必备内容之一】在不违反《公司法》等黄山谷捷所适用的相关法律法规、规范性文件的前提下，黄山谷捷、原股东应将上述第8.1条至第8.7条的约定纳入黄山谷捷章程或公司内部管理相关制度。如公司章程与本协议约定不一致的，均以本协议约定为准。12.1【股权转让】【股权转让限制】自投资完成后至黄山谷捷实现合格的首次公开发行之前（包括在改制为股份有限公司后存续的期间内），未经投资方一事先书面同意，原股东不得实施下列行为：（1）原股东将其直接或间接持有的黄山谷捷部分或全部股权转让给黄山谷捷其他股东或本协议之外的第三方（无论是否办理工商登记）。但以下情形除外：①根据已经黄山谷捷董事会和股东（大）会批准的员工股权激励计划而进行的股权转让；②作为黄山谷捷收购或合并其他企业对价而进行的股权转让；③原自然人股东为个人资产筹划而发生的累计不超过3%的股权转让；④同一控制下的股权转让。（2）除为黄山谷捷融资提供质押担保外，原股东在其直接或间接持有的黄山谷捷部分或全部股权上设立信托、担保或其他权利限制。最优惠待遇12.2【最优惠待遇】如黄山谷捷给予任一股东（包括原股东及引进的新投资者，实施经黄山谷捷董事会和股东（大）会批准的股权激励计划情形除外）的权利优于本协议投资方一享有的权利的，则本协议投资方一将自动享有该等权利。2、对赌协议终止情况2021年12月16日，赛格高技术、上汽科技与谷捷有限及原股东黄山供销集团、张俊武、周斌签署了《黄山谷捷散热科技有限公司增资协议之补充协议》，约定自该补充协议
GEM001,301581,黄山谷捷,GEM001_301581_黄山谷捷股份有限公司_招股说明书.pdf,64,special_terms,对赌;回购;特殊权利,黄山谷捷股份有限公司招股说明书1-1-63责任的内容，自公司向证券监管机构提交上市申报材料时效力终止。如公司因撤回上市申请或上市申请被否决而未完成上市，自撤回之日或否决之日起，上述条款中涉及公司原股东承担对赌义务/责任的内容自动恢复效力，投资方有权要求公司原股东承担对赌义务/责任；自该补充协议签署生效之日起，《增资协议》中关于一致同意事项、股东知情权等特殊权利条款中公司需承担义务/责任的相关内容，包括但不限于《增资协议》第八条8.5款、8.7款、8.9款，第十二条12.2款，第十九条19.1款、19.6款，自动终止且自始无效，公司均不再承担相关的义务/责任。2023年9月15日，赛格高技术、上汽科技与发行人及原股东黄山供销集团、张俊武、周斌签署了《黄山谷捷散热科技有限公司增资协议之补充协议（三）》，约定《增资协议之补充协议（二）》第1.3条彻底终止且自始无效，同时《增资协议》第十三条13.2款涉及公司原股东承担对赌义务/责任的内容，自动终止且自始无效，公司原股东不再承担相关的义务/责任。2023年9月15日，赛格高技术、上汽科技、黄山供销集团、张俊武、周斌出具确认暨承诺函如下：（1）截至本函出具日，不存在触发对赌协议生效的情形，未曾实际执行过对赌条款或提出过回购要求。（2）本企业/本人确认《增资协议》中关于回购条款、继续增资权等涉及公司及公司原股东承担对赌义务的相关条款，包括但不限于《增资协议》第二条2.4款，第八条8.5款
GEM001,301581,黄山谷捷,GEM001_301581_黄山谷捷股份有限公司_招股说明书.pdf,71,gp_lp,执行事务合伙人,黄山谷捷股份有限公司招股说明书1-1-70姓名本公司职务兼职单位在兼职单位职务兼职单位与发行人的关联关系安徽省屯溪高压阀门股份有限公司监事会主席控股股东施加影响的企业张俊武董事、总经理黄山佳捷执行事务合伙人持股5%以上的股东车委董事赛格高技术董事持股5%以上的股东侯艳董事黄山供销集团总经理助理控股股东黄山合茂兴置业有限公司董事控股股东控制的企业黄山四月乡村建设有限公司监事控股股东控制的企业黄山贝诺科技有限公司监事控股股东施加重大影响的企业黄山市田园徽州精致农业科技发展有限公司监事控股股东施加重大影响企业黄山市供信商业运营管理有限公司董事长控股股东控制的企业滁州市亭好农产品供销投资发展有限公司副董事长控股股东施加重大影响企业徐冬梅独立董事中国半导体行业协会封测分会秘书长无关联关系苏州珂玛材料科技股份有限公司独立董事无关联关系合肥微睿科技股份有限公司独立董事无关联关系苏州智程半导体科技股份有限公司独立董事无关联关系苏州芯心思源信息科技有限公司执行董事独立董事徐冬梅控制的企业上海懿雨芯心信息科技有限公司执行董事独立董事徐冬梅控制的企业仙交微电校友（苏州）信息有限公司监事无关联关系中国半导体行业协会副秘书长无关联关系郭少明独立董事深圳市福田资本运营集团有限公司董事无关联关系深圳市福田引导基金投资有限公司董事无关联关系深圳市福田产业投资服务有限公司董事无关联关系深圳市兰亭科技股份有限公司独立董事无关联关系深圳市东方嘉盛供应
GEM001,301581,黄山谷捷,GEM001_301581_黄山谷捷股份有限公司_招股说明书.pdf,74,gp_lp,出资比例,划等而进行的正常变动，公司的核心管理层始终保持稳定，未对公司生产经营和公司治理带来不利影响，也不影响公司的持续经营。公司最近两年内董事、监事、高级管理人员及其他核心人员未发生重大不利变化。（七）董事、监事、高级管理人员及其他核心人员对外投资情况截至本招股说明书签署日，公司董事、监事、高级管理人员及其他核心人员对外投资情况如下表所示：姓名本公司职务投资对象名称出资比例胡恩谓董事长黄山贝诺科技有限公司7.00%黄山永佳投资有限公司3.30%洪海洲董事黄山华塑新材料科技有限公司6.00%黄山永佳投资有限公司3.55%张俊武董事、总经理黄山佳捷14.00%
GEM001,301581,黄山谷捷,GEM001_301581_黄山谷捷股份有限公司_招股说明书.pdf,75,gp_lp,出资比例,黄山谷捷股份有限公司招股说明书1-1-74姓名本公司职务投资对象名称出资比例周斌董事、副总经理黄山佳捷7.00%徐冬梅独立董事苏州芯心思源信息科技有限公司100.00%上海懿雨芯心信息科技有限公司90.00%西安芯天金铂企业管理合伙企业（有限合伙）3.36%谷伟职工代表监事黄山佳捷8.00%罗仁棠副总经理黄山佳捷13.00%程家斌副总经理、董事会秘书黄山佳捷10.00%汪琦财务负责人黄山佳捷7.00%肖内研发中心主任黄山佳捷7.00%王韬研发中心副主任黄山佳捷3.00%公司董事、监事、高级管理人员及其他核心人员对外投资的上述企业不存在与公司利益冲突的情况。（八）董事、监事、高级管理人员、其他核心人员及其近亲属持有公司股份的情况1、董事、监事、高级管理人员及其他核心人员本人持股情况截至本招股说明书签署日，公司董事、监事、高级管理人员及其他核心人员持股情况如下表所示：姓名本公司职务持股方式持股数（万股）持股比例胡恩谓董事长---洪海洲董事---车委董事---张俊武董事、总经理直接持有438.907.3150%通过黄山佳捷间接持有42.000.7000%小计480.908.0150%周斌董事、副总经理直接持有438.907.3150%通过黄山佳捷间接持有21.000.3500%小计459.907.
GEM001,301581,黄山谷捷,GEM001_301581_黄山谷捷股份有限公司_招股说明书.pdf,78,shareholder,持有发行人;员工持股平台,"干员工，具体情况见本节之“二、发行人的设立情况、报告期内的股本和股东变化情况”之“（二）发行人报告期内的股本和股东变化情况”之“5、2022年5月，第二次增资，增资至1,804.5113万元”。2、公司员工持股平台基本情况截至本招股说明书签署日，包括张俊武、周斌等在内的15名员工通过黄山佳捷持有公司300万股，持股比例为5%，黄山佳捷的基本情况见本节之“七、持有发行人5%以上股份或表决权的主要股东及实际控制人情况”之“（三）其他持有发行人5%以上股份或表决权的主要股东的基本情况”之“3、黄山佳捷股权管理中心（有限合伙）”。（二）股权激励对公司经营状况、财务状况、控制权变化等方面的影响1、股权激励对经营状况的影响通过本次股权激励，公司建立健全了长期有效的激励机制，充分调动了公司中高层管理人员及骨干员工的工作积极性，增强了企业凝聚力，提高了人员稳定性，有利于公司长期稳定发展。"
GEM001,301581,黄山谷捷,GEM001_301581_黄山谷捷股份有限公司_招股说明书.pdf,79,employee_platform,员工持股平台,"黄山谷捷股份有限公司招股说明书1-1-782、股权激励对财务状况的影响2022年4月28日，中联国信出具《资产评估报告》（皖中联国信评报字（2022）第171号），确认截至2021年12月31日，谷捷有限股东全部权益的市场价值为40,370.00万元。员工持股平台黄山佳捷增资的价格以上述评估价值为基准，确定为23.55元/注册资本。本次股权激励的增资价格以资产评估结果为基准确定，亦不低于最近一次外部投资者赛格高技术与上汽科技2021年11月的增资价格22.42元/注册资本；本次股权激励按2021年经审计归属于母公司的扣除非经常性损益后的净利润计算，增资价格对应市盈率为11.88倍。本次股权激励的增资价格公允，不涉及为获取职工或其他方的服务而以低于公允价值的交易价格授予员工股权的情形，不涉及股份支付，对公司财务状况无重大影响。3、股权激励对公司控制权的影响股权激励实施完毕后，公司控股股东、实际控制人未发生变化，股权激励不会影响公司控制权。4、上市后的行权安排截至本招股说明书签署日，股权激励已实施完毕，不存在未授予或未行权的情况，不涉及上市后的行权安排。十四、发行人员工情况（一）员工人数变化及构成情况报告期各期末，发行人员工数量及变化情况如下：项目2024.6.302023.12.312022.12.312021.12.31员工人数（人）595664573297注：黄山广捷自2022年5月变更为发行人控股子公司，故发行人2022年末及以后的员工人数包含黄山广捷员工人数（下同）"
GEM001,301581,黄山谷捷,GEM001_301581_黄山谷捷股份有限公司_招股说明书.pdf,95,toc,目录,黄山谷捷股份有限公司招股说明书1-1-94为“C3670”，属于“汽车零部件及配件制造”。根据《产业结构调整指导目录（2019年本）》，公司主营业务属于鼓励类的第十六大类“汽车”中的第6小类“智能汽车、新能源汽车及关键零部件、高效车用内燃机研发能力建设”。根据《战略性新兴产业分类（2018）》，发行人所处行业为“新能源汽车产业”之“新能源汽车装置、配件制造”。根据《新产业新业态新商业模式统计分类（2018）》，公司主营业务为“新能源汽车零部件配件制造”。（二）行业主管部门、行业监管体制、行业主要法律法规及政策1、行业主管部门及监管体制公司所属行业在市场化运行的基础上，由国家发改委、工信部等行业主管部门进行宏观调控，并由行业自律组织进行自律管理，具体情况如下：国家发展和改革委员会负责对行业进行宏观调控，组织实施产业政策，研究拟订行业发展规划，指导技术改造及行业结构调整。工业和信息化部负责拟订工业行业的行业规划、政策和标准并组织实施，指导行业技术创新和技术进步，推进相关科研成果产业化等。我国汽车零部件行业的自律组织为中国汽车工业协会，其主要职责为：产业调查研究、标准制订、信息服务、咨询服务与项目论证、贸易争端调查与协调、行业自律、专业培训、国际交流和会展服务等。发行人客户多为车规级功率半导体厂商，公司为功率半导体行业联盟（株洲市）会员。该
GEM001,301581,黄山谷捷,GEM001_301581_黄山谷捷股份有限公司_招股说明书.pdf,96,toc,目录,作的通知》对符合商务部、财政部等7部门《关于印发〈汽车以旧换新补贴实施细则〉的通知》（商消费函〔2024〕75号，以下简称《补贴实施细则》）规定，个人消费者于2024年4月24日（含当日，下同）至2024年12月31日期间，报废国三及以下排放标准燃油乘用车或2018年4月30日前注册登记的新能源乘用车，并购买纳入工业和信息化部《减免车辆购置税的新能源汽车车型目录》的新能源乘用车或2.0升及以下排量燃油乘用车的，调整补贴标准，具体如下：对报废上述两类旧车并购买新能源乘用车的，补贴2万元；对报废国三及以下排放标准燃油乘用车并购买2.0升及以下排量燃油乘用车的，补贴1.5万元22024年7月国家发改委、财政部《关于加力支持大规模设备更新和消费品以旧换新的若干措施》加快高能耗高排放老旧船舶报废更新，推动新能源清洁能源船舶发展；提高新能源公交车及动力电池更新补贴标准，推动城市公交车电动化替代，支持新能源公交车及动力电池更新32023年12月商务部等部门《关于支持新能源汽车贸易合作健康发展的意见》推动新能源汽车贸易合作健康发展，推动汽车产业转型升级，支撑外贸稳规模优结构42023年10月国家发改委《国家碳达峰试点建设方案》加快推动交通运输工具装备低碳转型，大力推广新能源汽车，推动公共领域车辆全面电气化替代，淘汰老旧交通工具52023年10月交通运输部等部门《关于推进城市公共交通健康可持续发展的若干意见》鼓励各地通过多种形式对新能源城市公交车辆充电给予政策支持。充分发挥省级层面对城市交通发展奖励资金的统筹作用，采用奖励方式加强对辖区内城市公共汽电车行业转型升级发展、保障城市公共汽电车企业可持
GEM001,301581,黄山谷捷,GEM001_301581_黄山谷捷股份有限公司_招股说明书.pdf,98,toc,目录,黄山谷捷股份有限公司招股说明书1-1-97序号颁布时间颁布机构名称内容概要极的指导意见》发202019年10月国家发改委《产业结构调整指导目录（2019年本）》将新能源汽车关键零部件，大功率电子器件等纳入鼓励类产业212018年11月国家统计局《战略性新兴产业分类（2018）》将新能源汽车装置、配件制造，电力电子元器件制造（绝缘栅双极晶体管芯片IGBT）纳入战略性新兴产业222018年8月国家统计局《新产业新业态新商业模式统计分类（2018）》将新能源汽车零部件配件制造纳入新产业新业态新模式范畴232017年4月工信部等3部门《汽车产业中长期发展规划》加快新能源汽车技术研发及产业化。利用企业投入、社会资本、国家科技计划（专项、基金等）统筹组织企业、高校、科研院所等协同攻关，重点围绕动力电池与电池管理系统、电机驱动与电力电子总成、电动汽车智能化技术、燃料电池动力系统、插电/增程式混合动力系统和纯电动力系统等6个创新链进行任务部署242016年9月国务院《中国制造2025》继续支持电动汽车、燃料电池汽车发展，掌握汽车低碳化、信息化、智能化核心技术，提升动力电池、驱动电机、高效内燃机、先进变速器、轻量化材料、智能控制等核心技术的工程化和产业化能力，形成从关键零部件到整车的完整工业体系和创新体系，推动自主品牌节能与新能源汽车同国际先进水平接轨3、行业主要法律法规及产业
GEM001,301581,黄山谷捷,GEM001_301581_黄山谷捷股份有限公司_招股说明书.pdf,137,shareholder,持有发行人,"业收入前五大客户，但仍与发行人保持稳定合作。此外，随着发行人铜废料销售量的增加，经比价竞争，发行人与多家收购方达成合作，宣城市富旺金属材料有限公司报价未达标准，2023年发行人不再与其合作；黄山方平铜业有限公司2023年度退出发行人前五大客户，但仍与发行人保持稳定合作。报告期内，公司与前五大客户之间不存在关联关系，公司董事、监事、高级管理人员、其他核心人员、持有发行人5%股份以上的股东未在上述客户中拥有权益。四、发行人报告期内采购情况和主要供应商情况（一）主要原材料采购情况公司采购的主要原材料为铜排、铜板，具体情况如下：报告期原材料名称采购金额（万元）占采购总额比例采购数量（吨）采购单价（万元/吨）2024年1-6月铜排15,306.0581.63%2,191.146.99铜板18.830.10%2.756.85小计15,324.8981.73%2,193.896.992023年度铜排39,665.8182.57%6,020.956.59铜板69.830.15%10.176.86小计39,735.6482.72%6,031.126.592022年度铜排30,128.1377.55%4,621.326.52"
GEM001,301581,黄山谷捷,GEM001_301581_黄山谷捷股份有限公司_招股说明书.pdf,140,shareholder,持有发行人,"，加大了对外采购前五大供应商中新增供应商报告期采购额如下：单位：万元序号供应商名称2024年1-6月2023年度2022年度2021年度1宁波金田电材有限公司4,655.7218,014.808,706.131,944.662上海广弘实业有限公司1,135.301,930.621,039.75409.77报告期内，公司董事、监事、高级管理人员、其他核心人员、持有发行人5%股份以上的股东未在上述供应商中拥有权益。（四）外协加工采购情况1、发行人外协加工采购的基本情况因生产场地、产能限制等因素，公司存在电镀工序的部分外协加工采购，报告期内共有黄山广捷、黄山众成、上海广弘、昆山普莱克等四家电镀厂商为公司提供电镀加工服务，具体情况如下:单位：万元供应商名称2024年1-6月2023年度2022年度2021年度金额占营业成本比例金额占营业成本比例金额占营业成本比例金额占营业成本比例黄山广捷----369.400.94%293.341.47%黄山众成78.400.38%433.700.80%876.342.22%531.812.66%上海广弘1,135.305.55%1,930.623.57%1,039.752.64%409.772.05%昆山普莱克------441.702.21%"
GEM001,301581,黄山谷捷,GEM001_301581_黄山谷捷股份有限公司_招股说明书.pdf,178,special_terms,回购,，本公司采用在当前情况下适用并且有足够可利用数据和其他信息支持的估值技术，选择与市场参与者在相关资产或负债的交易中所考虑的资产或负债特征相一致的输入值，并尽可能优先使用相关可观察输入值。在相关可观察输入值无法取得或取得不切实可行的情况下，使用不可输入值。7、权益工具权益工具是指能证明拥有本公司在扣除所有负债后的资产中的剩余权益的合同。本公司发行（含再融资）、回购、出售或注销权益工具作为权益的变动处理，与权益性交易相关的交易费用从权益中扣减。本公司不确认权益工具的公允价值变动。本公司权益工具在存续期间分派股利（含分类为权益工具的工具所产生的“利息”）的，作为利润分配处理。（六）金融资产减值本公司需确认减值损失的金融资产系以摊余成本计量的金融资产、以公允价值计量且其变动计入其他综合收益的债务工具、租赁应收款，主要包括应收票据、应收账款、应收款项融资、其他应收款。
GEM001,301581,黄山谷捷,GEM001_301581_黄山谷捷股份有限公司_招股说明书.pdf,197,shareholder,发行人股东,"政府补助除外988.301,410.09343.5245.66除上述各项之外的其他营业外收入和支出-0.96-4.85-13.63-8.17其他符合非经常性损益定义的损益项目-8.35--小计986.331,409.91324.1134.73减：所得税影响额148.06210.1148.615.21少数股东权益影响额（税后）-0.080.690.09-归属于发行人股东的非经常性损益838.351,199.11275.4129.52归属于发行人股东的净利润6,059.7515,728.329,947.193,427.86归属于发行人股东扣除非经常性损益后的净利润5,221.4014,529.219,671.783,398.34归属于发行人股东的非经常性损益占归属于发行人股东的净利润的比例13.83%7.62%2.77%0.86%报告期内，公司归属于发行人股东的非经常性损益占归属于发行人股东净利润的比例分别为0.86%、2.77%、7.62%和13.83%，非经常性损益对公司经营成"
GEM001,301581,黄山谷捷,GEM001_301581_黄山谷捷股份有限公司_招股说明书.pdf,199,shareholder,发行人股东,"惠政策。九、主要财务指标（一）基本财务指标财务指标2024.6.302023.12.312022.12.312021.12.31流动比率（倍）4.992.921.922.48速动比率（倍）4.302.541.501.94资产负债率（母公司）16.42%26.23%35.95%32.87%资产负债率（合并）14.21%23.76%34.69%32.87%归属于发行人股东的每股净资产（元）7.966.954.339.00财务指标2024年1-6月2023年度2022年度2021年度应收账款周转率（次/年）1.954.664.815.16存货周转率（次/年）3.9910.118.107.33息税折旧摊销前利润（万元）8,107.2420,531.3812,693.534,390.97利息保障倍数（倍）857.57455.56454.5032.16归属于发行人股东的净利润（万元）6,059.7515,728.329,947.193,427.86归属于发行人股东扣除非经常性损益后的净利润（万元）5,221.4014,529.219,671.783,398.34研发费用占营业收入的比例3.40%2.42%2.30%1.93%每股经营活动产生的现金流量（元/股）0.491.570.29-0.79每股净现金流量（元/股）0.071.22-0.524.09注：流动比率＝流动资产÷流动负债速动比率＝（流动资产-存货净额）÷流动负债资产负债率＝（负债总额÷资产总额）×100%归属于发行人股东的每股净资产=归属于发行人股东的所有者权益÷年末股本总数应收账款周转率＝营业收入÷应收账款期初期末平均余额存货"
GEM001,301581,黄山谷捷,GEM001_301581_黄山谷捷股份有限公司_招股说明书.pdf,200,special_terms,回购,益率加权平均净资产收益率=P0/（E0＋NP/2＋Ei×Mi/M0–Ej×Mj/M0±Ek×Mk/M0），其中：P0分别对应于归属于公司普通股股东的净利润、扣除非经常性损益后归属于公司普通股股东的净利润；NP为归属于公司普通股股东的净利润；E0为归属于公司普通股股东的期初净资产；Ei为报告期发行新股或债转股等新增的、归属于公司普通股股东的净资产；Ej为报告期回购或现金分红等减少的、归属于公司普通股股东的净资产；M0为报告期月份数；Mi为新增净资产次月起至报告期期末的累计月数；Mj为减少净资产次月起至报告期期末的累计月数；Ek为因其他交易或事项引起的、归属于公司普通股股东的净资产增减变动；Mk为发生其他净资产增减变动次月起至报告期期末的累计月数。2、基本每股收益基本每股收益=P0/SS=S0+S1+Si×Mi/M0-Sj×Mj/M0-Sk其中：P0为归属于公司普通股股东的净利润或扣除非经常性损益后归属于普通股股东的净利润；S为发行在外的普通股加权平均数；S0为期初股份总数；S1为报告期因公积金转增股本或股票股利分配等增加股份数；Si为报告期因发行新股或债转股等增加股份数；Sj为报告期因回购等减少股份数；Sk为报告期缩股数；M0报告期月份数；Mi为增加股份次月起至报告期期末的累计月数；Mj为减少股份次月起至报告期期末的累计月数。3、稀释每股收益稀释每股收益=P1/（S0+S1+Si×Mi/M0-Sj×Mj/M0-Sk+认股权证、股份期权、可转换债券等增加的普通股加权平均数）其中，P1为归属于公司普通股股东的净利润或扣除非经常性损益后归属于公司普通股股东的净利润，并考虑稀释性潜在普通
GEM001,301581,黄山谷捷,GEM001_301581_黄山谷捷股份有限公司_招股说明书.pdf,201,shareholder,发行人股东,"1-6月2023年度2022年度2021年度营业收入27,901.5575,898.6453,665.1425,544.79营业成本20,455.7654,115.8939,438.5019,989.38利润总额7,321.8119,075.0411,851.243,956.96净利润6,345.6916,346.0610,234.063,427.86归属于发行人股东的净利润6,059.7515,728.329,947.193,427.86归属于发行人股东扣除非经常性损益后的净利润5,221.4014,529.219,671.783,398.34（一）营业收入分析1、营业收入总体情况报告期内，公司营业收入构成情况如下：单位：万元项目2024年1-6月2023年度2022年度2021年度金额占比金额占比金额占比金额占比主营业务收入21,759.4477.99%59,888.7078.91%41,477.5677.29%19,469.1676.22%其他业务收入6,142.1122.01%16,009.9421.09%12,187.5822.71%6,075.6323.78%合计27,901.55100.00%75,898.64100.00%53,665.14100.00%25,544.79100.00%报告期内，公司主营业务收入金额分别为19,469.16万元、41,477.56万元、59,888.70万元和21,759.44万元，占营业收入的比例分别为76.22%、77.29%、78.91%和77.99%，主营业务收入占比高，公司主营业务突出。2、主营业务收入构成及变动分析（1"
GEM001,301581,黄山谷捷,GEM001_301581_黄山谷捷股份有限公司_招股说明书.pdf,249,history,增资扩股;出资比例,"股份0.620.900.690.64兆丰股份4.894.274.763.57平均3.053.623.264.37黄山谷捷4.302.541.501.94数据来源：上市公司定期报告、招股说明书。公司相关偿债能力指标较低，主要系公司业务尚处快速发展期，资金实力相比同行业上市公司较弱。（三）股利分配情况2021年12月22日，公司临时股东会审议通过对公司2021年增资扩股前的过渡期利润进行分配的事项。根据2021年9月18日各股东签署的《黄山谷捷散热科技有限公司增资协议》4.4条约定“[过渡期损益]各方确认，黄山谷捷过渡期损益全部由原股东承担和享有”，公司将过渡期净利润19,281,653.11元按增资前的原股东出资比例进行分配。2022年10月28日，公司2022年第一次临时股东大会审议通过了《关于公司利润分配的议案》，公司以总股本60,000,000股为基数，向全体股东按每10股派发现金红利2.50元（含税），共计派发现金红利15,000,000.00元（含税）。截至本招股说明书签署日，上述股利分配已实施完毕，公司不存在尚未实施完毕的利润分配方案。（四）现金流量分析报告期内，公司现金流量情况如下："
GEM001,301581,黄山谷捷,GEM001_301581_黄山谷捷股份有限公司_招股说明书.pdf,256,shareholder,发行人股东,"黄山谷捷股份有限公司招股说明书1-1-255项目2024年1-9月2023年1-9月小计1,082.26511.93减：所得税影响额162.3480.00少数股东权益影响额（税后）-0.11-0.01归属于发行人股东的非经常性损益920.03431.94（二）2024年度业绩预计情况基于已实现的经营情况，结合市场供需情况以及公司自身的经营情况预测等，公司预计2024年度财务数据情况如下：单位：万元项目2024年度2023年度变动营业收入75,990.00至76,740.0075,898.640.12%至1.11%归属于母公司所有者的净利润12,900.00至13,210.0015,728.32-17.98%至-16.01%扣除非经常性损益后归属于母公司所有者的净利润11,950.00至12,260.0014,529.21-17.75%至-15.62%注:上述2024年度业绩情况为公司初步测算数据，未经会计师审计或审阅，且不构成盈利预测或业绩承诺。公司根据实际经营情况和在手订单，测算预计2024年度营业收入为75,990.00万元至76,740.00万元，较2023年度同比上涨0.12%至1.11%；归属于母公司所有者的净利润为12,900.00至13,210.00万元，同比下降17.98%至16.01%；扣除非经常性损益后归属于母公司所有者的净利润为11,950.00万元至12,260.00万元，同比下降17.75%至15.6"
GEM001,301581,黄山谷捷,GEM001_301581_黄山谷捷股份有限公司_招股说明书.pdf,269,shareholder,持有发行人,黄山谷捷股份有限公司招股说明书1-1-268六、同业竞争情况（一）发行人与控股股东、实际控制人及其控制的其他企业不存在同业竞争发行人控股股东为黄山供销集团，实际控制人为黄山市供销社，具体情况详见“第四节发行人基本情况”之“七、持有发行人5%以上股份或表决权的主要股东及实际控制人情况”之“（一）控股股东及实际控制人的基本情况”。黄山市供销社自身不从事生产经营活动，黄山供销集团主要从事“三农服务”与项目投资，发行人主要从事功率半导体模块散热基板的研发、生产和销售。发行人与控股股东、实际控制人不存在同业竞争。截至本招股说明书签署日，控股股东、实际控制人控制的企业情况详见“第四节发行人基本情况”之“七、持有发行人5%以上股份或表决权的主要股东及实际控制人情况”之“（四）控股股东、实际控制人控制的其他企业”，与发行人不存在同业竞争。报告期内，黄山供销集团曾经控制的企业昆山谷捷业务范围包括散热器的制造与销售，但报告期内昆山谷捷未实际开展经营活动。2021年4月，谷捷有限吸收合并昆山谷捷，昆山谷捷已注销。截至本招股说明书签署日，发行人与控股股东、实际控制人及其控制的其他企业不存在同业竞争的情形。（二）发行人控股股东关于避免同业竞争的承诺为有效避免今后可能发生或潜在的同业竞争，发行人控股股东及实际控制人已出具《关于同业竞争事项的承诺》，具体承诺详见“第十二节附件”之“四、本次发行相关主体作出的重要承诺”之“（十一）其他承诺事项”。七、关联方、关联关系和关联交易（
GEM001,301581,黄山谷捷,GEM001_301581_黄山谷捷股份有限公司_招股说明书.pdf,270,shareholder,持有发行人,黄山谷捷股份有限公司招股说明书1-1-2691、控股股东、实际控制人及其他持有公司5%以上股份的法人关联方名称关联关系黄山市供销社发行人的实际控制人黄山供销集团发行人的控股股东，持有发行人51.87%股权赛格高技术持有发行人25.65%股权黄山佳捷持有发行人5.00%股权2、控股股东、实际控制人控制、共同控制或施加重大影响的其他企业发行人控股股东、实际控制人控制的除发行人之外的企业情况详见“第四节发行人基本情况”之“七、持有发行人5%以上股份或表决权的主要股东及实际控制人情况”之“（四）控股股东、实际控制人控制的其他企业”。黄山供销集团及其直接、间接控制企业的合营企业、联营企业数量众多，该等企业均是发行人的关联方。报告期内与发行人发生关联交易或存在关联往来的控股股东、实际控制人控制、共同控制或施加重大影响的企业如下：关联方名称主营业务关联关系黄山全晟密封科技有限公司密封新材料、橡胶制品等黄山供销集团控制黄山乐惟化妆品贸易有限公司化妆品、日用百货、个人卫生用品等黄山供销集团控制黄山泉水鱼产业开发有限公司水产、农产品等黄山供销集团控制黄山四月乡村农艺场有限公司农业生产经营、农业产业化种植、农业观光旅游等黄山供销集团控制3、发行人控制、共同控制或施加重大影响的企业关联方名称关联关系黄山广捷发行人控股子公司，发行人持有其51%的股权4、关联自然人（1）直接或者间接持有发行人5%以上股份的自然人及其关系密切的
GEM001,301581,黄山谷捷,GEM001_301581_黄山谷捷股份有限公司_招股说明书.pdf,272,shareholder,发行人股东;持有发行人,黄山谷捷股份有限公司招股说明书1-1-271序号关联方名称关联关系1深圳赛意法微电子有限公司发行人股东赛格高技术持股40%的企业2上海广弘实业有限公司持有发行人子公司黄山广捷43.65%股权的股东3黄山科创高新技术创业服务有限公司黄山供销集团监事金姬任董事4安徽辉隆集团新安农资有限公司黄山供销集团董事、副总经理程金桥任董事、总经理5黄山合兴来仓储物流有限公司黄山供销集团董事、副总经理程金桥任副董事长6黄山弘道投资管理有限公司黄山供销集团副总经理吕飚任执行董事、总经理7南京易联阳光信息技术股份有限公司发行人董事长胡恩谓儿媳方小红任财务总监8芜湖永建电力设备工程有限公司发行人副总经理、董事会秘书程家斌姐夫王立炉任副总经理9广州市欢途国际旅行社有限公司发行人独立董事江建辉弟弟江晨辉控制的企业10黄山派尼尔科技发展有限公司黄山供销集团副总经理吕飚弟弟吕安控制的企业11黄山吉泰汽车销售服务有限公司黄山供销集团副总经理吕飚弟媳姚敏任财务经理12黄山精博电气有限公司黄山供销集团副总经理吕飚弟弟吕安任执行董事兼总经理13黄山派尼尔新能源有限公司黄山供销集团副总经理吕飚弟弟吕安任执行董事兼总经理14黄山市天之意文化传媒有限公司黄山供销集团董事王伟建的哥哥王伟军任执行董事兼总经理15广州不止服饰有限公司发行人独立董事郭少明的女婿陈家伟
GEM001,301581,黄山谷捷,GEM001_301581_黄山谷捷股份有限公司_招股说明书.pdf,281,shareholder,持有发行人,可避免的原因而发生的关联交易，发行人将严格按照《公司章程》《股东大会议事规则》《董事会议事规则》《独立董事工作制度》《关联交易管理制度》等对关联交易的有关条款执行，充分发挥独立董事的作用，确保关联交易决策程序的规范性和交易价格的公允性。为规范和减少与发行人之间的关联交易，发行人控股股东黄山供销集团、实际控制人黄山市供销社、全体董事、监事、高级管理人员以及其他持有发行人5%以上股份的股东出具了承诺，具体内容详见“第十二节附件”之“四、本次发行相关主体作出的重要承诺”之“（十一）其他承诺事项”。
GEM001,301581,黄山谷捷,GEM001_301581_黄山谷捷股份有限公司_招股说明书.pdf,305,toc,目录,黄山谷捷股份有限公司招股说明书1-1-304第十二节附件一、附件目录（一）发行保荐书；（二）上市保荐书；（三）法律意见书；（四）财务报表及审计报告；（五）公司章程（草案）；（六）落实投资者关系管理相关规定的安排、股利分配决策程序、股东投票机制建立情况；（七）与投资者保护相关的承诺；（八）发行人及其他责任主体作出的与发行人本次发行上市相关的其他承诺事项；（九）发行人审计报告基准日至招股说明书签署日之间的相关财务报告及审阅报告；（十）内部控制鉴证报告；（十一）经注册会计师鉴证的非经常性损益明细表；（十二）股东大会、董事会、监事会、独立董事、董事会秘书制度的建立健全及运行情况说明；（十三）审计委员会及其他专门委员会的设置情况说明；（十四）募集资金具体运用情况；（十五）子公司、参股公司简要情况；（十六）其他与本次发行有关的重要文件。
GEM001,301581,黄山谷捷,GEM001_301581_黄山谷捷股份有限公司_招股说明书.pdf,309,special_terms,回购,黄山谷捷股份有限公司招股说明书1-1-308四、本次发行相关主体作出的重要承诺（一）股份流通限制及自愿锁定的承诺1、控股股东黄山供销集团、实际控制人黄山市供销社承诺（1）自发行人股票上市之日起36个月内，不转让或者委托他人管理本承诺人于本次公开发行前已持有的发行人股份，也不由发行人回购该部分股份。（2）本承诺人若在锁定期满后两年内减持发行人股票的，减持价格不低于本次发行价；发行人上市后6个月内如发行人股票连续20个交易日的收盘价均低于本次发行价，或者上市后6个月期末收盘价低于本次发行价，本承诺人持有的发行人股票锁定期将自动延长6个月。在延长锁定期内，本承诺人不转让或者委托他人管理本承诺人在公司本次发行前持有的公司股份，也不由公司回购该部分股份。（3）自发行人股票上市至减持期间，如有派发现金股利、送股、转增股本、增发新股等除权除息事项，上述减持价格及收盘价等将按照中国证监会、深圳证券交易所相关规定做相应调整。（4）法律、行政法规、中国证监会行政规章、证券交易所业务规则及其他规范性文件对本承诺人转让发行人股份存在其他限制的，本承诺人承诺同意一并遵守。在本承诺人持股期间，若股份锁定和减持的法律、法规、规范性文件、政策及证券监管机构的要求发生变化，则本承诺人愿意自动适用变更后的法律、法规、规章、规范性文件、政策及证券监管机构的要求。如本承诺人违反上述承诺，本承诺人因违反上述承诺而产生的任何收益归发行人所有，并赔偿因未履行上述承诺而给发行人或投资者带来的损失。2、担任公司董事、高级管理人员的股东张俊武、周斌、罗
GEM001,301581,黄山谷捷,GEM001_301581_黄山谷捷股份有限公司_招股说明书.pdf,310,shareholder,持有发行人;回购,期内，本承诺人不转让或者委托他人管理本承诺人在本次公开发行前持有的公司股份，也不由公司回购该部分股份。（3）自发行人股票上市至减持期间，如有派发现金股利、送股、转增股本、增发新股等除权除息事项，上述减持价格及收盘价等将按照中国证监会、深圳证券交易所相关规定做相应调整。（4）锁定期届满后，本承诺人在发行人担任董事/高级管理人员期间每年转让的股份不超过本承诺人所持有发行人股份总数的25%；离职后半年内，不转让本承诺人所持有的发行人股份。如本承诺人在任期届满前离职的，本承诺人承诺在本承诺人就任时确定的任期内和任期届满后6个月内，继续遵守上述对董事/高级管理人员股份转让的限制性规定。（5）法律、行政法规、中国证监会行政规章、证券交易所业务规则及其他规范性文件对本承诺人转让公司股份存在其他限制的，本承诺人承诺一并遵守。在本承诺人持股期间，若股份锁定和减持的法律、法规、规范性文件、政策及证券监管机构的要求发生变化，则本承诺人愿意自动适用变更后的法律、法规、规章、规范性文件、政策及证券监管机构的要求。（6）在上述承诺履行期间，本承诺人职务变更、离职等原因不影响本承诺的效力，在此期间本承诺人仍将继续履行上述承诺。如本承诺人违反上述承诺，本承诺人因违反上述承诺而产生的任何收益归发行人所有，并赔偿因未履行上述承诺而给发行人或投资者带来的损失。3、担任公司监事的股东谷伟承诺（1）自发行人股票上市之日起12个月内，不转让或者委托他人管理本承诺人于本次公开发行前已持有的发行人股份，也不由发行人回购该部分股份。（2）锁定期届满后，本承诺人在发行人担任监事期间每年转让的股份不超过本承诺人所持有发行人股份总数
GEM001,301581,黄山谷捷,GEM001_301581_黄山谷捷股份有限公司_招股说明书.pdf,311,history,新增股东;回购,。在本承诺人持股期间，若股份锁定和减持的法律、法规、规范性文件、政策及证券监管机构的要求发生变化，则本承诺人愿意自动适用变更后的法律、法规、规章、规范性文件、政策及证券监管机构的要求。如本承诺人违反上述承诺，本承诺人因违反上述承诺而产生的任何收益归发行人所有，并赔偿因未履行上述承诺而给发行人或投资者带来的损失。持股5%以上的股东黄山佳捷作为发行人申报前一年内新增股东，承诺：（1）自发行人股票上市之日起12个月内或自本合伙企业取得发行人股份之日起36个月内（以孰晚为准），不转让或者委托他人管理本承诺人于本次公开发行前已持有的发行人股份，也不由发行人回购该部分股份。（2）法律、行政法规、中国证监会行政规章、证券交易所业务规则及其他规范性文件对本承诺人转让发行人股份存在其他限制的，本承诺人承诺一并遵守。
GEM001,301581,黄山谷捷,GEM001_301581_黄山谷捷股份有限公司_招股说明书.pdf,312,special_terms,回购,生变化，则本承诺人愿意自动适用变更后的法律、法规、规章、规范性文件、政策及证券监管机构的要求。如本承诺人违反上述承诺，本承诺人因违反上述承诺而产生的任何收益归发行人所有，并赔偿因未履行上述承诺而给发行人或投资者带来的损失。5、股东上汽科技承诺（1）自发行人股票上市之日起12个月内，不转让或者委托他人管理本承诺人于本次公开发行前已持有的发行人股份，也不由发行人回购该部分股份。（2）法律、行政法规、中国证监会行政规章、证券交易所业务规则及其他规范性文件对本承诺人转让发行人股份存在其他限制的，本承诺人承诺一并遵守。在本承诺人持股期间，若股份锁定和减持的法律、法规、规范性文件、政策及证券监管机构的要求发生变化，则本承诺人愿意自动适用变更后的法律、法规、规章、规范性文件、政策及证券监管机构的要求。如本承诺人违反上述承诺，本承诺人因违反上述承诺而产生的任何收益归发行人所有，并赔偿因未履行上述承诺而给发行人或投资者带来的损失。（二）股东持股及减持意向的承诺1、控股股东黄山供销集团、实际控制人黄山市供销社承诺（1）本承诺人持续看好公司的发展前景，愿意长期持有公司股票；本承诺人承诺严格根据中国证监会、深圳证券交易所等有权部门颁布的相关法律、法规及规范性文件的有关规定，履行相关股份锁定承诺事项，在中国证监会、深圳证券交易所等有权部门颁布的相关法律、法规及规范性文件的有关规定以及股份锁定承诺规定的限售期内，承诺不进行任何违反相关规定及股份锁定承诺的股份减持行为。（2）股份锁定期届满后，本承诺人拟减持本次公开发行前股份的，将认真遵守中国证监会、深圳证券交易所关于股东减持的相关规定，审慎制定股票减持计划
GEM001,301581,黄山谷捷,GEM001_301581_黄山谷捷股份有限公司_招股说明书.pdf,316,special_terms,回购,黄山谷捷股份有限公司招股说明书1-1-315（2）启动条件当公司股票连续20个交易日的收盘价低于最近一期经审计每股净资产时，应当在30日内实施相关稳定股价的方案，并应提前公告具体实施方案。2、稳定股价的措施当上述触发稳定股价义务的条件成就时，公司将按下列顺序及时采取部分或全部措施稳定公司股价：（1）公司回购股份当达到启动条件时，公司将根据《上市公司股份回购规则》等相关法律法规的规定向社会公众股东回购公司部分股票，以稳定公司股价。①启动稳定股价预案的程序a.公司董事会办公室负责前述触发实施稳定股价方案条件的监测，在其监测到前述触发实施稳定股价方案条件成就时，公司于10日内召开董事会讨论稳定股价方案，并经公司全体董事三分之二以上表决通过；如根据法律及中国证监会、深圳证券交易所等相关规定，需提交股东大会审议的，公司董事会应于董事会表决通过之日起2个交易日内发出召开股东大会的通知，并于发出股东大会会议通知后的15个交易日内召开股东大会审议；公司股东大会对回购股份做出决议，须经出席会议的股东所持表决权的三分之二以上通过；b.公司应在股东大会决议做出之日起次日开始启动回购程序，并应在履行相关法定手续后的30个交易日内实施完毕；c.公司回购方案实施完毕后，应在2个交易日内公告公司股份变动报告，并按照中国证监会或深圳证券交易所规定的方式对回购股份进行处置。②公司回购股份的资金为自有资金，回购股份的方式为集中竞价交易方式、要约方式或证券监督管理部门认可的其他方式。但如果股份回购方案实施前或实施过程中，公司股票价格连续5个交易日的收盘价均高于
GEM001,301581,黄山谷捷,GEM001_301581_黄山谷捷股份有限公司_招股说明书.pdf,317,special_terms,回购,黄山谷捷股份有限公司招股说明书1-1-316a.公司单一会计年度用于回购股份的资金总额累计不超过上一会计年度经审计的归属于母公司股东的可分配利润的50%，且单次用于回购股份的资金总额不低于200万元；b.公司单次回购股份不超过当次股份回购方案实施前公司总股本的2%；c.公司回购股份不违反公司签署的相关协议的约定，且不会导致公司的股权分布不符合上市条件。④在公司实施股份回购时，如上述相关措施与届时法律法规或监管部门相关政策相冲突，公司将按照最新的监管政策进行调整。（2）控股股东增持公司股份若前述股价稳定措施已实施，再次触发股价稳定措施启动条件的，且公司回购股份达到预案上限的，公司控股股东将按照有关法律法规的规定，增持公司股份。控股股东及其控制的关联股东将在公司审议股份回购方案进行投票时以所拥有的全部表决票数在股东大会上投赞成票。①启动稳定股价预案的程序a.公司控股股东将于触发实施稳定股价方案的10个交易日内通知公司董事会增持公司股份的计划，并通过公司发布增持公告；b.公司控股股东将在增持公告发布之日起次日开始启动增持，并应在履行相关法定手续后的30个交易日内实施完毕。②增持股份的方式为集中竞价交易方式、要约方式或证券监督管理部门认可的其他方式。在增持股份不会导致公司的股权分布不符合上市条件的前
GEM001,301581,黄山谷捷,GEM001_301581_黄山谷捷股份有限公司_招股说明书.pdf,318,special_terms,回购,在担任公司董事、高级管理人员期间上一会计年度从公司处领取的税后薪酬累计额的20%，单一年度用以稳定股价所动用的资金应不超过本人在担任公司董事、高级管理人员期间上一会计年度从公司处领取的税后薪酬累计额的50%。但如果股份增持方案实施前或实施过程中，公司股票价格连续5个交易日的收盘价均高于公司每股净资产，则可不再继续实施该方案。③在公司董事、高级管理人员实施股份回购时，如上述相关措施与届时法律法规或监管部门相关政策相冲突，公司董事、高级管理人员将按照最新的监管政策进行调整。3、未能履行稳定股价方案的约束措施（1）若公司未能履行、确已无法履行或无法按期履行前述稳定股价措施的（因相关法律法规、政策变化、自然灾害及其他不可抗力等无法控制的客观原因导致的除外），将采取以下措施：①及时、充分披露公司未能履行、无法履行或无法按期履行的具体原因；②向投资者赔偿相应损失，并进一步提出补充承诺或替代承诺，以尽可能保护投资者的权益；
GEM001,301581,黄山谷捷,GEM001_301581_黄山谷捷股份有限公司_招股说明书.pdf,319,shareholder,发行人股东,国证监会及其他有关机关认定的实际损失向投资者进行赔偿，以尽可能保护投资者的权益。（2）控股股东黄山供销集团承诺①本公司将严格按照《稳定股价预案》之规定全面且有效地履行本公司在《稳定股价预案》项下的各项义务和责任。②本公司将极力敦促公司及相关方严格按照《稳定股价预案》之规定全面且有效地履行其在《稳定股价预案》项下的各项义务和责任。③如未履行上述承诺，本公司将在发行人股东大会及中国证监会指定报刊上公开说明未履行的具体原因并向发行人股东和社会公众投资者道歉；并在前述事
GEM001,301581,黄山谷捷,GEM001_301581_黄山谷捷股份有限公司_招股说明书.pdf,320,shareholder,发行人股东;回购,，同时本公司持有的发行人股份将不得转让，直至采取相应的稳定股价措施并实施完毕时为止。（3）非独立董事、高级管理人员承诺①本人将严格按照《稳定股价预案》之规定全面且有效地履行本人在《稳定股价预案》项下的各项义务和责任。②本人将极力敦促公司及相关方严格按照《稳定股价预案》之规定全面且有效地履行其在《稳定股价预案》项下的各项义务和责任。③如未履行上述承诺，本人将在发行人股东大会及中国证监会指定报刊上公开说明未履行的具体原因并向公司股东和社会公众投资者道歉；并在前述事项发生之日起停止在公司处领取薪酬（如有）及股东分红（如有），同时本人持有的公司股份（如有）将不得转让，直至采取相应的稳定股价措施并实施完毕时为止。（四）股份回购和股份买回承诺1、发行人承诺如证券监督管理部门或其他有权部门认定《招股说明书》所载之内容存在任何虚假记载、误导性陈述或者重大遗漏之情形，且该等情形对判断本公司是否符合法律规定的发行条件构成重大且实质影响的，则本公司承诺将按照《黄山谷捷股份有限公司关于依法承担赔偿责任的承诺》依法回购本次公开发行的全部新股。如中国证监会认定本公司不符合发行上市条件，以欺骗手段骗取发行注册，则本公司承诺将依法按照《黄山谷捷股份有限公司关于欺诈发行上市股份购回的承诺》从投资者手中购回本次公开发行的全部新股。当《黄山谷捷股份有限公司首次公开发行人民币普通股（A股）股票并在创业板上市后三年内稳定股价预案》中约定的预案触发条件成就时，公司将按照《黄山谷捷股份有限公司关于稳定上市后公司股价的承诺》履行回购公司股份的义务。以上为本公司关于股份回购和股份购回的措施和承诺，如本公司未能依照上述承诺履行义
GEM001,301581,黄山谷捷,GEM001_301581_黄山谷捷股份有限公司_招股说明书.pdf,321,special_terms,回购,黄山谷捷股份有限公司招股说明书1-1-320何虚假记载、误导性陈述或者重大遗漏之情形，且该等情形对判断发行人是否符合法律规定的发行条件构成重大且实质影响的，则本单位承诺将按照《黄山谷捷股份有限公司之控股股东关于依法承担赔偿责任的承诺》极力促使发行人依法回购或由本单位依法回购其本次公开发行的全部新股。如中国证监会认定发行人不符合发行上市条件，以欺骗手段骗取发行注册，则本单位承诺将按照《黄山谷捷股份有限公司之控股股东关于欺诈发行上市的股份购回承诺》依法从投资者手中购回本次公开发行的全部新股。当《黄山谷捷股份有限公司首次公开发行人民币普通股（A股）股票并在创业板上市后三年内稳定股价预案》中约定的预案触发条件成就时，本单位将按照《黄山谷捷股份有限公司之控股股东关于稳定上市后公司股价的承诺》履行回购公司股份的义务。以上为本单位关于股份回购和股份购回的措施和承诺，如本单位未能依照上述承诺履行义务的，本单位将依照未能履行承诺时的约束措施承担相应责任。3、实际控制人黄山市供销社承诺如证券监督管理部门或其他有权部门认定《招股说明书》所载之内容存在任何虚假记载、误导性陈述或者重大遗漏之情形，且该等情形对判断发行人是否符合法律规定的发行条件构成重大且实质影响的，则本单位承诺将按照《黄山谷捷股份有限公司之实际控制人关于依法承担赔偿责任的承诺》极力促使发行人依法回购或由本单位依法回购其本次公开发行的全部新股。如中国证监会认定发行人不符合发行上市条件，以欺骗手段骗取发行注册，则本单位承诺将按照《黄山
GEM001,301581,黄山谷捷,GEM001_301581_黄山谷捷股份有限公司_招股说明书.pdf,323,shareholder,发行人股东,诺：①不越权干预发行人经营管理活动，不侵占发行人利益。②督促发行人切实履行填补回报措施。③本承诺出具日后至发行人本次发行完毕前，若中国证监会和深圳证券交易所作出关于填补回报措施及其承诺的其他新的监管规定的，且上述承诺不能满足中国证监会和深圳证券交易所该等规定时，本单位承诺届时将按照中国证监会和深圳证券交易所的最新规定出具补充承诺。如未履行上述承诺，本单位将在发行人股东大会及中国证监会指定报刊上公开说明未履行的具体原因并向发行人股东和社会公众投资者道歉；若因本单位违反该等承诺给发行人或者投资者造成损失的，本单位愿意依法承担对发行人或者投资者的补偿责任。（2）董事、高级管理人员承诺：①承诺不得无偿或以不公平条件向其他单位或者个人输送利益，也不得采用其他方式损害公司利益。②承诺将全力支持和配合公司规范董事和高级管理人员的职务消费行为，包括但不限于参与讨论或拟定关于约束董事和高级管理人员职务消费行为的制度和规定。同时，本人将严格按照相关上市公司规定及公司内部相关管理制度的规定或要求约束本人的职务消费行为。③承诺不得动用公司资产从事与本人履行职责无关的投资、消费活动。④承诺积极推动公司薪酬制度的完善，使之更符合摊薄即期填补回报的要求；支持公司董事会或薪酬与考核委员会在制订、修改补充公司的薪酬制度时与公司填补回报措施的执行情况相挂钩。⑤承诺在推动公司股权激励（如有）时，应使股权激励行权条件与公司填补回报措施的执行情况相挂钩。
GEM001,301581,黄山谷捷,GEM001_301581_黄山谷捷股份有限公司_招股说明书.pdf,324,special_terms,回购,合理回报并兼顾公司的可持续发展，保持公司利润分配政策的连续性和稳定性。公司如违反前述承诺，将在公司股东大会及中国证监会指定报刊上公开说明具体原因，并向公司股东和社会公众投资者道歉（因不可抗力或其他非归属于公司的原因除外），同时公司将及时改正并继续履行上述承诺或及时作出合法、合理、有效的补充承诺或替代承诺，以尽可能保护投资者的利益。（七）关于欺诈发行上市的股份回购和股份买回承诺1、发行人承诺本公司保证本次公开发行股票并在创业板上市不存在任何欺诈发行的情形；若本公司不符合发行上市条件，以欺骗手段骗取发行注册并已经发行上市的，本公司承诺将在中国证监会等有权部门确认后5个工作日内启动股份回购程序，从投资者手中购回本次公开发行的全部股票。若公司违反上述承诺，公司将在股东大会及中国证监会指定报刊上公开说明具体原因及向股东和社会公众投资者道歉，并将在限期内继续履行前述承诺，同时因违反上述承诺给投资者造成损失的，公司将依法赔偿投资者损失，赔偿金额依据公司与投资者协商确定，或中国证监会、司法机关认定。2、控股股东黄山供销集团、实际控制人黄山市供销社承诺本单位保证发行人本次公开发行股票并在创业板上市不存在任何欺诈发行
GEM001,301581,黄山谷捷,GEM001_301581_黄山谷捷股份有限公司_招股说明书.pdf,325,special_terms,回购,黄山谷捷股份有限公司招股说明书1-1-324的情形；若发行人不符合发行上市条件，以欺骗手段骗取发行注册并已经发行上市的，本单位将督促发行人在中国证监会等有权部门确认后5个工作日内启动股份回购程序，从投资者手中购回本次公开发行的全部股票。（八）关于依法承担赔偿责任的承诺1、发行人承诺（1）公司本次发行及上市的招股说明书及其他信息披露资料不存在虚假记载、误导性陈述或重大遗漏之情形，且公司对其真实性、准确性、完整性承担相应的法律责任。（2）若公司本次发行及上市的招股说明书及其他信息披露资料存在任何虚假记载、误导性陈述或者重大遗漏之情形，且该等情形对判断公司是否符合法律规定的发行条件构成重大且实质影响的，公司将在中国证监会认定有关违法事实后30日内启动回购首次公开发行的全部新股工作，回购价格不低于公司股票发行价。如果因公司上市后派发现金红利、送股、转增股本、增发新股等原因进行除权、除息的，上述发行价及回购股份数量应做相应调整。（3）若公司本次发行及上市的招股说明书及其他信息披露资料存在任何虚假记载、误导性陈述或者重大遗漏之情形，致使投资者在证券交易中遭受损失的，公司将依法赔偿投资者损失。该等损失的金额以经人民法院认定或与公司协商确定的金额为准。具体的赔偿标准、赔偿主体范围、赔偿顺序、赔偿金额、赔偿方式等细节内容待上述情形实际发生时，依据最终确定的赔偿方案为准。上述承诺内容系公司真实意思表示，公司自愿接受监管机构、自
GEM001,301581,黄山谷捷,GEM001_301581_黄山谷捷股份有限公司_招股说明书.pdf,326,special_terms,回购,黄山谷捷股份有限公司招股说明书1-1-325法律规定的发行条件构成重大且实质影响的，本公司将利用控股股东地位促使发行人在中国证监会认定有关违法事实后30日内启动回购发行人本次公开发行的全部新股工作。（3）若发行人本次发行及上市的招股说明书及其他信息披露资料存在任何虚假记载、误导性陈述或者重大遗漏之情形，致使投资者在证券交易中遭受损失的，本公司将依法赔偿投资者损失。该等损失的金额以经人民法院认定或与发行人协商确定的金额为准。具体的赔偿标准、赔偿主体范围、赔偿顺序、赔偿金额、赔偿方式等细节内容待上述情形实际发生时，依据最终确定的赔偿方案为准。上述承诺内容系本公司真实意思表示，本公司自愿接受监管机构、自律组织及社会公众的监督，如违反以上承诺，本公司将依法承担相应责任。3、董事、监事、高级管理人员的承诺（1）公司本次发行及上市的招股说明书及其他信息披露资料不存在虚假记载、误导性陈述或重大遗漏之情形，且本人对其真实性、准确性、完整性承担个别和连带的法律责任。（2）若公司本次发行及上市的招股说明书及其他信息披露资料存在任何虚假记载、误导性陈述或者重大遗漏之情形，致使投资者在证券交易中遭受损失的，且本人因此承担责任的，本人将依法赔偿投资者损失。该等损失的金额以经人民法院认定或与公司协商确定的金额为准。具体的赔偿标准、赔偿主体范围、赔偿顺序、赔偿金额、赔偿方式等细节内容待上述情形实际发生时，依据最
GEM001,301581,黄山谷捷,GEM001_301581_黄山谷捷股份有限公司_招股说明书.pdf,327,shareholder,发行人股东;持有发行人,记载、误导性陈述或重大遗漏。若因本公司为发行人首次公开制作、出具的文件有虚假记载、误导性陈述或重大遗漏，给投资者造成损失的，将依法赔偿投资者损失。（九）发行人关于股东信息披露的专项承诺1、本公司股东中不存在法律法规规定禁止持股的主体直接或间接持有发行人股份。2、本次发行上市的中介机构或其负责人、高级管理人员、经办人员不存在直接或间接持有本公司股份的情形。3、发行人股东中不存在以发行人股份进行不当利益输送的情形。4、直接或间接持有本公司股份的自然人（集合竞价增加的股东除外）不存在证券监督管理相关系统及单位工作人员。5、本公司保证前述股东信息披露的相关情况真实、准确、完整，不存在任何虚假记载、误导性陈述或重大遗漏。6、本公司及本公司股东已及时向本次发行的中介机构提供了真实、准确、完整的资料，积极和全面配合了本次发行的中介机构开展尽职调查，依法在本次发行的申报文件中真实、准确、完整地披露了股东信息，履行了信息披露义务。
GEM001,301581,黄山谷捷,GEM001_301581_黄山谷捷股份有限公司_招股说明书.pdf,329,shareholder,发行人股东;持有发行人,黄山谷捷股份有限公司招股说明书1-1-328若本承诺人违反该等承诺，则同意采取如下约束措施：①公开披露本承诺人未履行或未及时履行相关承诺的具体原因并向发行人股东及社会公众投资者道歉，同时根据相关法律法规规定及监管部门要求承担相应的法律责任或采取相关替代措施；②给投资者造成损失的，本承诺人将向投资者依法承担赔偿责任和其他法律责任。（十一）其他承诺事项1、控股股东黄山供销集团、实际控制人黄山市供销社关于避免同业竞争的承诺（1）本承诺人及本承诺人控制的其他企业均未研发、生产、销售或提供任何与发行人的主营产品和服务构成竞争或可能构成竞争的产品或服务，所经营的业务均未与发行人经营的主营业务构成同业竞争。（2）本承诺人承诺本承诺人及所控制的其他公司、企业或经济组织，未来不以任何形式直接或间接从事与发行人主营业务或者主营产品/服务相竞争或者构成竞争威胁的业务活动。（3）若本承诺人及本承诺人所控制的其他公司、企业或经济组织违反上述声明、承诺，并造成发行人经济损失的，本承诺人同意依法承担赔偿责任或其他法律责任。2、控股股东黄山供销集团、实际控制人黄山市供销社、全体董事、监事、高级管理人员以及其他持有发行人5%以上股份的股东关于规范和减少关联交易的承诺（1）本承诺人将严格按照《公司法》等相关法律法规以及《黄山谷捷股份有限公司章程（草案）》《黄山谷捷股份有限公司关联交易管理制度》等规定行使股东
GEM001,301581,黄山谷捷,GEM001_301581_黄山谷捷股份有限公司_招股说明书.pdf,337,toc,目录,本项目数字化、智能化车间的建设，公司可实现设备的互联互通，将锻压设备、CNC、AI自动检测设备等数字化设备链接实现程序网络通讯、数据远程采集、程序集中管理、可视化决策支持等，向数字化、网络化、智能化的生产模式升级，巩固公司在行业内的优势地位。9、项目实施的可行性（1）符合国家产业政策导向新能源汽车零部件行业的发展受到国家多项产业政策的支撑。《产业结构调整指导目录（2019年本）》中明确指出新能源汽车关键零部件产业属于“鼓励类”范畴；《战略新兴产业分类（2018）》将“新能源汽车零部件制造”纳入战略新兴产业。功率半导体模块是新能源汽车的核心零部件产品之一，本项目产品为新能源汽车功率半导体散热基板，是功率半导体模块的重要组成部件，符合《新能源汽车产业发展规划（2021-2035年）》中提升产业基础能力，构建关键零部件技术供给体系的规划要求。因此，本项目建设内容符合国家产业政策导向。（2）丰富的技术积累及完善的生产流程为项目的实施提供了基础长期以来，公司重视并密切关注国内外功率半导体模块散热工艺技术的最新动态，以及相关行业技术的发展状况，并结合自身的技术优势，成立了研发部门和不同方向的专业研发团队。公司的核心研发团队拥有10年以上的行业实践经验，具备了较强的研发、设计以及技术改善能力，为公司的发展奠定了良好的基
GEM001,301581,黄山谷捷,GEM001_301581_黄山谷捷股份有限公司_招股说明书.pdf,341,toc,目录,司主营产品不断的升级，从而满足不同客户的定制化需求，进一步提高公司的定制化服务能力，保持主营业务的竞争优势，并积极布局复杂应用场景下前瞻性的技术，提升自主创新能力以及快速响应能力，保持主营业务的竞争优势，实现公司的可持续发展。9、项目实施的可行性（1）国家政策的鼓励和支持是项目实施的前提新能源汽车零部件行业的发展受到国家多项产业政策的支撑。《产业结构调整指导目录（2019年本）》中明确指出新能源汽车关键零部件产业属于“鼓励类”范畴；《战略新兴产业分类（2018）》将“新能源汽车零部件制造”纳入战略新兴产业。本项目研发内容围绕新能源汽车功率半导体散热基板展开，符合《新能源汽车产业发展规划（2021-2035年）》中提升产业基础能力，构建关键零部件技术供给体系的规划要求。综上，本项目建设内容与国家政策鼓励内容一致，相关政策的支持是本项目顺利实施的前提。
GEM002,301563,云汉芯城,GEM002_301563_云汉芯城（上海）互联网科技股份有限公司_招股说明书.pdf,6,toc,目录,云汉芯城（上海）互联网科技股份有限公司招股说明书5目录声明................................................................................................................................1致投资者的声明...........................................................................................................2发行概况.......................................................................................................................4目录................................................................................................................................5第一节释义............
GEM002,301563,云汉芯城,GEM002_301563_云汉芯城（上海）互联网科技股份有限公司_招股说明书.pdf,10,shareholder,发行人股东,.................................................438十、应对发行人发行失败的相关措施预案及承诺........................................438十一、关于发行人在审期间不进行现金分红的承诺....................................439附录三发行人股东（大）会、董事会、监事会、独立董事、董事会秘书制度的建立健全及运行情况...........................................................................................440一、股东（大）会制度的建立健全及运行情况............................................440二、董事会制度的建立健全及运行情况........................................................440三、监事会制度的建立健全及运行情况........................................................440四、独立董事制度的建立健全及运行情况....................................................441五、董事会秘书制度的建立健全及运行情况................................................441六、董事会专门委员会的设置情况.........
GEM002,301563,云汉芯城,GEM002_301563_云汉芯城（上海）互联网科技股份有限公司_招股说明书.pdf,23,employee_platform,核心员工,云汉芯城（上海）互联网科技股份有限公司招股说明书22造成；前次披露的招股意向书中，发行手续费及其他费用为3.51万元，差异主要系纳入本次发行的印花税费用的调整，除前述调整外，发行费用不存在其他调整情况。高级管理人员、员工拟参与战略配售情况发行人的高级管理人员与核心员工参与本次战略配售设立的专项资产管理计划为国金资管云汉芯城员工参与创业板战略配售集合资产管理计划，根据最终确定的发行价格，上述专项资管计划最终战略配售股份数量为155.9259万股，约占本次发行数量的9.58%；获配股票的限售期为12个月，限售期自本次公开发行的股票在深交所上市之日起开始计算。保荐人相关子公司拟参与战略配售情况本次发行价格未超过剔除最高报价后网下投资者报价的中位数和加权平均数以及剔除最高报价后通过公开募集方式设立的证券投资基金（以下简称“公募基金”）、全国社会保障基金（以下简称“社保基金”）、基本养老保险基金（以下简称“养老金”）、企业年金基金和职业年金基金（以下简称“年金基金”）、符合《保险资金运用管理办法》等规定的保险资金（以下简称“保险资金”）与合格境外投资者资金报价中位数和加权平均数孰低值，本次发行的保荐人相关子公司将按照相关规定无需参与本次发行的战略配售。（二）本次发行上市的重要日期刊登询价公告日期2025年9月11日初步询价日期2025年9月15日刊登发行公告日期2025年9月18日申购日期2025年9月19日缴款日期2025年9月23日股票上市日期本次股票发行结束后将尽快申请在深圳证券交易
GEM002,301563,云汉芯城,GEM002_301563_云汉芯城（上海）互联网科技股份有限公司_招股说明书.pdf,24,employee_platform,核心员工,"汉芯城（上海）互联网科技股份有限公司招股说明书23战略配售设立的专项资产管理计划最终战略配售数量为155.9259万股，约占本次发行数量的9.58%。本次发行战略配售结果如下：参与战略配售的投资者获配股数（股）获配金额（元）限售期国金资管云汉芯城员工参与创业板战略配售集合资产管理计划1,559,25942,099,993.0012个月2、发行人高级管理人员与核心员工参与本次战略配售设立的专项资产管理计划（1）投资主体发行人的高级管理人员与核心员工参与本次战略配售设立的专项资产管理计划为国金资管云汉芯城员工参与创业板战略配售集合资产管理计划（以下简称“云汉芯城资管计划”）。（2）审议情况2025年3月17日，发行人第三届董事会第十八次会议审议通过了《关于公司高级管理人员与核心员工设立专项资管计划参与公司首次公开发行股票并在创业板上市战略配售的议案》，同意发行人的部分高级管理人员与核心员工设立专项资产管理计划参与本次发行上市的战略配售。（3）参与规模和具体情况云汉芯城资管计划最终参与战略配售认购数量为155.9259万股，约占本次公开发行数量的9.58%。具体情况如下：产品名称国金资管云汉芯城员工参与创业板战略配售集合资产管理计划产品编码SAUT59成立时间2025年3月10日备案时间2025年3月20日募集资金规模4,240.00万元认购金额上限4,210.00万元管理人名称国金证券资产管理有限公司托管人名称中信银行股份有限公司实际支配主体国金证券资产管理有限公司（实际支配主体非发行人高级管理人员）"
GEM002,301563,云汉芯城,GEM002_301563_云汉芯城（上海）互联网科技股份有限公司_招股说明书.pdf,25,employee_platform,核心员工,"云汉芯城（上海）互联网科技股份有限公司招股说明书24云汉芯城资管计划参与人姓名、职务、实际缴款金额及比例等具体情况如下：序号姓名劳动关系所属单位职务实际缴款金额（万元）资管计划份额的持有比例员工类别1曾烨云汉芯城（上海）互联网科技股份有限公司董事长1,484.84835.02%核心员工2刘云锋云汉芯城（上海）互联网科技股份有限公司董事、总裁799.66418.86%高级管理人员3周雪峰云汉芯城（上海）互联网科技股份有限公司首席财务官、董事会秘书864.96020.40%高级管理人员4徐俊云汉芯城（上海）互联网科技股份有限公司人力行政副总裁300.1927.08%核心员工5李文发深圳市汉云电子有限公司董事、首席运营官399.8329.43%高级管理人员6王宇云汉芯城（上海）互联网科技股份有限公司市场营销副总裁130.1683.07%核心员工7李剑峰云汉芯城（上海）互联网科技股份有限公司销售副总裁130.1683.07%核心员工8张明川云汉芯城（上海）互联网科技股份有限公司销售副总裁130.1683.07%核心员工合计4,240.000100.00%-注：1、合计数与各部分数直接相加之和若在尾数上有差异，是由四舍五入造成的。2、该资管计划的募集资金规模和认购金额上限的差额用于支付管理费、托管费等相关费用。3、最终获配金额和获配股数待T-2日确定发行价格后确认。4、深圳市汉云电子有限公司系发行人全资子公司。上述参与人均与发行人或其全资子公司签订了劳动合同。四、发行人主营业务经营情况1（一）发行人主营业务"
GEM002,301563,云汉芯城,GEM002_301563_云汉芯城（上海）互联网科技股份有限公司_招股说明书.pdf,46,special_terms,回购,集资金到位前，公司将根据实际情况以自筹资金先行投入，募集资金到位后予以置换。根据《上市公司募集资金监管规则》（证监会公告[2025]10号）第十四条规定，上市公司应当根据公司的发展规划及实际生产经营需求，妥善安排实际募集资金净额超过计划募集资金金额部分（下称超募资金）的使用计划。根据前述规定，若实际募集资金净额超过上述项目的资金需求，则超出部分将用于新项目、回购注销等。本次募集资金运用详细情况请参见本招股说明书“第七节募集资金运用与未来发展规划”。（二）未来发展规划公司始终坚持“一切业务在线化、一切业务数据化、一切数据业务化”的发展理念，充分发挥大数据、人工智能、互联网技术优势，依托自主研发的B2B商城将业务做深做强做大，深度挖掘电子产业链的痛点，做好底层数据建设，提升数据连接能力，将数据和技术相结合，为行业创造价值，向产业链各
GEM002,301563,云汉芯城,GEM002_301563_云汉芯城（上海）互联网科技股份有限公司_招股说明书.pdf,55,gp_lp,出资比例,1]361Z0475号《验资复核报告》，认为上海德欣事务所出具的德欣（2008）验字第5205号验资报告在所有重大方面符合《中国注册会计师审计准则第1602号——验资》的相关规定。2008年5月7日，上海云汉电子有限公司办理完毕工商登记手续，取得上海市工商行政管理局松江分局下发的注册证号为310227001377671的《企业法人营业执照》。有限公司设立时的出资比例如下：
GEM002,301563,云汉芯城,GEM002_301563_云汉芯城（上海）互联网科技股份有限公司_招股说明书.pdf,58,history,持有发行人;股权转让;新增股东;执行事务合伙人;普通合伙人,"价格系按照丰利财富2015年入股云汉有限时的投资总额1,000万元确定。丰利财富系代表其管理的丰利财富新三板成长基金（以下简称“丰利新三板基金”）投资发行人，资金来源为丰利新三板基金的募集资金。由于2018年丰利新三板基金拟转让发行人股份时，其存续期限已临近届满，基金所投资的项目退出压力较大，急于寻找退出的渠道，因此丰利财富同意按其出资时的价格1000万元将持有发行人的股份转让给天健创投。新增股东天健创投主营业务为创业投资，与公司主营业务不存在相似或相同的情况，非三类股东。东方富海（芜湖）股权投资基金管理企业（有限合伙）和厦门蜜呆资产管理合伙企业（有限合伙）为其普通合伙人，其中蜜呆资管为其执行事务合伙人，实际控制人为徐珊。本次股权转让后，公司股权结构如下：序号股东姓名/名称持股数量（股）持股比例（%）1曾烨17,792,00044.48"
GEM002,301563,云汉芯城,GEM002_301563_云汉芯城（上海）互联网科技股份有限公司_招股说明书.pdf,59,history,股权转让,"芜湖富海2,835,3207.095东方富海2,502,0006.266为赛咨询1,853,3604.637深创投933,3202.338天健创投666,6801.679镇江红土333,3200.8310昆山红土333,3200.8311富海深湾333,3200.83合计40,000,000100.00（二）2018年6月至7月，股份公司增加注册资本暨第二次股权转让2018年6月12日，发行人与国科瑞华、CASREVFUND、中科贵银、夏东、南山富海、珠海拓域、曾烨、刘云锋、为赛咨询、力源信息、东方富海、芜湖富海、深创投、天健创投、镇江红土、昆山红土、富海深湾、富海节能、临港投资、鸿迪投资签署了《关于云汉芯城（上海）互联网科技股份有限公司之增资与股权转让协议》，约定该协议相关方对发行人增资，以及受让发行人股份事宜。根据该协议，国科瑞华以现金7,412万元认缴新增注册资本254.4787万元；CASREVFUND以现金1,800万元的等值美元认缴新增注册资本61.8万元；中科贵银以现金1,584万元认缴新增注册资本54.384万元；夏东以现金204万元认缴新增注册资本7.004万元；南山富海以现金3,000万元认缴新增注册资本103万元；珠海拓域以现金1,000万元认缴新增注册资本34.3333万元。同时，该协议还约定，曾烨将其持有的发行人51.5万股股份转让予富海节能，转让价格为1,500万元；曾烨将其持有的发行人18.025万股股份转让予临港投资，转让价格为524.9994万元；刘云锋将其持有的发行人9.4417万股股份转让予临港投资，转让价格为275.006万元；刘云锋将其"
GEM002,301563,云汉芯城,GEM002_301563_云汉芯城（上海）互联网科技股份有限公司_招股说明书.pdf,61,history,股权转让,"海拓域343,3330.7417富海深湾333,3200.7218镇江红土333,3200.7219昆山红土333,3200.7220临港投资274,6670.5921李文发200,0000.4322李剑峰200,0000.4323秦国君200,0000.4324夏东70,0400.15合计46,350,000100.00（三）2019年8月，股份公司第三次股权转让2019年8月13日，为赛咨询与李文发、秦国君分别签署了《股份转让协议》。根据该协议，李文发以40万元的价格受让为赛咨询持有的发行人股份40万股，秦国君以40万元的价格受让为赛咨询持有的发行人股份40万股。同时，李文发、秦国君与为赛咨询其他合伙人签署了《退伙协议书》，两人于2019年8月12日将其依据2017年公司员工激励方案以40万元的价格各取得的为赛咨询21.58%的财产份额转出，进而从为赛咨询退伙。本次转让后，公司的股权结构如下：序号股东姓名/名称持股数量（股）持股比例（%）1曾烨17,096,75036.892刘云锋6,949,86014.993力源信息5,004,00010.804芜湖富海2,835,3206.125国科瑞华2,544,7875.496东方富海2,502,0005.407为赛咨询1,053,3602.278南山富海1,030,0002.229深创投933,3202.0110天健创投666,6801.44"
GEM002,301563,云汉芯城,GEM002_301563_云汉芯城（上海）互联网科技股份有限公司_招股说明书.pdf,63,history,股权转让,"001.0818鸿迪投资369,0830.7819珠海拓域343,3330.7220镇江红土333,3200.7021昆山红土333,3200.7022富海深湾333,3200.7023临港投资274,6670.5824李剑峰200,0000.4225夏东70,0400.15合计47,480,488100.00（五）2020年9月，股份公司第三次增资和第四次股权转让2020年9月15日，发行人召开2020年第三次临时股东大会并通过决议，同意发行人的注册资本由4,748.0488万元增至4,883.7074万元。其中，厦门西堤以5,000.00万元认购公司新增股份96.899万股，96.899万元计入股本，剩余部分计入资本公积；中小企业基金以2,000.00万元认购新增股份38.7596万股，38.7596万元计入股本，剩余部分计入资本公积。2020年12月16日，容诚会计师出具了《验资报告》（容诚验字"
GEM002,301563,云汉芯城,GEM002_301563_云汉芯城（上海）互联网科技股份有限公司_招股说明书.pdf,64,history,股权转让,"00.00沈笑彦85,000.00438.60衣嘉平85,000.00438.60余满芬85,000.00438.60崔振南38,760.00200.00湘裕君源85,000.00438.60李文发湘裕君源50,000.00258.00秦国君湘裕君源150,000.00774.002020年9月23日，股份公司在上海市市场监督管理局完成了变更登记。此次增资及股权转让的每股价格约为51.6元，对应发行人整体投后估值约为25.2亿。本次变更完成后，发行人的股权结构如下：序号股东姓名/名称持股数量（股）持股比例（%）1曾烨16,132,25533.032刘云锋6,454,82013.223力源信息5,004,00010.254芜湖富海2,835,3205.815国科瑞华2,544,7875.216东方富海2,502,0005.127火炬电子1,130,4882.318为赛咨询1,053,3602.169南山富海1,030,0002.1110厦门西堤968,9901.9811深创投933,3201.9112鸿迪投资849,0831.74"
GEM002,301563,云汉芯城,GEM002_301563_云汉芯城（上海）互联网科技股份有限公司_招股说明书.pdf,65,special_terms,对赌;回购;特殊权利,"825昆山红土333,3200.6826湘裕君源285,0000.5827临港投资274,6670.5628李剑峰200,0000.4129福建开京116,2800.2430沈笑彦85,0000.1731衣嘉平85,0000.1732余满芬85,0000.1733夏东70,0400.1434崔振南38,7600.08合计48,837,074100.00（六）对赌协议解除相关情况发行人设立以来共进行了五轮融资，发行人和曾烨、刘云锋以及为赛咨询与各轮投资方签署了含业绩承诺、上市承诺条款的相关协议，发行人均不属于该等条款下承担回购股权或现金补偿等义务的主体。2021年9月30日，相关股东与各轮投资人分别签署了《关于投资协议特殊权利条款终止之协议书》，确认历次投资协议中的业绩承诺、上市承诺及投资人优先权等特殊权利安排已履行完毕或彻底终止，发行人、曾烨、刘云锋、为赛咨询对各轮投资人不负有任何关于业绩承诺、上市承诺的回购、补偿或赔偿等义务。《关于投资协议特殊"
GEM002,301563,云汉芯城,GEM002_301563_云汉芯城（上海）互联网科技股份有限公司_招股说明书.pdf,66,special_terms,对赌;回购;特殊权利,云汉芯城（上海）互联网科技股份有限公司招股说明书65权利条款终止之协议书》的前述约定不存在自动恢复条款。2023年8月，各轮投资人签署了《关于云汉芯城不存在回购义务相关事项的确认函》，确认自其入股发行人以来，与发行人之间自始不存在发行人作为对赌协议补偿或回购条款义务方的约定，也不存在发行人承担回购、补偿等任何对赌义务的情形。除已披露的投资协议之外，各轮投资人也未与发行人签署任何要求发行人承担回购义务相关内容的其他协议、条款或任何形式的承诺。发行人自始对各轮投资人不负有任何回购股份的义务，也不存在在业绩对赌、上市对赌、股权回购等条款下承担任何赔偿或回购等义务的情形。发行人历史上业绩承诺、上市承诺条款的签署及履行、终止情况，以及特殊权利条款终止协议书的具体条款内容如下：轮次投资方上市承诺及业绩承诺相关内容履行/终止情况终止协议的具体条款内容A轮力源信息、东方富海、芜湖富海上市承诺（拖带出售权）：若（1）云汉有限未能在2019年4月30日前上市；（2）云汉有限及其子公司（若有）发生或者发现对云汉有限发行上市构成实质障碍的情形、且按照中国法律无法纠正；或（3）第三方（包括A轮投资人）提出购买云汉有限股权或提出以现金或发行股份方式购买云汉有限资产，在上述情形下，如果A轮投资人均同意向第三方出售股权，则曾烨、刘云锋、为赛咨询应与A轮投资人协商，共同确认A轮投资人的退出方案：（1）同时出售其持有的股权，使出售股权比例达到51%以上；或（2）以不低于第三方的价格收购A轮投资人
GEM002,301563,云汉芯城,GEM002_301563_云汉芯城（上海）互联网科技股份有限公司_招股说明书.pdf,67,special_terms,回购,出售其持有的股权，使出售股权比例达到51%以上；或（2）以不低于第三方的价格收购B轮投资人持有云汉有限所有股权。若第三方为B轮投资人关联方则此条不适用。该条款未实际履行，并已于2018年6月被《C轮股东协议》的拖售权条款替代，最终于2021年9月30日彻底终止。B轮投资人确认该条款已终止。B轮投资人过去不曾，未来也不会就此向曾烨、刘云锋、为赛咨询、发行人主张回购或要求其承担任何其他责任。2015年业绩承诺：曾烨、刘云锋共同向B轮投资人承诺，保证云汉有限实现以下经营目标：2015年公司完成销售收入4亿元，且毛利率不低于4%，即主营业务利润不低于1600万元。如公司未能实现该经营目标，B轮投资人有权要求由曾烨和刘云锋按照12:5的比例无偿支付现金或股权给B轮投资人，作为对B轮投资人的补偿。曾烨、刘云锋按照B轮投资金额以年化6％的利率水平对B轮投资人进行利息补偿，起止时间为资金到账之日至2015年12月31日。曾烨、刘云锋最迟应于2018年4月30日前将前述利息补偿款支付到B轮投资人指定账户。前述利息补偿款支付完毕后，曾烨、刘云锋和云汉有限无需再就2015年度业绩承诺向B轮投资人支付其他任何补偿、赔偿。发行人未达到该业绩承诺指标。曾烨和刘云锋已按照约定履行补偿义务。B轮投资人确认，曾烨、刘云锋在B轮投资协议项下对B轮投资人负有的业绩补偿及其相关补偿义务已全部履行完毕，曾烨、刘云锋不再对B轮投资人负有任何关于业绩承诺及补偿的义务。2016年业绩承诺曾烨、刘云锋向B轮投资人承诺，保证云汉芯城实现以下经营目标：云汉芯城2016年实现销售收入不低于8亿元。如公司未能实现该经营目标，B轮投资人
GEM002,301563,云汉芯城,GEM002_301563_云汉芯城（上海）互联网科技股份有限公司_招股说明书.pdf,69,history,股权转让,云汉芯城（上海）互联网科技股份有限公司招股说明书68轮次投资方上市承诺及业绩承诺相关内容履行/终止情况终止协议的具体条款内容权，使总体出售股权比例达到51%以上；或（2）由曾烨、刘云锋、为赛咨询以不低于第三方的价格收购C轮投资人及A轮投资人、B轮投资人持有的云汉芯城股权，曾烨、刘云锋就应购买股权及向C轮投资人及前期投资人支付股权转让价款相互之间承担连带责任。若第三方为国科瑞华、CASREVFUND、中科贵银、夏东、南山富海、珠海拓域或深创投关联方则此条不适用。为避免歧义，各方确认，若国科瑞华、CASREVFUND、中科贵银、夏东、南山富海、珠海拓域及深创投行使拖售权，C轮投资人及A轮投资人、B轮投资人有权（非义务）优先于曾烨、刘云锋、为赛咨询将其股权全部出售。业绩承诺：若2018年云汉芯城净利润（加上公司当年发生股份支付所冲抵的利润）合计低于2000万元人民币，则C轮投资人有权要求曾烨、刘云锋连带无条件向C轮投资人无偿转让其所持云汉芯城的部分股权或无偿支付现金。发行人已完成该业绩承诺，曾烨、刘云锋无须对投资方补偿。C轮投资人确认，发行人在2018年的实际完成净利润（即审计净利润加公司当年发生股份支付（如有）所冲抵的利润后的数额）已经达到C轮投资协议所约定的承诺净利润指标，发行人的业绩承诺义务已经完成，曾烨、刘云锋无须向C轮投资人承担无偿转让股权或者支付现金等业绩补偿责任。D轮火炬电子上市承诺（拖售权）：若前轮融资协议中享有拖售权的股东行使拖售权，则火炬电子有权参与该等出售，火炬电子有权要求按照前轮融资协议有关“拖售权”的全部约定享有股份出售或处
GEM002,301563,云汉芯城,GEM002_301563_云汉芯城（上海）互联网科技股份有限公司_招股说明书.pdf,70,special_terms,历史沿革;对赌;特殊权利,等方面的特殊权利。根据相关股东与各轮投资人于2021年9月30日分别签署的《关于投资协议特殊权利条款终止之协议书》，该等投资人享有的优先购买、共同出售、反稀释、优先清算、公司治理等方面的特殊权利也均已终止，且不带恢复条款。因此，不存在因对赌协议导致发行人控制权不稳定、严重影响发行人持续经营能力以及其他严重影响投资者权益的情形。（七）不存在股权代持等情形发行人历史沿革过程中不存在股权代持等情形。（八）交易价格无明显异常发行人历史沿革中股东入股交易价格无明显异常。（九）有限公司整体变更为股份公司的基准日未分配利润为负的情况1、有限公司整体变更为股份公司情况整体变更具体情况请参见本节“二、发行人的设立情况”之“（一）发行人的设立方式”。发行人整体变更为股份有限公司相关事项已经云汉有限董事会、股东会，
GEM002,301563,云汉芯城,GEM002_301563_云汉芯城（上海）互联网科技股份有限公司_招股说明书.pdf,79,shareholder,持有发行人,元发行人持股4.50%；深圳市工科物联网有限公司持股90.50%；宁波梅山保税港区天鹰合会投资管理合伙企业（有限合伙）持股5.00%主要开展SMT智能制造服务、智能制造，产品定制和进出口服务等（三）报告期转让、注销子公司的情形报告期内，公司无转让或注销子公司的情况。七、发行人主要股东及实际控制人的基本情况截至本招股说明书签署之日，发行人共有34名股东，其中，持有发行人5%以上的股东分别为曾烨、刘云锋、力源信息、芜湖富海与东方富海及其关联方、国科瑞华及其关联方。报告期初至本招股说明书签署之日，公司控股股东、实际控制人为曾烨。
GEM002,301563,云汉芯城,GEM002_301563_云汉芯城（上海）互联网科技股份有限公司_招股说明书.pdf,80,shareholder,发行人股东;持有发行人;执行事务合伙人,"烨身份证号4101841977********国籍中国是否拥有永久境外居留权无持有发行人的股份情况直接持有公司33.03%的股份，通过为赛咨询间接控制公司2.16%的股份，合计控制公司35.19%的股份，所持发行人股份不存在质押或其他有争议的情况。曾烨担任发行人董事长兼法定代表人，直接持有发行人1,613.23万股股份，占发行人股份总数的33.03%，此外，发行人股东为赛咨询直接持有发行人105.34万股股份，占发行人股份总数的2.16%。曾烨作为为赛咨询的执行事务合伙人，通过为赛咨询间接控制发行人2.16%的股份。曾烨合计控制发行人35.19%的股份。曾烨为发行人创始人，在2014年6月公司股权结构调整后直接持有发行人65.75%的股权，并间接控制为赛咨询持有的发行人6.85%股权。后由于发行人不断对外融资，曾烨控制的发行人股份比例逐渐下降，但始终为发行人第一大股东，并且控制发行人的股份比例一直超过30%。截至目前，发行人股权较为分散，曾烨仍合计控制发行人35.19%的股份，为单一第一大股东，且控制发行人股份比例远高于第二大股东。此外，曾烨担任发行人的董事长兼法定代表人，全面负责发行人的经营管理，对发行人股东（大）会、董事会的重大决策事项均具有重要影响力。因此，曾烨为发行人的实际控制人。曾烨先生的简历详见本节“九、发行人董事、监事、高级管理人员与核心技术人员”之“（一）公司董事、监事、高级管理人员与核心技术人员情况”之“1、董事会成员简介”。公司控股股东、实际控制人曾烨先生直接或间接持有的发行人股份不存在被质押情况，亦不存在其他有争议的情况。报告期内，曾烨先生不存在贪污、贿赂"
GEM002,301563,云汉芯城,GEM002_301563_云汉芯城（上海）互联网科技股份有限公司_招股说明书.pdf,81,shareholder,持有发行人,"云汉芯城（上海）互联网科技股份有限公司招股说明书80（二）其他持有公司5%以上股份的主要股东除曾烨外，刘云锋、力源信息分别持有发行人13.22%和10.25%的股份。芜湖富海、东方富海分别持有发行人5.81%、5.12%的股份，南山富海、富海节能、中小企业基金、富海深湾系二者的关联企业，富海系公司合并持有发行人15.57%的股份。国科瑞华持有发行人5.21%的股份，CASREVFUND、中科贵银为其关联企业，国科系公司合并持有发行人7.59%的股份。基本情况如下：1、刘云锋刘云锋先生现任公司董事、总裁。截至本招股说明书签署日，刘云锋先生持有本公司股份645.48万股，占公司发行前总股本的13.22%，所持发行人股份不存在质押或其他有争议的情况。刘云锋先生的简历详见本节“九、发行人董事、监事、高级管理人员与核心技术人员”之“（一）公司董事、监事、高级管理人员与核心技术人员情况”之“1、董事会成员简介”。2、力源信息公司名称武汉力源信息技术股份有限公司成立时间2001年8月9日注册资本115401.1922万元人民币注册地湖北省武汉市东湖新技术开发区光谷大道武大园三路5号主要生产经营地湖北省武汉市东湖新技术开发区光谷大道武大园三路5号持有发行人的股份情况持有发行人股份数为5,004,000股，占发行人总股本的10.25%前十大股东（截至2024.9"
GEM002,301563,云汉芯城,GEM002_301563_云汉芯城（上海）互联网科技股份有限公司_招股说明书.pdf,82,shareholder,持有发行人,"6.64营业收入（万元）560,666.87594,385.39净利润（万元）10,026.596,635.273、芜湖富海、东方富海及其关联方（1）芜湖富海公司名称芜湖富海浩研创业投资基金（有限合伙）成立时间2012年12月27日注册资本25,000万元注册地芜湖市镜湖区观澜路1号滨江商务楼9层230主要生产经营地芜湖市镜湖区观澜路1号滨江商务楼9层230持有发行人的股份情况持有发行人股份数为2,835,320股，占发行人总股本的5.81%股东构成名称出资额（万元）持股比例（%）芜湖兴安创业投资基金管理有限公司（GP）1,000.004.00东方富海（芜湖）股权投资基金管理企业（有限合伙）10,000.0040.00中国信达资产管理股份有限公司6,000.0024.00深圳市东方富海投资管理股份有限公司2,690.8310.76韩飞翔2,000.008.00郭画841.673.37魏民625.002.50郑州廿四乡飨食品有限公司1,000.834.00"
GEM002,301563,云汉芯城,GEM002_301563_云汉芯城（上海）互联网科技股份有限公司_招股说明书.pdf,83,shareholder,持有发行人,"24年12月31日总资产（万元）25,200.17净资产（万元）25,200.09营业收入（万元）-净利润（万元）-436.73（2）东方富海公司名称东方富海（上海）创业投资企业（有限合伙）成立时间2013年1月6日注册资本10,000万元注册地上海市虹口区东大名路391-393号（单号）4层（集中登记地）主要生产经营地深圳市福田区沙头街道深铁置业大厦33楼持有发行人的股份情况持有发行人股份数为2,502,000股，占发行人总股本的5.12%股东构成名称出资额（万元）持股比例（%）东方富海（上海）投资管理合伙企业（有限合伙）（GP）2,000.0020.00邓诗维2,000.0020.00宁波明德坤鼎股权投资合伙企业（有限合伙）2,000.0020.00宁波绿河睿能投资合伙企业（有限合伙）1,500.0015.00深圳市迈泰电子有限公司1,000.0010.00陆保林1,000.0010.00樊彬500.005.00合计10,000.00100.00主营业务创业投资；投资咨询（不得从事经纪）；企业管理，投资管理。（依法须经批准的项目，经相关部门批准后方可开展经营活动）财务数据项目2024年/2024年12月31日总资产（万元）25,289.95"
GEM002,301563,云汉芯城,GEM002_301563_云汉芯城（上海）互联网科技股份有限公司_招股说明书.pdf,84,shareholder,持有发行人,"明书83净资产（万元）25,288.29营业收入（万元）-净利润（万元）61.77（3）南山富海公司名称深圳南山东方富海中小微创业投资基金合伙企业（有限合伙）成立时间2017年11月23日注册资本100,000万注册地深圳市南山区南头街道深南大道10128号南山软件园东塔楼805室主要生产经营地深圳市南山区南头街道深南大道10128号南山软件园东塔楼805室持有发行人的股份情况持有发行人股份数为1,030,000股，占发行人总股本的2.11%股东构成名称出资额（万元）持股比例（%）深圳市东方富海创业投资管理有限公司（GP）1,000.001.00深圳市引导基金投资有限公司35,000.0035.00深圳市前海科控富海一号创业投资合伙企业（有限合伙）14,250.0014.25国信资本有限责任公司10,000.0010.00深圳市前海富海臻选创业投资企业（有限合伙）9,150.009.15深圳市汇通金控基金投资有限公司9,000.009.00深圳涵金一号投资中心（有限合伙）5,500.005.50深圳市鑫元德弘投资合伙企业（有限合伙）5,100.005.10深圳市东方富海投资管理股份有限公司5,000.005.00湖南财鑫资本管理有限公司5,000.005.00深圳市鹏尚科技有限公司1,000.001.00合计100,000.00100.00主营业务一般经营项目是：投资管理（根据法律、行政法规、国务院决定等规定需要审批的，依法取得相关审批文件后方可经营）；受托管理股权投资基金（不得从事证券投资活动；不得以公开方式募集资金开展投资活动；不得从事公开募集基金管理业务）；对未上市企业进"
GEM002,301563,云汉芯城,GEM002_301563_云汉芯城（上海）互联网科技股份有限公司_招股说明书.pdf,85,shareholder,持有发行人;有限合伙人,"招股说明书84净资产（万元）146,566.08营业收入（万元）-净利润（万元）-658.93（4）富海节能公司名称深圳东方富海节能环保创业投资基金合伙企业（有限合伙）成立时间2017年11月23日注册资本8,200万元注册地深圳市福田区沙头街道天安社区深南大道深铁置业大厦三十三层8室主要生产经营地深圳市福田区沙头街道天安社区深南大道深铁置业大厦三十三层8室持有发行人的股份情况持有发行人股份数为515,000股，占发行人总股本的1.05%股东构成名称出资额（万元）持股比例（%）深圳市富海鑫湾股权投资基金管理企业（有限合伙）（GP）1,000.0012.20招商财富资产管理有限公司（代表“招商财富-东方富海节能环保基金专项资产管理计划”）6,200.0075.61李从文1,000.0012.20合计8,200.00100.00主营业务一般经营项目是：投资管理（根据法律、行政法规、国务院决定等规定需要审批的，依法取得相关审批文件后方可经营）；受托管理股权投资基金（不得从事证券投资活动；不得以公开方式募集资金开展投资活动；不得从事公开募集基金管理业务）；对未上市企业进行股权投资；受托资产管理（不得从事信托、金融资产管理、证券资产管理等业务）；股权投资；投资咨询。（以上经营范围法律、行政法规、国务院规定禁止的项目除外，限制的项目须取得许可后方可经营）。财务数据项目2024年/2024年12月31日总资产（万元）14,913.66净资产（万元）14,913.66营业收入（万元）-净利润（万元）-102.15富海节能的有限合伙人招商财富-东方富海节能环保基金专项资产管理计划（以下简称“招商"
GEM002,301563,云汉芯城,GEM002_301563_云汉芯城（上海）互联网科技股份有限公司_招股说明书.pdf,86,shareholder,持有发行人,"招商财富资产管理有限公司承诺招商资管计划在公司上市后12个月内不减持其间接持有的发行人股份。（5）中小企业基金公司名称中小企业发展基金（深圳南山有限合伙）成立时间2016年12月21日注册资本450,000万元注册地深圳市南山区粤海街道高新区社区高新南九道10号深圳湾科技生态园10栋508主要生产经营地深圳市福田区沙头街道天安社区深南大道深铁置业大厦三十三层持有发行人的股份情况持有发行人股份数为387,596股，占发行人总股本的0.79%"
GEM002,301563,云汉芯城,GEM002_301563_云汉芯城（上海）互联网科技股份有限公司_招股说明书.pdf,87,shareholder,持有发行人,".75营业收入（万元）-净利润（万元）25,282.62（6）富海深湾公司名称富海深湾（深圳）移动创新私募创业投资基金合伙企业（有限合伙）成立时间2015年7月6日注册资本13,600万元注册地深圳市福田区沙头街道天安社区深南大道6011-8号深铁置业大厦三十四层11室主要生产经营地深圳市福田区沙头街道天安社区深南大道6011-8号深铁置业大厦三十四层11室持有发行人的股份情况持有发行人股份数为333,320股，占发行人总股本的0.68%股东构成名称出资额（万元）持股比例（%）东方富海（芜湖）股权投资基金管理企业（有限合伙）（GP）300.002.21"
GEM002,301563,云汉芯城,GEM002_301563_云汉芯城（上海）互联网科技股份有限公司_招股说明书.pdf,88,pe_fund,私募基金,"季世创业投资中心（有限合伙）500.003.68宁波坤富同德股权投资合伙企业（有限合伙）500.003.68上海高讯投资有限公司500.003.68新余博思达资产管理中心（有限合伙）500.003.68林展荣490.003.60合计13,600.00100.00主营业务创业投资（限投资未上市企业）。（除依法须经批准的项目外，凭营业执照依法自主开展经营活动）以私募基金从事股权投资、投资管理、资产管理等活动（须在中国证券投资基金业协会完成登记备案后方可从事经营活动）。（依法须经批准的项目，经相关部门批准后方可开展经营活动，具体经营项目以相关部门批准文件或许可证件为准）财务数据项目2024年/2024年12月31日总资产（万元）53,060.39净资产（万元）53,060.39营业收入（万元）-净利润（万元）5,312.05"
GEM002,301563,云汉芯城,GEM002_301563_云汉芯城（上海）互联网科技股份有限公司_招股说明书.pdf,89,shareholder,持有发行人,"云汉芯城（上海）互联网科技股份有限公司招股说明书884、国科瑞华及其关联方（1）国科瑞华公司名称北京国科瑞华战略性新兴产业投资基金（有限合伙）成立时间2015年10月16日注册资本196,098.48769万元注册地北京市北京经济技术开发区科创十四街99号33幢D栋二层2158号主要生产经营地北京市北京经济技术开发区科创十四街99号33幢D栋二层2158号持有发行人的股份情况持有发行人股份数为2,544,787股，占发行人总股本的5.21%股东构成名称出资额（万元）持股比例（%）北京国科瑞孚股权投资基金（有限合伙）75,791.8038.65中国进出口银行52,877.7226.96北京国科汇金股权投资基金合伙企业（有限合伙）39,658.5220.22淳安大中酒店有限公司8,813.104.49国创开元股权投资基金（有限合伙）8,813.104.49中国科技产业投资管理有限公司（GP）6,619.003.38华资资产管理有限公司3,525.241.80合计196,098.49100.00主营业务非证券业务的投资、投资管理、咨询。（“1、未经有关部门批准，不得以公开方式募集资金；2、不得公开开展证券类产品和金融衍生品交易活动；3、不得发放贷款；4、不得对所投资企业以外的其他企业提供担保；5、不得向投资者承诺投资本金不受损失或者承诺最低收益”；企业依法自主选择经营项目，开展经营活动；依法须经批准的项目，经相关部门批准后依批准的内容开展经营活动；不得从事本市产业政策禁止和限制类项目的经营活动。）财务数据项目2024年/2024年12月31日总资产（万元）177,886.48净资产"
GEM002,301563,云汉芯城,GEM002_301563_云汉芯城（上海）互联网科技股份有限公司_招股说明书.pdf,90,shareholder,持有发行人,"云汉芯城（上海）互联网科技股份有限公司招股说明书89注册资本7,195.888万美元注册地POBox309，UglandHouse，GrandCayman，KY1-1104，CaymanIslands主要生产经营地POBox309，UglandHouse，GrandCayman，KY1-1104，CaymanIslands持有发行人的股份情况持有发行人股份数为618,000股，占发行人总股本的1.27%股东构成名称出资额（万美元）持股比例（%）CASREVCapitalCo.，Ltd215.893.00T&BHoldingsHongKongCo.Limited2,000.0027.79ORIXAsiaCapitalLimited1,580.0021.96OrientGreatManagementLimited1,000.0013.90AdamsStreet2011EmergingMarketsFundLP493.416.86AdamsStreetPartnershipFund-2010Non-U.S.EmergingMarketsFund，L.P.451.216.27AdamsStreet2012EmergingMarketsFundLP355.944.95AdamsStreet2013EmergingMarketsFundLP294.354.09AdamsStreet2014EmergingMarketsFundLP305.094.24YaronLemelbaum150.002.08AvinoamNaor75.001.04MarioSega"
GEM002,301563,云汉芯城,GEM002_301563_云汉芯城（上海）互联网科技股份有限公司_招股说明书.pdf,91,shareholder,持有发行人,"云汉芯城（上海）互联网科技股份有限公司招股说明书90公司名称中科贵银（贵州）产业投资基金（有限合伙）成立时间2014年6月30日注册资本12,000万元注册地贵州省贵安新区马场镇财富广场A栋2-14号主要生产经营地贵州省贵安新区马场镇财富广场A栋2-14号持有发行人的股份情况持有发行人股份数为543,840股，占发行人总股本的1.11%股东构成名称出资额（万元）持股比例（%）中国科技产业投资管理有限公司（GP）1,200.0010.00华资资产管理有限公司3,060.0025.50贵州贵安资本运营有限公司3,000.0025.00贵州高速投资集团有限公司2,400.0020.00贵州卓信安邦资产管理有限公司1,200.0010.00李才华540.004.50陈跃红400.003.33任晓霞200.001.67合计12,000.00100.00主营业务法律、法规、国务院决定规定禁止的不得经营；法律、法规、国务院决定规定应当许可（审批）的，经审批机关批准后凭许可（审批）文件经营；法律、法规、国务院决定规定无需许可（审批）的，市场主体自主选择经营。（创业投资、产业投资；为被投资企业提供管理服务业务；参与设立新企业及为被投资企业提供咨询服务。）财务数据项目2024年/2024年12月31日总资产（万元）3,852.17净资产（万元）2,952.90营业收入（万元）-净利润（万元）-2.75八、发行人股本情况（一）本次发行前后的股本情况发行人本次发行前总股本为48,837,074股，本"
GEM002,301563,云汉芯城,GEM002_301563_云汉芯城（上海）互联网科技股份有限公司_招股说明书.pdf,93,shareholder,前十名股东,"芯城（上海）互联网科技股份有限公司招股说明书92序号股东姓名/名称发行前发行后持股数（股）持股比例（%）持股数（股）持股比例（%）33夏东70,0400.1470,0400.1134崔振南38,7600.0838,7600.0635本次发行股本16,279,02525.00合计48,837,074100.0065,116,099100.00（二）发行前本公司前十名股东序号股东姓名/名称持股数量（股）持股比例（%）1曾烨16,132,25533.032刘云锋6,454,82013.223力源信息5,004,00010.254芜湖富海2,835,3205.815国科瑞华2,544,7875.216东方富海2,502,0005.127火炬电子1,130,4882.318为赛咨询1,053,3602.169南山富海1,030,0002.1110厦门西堤968,9901.98合计39,656,02081.20（三）本次发行前的前十名自然人股东及其在发行人处担任职务序号股东姓名持股数量（股）持股比例（%）在公司任职情况1曾烨16,132,25533.03担任公司董事长2刘云锋6,454,82013.22担任公司总裁、董事3周雪峰600,0001.23担任公司首席财务官、董事会秘书4李文发550,0001.13担任公司董事、首席运营官5郦韩英484,4950.99未在公司任职6秦国君450,0000.92未在公司任职127李剑峰200,0000.41担任公司销售副总裁8余满芬85,0000.17未在公司任职12曾任公司董事、首席数据官，现已离职。"
GEM002,301563,云汉芯城,GEM002_301563_云汉芯城（上海）互联网科技股份有限公司_招股说明书.pdf,94,history,新增股东;普通合伙人,"公司总股本的比例为1.91%。2、外资股份公司外资股东及持股情况如下：序号股东姓名持股数量（股）持股比例（%）注册地1CASREVFUND618,0001.27英国合计618,0001.27-CASREVFUND注册于开曼群岛，2018年7月5日公司取得了上海市松江区经济委员会出具的沪松外资备201800771号《外商投资企业设立备案回执》。（五）最近一年内新增股东的情况截至本招股说明书签署日，发行人不存在最近一年新增股东的情况。（六）本次发行前各股东间的关联关系及关联股东的各自持股比例股东姓名/名称持股比例（%）关联关系曾烨33.03曾烨为为赛咨询的普通合伙人及执行事务"
GEM002,301563,云汉芯城,GEM002_301563_云汉芯城（上海）互联网科技股份有限公司_招股说明书.pdf,95,gp_lp,私募基金;基金管理人;执行事务合伙人;普通合伙人;有限合伙人;出资比例,"、CASREVFUND的普通合伙人CASREVCapitalCo.,Ltd.为中国科技产业投资管理有限公司的全资子公司；3、中科贵银的普通合伙人为中国科技产业投资管理有限公司，其持有中科贵银10%的财产份额。CASREVFUND1.27中科贵银1.11深创投1.91深创投分别持有镇江红土和昆山红土27.2727%和23.4375%的股权。昆山红土、镇江红土的私募基金管理人分别是昆山红土创业投资管理有限公司、江苏红土创业投资管理有限公司，深创投间接持有昆山红土创业投资管理有限公司、江苏红土创业投资管理有限公司100%的股权。镇江红土0.68昆山红土0.68火炬电子2.31福建开京的唯一股东蔡纯纯为火炬电子实际控制人蔡明通之女。福建开京0.24鸿迪投资1.74鸿迪投资的控股股东周章灿为郦韩英的丈夫，鸿迪投资的股东周榆昂、周依蓉系两人子女。郦韩英0.99注：根据天健创投的合伙协议及股东调查表，天健创投的执行事务合伙人为厦门蜜呆资产管理合伙企业（有限合伙）。深圳市东方富海投资管理股份有限公司控制的东方富海（芜湖）股权投资基金管理企业（有限合伙）为天健创投的普通合伙人，但并非执行事务合伙人，持有天健创投0.5%的财产份额；深圳市东方富海投资管理股份有限公司为天健创投的有限合伙人，持有天健创投9.5%的财产份额。天健创投不受深圳市东方富海投资管理股份有限公司的控制。除上述投资关系外，天健创投与芜湖富海、东方富海、南山富海、富海节能、中小企业基金、富海深湾不存在其他关联关系。除此之外，公司其他股东之间不存在关联关系。（七）特殊类型股东的有关情况截至本招股说明书签署日，发行人共有34名股东，其"
GEM002,301563,云汉芯城,GEM002_301563_云汉芯城（上海）互联网科技股份有限公司_招股说明书.pdf,96,pe_fund,私募投资基金;私募基金;基金编号;基金管理人;执行事务合伙人;员工持股平台,云汉芯城（上海）互联网科技股份有限公司招股说明书95序号股东名称私募基金股东/私募基金管理人是否为三类股东具体情况1力源信息否否系依法设立并有效存续的股份有限公司（股票代码：300184），不属于《私募投资基金监督管理暂行办法》规定的私募投资基金，亦无需按照《私募投资基金登记备案办法》的规定办理备案登记。2芜湖富海是否系私募基金，已按照《私募投资基金登记备案办法》办理了私募基金备案手续（基金编号：SD1578）；其执行事务合伙人芜湖兴安创业投资基金管理有限公司已按照《私募投资基金登记备案办法》办理了私募基金管理人登记手续（登记编号：P1000762）。3国科瑞华是否系私募基金，已按照《私募投资基金登记备案办法》办理了私募基金备案手续（基金编号：SE1802）；其执行事务合伙人中国科技产业投资管理有限公司已按照《私募投资基金登记备案办法》办理了私募基金管理人登记手续（登记编号：P1000510）。4东方富海是否系私募基金，已按照《私募投资基金登记备案办法》办理了私募基金备案手续（基金编号：SD4217）；其执行事务合伙人东方富海（上海）投资管理合伙企业（有限合伙）已按照《私募投资基金登记备案办法》办理了私募基金管理人登记手续（登记编号：P1001155）。5火炬电子否否系依法设立并有效存续的股份有限公司（股票代码603678），不属于《私募投资基金监督管理暂行办法》规定的私募投资基金，亦无需按照《私募投资基金登记备案办法
GEM002,301563,云汉芯城,GEM002_301563_云汉芯城（上海）互联网科技股份有限公司_招股说明书.pdf,97,pe_fund,私募投资基金;私募基金;基金编号;基金管理人;执行事务合伙人,云汉芯城（上海）互联网科技股份有限公司招股说明书96序号股东名称私募基金股东/私募基金管理人是否为三类股东具体情况伙企业（有限合伙）已按照《私募投资基金登记备案办法》办理了私募基金管理人登记手续（登记编号：P1060176）。12CASREVFUND否否系依据开曼群岛法律设立的有限合伙企业，注册号为MC-81821，注册地址为POBox309，UglandHouse，GrandCayman，KY1-1104，CaymanIslands，不属于《私募投资基金监督管理暂行办法》规定的私募投资基金，亦无需按照《私募投资基金登记备案办法》的规定办理备案登记。13中科贵银是否系私募基金，已按照《私募投资基金登记备案办法》办理了私募基金备案手续（基金编号：SD4760）；其执行事务合伙人中国科技产业投资管理有限公司已按照《私募投资基金登记备案办法》办理了私募基金管理人登记手续（登记编号：P1000510）。14富海节能是否系私募基金，已按照《私募投资基金登记备案办法》办理了私募基金备案手续（基金编号：SCZ580）；其执行事务合伙人深圳市富海鑫湾股权投资基金管理企业（有限合伙）已按照《私募投资基金登记备案办法》办理了私募基金管理人登记手续（登记编号：P1020562）。15中小企业基金是否系私募基金，已按照《私募投资基金登记备案办法》办理了私募基金备案手续（基金编号：SR5
GEM002,301563,云汉芯城,GEM002_301563_云汉芯城（上海）互联网科技股份有限公司_招股说明书.pdf,98,pe_fund,发行人股东;持有发行人;私募投资基金;私募基金;基金编号;基金管理人;执行事务合伙人;普通合伙人;员工持股平台,"募投资基金，不进行穿透计算16火炬电子上市公司，不穿透17为赛咨询发行人员工持股平台，公司员工按一名股东计算，外部人员按实际人数计算38南山富海已备案私募投资基金，不进行穿透计算19厦门西堤已备案私募投资基金，不进行穿透计算110深创投已备案私募投资基金，不进行穿透计算111鸿迪投资主要业务为投资管理及投资，并非以持有发行人股份为目的而设立的持股平台，在计算发行人股东人数时按1名股东计算。112天健创投已备案私募投资基金，不进行穿透计算113CASREVFUND主要业务为投资，包括股权、债券、可转换债券及其他类型的证券，普通合伙人CASREVCapitalCo.,Ltd为中国科技产业投资管理有限公司的全资子公司。并非以持有发行人股份为目的而设立的持股主体，在计算发行人股东人数时按1名股东计算。114中科贵银已备案私募投资基金，不进行穿透计算115富海节能已备案私募投资基金，不进行穿透计算1"
GEM002,301563,云汉芯城,GEM002_301563_云汉芯城（上海）互联网科技股份有限公司_招股说明书.pdf,99,shareholder,发行人股东;持有发行人;私募投资基金,私募投资基金，不进行穿透计算118镇江红土已备案私募投资基金，不进行穿透计算119昆山红土已备案私募投资基金，不进行穿透计算120富海深湾已备案私募投资基金，不进行穿透计算121湘裕君源已备案私募投资基金，不进行穿透计算122临港投资已备案私募投资基金，不进行穿透计算123福建开京主要业务为房地产开发及投资，并非以持有发行人股份为目的而设立的持股主体，在计算发行人股东人数时按1名股东计算。1合计股东人数36如上表所示，截至本招股说明书签署之日，公司股东穿透后总人数为36人，不存在股东人数超过200人的情形。九、发行人董事、监事、高级管理人员与核心技术人员（一）公司董事、监事、高级管理人员与核心技术人员情况1、董事会成员简介截至本招股说明书签署之日，公司董事会由9名董事组成，其中包括3名独立董事，具体人员如下：序号姓名职位任期131曾烨董事长2022.3.14-2025.3.132刘云锋董事、总裁2022.3.14-2025.3.133李文发董事、首席运营官2023.6.30-2025.3.134周绍军董事2022.3.14-2025.3.135王大鹏董事2022.3.14-2025.3.136夏东董事2022.3.14-2025.3.137邓天远独立董事2022.3.14-2025.3.1313公司第三届董事会、监事会任期已于2025年3月13日届满。根据公司于2025年2月27日召开的第三届董事会第十七次会议以及第三届监事会第四次会议，鉴于公司新一届董事会、监事会候选人的提名工作尚未完成，为确保董事会、监事会相关工作的连续性和稳定性，公司董事会及监事会换届工作将延期进行，董事
GEM002,301563,云汉芯城,GEM002_301563_云汉芯城（上海）互联网科技股份有限公司_招股说明书.pdf,106,shareholder,持有发行人,"司执行董事,经理,财务负责人是王欣独立董事上海移为通信技术股份有限公司独立董事否YaoshengIndustrialDevelopmentCo.,Ltd.高级总监否（三）董事、监事、高级管理人员及核心技术人员之间的亲属关系截至招股说明书签署之日，公司董事、高级管理人员及核心技术人员相互之间不存在亲属关系。（四）董事、监事、高级管理人员和核心技术人员及其近亲属持有发行人股份的情况截至本招股说明书签署之日，公司现任董事、高级管理人员、核心技术人员及其近亲属持有发行人股份的情况如下：姓名职务/身份直接持股数量（股）间接持股数量（股）合计持股数量（股）合计持股比例（%）曾烨董事长16,132,255201,97116,334,22633.45刘云锋总裁、董事、核心技术人员6,454,820-6,454,82013.22徐俊刘云锋的妻子-83,39483,3940.17周雪峰首席财务官、董事会秘书600,000-600,0001.23"
GEM002,301563,云汉芯城,GEM002_301563_云汉芯城（上海）互联网科技股份有限公司_招股说明书.pdf,112,shareholder,持有发行人;员工持股平台,"云汉芯城（上海）互联网科技股份有限公司招股说明书111计划。为了更好地激励管理团队、吸引人才，增强管理团队对实现公司持续、健康发展的责任感、使命感，确保公司实现发展规划，公司建立了员工持股平台为赛咨询，对员工实施股权激励。截至本招股说明书签署之日，为赛咨询持有发行人股份数为1,053,360.00股，占发行人总股本的2.16%。（1）员工持股平台基本情况公司名称宁波为赛咨询管理中心（有限合伙）成立时间2014年5月19日注册资本3.6946万元人民币企业类型有限合伙注册地浙江省宁波保税区兴业大道2号A812室（甬保商务秘书公司托管D14号）主营业务企业管理咨询。（依法须经批准的项目，经相关部门批准后方可开展经营活动）注：成立时，持股平台公司名称为上海为赛投资管理中心（有限合伙），2018年12月12日更名为上海为赛咨询管理中心（有限合伙），2019年6月27日，上海为赛咨询管理中心（有限合伙）更名为宁波为赛咨询管理中心（有限合伙）。（2）合伙人确定标准、构成及变动、资金来源情况①合伙人的确定标准根据发行人2017年、2019年实施的员工激励计划，激励对象应为中层管理人员及以上级别、业务骨干，且不得存在以下情形：（1）最近3年内被证券交易所公开谴责或宣布为不适当人选的；（2）最近3年内因重大违法违规行为被中国证监会予以行政处罚的；（3）具有《公司法》规定的不得担任公司董事、高级管理人员情形的。根据发行人技术专家激励方案，激励对象应为与公司进行技术合作项目的核心技术专家，且不得存"
GEM002,301563,云汉芯城,GEM002_301563_云汉芯城（上海）互联网科技股份有限公司_招股说明书.pdf,113,shareholder,持有发行人,、于培离职并将其持有的为赛咨询共计0.1158万元出资额转让予曾烨。2018年12月12日，上述财产份额转让完成工商变更登记。2019.08洪小飞、韩秋菊离职并退伙2019年8月，为赛咨询合伙人洪小飞、韩秋菊离职并将其持有的为赛咨询共计0.0839万元出资额转让予曾烨。2019年8月16日，上述财产份额转让完成工商变更登记。李文发、秦国君将其通过为赛咨询间接持有发行人股份转为直接持有发行人股份，并从为赛咨询退伙。李文发、秦国君将其通过为赛咨询间接持有发行人股份（出资额合计2.8054万元）转为直接持有发行人股份，并从为赛咨询退伙。2019年8月16日，上述财产份额转让完成工商变更登记，为赛咨询注册资本变为3.6946万元。2019.12为赛咨询实施员工股权激励方案和技术专家股权激励方案第一期行权2019年2月，发行人2019年第一次临时股东大会审议通过了员工股权激励方案。2019年11月，发行人2019年第六次临时股东大会审议通过了技术专家股权激励方案，2020年12月，发行人2020年第五次临时股东大会对技术专家股权激励方案进行了修订。根据前述激励方案，2019年12月，曾烨将其持有的为赛咨询0.8699万元出资额转让予施海昕、周慧军等12名员工，将0.105万元出资额转让予技术专家顾问陈利剑、严骏驰。2019年12月19日，上述财产份额转让完成工商变更登记。2020.07明珍离职并退伙2020年7月，为赛咨询合伙人明珍离职，明珍将其持有的为赛咨询0.0975万元出资额转让予曾烨。2020年7月9日，上述财产份额转让完成工商变更登记。2020.11奚玉玺离职并退伙2020年1
GEM002,301563,云汉芯城,GEM002_301563_云汉芯城（上海）互联网科技股份有限公司_招股说明书.pdf,114,gp_lp,出资比例,8万元出资额转让予陈利剑、严骏驰。2021年1月25日，上述财产份额转让完成工商变更登记。2021.5李秀云离职并退伙2021年5月，为赛咨询合伙人李秀云离职，李秀云将其持有的为赛咨询0.0423万元出资额转让予曾烨。2021年5月13日，上述财产份额转让完成工商变更登记。截至本招股说明书签署之日，为赛咨询股东构成和任职情况如下：序号股东姓名出资金额（万元）出资比例（％）在发行人及其子公司处任职情况1曾烨（GP）0.7119.17董事长2徐俊0.297.92人力行政副总裁3李剑峰0.297.92销售副总裁4刘杰0.246.51采购副总裁，已于2024年7月离职5陈利剑0.184.75外部专家6严骏驰0.184.75外部专家7白向阳0.174.61被动件产品部总监8陈佳淦0.174.61财务中心总监9程凯0.174.61商务总监10李鲲鹏0.143.80技术总监11万丽0.123.29业务运营部总监12任凤娇0.123.29董事会办公室主任兼合规中心主任13周慧军0.112.85客户运营总监，已于2024年7月离职14周盛宏0.112.85销售总监，已于2023年4月离职15施海昕0.112.85数据运营总监16邓秀珍0.102.64产品运营高级经理17肖开波0.102.64运维经理18徐鹏飞0.102.64开发经理19吴金霞0.102.64财务经理20张本霞0.051.32市场营销经理21张家兵0.051.32成本与效率优化经理
GEM002,301563,云汉芯城,GEM002_301563_云汉芯城（上海）互联网科技股份有限公司_招股说明书.pdf,115,gp_lp,执行事务合伙人;普通合伙人;有限合伙人;出资比例;员工持股平台,三种情形。③资金来源为赛咨询的合伙人均已实缴出资或足额支付受让价款，出资方式为现金，资金来源为自有资金。不存在发行人及控股股东、实际控制人或第三方为激励对象参加持股提供奖励、资助、补贴等安排。为赛咨询合伙人持有的财产份额为其真实持有，不存在代持的情形。（3）员工持股平台决策机制为赛咨询的重大事项由合伙人会议决议。除需要合伙人会议决议的事项外，由普通合伙人担任执行事务合伙人，对外代表合伙企业执行合伙企业事务，负责合伙企业日常管理。其他合伙人不执行合伙企业事务。须由合伙人会议决议的事项包括：1、在一定情况下，其他合伙人一致同意可以对执行事务合伙人除名。该等情形包括执行事务合伙人未缴纳出资、因故意或重大过失给合伙企业造成特别重大损失等。2、新合伙人入股，应当由全体合伙人一致同意。3、普通合伙人转变为有限合伙人或有限合伙人转变为普通合伙人，须经全体合伙人一致同意。4、合伙企业的以下事项须由全体合伙人同意，包括改变合伙企业名称；改变合伙企业的经营范围、主要经营场所的地点；处分合伙企业的不动产；转让或者处分合伙企业的知识产权和其他财产权利；以
GEM002,301563,云汉芯城,GEM002_301563_云汉芯城（上海）互联网科技股份有限公司_招股说明书.pdf,116,history,股权转让,8年10月公司先后召开第一届董事会第二十二次会议和2018年第三次临时股东大会，对上述股权方案进行了修订。根据上述激励方案，激励对象李文发、秦国君、周雪峰、李剑峰以1元/股的价格认缴发行人新增注册资本共计120万元。具体参见本招股书“第四节发行人基本情况”之“三、发行人股份公司设立后的股东变化情况”之“（二）2018年6月至7月，股份公司增加注册资本暨第二次股权转让”。（3）2019年员工股权激励2019年1月，公司召开第一届董事会第二十三次会议，2019年2月，公司召开2019年第一次临时股东大会，审议通过了员工股权激励方案（以下简称“2019年员工激励方案”）。根据上述方案，2019年12月，曾烨将其持有的为赛咨询相应财产份额转让予施海昕、周慧军等12名员工，该等员工取得的为赛咨询财产份额对应的发行人股份的价格为5元/股。
GEM002,301563,云汉芯城,GEM002_301563_云汉芯城（上海）互联网科技股份有限公司_招股说明书.pdf,117,shareholder,持有发行人,"术研究开发。出于更好开展合作、确保合作目标完成的考量，2019年11月，公司先后召开第二届董事会第七次会议和2019年第六次临时股东大会，审议通过了《关于云汉芯城（上海）互联网科技股份有限公司技术专家团队股权激励方案的议案》（以下简称“技术专家股权激励方案”），根据上述股权激励方案，曾烨将其持有的为赛咨询各4.75%的财产份额授予陈利剑、严骏驰，即两人各间接持有发行人50,000股，占发行人股份比例的0.1%，该等人员取得的为赛咨询财产份额对应的发行人股份的价格为5元/股；本次激励分三年行权，2019年12月、2020年12月可行权的数量分别为总数的30%，2021年12月可行权的数量为总数的40%。2020年12月，公司先后召开第二届董事会第十四次会议和2020年第五次临时股东大会，对上述股权激励方案中第三批达到可行权条件的股份支付的行权时间、激励计划的有效期、行权期进行修订，修改为2021年1月可行权的数量为总数的40%。其中，严骏驰为上海交通大学老师，根据发行人与上海交通大学签署的《技术开发合同》，2019年起，发行人与上海交通大学就“云汉智能分析与辅助决策方法的研究及测评”项目合作进行技术开发。严骏驰作为上海交通大学的长聘教轨副教授，担任该项目的负责人。严骏驰自2018年4月至今在上海交通大学任教，未在高校学院担任行政职务，不属于党政领导干部或正职领导。根据上海交通大学人工智能研究院于2019年11月1日出具的证明：“严骏驰不属于《中共中央组织部关于进一步规范党政领导干部在企业兼职（任职）问题的意见》（中组发[2013]18号）等法律法规及规范性文件中所述的‘党政领导干"
GEM002,301563,云汉芯城,GEM002_301563_云汉芯城（上海）互联网科技股份有限公司_招股说明书.pdf,118,special_terms,回购,）持有股份在平台内部的流转退出、股权管理机制及规范运行1、人员离职后的股份处理（1）2017年员工股权激励激励对象取得的激励财产份额归激励对象所有，在遵守法定限售期及限售承诺的情况下，激励对象有权决定是否出售激励财产份额。若选择出售，激励对象可以按照以下方式和价格出售：i.若发行人已上市，激励对象可以向曾烨提出出售其持有的为赛咨询财产份额的申请，曾烨可以选择回购其持有的为赛咨询财产份额，也可以安排为赛咨询出售相关财产份额对应的发行人股票。选择由曾烨回购其持有的为赛咨询财产份额的，回购价根据曾烨接到出售申请当日发行人股票收盘价扣减相关税费确定，如当天无交易则按申请日前最后一个交易日发行人股票收盘价扣减相关税费确定。选择出售发行人股票的，为赛咨询应于接到出售申请次日开始办理出售股票手续（包括对外公告等事宜），在满足法律法规规定的出售条件之日起的第一个交易日，为赛咨询应出售相应的发行人股票，所得款项扣除相关税费后支付给激励对象。ii.若发行人未上市，激励对象可以向曾烨提出回购其持有的为赛咨询财产份额的申请。回购价格根据激励对象实缴的认购款加上同期银行贷款利率确定。（2）2018年员工股权激励李文发、秦国君、周雪峰、李剑峰在取得激励股份后，该等股份归其所有。在股权激励方案约定的授予日起的五年内，激励对象不得出售其所获得的激励股份。前述禁售期届满后，在遵守法定限售期及股东限售承诺的情况下，激励对象可自主决定出售其持有的激励股份。（3）2019年员工股权激励激励对象取得的激励财产份额归激励对象所有。在股权激励方案约定的授
GEM002,301563,云汉芯城,GEM002_301563_云汉芯城（上海）互联网科技股份有限公司_招股说明书.pdf,119,shareholder,持有发行人;回购;员工持股平台,，或者发行人上市后六个月期末收盘价低于发行价，则李文发、秦国君、周雪峰持有的发行人股票的锁定期限自动延长六个月。3、减持安排根据为赛咨询出具的锁定承诺，其所持发行人股份锁定期满之日起两年内，如进行减持，减持价格不低于公司首次公开发行股票价格。根据李文发、秦国君、周雪峰出具的锁定承诺，限售期满后，在其担任发行人董事、监事和高级管理人员期间每年转让的股份不超过其持有发行人股份
GEM002,301563,云汉芯城,GEM002_301563_云汉芯城（上海）互联网科技股份有限公司_招股说明书.pdf,120,pe_fund,私募投资基金;员工持股平台,和任期届满后六个月内，每年转让的股份数不超过其所持有的发行人股份总数的25%；离职后半年内，不转让持有的发行人股份。其所持发行人股份锁定期满之日起两年内，如进行减持，减持价格不低于发行人首次公开发行股票价格。4、规范运行为赛咨询系发行人员工持股平台，自成立起始终规范运行。截至本招股说明书签署之日，为赛咨询在设立过程中不存在《中华人民共和国证券投资基金法》及《私募投资基金监督管理暂行办法》所规定之非公开募集资金的情形，不属于《中华人民共和国证券投资基金法》《私募投资基金监督管理暂行办法》以及《私募投资基金登记备案办法》所规范的私募投资基金，无需按前述相关规定办理私募投资基金备案登记手续。（三）股权激励价格的公允性分析及相关会计处理股权激励价格的公允性分析及相关会计处理参见本招股说明书“第六节财务会计信息与管理层分析”之“十、经营成果分析”之“（五）期间费用分析”之“2、管理费用”之“（5）股份支付”。（四）股权激励对公司的影响1、对公司经营状况的影响公司通过实施股权激励方案，建立了优秀的价值分配体系，完善了激励机制，极大地调动了管理团队的积极性，增强了团队的凝聚力，为公司的持续健康平稳发展提供了动力。2、对公司财务状况的影响为公允地反映股权激励对公司财务状况的影响，公司依照会计准则确认了报告期内的股份支付费用。报告期各期，公司确认的股份支付费用分别为148.77万元、0万元和0万元，股份支付对费用的整体影响较小。3、对公司控制权变化的影响股权激励实施前后，公司的控制权未发生变化。
GEM002,301563,云汉芯城,GEM002_301563_云汉芯城（上海）互联网科技股份有限公司_招股说明书.pdf,267,special_terms,回购,则仍继续对取得的服务进行会计处理，视同该变更从未发生，除非公司取消了部分或全部已授予的权益工具。6、股份支付计划终止的会计处理如果在等待期内取消了所授予的权益工具或结算了所授予的权益工具（因未满足可行权条件而被取消的除外），公司：（1）将取消或结算作为加速可行权处理，立即确认原本应在剩余等待期内确认的金额；（2）在取消或结算时支付给职工的所有款项均作为权益的回购处理，回购支付的金额高于该权益工具在回购日公允价值的部分，计入当期费用。公司如果回购其职工已可行权的权益工具，冲减企业的所有者权益；回购支付的款项高于该权益工具在回购日公允价值的部分，计入当期损益。（二十五）收入确认原则和计量方法1、一般原则收入是公司在日常活动中形成的、会导致股东权益增加且与股东投入资本
GEM002,301563,云汉芯城,GEM002_301563_云汉芯城（上海）互联网科技股份有限公司_招股说明书.pdf,284,shareholder,发行人股东,"（倍）1.801.951.43资产负债率（母公司）15.70%20.31%28.70%资产负债率（合并）30.81%30.52%45.69%利息保障倍数35.4719.2112.21应收账款周转率（次）7.238.3912.09存货周转率（次）13.0815.7820.23息税折旧摊销前利润（万元）12,479.9811,596.8619,787.63归属于发行人股东的净利润（万元）8,827.287,861.2613,563.44归属于发行人股东扣除非经常性损益后的净利润（万元）8,407.687,020.0812,430.59研发投入占营业收入的比例1.77%1.86%1.42%归属于发行人股东的每股净资产（元）15.3213.4911.86每股经营活动产生的现金流量（元）0.421.543.85每股净现金流量（元）-0.06-1.601.38注：财务指标计算如下：流动比率=流动资产/流动负债速动比率=（流动资产-存货-预付款项-其他流动资产-一年内到期的非流动资产）/流动负债资产负债率=（负债总额/资产总额）×100%利息保障倍数=息税前利润/利息费用应收账款周转率=营业收入/应收账款（账面价值）平均金额存货周转率=营业成本/存货（账面价值）平均金额息税折旧摊销前利润=利润总额+利息费用+固定资产折旧费用+摊销归属于发行人股东的净利润=归属于母公司所有者的净利润扣除非经常性损益后归属于发行人股东的净利润=归属于发行人股东的净利润-影响归属于发行人股东净利润的非经常性损益研发投入占营业收入的比例=研发费用/营业收入归属于发行人股东的每股净资产=归属于发行人股东期末净资产/期"
GEM002,301563,云汉芯城,GEM002_301563_云汉芯城（上海）互联网科技股份有限公司_招股说明书.pdf,285,special_terms,回购,：1.加权平均净资产收益率=P0/（E0＋NP÷2＋Ei×Mi÷M0–Ej×Mj÷M0±Ek×Mk÷M0）其中：P0分别对应于归属于公司普通股股东的净利润、扣除非经常性损益后归属于公司普通股股东的净利润；NP为归属于公司普通股股东的净利润；E0为归属于公司普通股股东的期初净资产；Ei为报告期发行新股或债转股等新增的、归属于公司普通股股东的净资产；Ej为报告期回购或现金分红等减少的、归属于公司普通股股东的净资产；M0为报告期月份数；Mi为新增净资产次月起至报告期期末的累计月数；Mj为减少净资产次月起至报告期期末的累计月数；Ek为因其他交易或事项引起的、归属于公司普通股股东的净资产增减变动；Mk为发生其他净资产增减变动次月起至报告期期末的累计月数。2.基本每股收益=P0÷SS=S0＋S1＋Si×Mi÷M0–Sj×Mj÷M0-Sk其中：P0为归属于公司普通股股东的净利润或扣除非经常性损益后归属于普通股股东的净利润；S为发行在外的普通股加权平均数；S0为期初股份总数；S1为报告期因公积金转增股本或股票股利分配等增加股份数；Si为报告期因发行新股或债转股等增加股份数；Sj为报告期因回购等减少股份数；Sk为报告期缩股数；M0报告期月份数；Mi为增加股份次月起至报告期期末的累计月数；Mj为减少股份次月起至报告期期末的累计月数。3.稀释每股收益=P1/（S0＋S1＋Si×Mi÷M0–Sj×Mj÷M0–Sk+认股权证、股份期权、可转换债券等增加的普通股加权平均数）其中，P1为归属于公司普通股股东的净利润或扣除非经常性损益后归属于公司普通股股东
GEM002,301563,云汉芯城,GEM002_301563_云汉芯城（上海）互联网科技股份有限公司_招股说明书.pdf,313,gp_lp,普通合伙人;回购,付单价为24.13元/股（即29.13元-5元）。③会计处理对于2019年员工股权激励，公司将授予股权激励对象的合伙企业份额对应的股份支付在估计的等待期内进行分期摊销，具体摊销方式为：2019年员工股权激励的回购条款中约定：“激励对象不在公司任职（无论任何原因）且自本次股份授予日至离职时在公司任职未满三年的，已行权的为赛投资财产份额，激励对象应在离职当日申请普通合伙人回购，回购价格根据原行权价格加上期银行贷款利率确定。”因此由于上述条款实质上对激励对象有明确的三年服务期的限制，因此发行人将2019年员工股权激励产生的股份支付总额在三年等待期内摊销。在等待期内每个资产负债表日，管理层以对可行权权益工具数量的最佳估计为基础，按权益工具授予日的公允价值，将当期取得的服务计入对应费用和资本公积，在等待期内摊销的股份支付费用计入经常性损益。③股份支付的影响报告期内，上述股份支付对费用的影响如下：单位：万元项目2024年度2023年度2022年度列支销售费用--58.84列支管理费用--19.18列支研发费用--70.75
GEM002,301563,云汉芯城,GEM002_301563_云汉芯城（上海）互联网科技股份有限公司_招股说明书.pdf,375,employee_platform,员工持股平台,控股股东、实际控制人及其控制的其他企业不存在同业竞争本公司控股股东、实际控制人为曾烨先生。截至本招股说明书签署之日，除发行人及其全资子公司外，曾烨先生控制的其他企业情况如下：控股股东、实际控制人控制的其他企业成立时间注册资本持股比例宁波为赛咨询管理中心（有限合伙）2014年5月19日3.6946万元19.17%其经营范围为企业管理咨询，无实质业务，为云汉芯城员工持股平台。因此，截至招股说明书签署之日，控股股东及实际控制人控制的其他企业不存在与公司从事相同或相似业务的情况，与公司不存在同业竞争。
GEM002,301563,云汉芯城,GEM002_301563_云汉芯城（上海）互联网科技股份有限公司_招股说明书.pdf,377,shareholder,持有发行人;执行事务合伙人,收益作为违反本承诺之赔偿，和/或（3）要求本企业赔偿相应损失等措施。”六、关联关系公司现有26及报告期内的关联方及关联关系如下：（一）公司的控股股东、实际控制人序号关联方关联关系1曾烨发行人控股股东与实际控制人（二）其他持有公司5%以上股份的股东截至2025年3月25日，除控股股东和实际控制人外，持有公司5%以上股份的股东情况如下：序号关联方关联关系1刘云锋持有发行人13.22%的股份2武汉力源信息技术股份有限公司持有发行人10.25%的股权3北京国科瑞华战略性新兴产业投资基金（有限合伙）1、国科瑞华与中科贵银的执行事务合伙人均为中国科技产业投资管理有限公司且其持有中科26截至2025年3月25日。
GEM002,301563,云汉芯城,GEM002_301563_云汉芯城（上海）互联网科技股份有限公司_招股说明书.pdf,378,gp_lp,持有发行人;执行事务合伙人;普通合伙人,"云汉芯城（上海）互联网科技股份有限公司招股说明书377序号关联方关联关系4CASREVFUND贵银10%的财产份额；2、CASREVFUND的普通合伙人CASREVCapitalCo.,Ltd.为中国科技产业投资管理有限公司的全资子公司。因此三者构成关联方。国科瑞华持有发行人5.21%的股份，并且其关联方CASREVFUND、中科贵银分别持有发行人1.27%、1.11%的股份，以上三名股东合计持有发行人7.59%的股份5中科贵银（贵州）产业投资基金（有限合伙）6芜湖富海浩研创业投资基金（有限合伙）芜湖富海和东方富海的执行事务合伙人均由深圳市东方富海投资管理股份有限公司实际控制；芜湖富海持有发行人5.81%的股权，东方富海持有发行人5.12%的股权，其它关联方南山富海、富海节能、中小企业基金、富海深湾分别持有发行人2.11%、1.05%、0.79%和0.68%的股权，合计持有15.57%的股份7东方富海（上海）创业投资企业（有限合伙）8深圳南山东方富海中小微创业投资基金合伙企业（有限合伙）9深圳东方富海节能环保创业投资基金合伙企业（有限合伙）10中小企业发展基金（深圳南山有限合伙）11富海深湾（深圳）移动创新私募创业投资基金合伙企业（有限合伙）（三）公司控股企业序号关联方关联关系1深圳汉云发行人全资子公司2上海芯云发行人全资子公司3云汉天启发行人全资子公司4南昌云汉发行人全资子公司5宁波芯云发行人全资子公司6云汉电子发行人全资子公司7启想智能发行人全资子公司8深圳芯云发行人全资子公司9云"
GEM002,301563,云汉芯城,GEM002_301563_云汉芯城（上海）互联网科技股份有限公司_招股说明书.pdf,381,gp_lp,执行事务合伙人,"任董事的企业16上海倍谙基生物科技有限公司夏东（发行人董事）之弟妻王娜祎担任董事的企业17AurekaBiotechnologies,Inc.夏东（发行人董事）之弟妻王娜祎担任董事的企业18瑞龙诺赋（上海）医疗科技有限公司夏东（发行人董事）之弟妻王娜祎担任董事的企业19杭州乐活体育发展合伙企业（有限合伙）夏东（发行人董事）持有0.01%合伙企业财产份额并担任执行事务合伙人的企业20杭州通心协力健康科技合伙企业（有限合伙）夏东（发行人董事）持有28%合伙企业财产份额并担任执行事务合伙人的企业21深圳市集燧科技有限公司邓天远（发行人独立董事）持股98%并担任经理兼任董事的企业。22北京亿奇娱乐影视文化有限公司邓天远（发行人独立董事）担任董事的企业。23杭州夏天岛影视动漫制作有限公司邓天远（发行人独立董事）担任董事的企业。24深圳国金投资顾问有限公司邓天远（发行人独立董事）担任副总裁的企业。25福州大秉果子投资咨询有限公司林秉风（发行人独立董事）持股80%并担任执行董事兼总经理，林秉风（发行人独立董事）之妻林贞持股20%的企业。26福州一世世投资有限公司福州大秉果子投资咨询有限公司持股100%，林秉风（发行人独立董事）担任执行董事兼总经理、财务负责人的企业。27福州九牧承风咨询有限公司福州大秉果子投资咨询有限公司持股100%，林秉风（发行人独立董事）担任执行董事兼经理、财务负责人的企业。28福清市上迳县圃福乐淡水养殖场林秉风（发行人独立董事）之父林民乐担任负责人的企业，1998年2月被吊销营业执照。29江苏一块去网络股份有限公司王大鹏（发行人董事）担任董事的企业。30安徽亚格盛电子新"
GEM002,301563,云汉芯城,GEM002_301563_云汉芯城（上海）互联网科技股份有限公司_招股说明书.pdf,382,gp_lp,执行事务合伙人,业。46深圳市畅想通讯技术有限公司周绍军（发行人董事）担任董事的企业，2007年被吊销营业执照。47深圳市智慧海洋科技有限公司周绍军（发行人董事）担任董事的企业。48上海联育企业管理咨询有限公司王欣（发行人独立董事）之姐夫李怀宇持股55%并担任执行董事的企业。49上海联育创业孵化器合伙企业（有限合伙）上海联育企业管理咨询有限公司持有1%合伙企业财产份额并担任执行事务合伙人的企业。50上海凡晟企业管理咨询有限公司王欣（发行人独立董事）之姐夫李怀宇持股80%并担任执行董事的企业。51中兴九城网络科技无锡有限公司王欣（发行人独立董事）之姐夫李怀宇担任董事的企业。52上海联育集创创业孵化器管理有限公司王欣（发行人独立董事）之姐夫李怀宇担任董事长、财务负责人的企业。53上海依岚智感信息技术有限公司王欣（发行人独立董事）之姐夫李怀宇担任董事长的企业54郑州华蛛文化传媒有限公司李鲲鹏（发行人原监事）之妹李晓玉持股100%并担任执行董事兼总经理的企业。55上海育帆体育文化发展有限公司万丽（发行人原监事）之夫吴亚平持股90%并担任执行董事的企业。56上海亚博体育科技有限公司万丽（发行人原监事）之父万仁国持股100%并担任总经理、董事、财务负责人的企业
GEM002,301563,云汉芯城,GEM002_301563_云汉芯城（上海）互联网科技股份有限公司_招股说明书.pdf,383,history,股权转让;执行事务合伙人,合伙企业（有限合伙）持有1.82%合伙企业财产份额并担任执行事务合伙人的企业。5新泰市晶泰星石墨烯应用研究院有限公司夏东（发行人董事）之妻父袁信成担任董事长的企业，2022年8月注销。6福建中锐网络股份有限公司林秉风（发行人独立董事）担任董事的企业，2024年8月离职7福建诺汉科技有限公司林秉风（发行人独立董事）之妻姐林莺持股51%的企业，2022年6月已将股权转让给第三方。8上海谢卓企业管理服务中心林秉风（发行人独立董事）之母林直云的个人独资企业，2022年3月注销。9光泽县承风投资咨询合伙企业（有限合伙）林秉风（发行人独立董事）持有50%合伙企业财产份额并担任执行事务合伙人的企业，2022年7月将财产份额转让给第三方并不再担任执行事务合伙人。10昆山博天尼生物科技有限公司王大鹏（发行人董事）担任董事的企业，2022年8月离职。11小西控股（南京）集团有限责任公司王大鹏（发行人董事）担任董事的企业，2024年11月离职12南通红土创新资本创业投资管理有限公司王大鹏（发行人董事）担任董事的企业，2024年12月注销13深圳市驱动人生科技股份有限公司周绍军（发行人董事）担任董事的企业，2022年2月离职。14深圳市速腾聚创科技有限公司周绍军（发行人董事）担任董事的企业，2022年1月离职。15深圳市小鹿商业传媒有限公司周绍军（发行人董事）担任董事的企业，2024年11月离职16上海厚意奥玻文化传媒合伙企业（有限合伙）上海华人创意文化传媒有限公司持有0.01%合伙企业财产份额并担任执行事务合伙人的企业，2022年1月注销。17深圳市伊丝艾拉服饰有限公司周绍军（发行人董事）担任董事的
GEM002,301563,云汉芯城,GEM002_301563_云汉芯城（上海）互联网科技股份有限公司_招股说明书.pdf,384,gp_lp,执行事务合伙人,）互联网科技股份有限公司招股说明书383序号企业名称关联关系第三方并离职。19上海和厚文化咨询有限公司上海泰睿文化咨询有限公司持股100%的企业。20海南兰点投资有限公司王欣（发行人独立董事）之姐夫李怀宇担任执行董事兼总经理的企业，2023年6月离职。21苏州工业园区华人文化产业投资管理中心（有限合伙）上海泰睿文化咨询有限公司持有10%合伙企业财产份额并担任执行事务合伙人的企业，2023年10月注销。22上海源风投资管理中心（有限合伙）上海泰睿文化咨询有限公司持有1%合伙企业财产份额并担任执行事务合伙人的企业。23上海华人创意文化传媒有限公司上海泰睿文化咨询有限公司持股99%的企业，2023年8月注销。24爱麦克斯菲尔姆（上海）投资管理有限公司上海华人创意文化传媒有限公司持股50%的企业，2023年2月注销。25云粟（上海）投资中心（有限合伙）上海泰睿文化咨询有限公司持有10%合伙企业财产份额并担任执行事务合伙人的企业，2022年1月注销。26上海厚意股权投资基金合伙企业（有限合伙）上海华人创意文化传媒有限公司持有0.01%合伙企业财产份额并担任执行事务合伙人的企业，2022年3月注销。27上海厚意萨玻文化创意合伙企业（有限合伙）上海华人创意文化传媒有限公司持有0.01%合伙企业财产份额并担任执行事务合伙人的企业，2022年2月注销。28上海华挚腾由管理咨询有限公司王欣（发行人独立董事）之姐夫李怀宇担任董事长兼总经理的企业，2023年3月离职。29上海行昆企业管理中心周雪峰（发行人高级管理人员）之父周保元的个人独资企业，2022年9月注销。30北京盈创时讯科技有限公司任凤娇（发
GEM002,301563,云汉芯城,GEM002_301563_云汉芯城（上海）互联网科技股份有限公司_招股说明书.pdf,419,shareholder,发行人股东,关规定的安排、股东投票机制建立情况（详见附录一）；（七）与投资者保护相关的承诺（详见附录二）；（八）发行人及其他责任主体作出的与发行人本次发行上市相关的其他承诺事项；（九）发行人审计报告基准日至招股说明书签署之日之间的相关财务报表及审阅报告；（十）盈利预测报告及审核报告（如有）；（十一）内部控制审计报告；（十二）经注册会计师鉴证的非经常性损益明细表；（十三）发行人股东（大）会、董事会、独立董事、董事会秘书制度的建立健全及运行情况（详见附录三）；（十四）中国证监会同意发行人本次公开发行注册的文件；（十五）其他与本次发行有关的重要文件。
GEM002,301563,云汉芯城,GEM002_301563_云汉芯城（上海）互联网科技股份有限公司_招股说明书.pdf,424,special_terms,回购,云汉芯城（上海）互联网科技股份有限公司招股说明书423附录二与投资者保护相关的承诺一、关于股份限售的承诺（一）公司控股股东和实际控制人曾烨承诺“一、自公司股票上市之日起三十六个月内，本人将不转让或委托他人管理本人直接或间接持有的公司公开发行股票前已发行公司股份，也不由公司回购该部分股份。二、公司上市后六个月内，如公司股票连续二十个交易日的收盘价均低于发行价，或者公司上市后六个月期末收盘价低于发行价，则本人持有公司股票的锁定期限自动延长六个月（如因派发现金红利、送股、转增股本、增发新股等原因进行除权、除息的，发行价将按照证券交易所的有关规定作除权除息价格调整）。三、前述限售期满后，在本人担任公司董事、监事和高级管理人员期间每年转让的股份不超过本人持有公司股份总数的25%；在申报离任后六个月内，不转让本人持有的公司股份。如本人在任期届满前离职，本人在就任公司董事、监事、高级管理人员时确定的任期内和任期届满后六个月内，每年转让股份数不超过本人所持有的公司股份总数的25%；离职后半年内，不转让持有的公司股份。四、本人所持公司股份锁定期满之日起两年内，如进行减持，减持价格不低于公司首次公开发行股票价格（如因派发现金红利、送股、转增股本、增发新股等原因进行除权、除息的，发行价将按照证券交易所的有关规定作除权除息价格调整）。五、如公司上市当年较上市前一年净利润下滑50%以上的，则本人届时所持公司股份锁定期限延长6个月；如公司上市第二年较上市前一年净利润下滑50%以上的，则在前项基础上本人届时所持公司股份锁
GEM002,301563,云汉芯城,GEM002_301563_云汉芯城（上海）互联网科技股份有限公司_招股说明书.pdf,425,special_terms,回购,司指定账户。如因本人未履行上述承诺事项给公司或者其他投资者造成损失的，本人将向公司或者其他投资者依法承担赔偿责任。本人怠于承担前述责任，则公司有权在分红或支付本人其他报酬时直接扣除相应款项。”（二）公司控股股东的一致行动人为赛咨询承诺“一、自公司股票上市之日起三十六个月内，不转让或委托他人管理本企业直接或间接持有的公司公开发行股票前已发行公司股份，也不由公司回购该部分股份。二、公司上市后六个月内，如公司股票连续二十个交易日的收盘价均低于发行价，或者公司上市后六个月期末收盘价低于发行价，则本企业持有公司股票的锁定期限自动延长六个月（如因派发现金红利、送股、转增股本、增发新股等原因进行除权、除息的，发行价将按照证券交易所的有关规定作除权除息价格调整）。三、本企业所持公司股份锁定期满之日起两年内，如进行减持，减持价格不低于公司首次公开发行股票价格（如因派发现金红利、送股、转增股本、增发新股等原因进行除权、除息的，发行价将按照证券交易所的有关规定作除权除息价格调整）。四、如法律、行政法规、部门规章或中国证券监督管理委员会、证券交易所规定或要求股份锁定期长于本承诺，则本企业所持公司股份锁定期和限售条件自动按该等规定和要求执行。根据《深圳证券交易所创业板股票上市规则》的规定，转让双方存在控制关系或者受同一实际控制人控制的，自公司股票上市之日起十二个月后，可豁免遵守本承诺函第一条规定。五、如公司上市当年较上市前一年净利润下滑50%以上的，则本企业届时
GEM002,301563,云汉芯城,GEM002_301563_云汉芯城（上海）互联网科技股份有限公司_招股说明书.pdf,426,special_terms,回购,缴纳至公司指定账户。如因本企业未履行上述承诺事项给公司或者其他投资者造成损失的，本企业将向公司或者其他投资者依法承担赔偿责任。本企业怠于承担前述责任，则公司有权在分红或支付本企业其他报酬时直接扣除相应款项。”（三）担任董监高的股东承诺1、股东刘云锋承诺“一、除非公司撤回上市申请，则在公司首次公开发行股票前，本人将不转让或委托他人管理持有的公司股份，也不由公司回购该部分股份。二、自公司股票上市之日起三十六个月内，本人将不转让或委托他人管理本人持有的公司公开发行股票前已发行公司股份，也不由公司回购该部分股份。三、公司上市后六个月内，如公司股票连续二十个交易日的收盘价均低于发行价，或者公司上市后六个月期末收盘价低于发行价，则本人持有公司股票的锁定期限自动延长六个月。四、前述限售期满后，在本人担任公司董事、监事和高级管理人员期间每年转让的股份不超过本人持有公司股份总数的25%；在申报离任后六个月内，不转让本人持有的公司股份。如本人在任期届满前离职，本人在就任公司董事、高级管理人员时确定的任期内和任期届满后6个月内，每年转让股份数不超过本人所持有的公司股份总数的25%；离职后半年内，不转让持有的公司股份。五、本人所持公司股份锁定期满之日起两年内，如进行减持，减持价格不低于公司首次公开发行股票价格（如因派发现金红利、送股、转增股本、增发新股等原因进行除权、除息的，发行价将按照证券交易所的有关规定作除权除息价格调整）。
GEM002,301563,云汉芯城,GEM002_301563_云汉芯城（上海）互联网科技股份有限公司_招股说明书.pdf,427,special_terms,回购,个工作日内将前述收益缴纳至公司指定账户。如因本人未履行上述承诺事项给公司或者其他投资者造成损失的，本人将向公司或者其他投资者依法承担赔偿责任。本人怠于承担前述责任，则公司有权在分红或支付本人其他报酬时直接扣除相应款项。”2、其他担任董事、高管的股东承诺“一、除非公司撤回上市申请，则在公司首次公开发行股票前，本人将不转让或委托他人管理持有的公司股份，也不由公司回购该部分股份。二、自公司股票上市之日起十二个月内，本人将不转让或委托他人管理本人持有的公司公开发行股票前已发行公司股份，也不由公司回购该部分股份。三、公司上市后六个月内，如公司股票连续二十个交易日的收盘价均低于发行价，或者公司上市后六个月期末收盘价低于发行价，则本人持有公司股票的锁定期限自动延长六个月。四、前述限售期满后，在本人担任公司董事、监事和高级管理人员期间每年转让的股份不超过本人持有公司股份总数的25%；在申报离任后六个月内，不转让本人持有的公司股份。如本人在任期届满前离职，本人在就任公司董事、高级管理人员时确定的任期内和任期届满后6个月内，每年转让股份数不超过本人所持有的公司股份总数的25%；离职后半年内，不转让持有的公司股份。五、本人所持公司股份锁定期满之日起两年内，如进行减持，减持价格不低于公司首次公开发行股票价格（如因派发现金红利、送股、转增股本、增发新股等原因进行除权、除息的，发行价将按照证券交易所的有关规定作除权除息价格调整）。六、如法律、行政法规、部门规章或中国证券监督管理委员会、证券交易所规定或要求股份锁定期长于本承诺，则本人所持公司股份锁定期和限售条件自动按该等规定和要求执行。
GEM002,301563,云汉芯城,GEM002_301563_云汉芯城（上海）互联网科技股份有限公司_招股说明书.pdf,428,special_terms,回购,将在五个工作日内将前述收益缴纳至公司指定账户。如因本人未履行上述承诺事项给公司或者其他投资者造成损失的，本人将向公司或者其他投资者依法承担赔偿责任。本人怠于承担前述责任，则公司有权在分红或支付本人其他报酬时直接扣除相应款项。”（四）其他股东承诺“一、除非公司撤回上市申请，则在公司首次公开发行股票前，本人/本企业将不转让或委托他人管理持有的公司股份，也不由公司回购该部分股份。二、自公司股票上市之日起十二个月内，本人/本企业将不转让或委托他人管理本人/本企业持有的公司公开发行股票前已发行公司股份，也不由公司回购该部分股份。三、如法律、行政法规、部门规章或中国证券监督管理委员会、证券交易所规定或要求股份锁定期长于本承诺，则本人/本企业所持公司股份锁定期和限售条件自动按该等规定和要求执行。”二、关于持股意向及减持意向的承诺（一）公司控股股东和实际控制人曾烨承诺“一、对于本次公开发行前持有的公司股份，本人将严格遵守已做出的关于股份锁定的承诺，在锁定期内，不出售本次公开发行前持有的公司股份。锁定期满后本人拟减持股份的，将严格遵守《上市公司股东减持股份管理暂行办法》《深圳证券交易所上市公司自律监管指引第18号――股东及董事、监事、高级管理人员减持股份》的相关规定。若中国证监会和深圳证券交易所在本人减持公司股份前有其他规定的，则本人承诺在减持时严格遵守届时有效的规定。二、本人在持有公司股票锁定期届满后两年内拟减持公司股票的，减持价格将不低于公司股票的发行价。若公司上市后发生派息、送股、资本公积转增股本等除权、除息行为的，上述发行价为除权除息后的价格。三、本人减持公司股份应符合相关法律、法规、规
GEM002,301563,云汉芯城,GEM002_301563_云汉芯城（上海）互联网科技股份有限公司_招股说明书.pdf,429,shareholder,持有发行人,锁定的承诺，在锁定期内，不出售本次公开发行前持有的发行人股份。锁定期满后本企业拟减持股份的，将严格遵守《上市公司股东减持股份管理暂行办法》《深圳证券交易所上市公司自律监管指引第18号――股东及董事、监事、高级管理人员减持股份》的相关规定。若中国证监会和深圳证券交易所在本企业减持发行人股份前有其他规定的，则本企业承诺在减持时严格遵守届时有效的规定。二、本企业在持有发行人股票锁定期届满后两年内拟减持发行人股票的，减持价格将不低于发行人股票的发行价。若发行人上市后发生派息、送股、资本公积转增股本等除权、除息行为的，上述发行价为除权除息后的价格。三、本企业减持发行人股份应符合相关法律、法规、规章的规定，具体方式包括但不限于交易所集中竞价交易方式、大宗交易方式、协议转让方式等。四、本企业拟减持发行人股份的，将根据届时有效的法律法规的要求履行通知和公告义务。五、如以上承诺事项被证明不真实或未被遵守，则出售股票收益归公司所有，本企业将在五个工作日内将前述收益缴纳至公司指定账户。如因本企业未履行上述承诺事项给公司或者其他投资者造成损失的，本企业将向公司或者其他投资者依法承担赔偿责任。本企业怠于承担前述责任，则公司有权在分红或支付本企业其他报酬时直接扣除相应款项。”
GEM002,301563,云汉芯城,GEM002_301563_云汉芯城（上海）互联网科技股份有限公司_招股说明书.pdf,431,special_terms,回购,云汉芯城（上海）互联网科技股份有限公司招股说明书430式包括但不限于交易所集中竞价交易方式、大宗交易方式、协议转让方式等。”三、关于稳定股价的措施和承诺（一）发行人承诺“本公司承诺，公司上市后三年内，若本公司股价持续低于每股净资产，本公司将严格依照《云汉芯城（上海）互联网科技股份有限公司上市后三年内稳定股价预案》中规定的相关程序通过回购本公司股票的方式启动股价稳定措施。”（二）公司控股股东和实际控制人曾烨承诺“本人承诺，公司上市后三年内，若公司股价持续低于每股净资产，本人将严格依照《云汉芯城（上海）互联网科技股份有限公司上市后三年内稳定股价预案》中规定的相关程序通过增持本公司股票的方式启动股价稳定措施。”（三）公司控股股东的一致行动人为赛咨询承诺“本企业承诺，公司上市后三年内，若公司股价持续低于每股净资产，本企业将严格依照《云汉芯城（上海）互联网科技股份有限公司上市后三年内稳定股价预案》中规定的相关程序通过增持本公司股票的方式启动股价稳定措施。”（四）非独立董事和高管承诺“本人承诺，公司上市后三年内，若公司股价持续低于每股净资产，本人将严格依照《云汉芯城（上海）互联网科技股份有限公司上市后三年内稳定股价预案》中规定的相关程序通过增持本公司股票的方式启动股价稳定措施。”四、关于股份购回及欺诈上市股份买回的承诺（一）发行人承诺“一、本公司承诺，本公司向深圳证券交易所提交的首次公开发行股票并在创业板上市的招股说明书（以下简称“招股说明书”）不存在虚假记载、误导性陈述或者重大遗漏，并对其真实性、准确性、完整性承担法律责任。二、若招股说明书存在虚假记载、误导性陈
GEM002,301563,云汉芯城,GEM002_301563_云汉芯城（上海）互联网科技股份有限公司_招股说明书.pdf,432,special_terms,回购,"云汉芯城（上海）互联网科技股份有限公司招股说明书431司是否符合法律规定的发行条件构成重大、实质影响，或被认定构成欺诈发行上市的，本公司将自中国证监会认定有关违法事实之日起30日内，召开股东大会审议回购首次公开发行的全部新股的方案，并在股东大会审议通过之日起5日内启动回购方案，回购价格将不低于发行价并加算银行同期存款利息，亦不低于提示性公告日前30个交易日本公司股票的加权平均价。本公司上市后发生除权除息事项的,上述发行价格做相应调整。回购完成后，本公司股票将按深圳证券交易所的有关规定申请终止上市。”（二）公司控股股东和实际控制人曾烨承诺“一、公司向深圳证券交易所提交的首次公开发行股票并在创业板上市招股说明书（以下简称“招股说明书”）不存在虚假记载、误导性陈述或者重大遗漏，本人对其真实性、准确性、完整性承担个别和连带的法律责任。二、若招股说明书存在虚假记载、误导性陈述或者重大遗漏，并对判断公司是否符合法律规定的发行条件构成重大、实质影响，或被认定构成欺诈上市的，本人将促使公司自中国证监会认定有关违法事实之日起30日内，召开股东大会审议回购首次公开发行的全部新股的方案，并在股东大会审议通过之日起5日内启动回购方案，回购价格将不低于发行价并加算银行同期存款利息，亦不低于提示性公告日前30个交易日公司股票的加权平均价。公司上市后发生除权除息事项的,上述发行价格做相应调整。回购完成后，本人将利用对发行人的控股/控制地位促成公司股"
GEM002,301563,云汉芯城,GEM002_301563_云汉芯城（上海）互联网科技股份有限公司_招股说明书.pdf,438,shareholder,发行人股东,民事赔偿案件的若干规定》等相关法律法规的规定执行，如相关法律法规相应修订，则按届时有效的法律法规执行。本人将严格履行生效司法文书认定的赔偿方式和赔偿金额，并接受社会监督，确保投资者合法权益得到有效保护。三、本人将积极采取合法措施履行就本次发行所做的所有承诺，自愿接受监管机关、社会公众及投资者的监督，并依法承担相应责任。若本人违反就本次发行所做的承诺，本人将在发行人股东大会及中国证监会指定报刊上公开说明未履行的具体原因并向发行人股东和社会公众投资者道歉，同时本人直接或间接持有的发行人股份将不得转让，直至本人按承诺采取相应的措施并实施完毕时为止。若因违反上述承诺而被司法机关和/或行政机关作出相应裁判、决定，本人将严格依法执行该等裁判、决定。”（三）发行人董事、监事会取消前的在任监事、高级管理人员承诺“一、公司向深圳证券交易所提交的招股说明书及其摘要不存在虚假记载、误导性陈述或者重大遗漏，本人对其真实性、准确性、完整性承担个别和连带的法律责任。二、若招股说明书存在虚假记载、误导性陈述或者重大遗漏，致使投资者在证券交易中遭受损失，本人将依法赔偿投资者损失。有权获得赔偿的投资者资格、投资者损失的范围认定、赔偿主体之间的责任划分和免责事由按照《中华人民共和国证券法》、《最高人民法院关于审理证券市场因虚假陈述引发的民事赔偿案件的若干规定》等相关法律法规的规定执行，如相关法律法规相应修订，则按届时有效的法律法规执行。本人将严格履行生效司法文书认定的赔偿方式和赔偿金额，并接受社会监督，确保投资者合法权益得到有效保护。三、本人将积极采取合法措施履行就本次发行所做的所有承诺，自愿接受监管机关、社会公
GEM002,301563,云汉芯城,GEM002_301563_云汉芯城（上海）互联网科技股份有限公司_招股说明书.pdf,439,shareholder,发行人股东,云汉芯城（上海）互联网科技股份有限公司招股说明书438明未履行的具体原因并向发行人股东和社会公众投资者道歉，同时本人直接或间接持有的发行人股份将不得转让，直至本人按承诺采取相应的措施并实施完毕时为止。若因违反上述承诺而被司法机关和/或行政机关作出相应裁判、决定，本人将严格依法执行该等裁判、决定。”九、关于股东信息披露等事项承诺发行人承诺：“1、本公司股东均具备持有本公司股份的主体资格，不存在法律法规规定禁止持股的主体直接或间接持有本公司股份的情形；2、本次发行的中介机构或其负责人、高级管理人员、经办人员不存在直接或间接持有本公司股份或其他权益的情形；3、本公司股东不存在以本公司股权进行不当利益输送的情形；4、本公司及本公司股东已及时向本次发行的中介机构提供了真实、准确、完整的资料，积极和全面配合了本次发行的中介机构开展尽职调查，依法在本次发行的申报文件中真实、准确、完整地披露了股东信息，履行了信息披露义务。”十、应对发行人发行失败的相关措施预案及承诺（一）相关措施及预案针对发行失败的可能性，发行人制定相关措施与预案如下：（1）在中国证监会作出注册决定后至股票上市交易前，如公司发生重大事项，可能导致其不符合发行条件、上市条件或者信息披露要求的，公司应当暂停发行；已经发行的，暂缓上市。（2）在发行阶段，
GEM002,301563,云汉芯城,GEM002_301563_云汉芯城（上海）互联网科技股份有限公司_招股说明书.pdf,441,shareholder,发行人股东,云汉芯城（上海）互联网科技股份有限公司招股说明书440附录三发行人股东（大）会、董事会、监事会、独立董事、董事会秘书制度的建立健全及运行情况一、股东（大）会制度的建立健全及运行情况2015年10月30日，公司召开创立大会，审议通过了《公司章程》。此后，根据《公司法》及相关法律法规的规定，对其不断完善健全。公司股东（大）会严格按照《公司章程》中的规定行使权利。自股份公司成立至2025年3月25日，公司股东（大）会共召开42次会议。公司严格按照《公司法》《公司章程》及其他相关法律法规的要求召集、召开股东（大）会，公司历次股东（大）会严格遵守表决事项和表决程序的有关规定，维护了公司和股东的合法权益。二、董事会制度的建立健全及运行情况2015年10月30日，公司召开创立大会，选举产生了第一届董事会。董事会对股东（大）会负责，董事由股东（大）会选举产生，任期3年，届满可以连选连任。截至招股说明书签署之日，公司董事会由9名董事组成，其中包括独立董事3名。公司董事会设董事长1名，由全体董事的过半数选举产生。自股份公司成立至2025年3月25日，公司董事会共召开71次会议。公司历次董事会严格遵守表决事项和表决程序的有关规定，维护了公司和股东的合法权益。公司全体董事能够遵守有关法律、法规、《公司章程》
STAR001,688758,赛分科技,STAR001_688758_苏州赛分科技股份有限公司_招股说明书.pdf,7,toc,目录,苏州赛分科技股份有限公司首次公开发行股票并在科创板上市招股说明书1-1-6目录致投资者的声明...........................................................................................................1重要声明.......................................................................................................................4本次发行概况...............................................................................................................5目录............................................................................................................................6第一节释义.............................
STAR001,688758,赛分科技,STAR001_688758_苏州赛分科技股份有限公司_招股说明书.pdf,19,toc,目录,述因素影响下，我国医药行业发展面临较大的压力，若未来由于宏观经济政策、行业政策等因素导致下游医药行业整体增速放缓，将导致下游市场对发行人色谱产品的需求增长速度放慢，进而影响公司承接的业务订单规模及经营业绩表现。（2）行业政策提高创新药研发门槛的风险近几年，国家药品监督管理局、国家医疗保障局等多部门先后出台了优先审评审批、注册分类改革、上市许可持有人制度、医保目录动态调整等多项政策，给予创新药全生命周期的政策支持，我国新药研发取得了较大进步。与此同时，行业内靶点选择重复、研发赛道拥挤、研发资源浪费等问题突出，同质化竞争可能在未来相当长的时间持续存在。为有效解决该问题，国家药品监督管理局药品审评中心发布了《以临床价值为导向的抗肿瘤药物临床研发指导原则》，提高了研发门槛。2023年8月25日，药监局发布了《药品附条件批准上市申请审评审批工作程序（试行）（修订稿征求意见稿）》，以进一步完善药品附条件批准上市申请审评审批制度，不具备差异化自主创新能力的企业将面临淘汰，相关的研发项目可能停止，发行人来自该类客户或项目的收入将面临下降风险。2、下游客户需求下降的风险（1）下游客户药物开发失败的风险
STAR001,688758,赛分科技,STAR001_688758_苏州赛分科技股份有限公司_招股说明书.pdf,29,employee_platform,核心员工,"售的总体安排本次公开发行股票数量为49,975,690股，发行股份占公司发行后总股本的比例约为12.00%，本次公开发行的股票全部为公司公开发行的新股。本次发行中初始战略配售发行数量为7,496,354股，占本次发行数量的15.00%，初始战略配售与最终战略配售股数一致，无需向网下回拨。本次发行的战略配售由参与跟投的保荐人相关子公司以及发行人的高级管理人员与核心员工参与本次战略配售设立的专项资产管理计划组成。跟投机构为中证投资，发行人的高级管理人员与核心员工参与本次战略配售设立的专项资产管理计划为共赢37号。本次发行最终战略配售结果如下：序号参与战略配售的投资者名称类型获配股数（股）获配股数占本次发行数量的比例（%）获配金额（元）限售期（月）1中信证券投资有限公司参与科创板跟投的保荐人相关子公司2,498,785510,794,751.20242中信建投基金-共赢37号员工参与战略配售集合资产管理计划发行人高级管理人员与核心员工专项资产管理计划4,997,5691021,589,498.0812合计7,496,3541532,384,249.282、保荐人相关子公司跟投（1）跟投主体本次发行的保荐人（主承销商）按照《证券发行与承销管理办法》（证监会令〔第208号〕）（以下简称“《管理办法》”）和《上海证券交易所首次公开发行证券发行与承销业务实施细则》（上证发〔2023〕33号）（以下简称“《首发承销细则》”）的相关规定参与本次发行的战略配售，跟投主体为中证投资。（2）跟投规模根据《首发承销细则》要求，若发行规模不足10亿元，跟投比例为5%，但不超过人民币4,000万元。"
STAR001,688758,赛分科技,STAR001_688758_苏州赛分科技股份有限公司_招股说明书.pdf,30,employee_platform,核心员工,"苏州赛分科技股份有限公司首次公开发行股票并在科创板上市招股说明书1-1-29中证投资已足额缴纳战略配售认购资金，参与战略配售的数量合计为本次公开发行规模的5.00%，即2,498,785股，获配金额为10,794,751.20元。3、发行人高级管理人员与核心员工专项资产管理计划（1）投资主体发行人的高级管理人员与核心员工参与本次战略配售设立的专项资产管理计划为共赢37号。（2）参与规模和具体情况共赢37号参与战略配售的数量合计为本次公开发行规模的10.00%，即4,997,569股，获配金额为21,589,498.08元。具体情况如下：名称：中信建投基金-共赢37号员工参与战略配售集合资产管理计划设立时间：2024年9月24日备案日期：2024年9月27日募集资金规模：2,200.00万元管理人：中信建投基金管理有限公司实际支配主体：中信建投基金管理有限公司，发行人高级管理人员及核心员工非实际支配主体；根据发行人提供的说明及提供的各份额持有人与发行人签署的用工合同，除钱望霓为退休返聘人员外，其余参与本次发行与战略配售的8名份额持有人均与发行人或发行人的子公司之间签署了劳动合同，钱望霓作为退休返聘人员，已与发行人全资子公司赛分科技扬州有限公司签订了返聘协议。各份额持有人均为发行人的高级管理人员或发行人核心员工。该等人员姓名、职务与持有份额比例如下：序号姓名任职单位职务实际缴款金额（万元）资管计划份额的持有比例员工类别1黄学英苏州赛分科技股份有限公司董事长、总经理1,003.0"
STAR001,688758,赛分科技,STAR001_688758_苏州赛分科技股份有限公司_招股说明书.pdf,31,employee_platform,核心员工,"苏州赛分科技股份有限公司首次公开发行股票并在科创板上市招股说明书1-1-30序号姓名任职单位职务实际缴款金额（万元）资管计划份额的持有比例员工类别2黄漫履苏州赛分科技股份有限公司董事会秘书167.007.59%高级管理人员3汪庚伟苏州赛分科技股份有限公司工业纯化BD部副总监138.006.27%核心员工4陈亮苏州赛分科技股份有限公司工业纯化BD部经理140.006.36%核心员工5吕金龙苏州赛分科技股份有限公司分析色谱销售总监130.005.91%核心员工6吴頲㑇SepaxTechnologies,Inc.SepaxTechnologies,Inc.总经理147.006.68%核心员工7倪灏SepaxBioscienceInc.SepaxBioscienceInc.总经理150.006.82%核心员工8钱望霓赛分科技扬州有限公司赛分科技扬州有限公司总经理195.008.86%核心员工9黄剑赛分科技扬州有限公司赛分科技扬州有限公司生产运营部副总监130.005.91%核心员工合计2,200.00100.00%-注1：SepaxTechnologies,Inc.为发行人控股子公司，SepaxBioscienceInc.以及赛分科技扬州有限公司系发行人全资子公司。注2：共赢37号募集资金的100%用于参与本次战略配售，即用于支付本次战略配售的价款及相关费用。4、配售条件参与本次战略配售的投资者已与发行人签署战略配售协议，不参加本次发行初步询价，并承诺按照发行人和保荐人（主承销商）确定的发行价格认购其承诺认购的股票数量，并"
STAR001,688758,赛分科技,STAR001_688758_苏州赛分科技股份有限公司_招股说明书.pdf,45,toc,目录,上述因素影响下，我国医药行业发展面临较大的压力，若未来由于宏观经济政策、行业政策等因素导致下游医药行业整体增速放缓，将导致下游市场对发行人色谱产品的需求增长速度放慢，进而影响公司承接的业务订单规模及经营业绩表现。2、行业政策提高创新药研发门槛的风险近几年，国家药品监督管理局、国家医疗保障局等多部门先后出台了优先审评审批、注册分类改革、上市许可持有人制度、医保目录动态调整等多项政策，给予创新药全生命周期的政策支持，我国新药研发取得了较大进步。与此同时，行业内靶点选择重复、研发赛道拥挤、研发资源浪费等问题突出，同质化竞争可能在未来相当长的时间持续存在。为有效解决该问题，国家药品监督管理局药品审评中心发布了《以临床价值为导向的抗肿瘤药物临床研发指导原则》，提高了
STAR001,688758,赛分科技,STAR001_688758_苏州赛分科技股份有限公司_招股说明书.pdf,51,gp_lp,出资比例,"8日，赛分有限已收到黄学英、沈建林、潘鼎第三期缴纳的注册资本（实收资本）合计5,000,000元整，全部以货币出资。至此，赛分有限注册资本实缴完毕。2009年3月16日，赛分有限（筹）就设立事项办理完毕工商登记手续，取得了江苏省苏州工业园区工商行政管理局核发的《企业法人营业执照》。公司设立时的股权结构情况如下：序号股东姓名认缴出资额（万元）实缴出资额（万元）出资比例（%）出资方式1黄学英900.00360.0090.00货币2沈建林50.0020.005.00货币3潘鼎50.0020.005.00货币合计1,000.00400.00100.00/（二）股份公司的设立情况2021年8月9日，万隆（上海）资产评估有限公司就赛分有限整体变更设立股份公司事项出具《苏州赛分科技有限公司拟变更设立股份有限公司涉及的其净资产价值资产评估报告》（万隆评报字（2021）第10464号），截至2021年5月31日，赛分有限经评估的账面净资产值为人民币330,045,075.98元。2021年8月9日，容诚会计师事务所（特殊普通合伙）就赛分有限整体变更设立股份公司事项出具《审计报告》（容诚审字[2021]210Z0157号），截至2021年5月31日，赛分有限经审计的账面净资产值为人民币295,800,700.26元。2021年8月9日，赛分有限临时股东会作出决议，审议通过了《关于公司整体变更为股份有限公司的议案》，同意赛分有限企业类型由有限责任公司整体变更为股份有限公司，名称为“苏州赛分科技股份有限公司”；同意以截至2021年5月31日，以赛分有限折合的实收股本总额不高于经评估的净资产值为前提，以"
STAR001,688758,赛分科技,STAR001_688758_苏州赛分科技股份有限公司_招股说明书.pdf,52,gp_lp,出资比例,"苏州赛分科技股份有限公司首次公开发行股票并在科创板上市招股说明书1-1-51份总额，每股面值1元，共计27,506,769股，未折股部分268,293,931.26元将全额计入股份公司的资本公积金。公司全体股东作为发起人，按照目前各自在公司的出资比例持有相应数额的股份。2021年8月25日，赛分科技召开创立大会暨第一次股东大会，审议通过《关于苏州赛分科技股份有限公司筹办情况的报告》《关于苏州赛分科技股份有限公司整体变更设立股份公司的议案》《关于制定<苏州赛分科技股份有限公司章程>的议案》等相关议案，选举并产生了第一届董事会和第一届监事会的股东代表监事，并与职工代表大会选举产生的职工监事共同组成第一届监事会。2021年8月25日，容诚会计师事务所（特殊普通合伙）对本次整体变更进行了验资，并出具容诚验字[2021]210Z0020号《验资报告》。经审验，截至2021年8月25日，赛分科技各发起人以其拥有的赛分有限截至2021年5月31日经审计的账面净资产295,800,700.26元（评估值为330,045,075.98元）折股投入，其中27,506,769.00元折合为赛分科技的股本，股本总额27,506,769股，每股面值1元，净资产折合股本后的余额计入资本公积。2021年9月16日，赛分科技就整体变更为股份有限公司事项办理完毕工商变更登记手续，取得了江苏省市场监督管理局换发的《营业执照》。整体变更为股份有限公司后，赛分科技的股权结构如下：序号发起人姓名/名称持"
STAR001,688758,赛分科技,STAR001_688758_苏州赛分科技股份有限公司_招股说明书.pdf,54,history,股权转让;出资比例,"01.97货币11苏州敦行40.0040.001.66货币12陈志华30.0430.041.25货币13耿卫东30.0030.001.25货币14骏耀投资20.0020.000.83货币15华泰大健康二号12.0012.000.50货币16道兴投资2.812.810.12货币合计2,408.002,408.00100.00/报告期内，公司进行了3次增资、2次股权转让、1次资本公积转增股本；报告期内，公司改制为股份有限公司；报告期末至本招股说明书签署日，公司股本和股东未发生变化。报告期内的股本和股东变化情况如下："
STAR001,688758,赛分科技,STAR001_688758_苏州赛分科技股份有限公司_招股说明书.pdf,55,history,股权转让,"苏州赛分科技股份有限公司首次公开发行股票并在科创板上市招股说明书1-1-541、2021年4月，报告期内第一次股权转让及第一次增资（1）报告期内第一次股权转让2021年2月22日，赛分有限召开股东会并作出决议，同意黄学英将其持有的赛分有限58.2243万元注册资本分别转让给复星惟盈、朱勤华、唐斌及张敏。2021年1月，黄学英与朱勤华签署了《股权转让协议》，2021年2月24日，黄学英与复星惟盈、唐斌、张敏签署了《股权转让协议》。具体情况如下：序号转让方受让方转让单价（元/注册资本）注册资本（万元）转让价格（万元）1黄学英复星惟盈51.5237.31901,922.8571"
STAR001,688758,赛分科技,STAR001_688758_苏州赛分科技股份有限公司_招股说明书.pdf,56,history,股权转让;出资比例,"苏州赛分科技股份有限公司首次公开发行股票并在科创板上市招股说明书1-1-55序号转让方受让方转让单价（元/注册资本）注册资本（万元）转让价格（万元）2朱勤华19.40811,000.00003唐斌0.887245.71434张敏0.610031.4286注：上述表格中转让单价和转让金额之间的细微差异，系计算过程四舍五入造成。2021年3月，上述股权受让方将股权转让款项支付给黄学英。根据国家税务总局苏州工业园区税务局第一税务所出具的完税证明，黄学英已就上述股权转让事项缴纳了个人所得税5,882,051.40元。（2）报告期内第一次增资2021年2月25日，赛分有限召开股东会并作出决议，同意公司注册资本增加342.6769万元至2,750.6769万元。新增的342.6769万元注册资本由国寿疌泉、复星惟盈、唐斌、张敏以人民币1.85亿元认购。2021年2月26日，国寿疌泉、复星惟盈、唐斌、张敏与发行人签署了《关于苏州赛分科技有限公司之增资协议》。本次增资具体情况如下：序号股东姓名/名称认缴出资额（万元）增资价格（元/注册资本）增资金额（万元）出资方式1国寿疌泉250.061553.9913,500.0000货币2复星惟盈89.04314,807.1429货币3唐斌2.1169114.2857货币4张敏1.455478.5714货币注：上述表格中增资单价和增资金额之间的细微差异，系计算过程四舍五入造成。2021年3月9日，国寿疌泉、复星惟盈、唐斌、张敏向公司支付完毕全部增资款。2021年4月20日，公司就股权转让和增资事项办理完毕工商变更登记手续，取得了苏州工业园区市场监督管理局"
STAR001,688758,赛分科技,STAR001_688758_苏州赛分科技股份有限公司_招股说明书.pdf,57,history,股权转让;出资比例,货币17朱勤华19.408119.40810.7056货币18华泰大健康二号12.003412.00340.4364货币19道兴投资2.80792.80790.1021货币20唐斌3.00413.00410.1092货币21张敏2.06542.06540.0751货币合计2750.67692750.6769100.0000/2、2021年8月，报告期内第二次股权转让2021年7月10日，赛分有限召开股东会并作出决议，同意黄学英将其持有的公司0.8%的注册资本22.00万元以人民币0元的价格转让给高新同华。本次股权转让系为解决公司与高新同华之间的业绩承诺与补偿事宜。2021年7月10日，赛分有限、高新同华与黄学英签署《增资协议之补充协议》，约定终止各方于2015年7月签署的《投资合作框架协议》中第四条“业绩承诺”和各方于2015年8月签署的《增资协议》中第五条“业绩承诺和补偿”，各方不再根据被终止条款享有任何权利或承担任何义务，作为补偿，黄学英同意以合计人民币0元的价格向高新同华转让其所持有的赛分有限22万元注册资本，
STAR001,688758,赛分科技,STAR001_688758_苏州赛分科技股份有限公司_招股说明书.pdf,58,history,股权转让;出资比例,苏州赛分科技股份有限公司首次公开发行股票并在科创板上市招股说明书1-1-57双方将另行签署《股权转让协议》。黄学英与高新同华就上述股权转让事宜签署了《股权转让协议》，就该次股权转让事项，黄学英已经取得了免税证明。本次股权转让后，赛分有限的股权结构如下：序号股东姓名/名称认缴出资额（万元）实缴出资额（万元）出资比例（%）出资方式1黄学英803.1668803.166829.1989货币2周金清280.0000280.000010.1793货币3陆民257.4000257.40009.3577货币4国寿疌泉250.0615250.06159.0909货币5高新同华270.0000270.00009.8158货币6华泰大健康一号175.1887175.18876.3689货币7苏州贤达134.1500134.15004.8770货币8苏州博达114.9389114.93894.1786货币9复星惟盈126.3621126.36214.5939货币10苏州杰贤69.480069.48002.5259货币11潘鼎63.200063.20002.2976货币12海佳同康47.400047.40001.7232货币13苏州敦行40.000040.00001.4542货币14陈志华30.040030.04001.0921货币15耿
STAR001,688758,赛分科技,STAR001_688758_苏州赛分科技股份有限公司_招股说明书.pdf,59,history,新增股东,"苏州赛分科技股份有限公司首次公开发行股票并在科创板上市招股说明书1-1-584、2021年11月，报告期内第二次增资2021年10月28日，赛分科技召开2021年第一次临时股东大会，决议同意赛分科技增发股份4,243,901股，新增股份由新增股东源峰磐赛、珠海峦恒、高瓴祈睿、国药中生、圣成投资、国药二期、圣祁投资、夏尔巴二期、甘李药业、吴征涛认购。2021年10月28日，上述新增股东与赛分科技签署了《增资协议》。截至2021年11月，上述新增股东已支付完毕全部增资款。本次增资具体情况如下：序号股东姓名/名称认购股份（股）股份价格（元/股）认购金额（万元）出资方式1源峰磐赛1,571,815127.2420,000.00货币2珠海峦恒628,7268,000.00货币3高瓴祈睿628,7268,000.00货币4国药中生461,8465,876.59货币5圣成投资9,699123.41货币6国药二期155,6251,980.20货币7圣祁投资1,55619.80货币8夏尔巴二期392,9545,000.00货币9甘李药业235,7723,000.00货币10吴征涛157,1822,000.00货币合计4,243,901-54,000.00-注：上述表格中增资单价和增资金额之间的细微差异，系计算过程四舍五入造成。2021年11月10日，赛分科技取得了江苏省市场监督管理局换发的《营业执照》。本次增资完成后，赛分科技的股权结构如下：序号股东姓名/名称股份数量（股）持"
STAR001,688758,赛分科技,STAR001_688758_苏州赛分科技股份有限公司_招股说明书.pdf,60,history,新增股东,"斌30,0410.094628道兴投资28,0790.088429张敏20,6540.065130圣成投资9,6990.030531圣祁投资1,5560.0049合计31,750,670100.00005、2021年12月，报告期内第三次增资2021年11月22日，赛分科技召开2021年第二次临时股东大会，决议同意赛分科技增发股份117,886股，新增股份由新增股东聚贝投资以人民币1,500万元认购。"
STAR001,688758,赛分科技,STAR001_688758_苏州赛分科技股份有限公司_招股说明书.pdf,70,shareholder,持有发行人;普通合伙人,州杰贤分别持有公司股权的4.21%和2.18%。因此，黄学英合计控制公司股权31.59%，为公司的实际控制人。黄学英的情况如下：黄学英，男，中国国籍，美国永久居留权，身份证号码3201061966********。其简历见“第四节发行人基本情况”之“十一、董事、监事、高级管理人员及核心技术人员的情况”之“（一）董事会成员”。2、控股股东和实际控制人直接或间接持有发行人的股份是否存在质押或其他有争议的情况截至本招股说明书签署日，公司控股股东、实际控制人直接或间接持有的公司股份不存在质押或其他权利争议的情况。
STAR001,688758,赛分科技,STAR001_688758_苏州赛分科技股份有限公司_招股说明书.pdf,71,gp_lp,执行事务合伙人;普通合伙人;有限合伙人;出资比例;员工持股平台,科技员工持股平台2苏州杰贤53.2239赛分科技员工持股平台截至本招股说明书签署日，上述企业基本情况如下：1、苏州贤达中文名称：苏州贤达企业管理合伙企业（有限合伙）统一社会信用代码：91320594MA1TDWGA75注册地：中国（江苏）自由贸易试验区苏州片区集贤街11号赛分科技研发办公大楼一楼办公室二类型：外商投资有限合伙企业注册资本：825.0225万元执行事务合伙人：黄学英成立日期：2017年12月5日营业范围：企业管理服务及咨询、商务信息咨询、经济信息咨询。（依法须经批准的项目，经相关部门批准后方可开展经营活动）截至本招股说明书签署之日，苏州贤达股权结构如下：序号股东姓名合伙人性质认缴出资额（万元）认缴出资比例（%）出资方式1黄学英普通合伙人143.4488517.3873货币2SHAO-TANGSUN有限合伙人184.5000022.3630货币3MATHEWGEORGE有限合伙人110.7000013.4178货币4杨克有限合伙人89.9437010.9020货币5周晓涛有限合伙人83.0250010.0634货币6KATHLEENLEEFALLS有限合伙人33.210004.0253货币7CHING-CHERNGLEE有限合伙人30.750003.7272货币8吴颋㑇有限合伙人27.675003.3545货币9范晨有限合伙人16.605002.0127货币10YIHUANG有限合伙人16.605002.0127货币11SHENYIWANG有限合伙人16.605002.0127货币
STAR001,688758,赛分科技,STAR001_688758_苏州赛分科技股份有限公司_招股说明书.pdf,72,gp_lp,执行事务合伙人;普通合伙人;有限合伙人;出资比例,企业份额。注2：2024年2月，发行人员工JIANXU离职，其所持有的苏州贤达合伙份额转让给普通合伙人黄学英。2、苏州杰贤中文名称：苏州杰贤企业管理合伙企业（有限合伙）统一社会信用代码：91320594MA1TDWHX1U注册地：中国（江苏）自由贸易试验区苏州片区集贤街11号赛分科技研发办公大楼一楼办公室一类型：有限合伙企业注册资本：427.302万元人民币执行事务合伙人：黄学英成立日期：2017年12月5日营业范围：企业管理服务及咨询、商务信息咨询、经济信息咨询。（依法须经批准的项目，经相关部门批准后方可开展经营活动）截至本招股说明书签署日，苏州杰贤股权结构如下：序号合伙人姓名/名称合伙人性质认缴出资额（万元）认缴出资比例（%）出资方式1黄学英普通合伙人227.427053.2239货币2刘干有限合伙人61.500014.3926货币3丁忠有限合伙人21.52505.0374货币4徐新东有限合伙人18.45004.3178货币5卞庆莲有限合伙人15.37503.5982货币6丁良龙有限合伙人15.37503.5982货币7张伍保有限合伙人15.37503.5982货币8戴丽有限合伙人15.37503.5982货币9胡新妹有限合伙人15.37503.5982货币10杨元营有限合伙人12.30002.8785货币
STAR001,688758,赛分科技,STAR001_688758_苏州赛分科技股份有限公司_招股说明书.pdf,73,gp_lp,普通合伙人;有限合伙人;出资比例;回购,名称合伙人性质认缴出资额（万元）认缴出资比例（%）出资方式11黄杰有限合伙人9.22502.1589货币合计/427.3020100.0000/注：苏州杰贤人员构成系发行人国内员工，其中丁忠于2019年4月离职。3、员工持股计划遵循“闭环原则”公司股权激励方案约定：在赛分科技上市或者被并购之前，有限合伙人可以选择全部或者部分转让本合伙企业股权份额，只能转让给普通合伙人（即黄学英），普通合伙人需要出资购买有限合伙人的份额。苏州贤达、苏州杰贤承诺，自发行人股票上市之日起36个月内，不转让或者委托他人管理直接和间接持有的发行人首次公开发行股票前已发行股份，也不由发行人回购该部分股份。（三）其他持有公司5%以上股份的主要股东情况截至本招股说明书签署日，公司除控股股东外，直接或间接持股比例超过5%的其他主要股东及其关联方情况如下：1、周金清周金清，男，生于1941年，中国国籍，无境外永久居留权，身份证号32042119411122****。截至本招股说明书签署日，周金清直接持有公司8.79%的股份。周金清现任江苏鸿联置业集团有限公司董事、上海元光投资有限公司执行董事、江苏鸿联建材有限公司监事、常州市葑岸电镀有限公司监事、常州市长江科技小额贷款股份有限公司监事主席等职务。周金清历任江苏新鸿联集团有限公司董事长、江苏鸿联置业集团有限公司董事长、常州红联纺织机械厂厂长、常州红联灯具厂厂长、鸿联灯饰有限公司董事长兼总经理、常州鸿成金属制品有限公司董事长、常州鸿艺彩色玻璃有限公司董事长、江苏康博达国际曲棍球事业发展有限公司董事长、鸿安灯饰有限公司副董事长、江苏武进农村商业银行股份有限公司董事等。2
STAR001,688758,赛分科技,STAR001_688758_苏州赛分科技股份有限公司_招股说明书.pdf,74,gp_lp,持有发行人;执行事务合伙人;普通合伙人;有限合伙人,"人1,400.002.46钱坤有限合伙人1,350.002.37郭玥有限合伙人300.000.53合计57,000.00100.00注：2024年2月，高新同华名称由安徽高新同华创业投资基金（有限合伙）变更为安徽同华高新技术中心（有限合伙）。陈灏元持有高新同华87.7193%份额，并通过安徽同华投资管理中心（有限合伙）间接持有高新同华2.9965%份额，间接持有发行人7.6857%股份。陈灏元基本情况如下：陈灏元，男，生于1997年，中国国籍，无境外永久居留权，身份证号350102199706******。高新同华的普通合伙人为安徽同华投资管理中心（有限合伙），其基本信息如下：企业名称安徽同华投资管理中心（有限合伙）法定代表人史正富注册资本2,400万元人民币实缴资本2,400万元人民币企业类型有限合伙企业"
STAR001,688758,赛分科技,STAR001_688758_苏州赛分科技股份有限公司_招股说明书.pdf,75,gp_lp,执行事务合伙人;普通合伙人;有限合伙人,"民，男，生于1964年，中国国籍，美国永久居留权，身份证号32010219640913****。截至本招股说明书签署日，陆民直接持有公司8.08%股权。陆民现任深圳市摩派科技有限公司总经理。陆民取得南京东南大学自动化学士学位。4、国寿疌泉截至本招股说明书签署日，国寿疌泉直接持有公司7.85%的股份，其基本情况如下：企业名称江苏国寿疌泉股权投资中心（有限合伙）执行事务合伙人国寿（江苏）股权投资有限公司注册资本500,000万元人民币实缴资本334,492.5万元人民币企业类型有限合伙企业成立时间2019-12-27注册地址南京市建邺区梦都大街136号201室主要经营地址北京市朝阳区东三环中路5号财富金融中心67层西侧经营范围股权投资；实业投资；从事非证券股权投资；投资管理；资产管理。（依法须经批准的项目，经相关部门批准后方可开展经营活动）主营业务与发行人国寿疌泉主营业务为股权投资，与发行人主营业务相互独立，不存在"
STAR001,688758,赛分科技,STAR001_688758_苏州赛分科技股份有限公司_招股说明书.pdf,76,gp_lp,私募基金;基金编号;执行事务合伙人;普通合伙人;有限合伙人,"苏州赛分科技股份有限公司首次公开发行股票并在科创板上市招股说明书1-1-75业务的关系竞争关系。中国证券投资基金业协会备案已备案，私募基金编号SJZ124出资结构合伙人名称合伙人类别认缴金额（万元）持股比例（%）国寿（江苏）股权投资有限公司普通合伙人5,000.001.00中国人寿保险股份有限公司有限合伙人300,000.0060.00江苏省政府投资基金（有限合伙）有限合伙人150,000.0030.00中国人寿财产保险股份有限公司有限合伙人45,000.009.00合计500,000.00100.00国寿疌泉的普通合伙人为国寿（江苏）股权投资有限公司，其基本信息如下：企业名称国寿（江苏）股权投资有限公司法定代表人刘阳注册资本5,000万元人民币实缴资本5,000万元人民币企业类型有限责任公司（法人独资）成立时间2019-11-12注册地址南京市建邺区庐山路168号9楼901-1室主要经营地址北京市朝阳区东三环中路5号财富金融中心67层西侧经营范围股权投资，从事股权投资管理及相关服务。（依法须经批准的项目，经相关部门批准后方可开展经营活动）主营业务与发行人业务的关系国寿（江苏）股权投资有限公司主营业务为投资管理，与发行人主营业务相互独立，不存在竞争关系。出资结构股东名称认缴金额（万元）持股比例（%）国寿成达（上海）健康医疗股权投资管理有限公司5,000"
STAR001,688758,赛分科技,STAR001_688758_苏州赛分科技股份有限公司_招股说明书.pdf,77,gp_lp,普通合伙人;有限合伙人,"九层经营范围从事非证券股权投资活动及相关咨询业务。（依法须经批准的项目，经相关部门批准后方可开展经营活动）主营业务与发行人业务的关系华泰大健康一号主营业务为股权投资，与发行人主营业务相互独立，不存在竞争关系。中国证券投资基金业协会备案已备案，证券公司直投基金产品编码S32514出资结构合伙人名称合伙人类别认缴金额（万元）持股比例（%）华泰紫金投资有限责任公司普通合伙人27,910.0019.12南京市创新投资集团有限责任公司有限合伙人20,000.0013.70江苏今世缘酒业股份有限公司有限合伙人20,000.0013.70江苏金财投资有限公司有限合伙人10,000.006.85江苏汇鸿创业投资有限公司有限合伙人10,000.006.85福建国耀投资有限公司有限合伙人7,000.004.80常州高新技术产业开发区常能电器有限公司有限合伙人6,000.004.11福建盼盼投资有限公司有限合伙人5,000.003.43江苏康缘药业股份有限公司有限合伙人5,000.003.43傅和亮有限合伙人3,000.002.06南京高科新创投资有限公司有限合伙人3,000.002.06高力控股集团有限公司有限合伙人3,000.002.06江苏省农垦投资管理有限公司有限合伙人3,000.002.06江苏苏美达资本控股有限公司有限合伙人3,000.002.06王耀方有限合伙人2,000.001.37严汉忠有限合伙人2,000.001.37商辉有限合伙人2,000.001.37镇江市一花一树生态农业有限公司有限合伙人2,000.001.37成都贝多安企业管理咨询合伙企业（有限合伙）有限合伙人2,000"
STAR001,688758,赛分科技,STAR001_688758_苏州赛分科技股份有限公司_招股说明书.pdf,78,gp_lp,执行事务合伙人;普通合伙人;有限合伙人,"司有限合伙人1,000.000.69成都恒昊创新科技有限公司有限合伙人1,000.000.69南京华泰瑞兴投资基金管理合伙企业（有限合伙）有限合伙人40.000.03合计145,950.00100.00（2）华泰大健康二号截至本招股说明书签署日，华泰大健康二号直接持有公司0.38%的股份，其基本情况如下：企业名称南京华泰大健康二号股权投资合伙企业（有限合伙）执行事务合伙人华泰紫金投资有限责任公司注册资本10,000万元人民币实缴资本10,000万元人民币企业类型有限合伙企业成立时间2016-12-28注册地址南京市鼓楼区汉中门大街301号1501室主要经营地址南京市江东中路230号三号楼九层经营范围从事非证券股权投资活动及相关咨询业务。（依法须经批准的项目，经相关部门批准后方可开展经营活动）主营业务与发行人业务的关系华泰大健康二号主营业务为股权投资，与发行人主营业务相互独立，不存在竞争关系。中国证券投资基金业协会备案已备案，证券公司直投基金产品编码S32515出资结构合伙人名称合伙人类别认缴金额（万元）持股比例（%）华泰紫金投资有限责任公司普通合伙人1,990.0019.90四川省健康养老产业股权投资基金合伙企业（有限合伙）有限合伙人8,000.0080.00南京华泰瑞兴投资基金管理合伙企业（有限合伙）普通合伙人10.000.10合计10,000.00100.00（3）华泰紫金投资有限责任公司华泰紫金投资有限责任公司为华泰大健康一号和华泰大健康二号的普通合"
STAR001,688758,赛分科技,STAR001_688758_苏州赛分科技股份有限公司_招股说明书.pdf,79,gp_lp,执行事务合伙人,XUWEIZHENGXU，男，生于1964年，美国国籍，美国护照号56187****。截至本招股说明书签署日，WEIZHENGXU通过苏州博达、海佳同康间接分别控制公司3.61%和1.49%股权，合计控制公司5.09%股权。（2）苏州博达截至本招股说明书签署日，苏州博达直接持有公司3.61%的股份，其基本情况如下：企业名称苏州博达投资咨询合伙企业（有限合伙）执行事务合伙人WEIZHENGXU注册资本883万元人民币实缴资本883万元人民币企业类型有限合伙企业成立时间2018-02-11注册地址苏州工业园区丰茂巷52号香茂花园9幢501室（非独立住宅）
STAR001,688758,赛分科技,STAR001_688758_苏州赛分科技股份有限公司_招股说明书.pdf,80,gp_lp,执行事务合伙人;普通合伙人;有限合伙人,9.59CHONGYINGXU有限合伙人123.7514.01丁师伟有限合伙人120.0013.59程华莲有限合伙人83.009.40陈佑邦有限合伙人42.894.86张志娟有限合伙人4.610.52合计883.00100.00（3）海佳同康截至本招股说明书签署日，海佳同康直接持有公司1.49%的股份，其基本情况如下：企业名称苏州海佳同康技术管理咨询有限公司执行事务合伙人WEIZHENGXU注册资本3万美元实缴资本1万美元企业类型有限责任公司（外国自然人独资）成立时间2015-07-27注册地址吴江经济技术开发区长安路东侧（科技创业园）主要经营地址吴江经济技术开发区长安路东侧（科技创业园）经营范围从事生物医药和新型材料相关产品的研发、销售、技术咨询、技术管理、技术转让。（依法须经批准的项目，经相关部门批准后方可开展经营活动）一般项目：创业投资（除依法须经批准的项目外，凭营业执照依法自主开展经营活动）主营业务与发行人业务的关系海佳同康主营业务为生物医药、新材料领域创业投资，与发行人主营业务相互独立，不存在竞争关系。出资结构股东名称认缴金额（万美元）持股比例（%）WEIZHENGXU3.00100.00合计3.00100.00
STAR001,688758,赛分科技,STAR001_688758_苏州赛分科技股份有限公司_招股说明书.pdf,81,shareholder,股本结构,"招股说明书签署之日，公司不存在协议控制架构的情形。九、发行人控股股东、实际控制人重大违法的情况报告期内，发行人控股股东、实际控制人不存在贪污、贿赂、侵占财产、挪用财产或者破坏社会主义市场经济秩序的刑事犯罪，不存在欺诈发行、重大信息披露违法或者其他涉及国家安全、公共安全、生态安全、生产安全、公众健康安全等领域的重大违法行为。十、公司股本情况（一）本次发行前后的股本结构本次发行前，公司总股本为366,488,394股。本次向社会公众发行49,975,690股，占发行完成后公司总股本的比例约为12.00%。本次发行前后公司股本结构如下：序号股东名称发行前发行后持股数量（股）持股比例（%）持股数量（股）持股比例（%）1黄学英92,364,17725.202592,364,17722.17822周金清32,200,0008.786132,200,0007.73183高新同华31,050,0008.472331,050,0007.45564陆民29,601,0008.076929,601,0007.10775国寿疌泉28,757,0737.846728,757,0736.90516华泰大健康一号20,146,7015.497220,146,7014.83767源峰磐赛18,075,8734.932218,075,8734.34038苏州贤达15,427,2504.209515,427,2503.70439复星惟盈14,531,6423.965114,531,6423.489310苏州博达13,217,9743.606713,217,9743.173911苏州杰贤7,990,2002.180"
STAR001,688758,赛分科技,STAR001_688758_苏州赛分科技股份有限公司_招股说明书.pdf,82,shareholder,前十名股东;股本结构,"2,9090.077530张敏237,5210.0648237,5210.057031圣成投资111,5390.0304111,5390.026832圣祁投资17,8940.004917,8940.004333社会公众股--49,975,69012.0000合计366,488,394100.0000416,464,084100.0000（二）本次发行前后公司前十名股东情况本次发行前后公司前十名股东情况详见本招股说明书“第四节发行人基本情况”之“十、公司股本情况”之“（一）本次发行前后的股本结构”。（三）本次发行前后公司前十名自然人股东情况本次发行前后，公司前十名自然人股东的直接持股情况及其在公司担任职务情况如下："
STAR001,688758,赛分科技,STAR001_688758_苏州赛分科技股份有限公司_招股说明书.pdf,83,history,新增股东;普通合伙人,"5930.49321,807,5930.4439无唐斌345,4720.0943345,4720.0848无张敏237,5210.0648237,5210.0583董事（四）有关公司股本中的国有股份或外资股份的说明1、国有股份截至本招股说明书签署日，发行人股本中不存在国有股份。2、外资股份截至本招股说明书签署日，发行人股本中不存在外资股份。（五）最近一年公司新增股东情况申报前十二个月，除外部自然人股东涉及86,366股（占发行前股份0.02%）的股权代持解除情形，导致上述股权实际持有人发生变化外，公司无新增股东的情况。（六）本次发行前各股东间的关联关系本次发行前，公司各股东间的关联关系及关联股东的各自持股比例如下表所示：序号股东姓名/名称股份数量（股）持股比例（%）关联关系1黄学英92,364,17725.2025黄学英为苏州贤达、苏州杰贤的普通合伙人，持有苏州贤达17.39%的股份及苏州杰贤53.22%的股份。2苏州贤达15,427,2504.20953苏州杰贤7,990,2002.18024华泰大健康一号20,146,7015.4972华泰大健康一号、华泰大健"
STAR001,688758,赛分科技,STAR001_688758_苏州赛分科技股份有限公司_招股说明书.pdf,84,pe_fund,私募基金;执行事务合伙人;特殊权利,"别持有苏州博达28.03%股份、海佳同康100.00%股份。11海佳同康5,451,0001.487412珠海峦恒7,230,3491.9729珠海峦恒的实际控制人为张海燕、马翠芳和曹伟；高瓴祈睿的实际控制人为朱秀花、马翠芳和曹伟。13高瓴祈睿7,230,3491.972914国药中生5,311,2291.4492国药中生、国药二期执行事务合伙人均为上海健壹私募基金管理有限公司，上海健壹私募基金管理有限公司法定代表人、实际控制人为吴爱民。圣成投资、圣祁投资执行事务合伙人均为吴爱民。15国药二期1,789,6880.488316圣成投资111,5390.030417圣祁投资17,8940.0049注：2022年12月27日，南京道兴投资管理中心（普通合伙）更名为南京道兴创业投资管理中心（普通合伙）。（七）公司股东公开发售股份的情况公司本次发行不涉及老股发售。（八）特殊权利条款的内容及终止情况1、2021年11月签署的《股东协议》取代了历次融资签署的一切股东协议2021年11月22日，赛分科技现有全体股东签署了《股东协议》，第10.3条约定：“本协议构成各方有关本协议主题事项所达成的全部理解，并取代各方或其任何负责人、雇员或代表先前以书面或口头形式就相同事项所达成的所有意向书、协议、承诺、安排、沟通、声明及／或保证等（包括但不限于前轮融资协议以及公司方与各股东于本协议签署日之前签订的任何其他投资协议），且本协议（包括其修改协议或修正，以及其他交易文件）包含了各方就本协议项下事项（包括但不限于公司的股东权利义务）的唯一和全部协议。为避免疑义，各方确"
STAR001,688758,赛分科技,STAR001_688758_苏州赛分科技股份有限公司_招股说明书.pdf,85,pe_fund,私募投资基金;私募基金;回购;特殊权利,并自始无效。”根据《股东协议》第10.3条和3.12条，股东的特殊权利以本《股东协议》为准，特殊权利自公司合格首次公开发行申报基准日起或其另行书面同意的更早时点起不可撤销地终止并自始无效。（九）金融产品纳入监管情况公司股东中国寿疌泉、复星惟盈、高瓴祈睿、国药中生、国药二期、夏尔巴二期、聚贝投资、苏州敦行属于私募基金，华泰大健康一号和华泰大健康二号属于证券公司私募投资基金，上述股东均已在中国证券投资基金业协会备案并纳入监管，具体情况如下：
STAR001,688758,赛分科技,STAR001_688758_苏州赛分科技股份有限公司_招股说明书.pdf,86,pe_fund,私募基金;基金编号;基金管理人,为华泰证券股份有限公司全资子公司，已在中国证券投资基金业协会备案，登记编号为PT2600011618。复星惟盈的基金管理人上海复星创富投资管理股份有限公司已在中国证券投资基金业协会备案，登记编号为P1000303。高瓴祈睿的基金管理人珠海高瓴股权投资管理有限公司已在中国证券投资基金业协会备案，登记编号为P1002820。国药中生和国药二期的基金管理人上海健壹私募基金管理有限公司已在中国证券投资基金业协会备案，登记编号为P1000641。夏尔巴二期的基金管理人珠海夏尔巴股权投资管理有限公司已在中国证券投资基金业协会备案，登记编号为P1068644。聚贝投资的基金管理人北京宏儒和愉投资管理有限公司已在中国证券投资基金业协会备案，登记编号为P1025162。苏州敦行的基金管理人苏州敦行投资管理有限公司已在中国证券投资基金业协会备案，登记编号为P1064670。
STAR001,688758,赛分科技,STAR001_688758_苏州赛分科技股份有限公司_招股说明书.pdf,87,pe_fund,私募投资基金;私募基金;基金管理人;员工持股平台,招股说明书1-1-86发行人其他现有股东中，苏州贤达、苏州杰贤系发行人员工持股平台；苏州博达系WEIZHENGXU控制的投资人持股平台；海佳同康系WEIZHENGXU全资控制企业；甘李药业系生物医药企业；高新同华、源峰磐赛、珠海峦恒、骏耀投资、道兴投资、圣成投资、圣祁投资不存在以非公开方式向投资者募集资金的情形，其资产亦未委托基金管理人进行管理，也未担任任何私募投资基金的管理人，不属于《私募投资基金监督管理暂行办法》和《私募投资基金管理人登记和基金备案办法（试行）》规定的私募投资基金或私募基金管理人。十一、董事、监事、高级管理人员及核心技术人员的情况（一）董事会成员公司董事会由9名董事组成，其中独立董事3名。现任董事基本情况如下表：姓名在本公司职务任职期限提名人黄学英董事长、总经理2021.8.25-2024.8.25黄学英SUNSHAO-TANG董事2021.8.25-2024.8.25苏州贤达陈淼董事2021.8.25-2024.8.25华泰大健康一号聂迎庆董事2021.8.25-2024.8.25高新同华陈道金董事2021.8.25-2024.8.25国寿疌泉张敏董事2021.8.25-2024.8.25复星惟盈彭淑贞独立董事2021.8.25-2024.8.25黄学英梁永伟独立董事2021.8.25-2024.8.25黄学英徐锋独立董事2021.8.25-2024.8.25黄学英上述各位董事简历如下：黄学英博士，赛分科技董事长、总经理，中国国籍，美国永久居留权，南京大学本科、硕士，美国特拉华大学博士，斯坦福大学博士后。1999年至2005年间先后供职于美国戴安公司及美国
STAR001,688758,赛分科技,STAR001_688758_苏州赛分科技股份有限公司_招股说明书.pdf,92,shareholder,持有发行人;执行事务合伙人;员工持股平台,的兼职情况截至本招股说明书签署日，公司董事、监事、高级管理人员及核心技术人员在公司之外的单位兼职情况如下：姓名在公司职务兼职单位兼职职务兼职单位与公司关系黄学英董事长、总经理苏州杰贤执行事务合伙人发行人员工持股平台苏州贤达执行事务合伙人发行人员工持股平台陈淼董事华泰紫金投资有限责任公司董事公司关联自然人担任董事的企业，通过管理的华泰大健康一号和华泰大健康二号持有发行人合计5.88%股份南京华泰瑞通投资管理有限公司董事公司关联自然人担任董事的企业南京华泰瑞兴投资管理有限公司董事公司关联自然人担任董事的企业安达生物药物开发（深圳）有限公司董事公司关联自然人担任董事的企业南京道合投资管理中心（普通合伙）执行事务合伙人公司关联自然人控制的企业道兴投资执行事务合伙人公司关联自然人控制的企业，持有发行人0.38%股份南京道悦投资管理合伙企业（普通合执行事务合伙人公司关联自然人控制的企业
STAR001,688758,赛分科技,STAR001_688758_苏州赛分科技股份有限公司_招股说明书.pdf,93,gp_lp,执行事务合伙人,苏州赛分科技股份有限公司首次公开发行股票并在科创板上市招股说明书1-1-92姓名在公司职务兼职单位兼职职务兼职单位与公司关系伙）南京道安企业管理中心（普通合伙）执行事务合伙人公司关联自然人控制的企业聂迎庆董事安徽同华投资管理中心（有限合伙）高级管理人员公司关联自然人任职的企业陈道金董事国寿股权投资有限公司投资总监公司关联自然人任职的企业北京赛赋医药研究院有限公司董事公司关联自然人担任董事的企业北京先通国际医药科技股份有限公司董事公司关联自然人担任董事的企业北京艺妙神州医药科技有限公司董事公司关联自然人担任董事的企业北京伟杰信生物科技有限公司董事公司关联自然人担任董事的企业江苏汉邦科技股份有限公司董事公司关联自然人担任董事的企业成都迈科康生物科技有限公司董事公司关联自然人担任董事的企业北京灵赋生物科技有限公司董事公司关联自然人担任董事的企业杭州依思康医药科技有限公司董事公司关联自然人担任董事的企业江苏关怀医疗科技（集团）有限公司董事公司关联自然人担任董事的企业江苏盈科生物制药有限公司董事公司关联自然人担任董事的企业江苏威凯尔医药科技股份有限公司董事公司关联自然人担任董事的企业梁永伟独立董事江苏正气浩然（上海）律师事务所主任兼高级合伙人公司关联自然人控制的企业徐锋独立董事上海艾力斯医药科技股份有限公司董事、副总经理公司关联自然人担任董事、高管的企业潘鼎监事会主席托普纺织（苏州）有限公司
STAR001,688758,赛分科技,STAR001_688758_苏州赛分科技股份有限公司_招股说明书.pdf,97,employee_platform,员工持股平台,3926%份额卞庆莲财务总监-直接持有苏州杰贤3.5982%份额黄漫履董事会秘书--毛慧明技术总监-直接持有苏州贤达4.0253%份额王宏宇全球首席质量官--MathewGeorge美国赛分研发部总监-直接持有苏州贤达13.4178%份额杨克赛分科技研究院士-直接持有苏州贤达10.9020%份额周晓涛美国赛分运营总监-直接持有苏州贤达10.0634%份额注：员工持股平台苏州贤达、苏州杰贤分别直接持有公司4.21%、2.18%股份，道兴投资直接持有公司0.09%股份。截至本招股说明书签署日，公司董事、监事、高级管理人员、核心技术人员的近亲属不存在直接或间接持有公司股份的情况。截至本招股说明书签署日，董事、监事、高级管理人员、核心技术人员直接或间接持有公司的股份不存在质押或冻结的情况。十七、董事、监事、高级管理人员及核心技术人员的薪酬情况在公司担任具体生产经营职务的董事、监事、高级管理人员及核心技术人员的薪酬由基本工资、岗位工资、绩效工资及奖金等组成。独立董事享有固定数额的独立董事津贴。公司董事、监事、高级管理人员及核心技术人员的薪酬方案按照《公司章程》《董事会薪酬与考核委员会议事规则》《公司薪酬管理制度》等公司治理制度履行了相应的审议程序。同时，公司按照国家和地方的有关规定，依法为以上在公司担任具体生产经营职务的董事、监事、高级管理人员及核心技术人员办理养老、医疗、失业、工伤、生育等保险，不存在其它特殊待遇和退休金计划。公司董事、监事、高级管理人员及核心技术人员在公司2023年度的薪酬情况具体如下：
STAR001,688758,赛分科技,STAR001_688758_苏州赛分科技股份有限公司_招股说明书.pdf,114,toc,目录,一）所处行业划分”。二、发行人所处行业的基本情况（一）所处行业划分发行人的主营业务为液相色谱材料的研发、生产和销售并提供相关技术服务，为全球生物医药公司、生物科技公司和科研机构从早期研发到商业化大规模生产提供重要耗材。根据国家统计局发布的《战略性新兴产业分类（2018）》公司隶属于“4.1.4生物医药关键装备与原辅料制造”。根据《国家重点支持的高新技术领域》目录，公司隶属于“4.3.1新型功能高分子材料的制备及应用技术”。根据《国民经济行业分类》（GB/T4754-2017），公司属于“C26化学原料和化学制品制造业”行业。
STAR001,688758,赛分科技,STAR001_688758_苏州赛分科技股份有限公司_招股说明书.pdf,115,toc,目录,和国专利法》2020年10月修正4《中华人民共和国基本医疗卫生与健康促进法》2019年12月5《中华人民共和国药品管理法》2019年8月修订6《中华人民共和国产品质量法》2018年12月修正7《中华人民共和国促进科技成果转化法》2015年8月修正8《中华人民共和国环境保护法》2014年4月修订（2）产业政策序号名称颁布时间颁布部门相关内容1《产业结构调整指导目录（2024年本）》2023年12月发改委将“新型纯化填料和过滤膜材料”、“大规模高效细胞培养和纯化技术”以及“蛋白质高效分离和纯化设备”列为鼓励类项目。2《“十四五”医药工业发展规划》2021年12月工信部、发改委等9个部门重点开发超大规模（≥1万升/罐）细胞培养技术，双功能抗体、抗体偶联药物、多肽偶联药物、新型重组蛋白疫苗、核酸疫苗、细胞治疗和基因治疗药物等新型生物药的产业化制备技术；健全药用辅料、包装材料的标准体系和质量规范。
STAR001,688758,赛分科技,STAR001_688758_苏州赛分科技股份有限公司_招股说明书.pdf,116,toc,目录,会发展第十四个五年规划和2035年远景目标纲要》2021年3月全国人民代表大会推动生物技术和信息技术融合创新，加快发展生物医药、生物育种、生物材料、生物能源等产业，做大做强生物经济；推进国家组织药品和耗材集中带量采购使用改革，完善创新药物、疫苗、医疗器械等快速审评审批机制，加快临床急需和罕见病治疗药品、医疗器械审评审批等。5《战略性新兴产业重点产品和服务指导目录》（2016版）2017年1月发改委将“疫苗抗原纯化技术，蛋白纯化生产新工艺技术，药物生产的分离纯化，药物生产在线质量控制，用于疫苗和药物生产的清洁动物（包括胚胎）、细胞系、培养基，基因工程、细胞工程、发酵工程、天然药物的生产、药物活性成分等分离用的高精度、自动化、程序化、连续高效的设备和介质”列为战略性新兴产业。6《“十三五”国家战略性新兴产业发展规划》2016年12月国务院拓展纳米材料在光电子、新能源、生物医药等领域应用范围；加快推广绿色化、智能化制药生产技术支持生物类似药规模化发展，开展专利到期药物大品种研发和生产，加快制药装备升级换代；整合各类要素形成一批先进产品标准和具有国际先进水平的产业技术体系，提升关键原辅料和装备配套能力，支撑生物技术药物持续创新发展等。7《新材料产业发展指南》2016年12月工信部、发改委、科技部、财政部将生物医用材料列为新材料产业发展方向中的关键战略材料，提出突破材料及器件的技术关和市场关，完善原辅料配套体系，提高材料成品率和性能稳定性，实现产业化和规模应用。8《国务院办公厅关于促进医药产业健康发展的指导意见》2016年3月国务院加快化学药杂质、溶解性能、溶剂残留和药物晶型等控制技术开
STAR001,688758,赛分科技,STAR001_688758_苏州赛分科技股份有限公司_招股说明书.pdf,133,toc,目录,"更愿意选择产品性能接近但价格更低的品牌，发行人工业纯化产品性能已达到行业内主流竞品的同等水平，且与境外主流厂商相比具备较为明显的价格优势，因此在上述背景下迎来了良好的市场开拓机遇。③行业政策提高创新药研发门槛，不具备差异化创新能力的药企面临淘汰风险近几年，国家药品监督管理局、国家医疗保障局等多部门先后出台了优先审评审批、注册分类改革、上市许可持有人制度、医保目录动态调整等多项政策，给予创新药全生命周期的政策支持，我国新药研发取得了较大进步。与此同时，行业内靶点选择重复、研发赛道拥挤、研发资源浪费等问题突出，同质化竞争可能在未来相当长的时间持续存在。为有效解决该问题，国家药品监督管理局药品审评中心发布了《以临床价值为导向的抗肿瘤药物临床研发指导原则》，提高了研发门槛，2023年8月25日，药监局发布了《药品附条件批准上市申请审评审批工作程序（试行）（修订稿征求意见稿）》，以进一步完善药品附条件批准上市申请审评审批制度，利好有发现未满足临床需求、并研发具有差异化创新药能力的药企，不具备差异化自主创新能力的企业将面临淘汰。④医药行业融资规模下降导致研发进度放缓，临床试验投入下降近年来，生物医药一级市场投资进入调整期，2022年创新药一级市场融资事件同比2021年（1,329起）下降30%；全球与中国市场融资金额同比下降43%，中国一级市场融资金额同比下降55%3。生物医药行业融资规模下降将直接影响创新药研发投入，在外部融资环境不乐观，投资进度和投资力度有所调整的情况3数据来源：医药魔方PharmaInvest™数据库"
STAR001,688758,赛分科技,STAR001_688758_苏州赛分科技股份有限公司_招股说明书.pdf,141,toc,目录,次公开发行股票并在科创板上市招股说明书1-1-140游厂家在受益于本土市场蓬勃发展的同时，将进一步承接全球原料产能需求，作为全球市场化竞争参与者，深度嵌入全球医药研发供应链。（4）国家政策支持色谱柱和色谱填料是物质分析检测、分离纯化环节的关键材料，主要应用于药物研发与生产过程当中，国家产业政策对该行业以及其下游行业发展提供了大力支持。其中，《产业结构调整指导目录（2024年本）》中将“新型纯化填料和过滤膜材料”、“大规模高效细胞培养和纯化技术”以及“蛋白质高效分离和纯化设备”列为鼓励类项目；《战略性新兴产业重点产品和服务指导目录》（2016版）中将“疫苗抗原纯化技术，蛋白纯化生产新工艺技术，药物生产的分离纯化，药物生产在线质量控制，用于疫苗和药物生产的清洁动物（包括胚胎）、细胞系、培养基，基因工程、细胞工程、发酵工程、天然药物的生产、药物活性成分等分离用的高精度、自动化、程序化、连续高效的设备和介质”列为战略性新兴产业；《医药工业发展规划指南》提出“提高无血清无蛋白培养基、蛋白质分离纯化介质、稳定剂和保护剂等生产用重要原辅材料的生产水平”等。上述政策的颁布及实施为色谱行业提供了巨大的发展空间和市场潜力，加快了相关产品的自主创新与技术改造，进一步提高了产业的竞争力。2、面临的挑战目前，我国分析色谱行业的行业集中度仍然较低，大多数企业规模较小、产品研发设计能力不足，众多中小企业同质化竞争情况严重，部分企业通过降低价格来参与市场竞争，从而影响行业整体的利润水平。我国工业纯化行业中，国外生产厂商具备行业先发优势，技术发展成熟，占据了较大的市场规模，国内生产厂商进入色谱行业市场较晚，规模
STAR001,688758,赛分科技,STAR001_688758_苏州赛分科技股份有限公司_招股说明书.pdf,212,gp_lp,出资比例,"注2：扬州赛分于2017年12月成立，2017年纳入合并报表范围，系发行人全资子公司；注3：赛分医疗于2021年6月成立，2021年纳入合并报表范围，系发行人全资子公司；注4：赛分生科于2022年3月成立，2022年纳入合并报表范围，系发行人全资子公司。2、合并报表范围变化情况报告期内，发行人合并报告范围变动情况如下：公司名称股权变动方式股权变动时点注册资本出资比例（%）赛分医疗新设成立2021/6/3010,000.00万元人民币100.00赛分生科新设成立2022/3/151,500.00万元美金100.00上海赛分注销2021/6/1737.00万元美金100.00注：上海赛分为发行人美国子公司美国赛分的全资子公司。六、报告期内对公司财务状况和经营成果有重大影响的主要会计政策和会计估计公司下列重要会计政策、会计估计根据企业会计准则制定。未提及的业务按企业会计准则中相关会计政策执行。（一）遵循企业会计准则的声明公司所编制的财务报表符合企业会计准则的要求，真实、完整地反映了公司的财务状况、经营成果、所有者权益变动和现金流量等有关信息。（二）会计期间公司的会计年度从公历1月1日至12月31日止。（三）营业周期公司以12个月作为一个经营周期。"
STAR001,688758,赛分科技,STAR001_688758_苏州赛分科技股份有限公司_招股说明书.pdf,250,shareholder,发行人股东,"45存货周转率（次/年）0.320.640.671.15息税折旧摊销前利润（万元）6,005.908,785.237,264.903,763.68利息保障倍数（倍）60.5136.4730.3011.58无形资产（扣除土地使用权后）占净资产的比例（%）0.090.100.140.06研发投入占营业收入的比例（%）14.4018.0319.1215.18归属于发行人股东的每股净资产（元/股）2.832.722.572.41每股净现金流量（元/股）-0.30-0.020.300.13每股经营活动产生的现金流量净额（元/股）0.070.120.080.00以上财务指标计算公式如下：1、流动比率=流动资产÷流动负债2、速动比率=（流动资产-预付款项-存货-其他流动资产）÷流动负债3、资产负债率=负债总额÷资产总额×100%4、应收账款周转率=营业收入÷应收账款平均账面余额5、存货周转率=营业成本÷存货平均账面余额6、息税折旧摊销前利润=净利润+所得税费用+利息支出（不含利息资本化金额，含租赁负债利息支出）+固定资产折旧+投资性房地产折旧+使用权资产折旧+无形资产摊销+长期待摊费用摊销7、利息保障倍数=（利润总额＋利息费用（财务费用项下））/利息费用（财务费用项下）8、研发投入占营业收入的比例=（研发费用+资本化研发投入）÷营业收入9、归属于公司普通股股东的每股净资产=期末归属于母公司所有者权益÷期末普通股股份总数10、每股净现金流量=现金及现金等价物净增加额÷期末普通股股份总数11、每股经营活动产生的现金流量=经营活动产生的现金流量净额÷期末普通股股份总数（二）净资产收益率和每股收益1"
STAR001,688758,赛分科技,STAR001_688758_苏州赛分科技股份有限公司_招股说明书.pdf,251,special_terms,回购,资产收益率加权平均净资产收益率=P/（E0＋NP÷2＋Ei×Mi÷M0－Ej×Mj÷M0±Ek×Mk÷M0）其中：P分别对应于归属于公司普通股股东的净利润、扣除非经常性损益后归属于公司普通股股东的净利润；NP为归属于公司普通股股东的净利润；E0为归属于公司普通股股东的期初净资产；Ei为报告期发行新股或债转股等新增的、归属于公司普通股股东的净资产；Ej为报告期回购或现金分红等减少的、归属于公司普通股股东的净资产；M0为报告期月份数；Mi为新增净资产下一月份起至报告期期末的月份数；Mj为减少净资产下一月份起至报告期期末的月份数；Ek为因其他交易或事项引起的净资产增减变动；Mk为发生其他净资产增减变动下一月份起至报告期期末的月份数。（2）基本每股收益基本每股收益=P÷S，S=S0＋S1＋S2÷2＋Si×Mi÷M0－Sj×Mj÷M0－Sk其中，P为归属于公司普通股股东的净利润或扣除非经常性损益后归属于普通股股东的净利润；S为发行在外的普通股加权平均数；S0为期初股份总数；S1为报告期因公积金转增股本或股票股利分配等增加股份数（未超出期初净资产部分）；S2为报告期因公积金转增股本或股票股利分配等增加股份数（超出
STAR001,688758,赛分科技,STAR001_688758_苏州赛分科技股份有限公司_招股说明书.pdf,252,special_terms,回购,苏州赛分科技股份有限公司首次公开发行股票并在科创板上市招股说明书1-1-251期初净资产部分）；Si为报告期因发行新股或债转股等增加股份数；Sj为报告期因回购等减少股份数；Sk为报告期缩股数；M0报告期月份数；Mi为增加股份下一月份起至报告期期末的月份数；Mj为减少股份下一月份起至报告期期末的月份数。（3）稀释每股收益报告期内公司不存在稀释性的潜在普通股，稀释每股收益的计算过程与基本每股收益的计算过程相同。十一、经营成果分析公司主要竞争对手均为国外大型科技公司，目前国内医药分离纯化领域以液相色谱材料的研发生产销售为主营业务的上市公司仅纳微科技（688690.SH）一家。在进行财务状况、盈利能力分析时，公司按照主营业务收入来自医用药用材料类产品、自主研发、自主生产、产品附加值较高等标准，额外选取百普赛斯（301080.SZ）、洁特生物（688026.SH）、键凯科技（688356.SH）、蓝晓科技（300487.SZ）四家上市公司作为可比公司。可比公司核心产品情况列示如下：公司简称证券代码核心产品纳微科技688690.SH高精度、高性能、高附加值微球材料百普赛斯301080.SZ蛋白、抗体、试剂盒及分析检测服务洁特生物688026.SH生物实验室高端耗材键凯科技688356.SH医用药用聚乙二醇及其活性衍生品蓝晓科技300487.SZ吸附分离功能材料及系统装置因在产品、资产、收
STAR001,688758,赛分科技,STAR001_688758_苏州赛分科技股份有限公司_招股说明书.pdf,285,employee_platform,员工持股平台,"00%4,883.80100.00%4,922.77100.00%3,646.30100.00%管理费用率16.49%19.92%23.14%23.54%报告期内，公司的管理费用分别为3,646.30万元、4,922.77万元、4,883.80万元和2,514.50万元，占营业收入的比重分别为23.54%、23.14%、19.92%和16.49%。公司引入了员工持股平台，构成了股权激励，已在管理费用中确认了股份支付费用。报告期内，公司管理费用中股份支付分别为409.37万元、296.27万元、296.27万元和244.86万元，具体情况详见本节“十一、经营成果分析”之“（七）股份支付分析”。剔除股份支付费用后，公司管理费用情况如下：单位：万元项目2024年1-6月2023年度2022年度2021年度金额比例金额比例金额比例金额比例职工薪酬1,305.1057.50%2,452.0653.45%2,348.0450.75%1,403.1243.35%折旧及摊销291.1212.83%560.0112.21%549.8911.89%429.1813.26%办公费用158.716.99%307.736.71%386.588.36%240.037.42%水电费121.755.36%279.426.09%178.283.85%89.852.78%咨询服务费90.764.00%251.735.49%428.669.27%463.8414.33%使用权资产折旧及短期租赁费108.344.77%221.824.84%225.544.87%112.453.47%危废处理费38.281.69%15"
STAR001,688758,赛分科技,STAR001_688758_苏州赛分科技股份有限公司_招股说明书.pdf,300,gp_lp,普通合伙人;有限合伙人,于美国赛分发展具有特殊贡献的人士。根据股权激励方案，在赛分科技上市或者并购之前，或者赛分科技上市后本合伙企业所持赛分科技股权依法符合上市公司限售股减持规定和IPO前的减持承诺的最后一期限售股权减持日期之前，原赛分科技员工的合伙人因劳动合同期满不再续签、主动辞职、被解除劳动合同或者其他原因与赛分公司解除劳动关系的，必须退伙，其持有的本合伙企业股权份额只能转让给普通合伙人。受让价格为股权成本价加上每年8%的单利，不及一年的，按比例折算。原为赛分公司员工的合伙人因伤病、退休脱离赛分公司的，其在本合伙企业的股权份额可以保留。赛分公司上市或者并购前，有限合伙人可以选择全部或者部分转让本合伙企业股权份额，只能转让给普通合伙人，价格为有限合伙人出资额加上每年8%的单利，不及一年的，按比例折算。2、股份支付的具体会计处理根据2021年5月财政部发布的《股份支付准则应用案例——以首次公开募股成功为可行权条件》中规定，公司员工须完成规定的服务期限方可从股权激励计划中获益，属于可行权条件中的服务期限条件。公司成功完成首次公开募股属于可行权条件中业绩条件的非市场条件。虽然在公司2017年度发布的员工股权激励方案中，未约定具体的服务期，但是在股权激励方案中对于员工退出的价格进行了明确约定，即在赛分股票上市解禁之后，员工才能获取其全部的收益。故该约定表明股权激励授予存在等待期，公司根据重估时点确定等待期，并在对应期间内进行分摊。此外，股权激励方案中未约定员工离职后，普通合伙人受让股份后需要再次授予其他激励对象，也无其他文件显示对再次授予其他激励对象有明确合理的时
STAR001,688758,赛分科技,STAR001_688758_苏州赛分科技股份有限公司_招股说明书.pdf,301,gp_lp,普通合伙人;回购;员工持股平台,"苏州赛分科技股份有限公司首次公开发行股票并在科创板上市招股说明书1-1-300间安排，故普通合伙人按照股权激励协议从已离职的受激励员工处回购的股份，按照新的公允价值与成本之间的差异，一次性计入股份支付费用，离职员工原确认的股份支付费用冲回。3、股份支付的具体财务影响报告期内，公司股份支付的具体情况如下：单位：万元项目2024年1-6月2023年度2022年度2021年度以权益结算的股份支付计入资本公积的累计金额5,757.175,512.305,216.044,919.77本期以权益结算的股份支付确认的费用总额244.86296.27296.27409.372017年，被激励人员以6.15元/股的价格认购苏州杰贤、苏州贤达股份。2018年4月，公司进行A+轮融资，实际控制人黄学英以老股转让引入华泰大健康一号等投资者，价格为15元/股；2018年7月，以增资方式进行B轮融资，价格为25元/股，根据谨慎性原则，选用25元/股作为公允价格，计算股份支付，并以2026年12月作为上述股份的解禁时点，在此期间内进行摊销。2019年4月，丁忠从公司离职，黄学英以23.70万元的价格回购丁忠持有的21.5250万元的合伙份额。公司于回购时点冲回丁忠按照9年服务期、已于2018年确认为管理费用的7.33万元。黄学英考虑到丁忠在"
STAR001,688758,赛分科技,STAR001_688758_苏州赛分科技股份有限公司_招股说明书.pdf,302,history,股权转让;回购,"4年1-6月2023年度2022年度2021年度本期回购权益工具情况黄学英通过持股平台回购员工间接持有本公司股权0.9万股，确认股份支付108.982415万元无无黄学英通过持股平台回购员工间接持有本公司股权10.5万股，确认股份支付69.893万元注：2021年5月，RYANJAMESPRINGLE、HAIYINGCHEN、李丛柏将间接持有的总计9.0万股股权转让给黄学英，因入股时未支付对价，故退出转让时不涉及确认新的股份支付。（八）纳税情况1、所得税费用情况报告期内，公司所得税费用与利润总额情况如下：单位：万元项目2024年1-6月2023年度2022年度2021年度利润总额4,660.366,094.475,127.792,296.99当期所得税费用1,057.591,504.62598.8743.83递延所得税费用-275.87-825.55-291.3291.13所得税费用合计781.72679.07307.55134.97占利润总额比例16.77%11.14%6.00%5.88%"
STAR001,688758,赛分科技,STAR001_688758_苏州赛分科技股份有限公司_招股说明书.pdf,347,gp_lp,普通合伙人,"影响数33.38103.55-70.17-67.76%非经常性损益净额44.35514.76-470.41-91.38%减：归属于少数股东的非经常性损益净额-3.774.07-7.84不适用归属于公司普通股股东的非经常性损益净额48.13510.69-462.56-90.58%2024年1-9月，由于公司员工JIANXU离职，其所持有的苏州贤达合伙份额转让给普通合伙人黄学英，公司确认股份支付费用。2023年1-9月，公司收到上市专项基金300万元，导致当期政府补助金额较大。3、公司2024年业绩预计情况根据公司2024年1-9月经审阅的经营业绩，公司实现营业收入21,853.26万元，扣除非经常性损益后归属于母公司股东净利润5,400.66万元，已实现《盈利"
STAR001,688758,赛分科技,STAR001_688758_苏州赛分科技股份有限公司_招股说明书.pdf,380,gp_lp,持有发行人;股权转让;普通合伙人;有限合伙人;员工持股平台,。公司控股股东、实际控制人控制的其他企业为苏州贤达和苏州杰贤，相关情况如下：序号企业名称股权结构主要从事业务情况1苏州贤达黄学英持股17.3873%并担任普通合伙人，其他有限合伙人合计持股82.6127%赛分科技员工持股平台2苏州杰贤黄学英持股53.2239%并担任普通合伙人，其他有限合伙人合计持股46.7761%赛分科技员工持股平台目前苏州贤达和苏州杰贤除持有发行人股权以外不存在其他实质性业务，与
STAR001,688758,赛分科技,STAR001_688758_苏州赛分科技股份有限公司_招股说明书.pdf,382,shareholder,持有发行人;执行事务合伙人,。”十、关联方及关联关系根据《公司法》《企业会计准则第36号——关联方披露》《上海证券交易所科创板股票上市规则》等相关规定，公司的主要关联方及关联关系如下：（一）直接或间接控制发行人的自然人、法人或其他组织发行人的控股股东和实际控制人均为黄学英。其直接持有本公司25.2025%的股份，通过苏州贤达、苏州杰贤间接控制本公司6.3897%的股份。（二）直接或间接持有发行人5%以上股份的，除前述第（一）项所列自然人之外的其他自然人序号姓名关联关系1周金清直接持有赛分科技8.7861%的股份2陆民直接持有赛分科技8.0769%的股份3徐炜政（WEIZHENGXU）通过海佳同康间接持有赛分科技1.4874%的股份；通过担任苏州博达执行事务合伙人，享有苏州博达所持赛分科技3.6067%的表决权，合计持有5.0941%的股份4陈灏元持有安徽同华高新技术中心（有限合伙）87.7193%份额，并通过安徽同华投资管理中心（有限合伙）间接持有安徽同华高新技术中心（有限合伙）2.9965%份额，间接持有发行人7.6857%股份。（三）发行人的董事、监事或高级管理人员序号姓名职务1黄学英董事长兼总经理2陈道金董事3张敏董事4SUNSHAO-TANG（孙召棠）董事5聂迎庆董事6陈淼董事7梁永伟独立董事8徐锋独立董事9彭淑贞独立董事
STAR001,688758,赛分科技,STAR001_688758_苏州赛分科技股份有限公司_招股说明书.pdf,383,shareholder,持有发行人;执行事务合伙人,事13刘干副总经理14黄漫履董事会秘书15卞庆莲财务总监（四）与上述第（一）（二）（三）项所述关联自然人关系密切的家庭成员上述关系密切的家庭成员包括发行人控股股东、实际控制人、直接或间接持有公司5%以上股份的自然人及发行人董事、监事或高级管理人员的配偶、年满18周岁的子女及其配偶、父母及配偶的父母、兄弟姐妹及其配偶、配偶的兄弟姐妹、子女配偶的父母。（五）直接持有发行人5%以上股份的除前述第（一）项列明之外的法人或其他组织序号企业名称关联关系1国寿疌泉国寿疌泉直接持有赛分科技7.8467%的股权2高新同华高新同华直接持有赛分科技8.4723%的股权3华泰大健康一号华泰大健康一号直接持有赛分科技5.4972%的股权、华泰大健康二号直接持有赛分科技0.3767%的股权、道兴投资直接持有赛分科技0.0881%的股权，合计持有赛分科技5.9620%的股权。华泰大健康一号、华泰大健康二号的执行事务合伙人均为华泰紫金，道兴投资系跟投平台，三者具有关联关系4华泰大健康二号5道兴投资6苏州贤达苏州贤达直接持有赛分科技4.2095%的股权、苏州杰贤直接持有赛分科技2.1802%的股权，合计持有赛分科技6.3897%的股权。苏州贤达与苏州杰贤均为黄学英控制的企业7苏州杰贤（六）由前述第（一）至（五）项所列关联法人或关联自然人直接或间接控制的，和由前述关联自然人（独立董事除外）担任董事、高级管理人员的除发行人、控股子公司及上述列明关联方外的其他法人或其他组织序号企业名称关联关系1苏州中徽纳米科技有限公司实际控制人黄学英投资的企业，主要股东徐炜政投资、任职的企业2苏州滋康医药有限公司主要股东徐炜政控制的
STAR001,688758,赛分科技,STAR001_688758_苏州赛分科技股份有限公司_招股说明书.pdf,387,gp_lp,执行事务合伙人,业94安徽古井集团有限责任公司间接持股5%以上股东陈灏元关系密切的家庭成员任职的企业95旭密林绿色建筑科技有限公司间接持股5%以上股东陈灏元关系密切的家庭成员任职的企业96上海伯裴生物科技有限公司间接持股5%以上股东陈灏元关系密切的家庭成员任职的企业（七）间接持有上市公司5%以上股份的法人或其他组织序号企业名称关联关系1国寿（江苏）股权投资有限公司国寿疌泉的执行事务合伙人2安徽同华投资管理中心（有限合伙）高新同华的执行事务合伙人3华泰紫金投资有限责任公司华泰大健康一号、华泰大健康二号的执行事务合伙人（八）发行人的控股子公司、参股公司序号企业名称与发行人关系1扬州赛分赛分科技的全资子公司2赛分医疗赛分科技的全资子公司3美国赛分赛分科技控股子公司4赛分生科赛分科技的全资子公司5上海赛分美国赛分持股100%的企业，该企业已于2021年6月17日注销
STAR001,688758,赛分科技,STAR001_688758_苏州赛分科技股份有限公司_招股说明书.pdf,390,gp_lp,执行事务合伙人,"苏州赛分科技股份有限公司首次公开发行股票并在科创板上市招股说明书1-1-389序号企业名称关联关系19上海道韩投资中心（有限合伙）南京道合投资管理中心（普通合伙）担任执行事务合伙人（董事陈淼曾间接控制的企业），该企业已于2020年12月注销20北京创腾科技有限公司董事陈淼自2023年1月不再任职21南京德邦金属装备工程股份有限公司董事陈淼自2023年2月不再任职22南京科络思生物科技有限公司董事陈淼自2023年5月不再任职23昂凯生命科技（苏州）有限公司董事陈淼自2023年5月不再任职24南京诺唯赞生物科技股份有限公司董事陈淼自2023年5月不再任职25南京海纳医药科技股份有限公司董事陈淼自2023年5月不再任职26苏州创腾软件有限公司董事陈淼自2023年6月不再任职27弈柯莱生物科技（上海）股份有限公司董事陈淼自2023年7月不再任职28广州玻思韬控释药业有限公司董事陈淼自2023年7月不再任职29南京南大药业有限责任公司董事陈淼自2023年10月不再任职30博生吉医药科技（苏州）有限公司董事陈淼自2023年12月不再任职31芜湖莫森泰克汽车科技股份有限公司董事聂迎庆自2024年2月不再任职32天津顺吉医疗信息咨询有限公司董事陈道金的配偶诸春云曾担任执行董事,经理的企业，该企业已于2020年9月注销33新城投资（苏州）有限公司监事潘鼎曾担任董事的企业，该企业已于2020年1月注销34繁"
STAR001,688758,赛分科技,STAR001_688758_苏州赛分科技股份有限公司_招股说明书.pdf,404,shareholder,发行人股东,苏州赛分科技股份有限公司首次公开发行股票并在科创板上市招股说明书1-1-403上穿透股东对发行人的间接持股比例情况如下：股东股东对发行人持股比例（%）（①）向上穿透股东向上穿透股东对发行人股东的间接持股比例（%）②向上穿透股东对发行人的间接持股比例（%）①×②具体关联关系复星惟盈3.9651复星集团19.04150.7550复星医药控股股东为上海复星高科技（集团）有限公司，复星惟盈系上海复星高科技（集团）有限公司控制的企业。2021年2月，复星惟盈以受让股份及增资的形式成为发行人股东。国药中生1.4492国药集团36.25310.5254国药集团通过中国生物技术股份有限公司持有国药中生23.88%股权。2021年10月，国药中生以增资形式成为发行人股东。甘李药业0.7398甘李药业-0.73982021年10月，甘李药业以增资形式成为发行人股东。聚贝投资0.3699舒泰神的实际控制人冯宇霞、周志文82.33510.3046熠昭医药通过直接及间接持股控制聚贝投资。熠昭医药为舒泰神股份的控股股东，冯宇霞、周志文合计持有熠昭医药85.00%的股份，为熠昭医药及舒泰神股份的实际控制人，冯宇霞、周志文控制昭衍生物。2021年11月，聚贝投资以增资形式成为发行人股东。合计6.5240--2.3248-（二）股东关联客户对发行人收入及净利润的影响1、基准测算情形报告期内，发行人向股东关联客户销售对发行人主营业务收入、
STAR001,688758,赛分科技,STAR001_688758_苏州赛分科技股份有限公司_招股说明书.pdf,414,special_terms,回购,行的保荐人及证券服务机构等作出的重要承诺（一）关于股份锁定的承诺1、公司控股股东、实际控制人、董事长、总经理、核心技术人员黄学英发行人控股股东、实际控制人、董事长、总经理、核心技术人员黄学英出具了《关于股份锁定的承诺》，承诺如下：“1、自发行人股票上市之日起36个月内，不转让或者委托他人管理本人直接和间接持有的发行人首次公开发行股票前已发行股份，也不由发行人回购该部
STAR001,688758,赛分科技,STAR001_688758_苏州赛分科技股份有限公司_招股说明书.pdf,416,shareholder,发行人股东;回购,法律、法规、中国证监会和上海证券交易所有关股份锁定和减持的相关规定。若法律、法规、中国证监会或上海证券交易所规定或要求股份锁定期长于上述承诺的，则股份锁定期自动按该等规定或要求执行。6.如因本企业未履行关于股份锁定及减持之承诺事项给发行人和其他投资者造成损失的，本企业将向发行人或者其他投资者依法承担赔偿责任。本企业愿意承担违背上述承诺而产生的法律责任。”3、发行人股东华泰大健康一号、华泰大健康二号、道兴投资发行人股东华泰大健康一号、华泰大健康二号、道兴投资出具了《关于股份
STAR001,688758,赛分科技,STAR001_688758_苏州赛分科技股份有限公司_招股说明书.pdf,417,shareholder,发行人股东;回购,首次公开发行股票前已发行股份，也不由发行人回购该部分股份。2.本企业/本人将严格遵守法律、法规、中国证监会和上海证券交易所有关股份锁定和减持的相关规定。若法律、法规、中国证监会或上海证券交易所规定或要求股份锁定期长于上述承诺的，则股份锁定期自动按该等规定或要求执行。3.如因本企业/本人未履行关于股份锁定及减持之承诺事项，则本企业将依法承担相应法律责任。”4、发行人股东夏尔巴二期发行人股东夏尔巴二期出具了《关于股份锁定的承诺》，承诺如下：“1.自发行人股票上市之日起12个月内，不转让或者委托他人管理本企业直接持有的发行人首次公开发行股票前已发行股份，也不由发行人回购该部分股份。2.本企业将严格遵守法律、法规、中国证监会和上海证券交易所有关股份锁定和减持的相关规定。若法律、法规、中国证监会或上海证券交易所规定或要求股份锁定期长于上述承诺的，则股份锁定期自动按该等规定或要求执行。”5、发行人其他股东发行人其他股东出具了《关于股份锁定的承诺》，承诺如下：“1.自发行人股票上市之日起12个月内，不转让或者委托他人管理本企业/本人直接和间接持有的发行人首次公开发行股票前已发行股份，也不由发行人回购该部分股份。2.本企业/本人将严格遵守法律、法规、中国证监会和上海证券交易所有关股份锁定和减持的相关规定。若法律、法规、中国证监会或上海证券交易所规定或要求股份锁定期长于上述承诺的，则股份锁定期自动按该等规定或要求执行。3.如因本企业/本人未履行关于股份锁定及减持之承诺事项给发行人和其他投资者造成损失的，本企业/本人将向发行人或者其他投资者依法承担赔偿责任。
STAR001,688758,赛分科技,STAR001_688758_苏州赛分科技股份有限公司_招股说明书.pdf,419,shareholder,持有发行人,12个月。”（三）股东的持股意向及减持意向的承诺1、控股股东、实际控制人黄学英公司控股股东、实际控制人黄学英先生就其所持有的公司股份的持股意向和减持意向，作出承诺如下：“1、本人将认真遵守中国证监会、上海证券交易所关于股东减持和信息披露的相关规定，结合发行人稳定股价、开展经营、资本运作的需要，审慎制定股票减持计划。作为发行人的控股股东、实际控制人，本人拟长期持有发行人股票，在限售期内，不出售本次公开发行前持有的发行人股票。2、本人将严格遵守首次公开发行关于股份流动限制和股份锁定的承诺，在持有赛分科技股票的锁定期届满后拟减持赛分科技股票的，将通过合法方式进行减持并明确披露公司的控制权安排，保证赛分科技持续稳定经营。如本人计划通过上海证券交易所集中竞价交易减持股份，将在首次卖出的十五个交易日前将向上海证券交易所报告并预先披露减持计划，由上海证券交易所予以备案。3、本人在任意连续九十个自然日内通过上海证券交易所集中竞价交易减持股份的总数，不超过赛分科技股份总数的1%；通过大宗交易方式减持的，在任意连续九十个自然日内，减持股份的总数，不超过赛分科技股份总数的2%；通过协议转让方式的，单个受让方的受让比例不得低于公司股份总数的5%。上述减持股份比例，本人及本人一致行动人所持有的赛分科技股份合并计算。4、如未履行上述承诺，转让相关股份所取得的收益归赛分科技所有。且若因本人未履行上述承诺（因相关法律法规、政策变化、自然灾害及其他不可抗力等无法控制的客观原因导致的除外），造成投资者和赛分科技损失的，本人将依法赔偿损失。5、以上股份不包括本人通过二级市场买入的赛分科技股份。”2、控股股东、实际控
STAR001,688758,赛分科技,STAR001_688758_苏州赛分科技股份有限公司_招股说明书.pdf,420,shareholder,持有发行人,苏州赛分科技股份有限公司首次公开发行股票并在科创板上市招股说明书1-1-419“1、本企业将认真遵守中国证监会、上海证券交易所关于股东减持和信息披露的相关规定，结合发行人稳定股价、开展经营、资本运作的需要，审慎制定股票减持计划。作为发行人控股股东、实际控制人控制的企业，本企业拟长期持有发行人股票，在限售期内，不出售本次公开发行前持有的发行人股票。2、本企业将严格遵守首次公开发行关于股份流动限制和股份锁定的承诺，在持有赛分科技股票的锁定期届满后拟减持赛分科技股票的，将通过合法方式进行减持并明确披露公司的控制权安排，保证赛分科技持续稳定经营。如本企业计划通过上海证券交易所集中竞价交易减持股份，将在首次卖出的十五个交易日前将向上海证券交易所报告并预先披露减持计划，由上海证券交易所予以备案。3、本企业在任意连续九十个自然日内通过上海证券交易所集中竞价交易减持股份的总数，不超过赛分科技股份总数的1%；通过大宗交易方式减持的，在任意连续九十个自然日内，减持股份的总数，不超过赛分科技股份总数的2%；通过协议转让方式的，单个受让方的受让比例不得低于公司股份总数的5%。上述减持股份比例，本企业及本企业一致行动人所持有的赛分科技股份合并计算。4、如未履行上述承诺，转让相关股份所取得的收益归赛分科技所有。且若因本企业未履行上述承诺（因相关法律法规、政策变化、自然灾害及其他不可抗力等无法控制的客观原因导致的除外），造成投资者和赛分科技损失的，本企业将依法赔偿损失。5、以上股份不包括本企业通过二级市场买入的赛分科技股份。”3、
STAR001,688758,赛分科技,STAR001_688758_苏州赛分科技股份有限公司_招股说明书.pdf,421,shareholder,持有发行人,责任。”4、其他持股5%以上的股东公司其他持股5%以上的股东周金清、高新同华、陆民、国寿疌泉、苏州博达及海佳同康就其所持有的公司股份的持股意向和减持意向，作出承诺如下：“1.本企业/本人将认真遵守中国证监会、上海证券交易所关于股东减持和信息披露的相关规定，结合发行人稳定股价、开展经营、资本运作的需要，审慎制定股票减持计划。作为发行人的股东，本企业/本人拟长期持有发行人股票，在限售期内，不出售本次公开发行前持有的发行人股票。2.本企业/本人在发行人首次公开发行股票前持有的发行人股票若在锁定期满两年内减持的，本企业/本人的减持价格不低于发行人首次公开发行价格。在本企业/本人减持发行人股票前，如有派息、送股、转增股本等除权除息事项，减持价格下限将相应进行调整。3.本企业/本人在锁定期届满后减持本公司在本次发行前持有的发行人股份的，减持程序需严格遵守《中华人民共和国公司法》《中华人民共和国证券法》《上市公司股东、董监高减持股份的若干规定》《上海证券交易所上市公司股东及董事、监事、高级管理人员减持股份实施细则》《上海证券交易所科创板股票上市规则》等法律、法规、规范性文件关于股份减持及信息披露的规定。4.若本企业/本人违反上述承诺给发行人或投资者造成损失的，本企业/本人将依法承担相应的责任。”（四）稳定股价的措施和承诺1、稳定股价的措施为在公司上市后保持公司股价稳定，公司根据《中华人民共和国公司法》《中
STAR001,688758,赛分科技,STAR001_688758_苏州赛分科技股份有限公司_招股说明书.pdf,422,special_terms,回购,东权益合计数÷期末公司股份总数，下同；最近一期审计基准日后，公司如有派息、送股、资本公积转增股本、股份拆细、增发、配股或缩股等除权除息事项导致公司净资产或股份总数发生变化的，每股净资产需相应进行调整，下同）的条件（以下简称“稳定股价条件”）满足时，将依据法律法规及公司章程的规定实施以下具体股价稳定措施。二、稳定股价的具体措施1、稳定股价的具体措施包括：①公司回购公司股票；②控股股东增持公司股票；③除独立董事和不在公司领取薪酬的董事以外的董事（以下简称“相关董事”）、高级管理人员增持公司股票。选用前述方式时应考虑：不能导致公司不满足法定上市条件；不能迫使控股股东、董事、高级管理人员履行要约收购义务。股票稳定措施的实施顺序以及具体措施情况如下：（1）在稳定股价条件满足后的20个交易日内，公司董事会将公告回购公司股票的预案。股份回购预案将包括但不限于拟回购股份的数量范围、价格区间、回购资金来源、完成时间等信息。公司三年内（36个月）用以稳定股价的回购股份资金总额合计不高于公司本次首次公开发行募集资金总额的25%，单次回购股份数量不超过公司股份总数的1%，单一会计年度累计回购股份数量不超过公司股份总数的2%。公司应依据股份回购预案所适用的法律法规及公司章程等规定，完成公司的内部审批程序，履行相关法律法规所规定的其他相关程序后，实施稳定股价方案。公司全体董事（独立董事除外）承诺就该等回购事宜在董事会
STAR001,688758,赛分科技,STAR001_688758_苏州赛分科技股份有限公司_招股说明书.pdf,423,special_terms,回购,苏州赛分科技股份有限公司首次公开发行股票并在科创板上市招股说明书1-1-422上投赞成票。公司控股股东承诺就该等回购事宜在股东大会上投赞成票。（2）如公司董事会未如期公告前述稳定股价方案，或因各种原因导致前述稳定股价方案未能通过股东大会的，则触发公司控股股东增持公司股份的义务。在前述其增持公司股份触发条件满足之日（以较先发生的为准）起10个交易日内，控股股东应就其是否有增持公司A股股票的具体计划书面通知公司并由公司进行公告。控股股东将通过二级市场以竞价交易方式买入公司股份以稳定股价，通过二级市场以竞价交易方式买入公司股份的，买入价格不高于最近一期经审计的每股净资产（审计基准日后发生权益分派、公积金转增股本、配股等情况的，应做除权、除息处理）。但如果公司披露其买入计划后3个交易日内其股价已经不满足启动稳定公司股价措施条件的，可不再实施上述买入公司股份计划。控股股东单次用于股票增持的资金不少于上一会计年度从公司处领取的税后现金分红的20%，且不超过50%；单一会计年度用于增持股份的资金金额合计不超过最近三个会计年度从公司获得的累计现金分红的100%。控股股东增持公司股份后，公司的股权分布应当符合上市条件。控股股东承诺在增持计划完成后的6个月内将不出售所增持的股票。（3）如控股股东未如期公告股份增持计划或明确表示未有增持计划，则触发相关董事
STAR001,688758,赛分科技,STAR001_688758_苏州赛分科技股份有限公司_招股说明书.pdf,425,special_terms,回购,指定媒体上公开说明未采取稳定股价措施的具体原因并向赛分科技股东和社会公众投资者道歉。2、向投资者提出补充承诺或替代承诺，以尽可能保护投资者的权益。3、如未履行上述承诺事项，致使投资者在证券交易中遭受损失的，将依法赔偿投资者损失。4、本人应获的薪酬及现金分红将被赛分科技予以扣留，直至本人履行稳定股价措施。赛分科技可将应付本人的薪酬与现金分红予以扣减用于赛分科技回购股份，本人丧失对相应金额现金的追索权。”（3）董事（不含独立董事）及高级管理人员承诺“为维护公众投资者的利益，本人承诺，本人将严格遵守赛分科技制定的《苏州赛分科技股份有限公司首次公开发行股票并在科创板上市后三年内稳定股价预案》，如本人未按照稳定股价预案采取稳定股价措施，本人接受以下约束：1、在赛分科技股东大会及中国证监会指定媒体上公开说明未采取稳定股价措施的具体原因并向赛分科技股东和社会公众投资者道歉。2、向投资者提出补充承诺或替代承诺，以尽可能保护投资者的权益。3、如未履行上述承诺事项，致使投资者在证券交易中遭受损失的，将依法赔偿投资者损失。4、本人应获的薪酬（如有）及现金分红（如有）将被赛分科技予以扣留，
STAR001,688758,赛分科技,STAR001_688758_苏州赛分科技股份有限公司_招股说明书.pdf,426,special_terms,回购,苏州赛分科技股份有限公司首次公开发行股票并在科创板上市招股说明书1-1-425直至本人履行稳定股价措施。赛分科技可将应付本人的薪酬（如有）与现金分红（如有）予以扣减用于赛分科技回购股份，本人丧失对相应金额现金的追索权。”（五）股份回购和股份购回的措施和承诺1、公司承诺“如中国证券监督管理委员会认定本公司本次发行上市招股说明书存在虚假记载、误导性陈述或者重大遗漏，对判断本公司是否符合法律法规的发行条件构成重大、实质影响的，本公司承诺将依法回购本次发行上市的全部新股；致使投资者在证券交易中遭受损失的，本公司将依法赔偿投资者损失。”2、控股股东、实际控制人黄学英承诺“如中国证券监督管理委员会认定赛分科技本次发行上市招股说明书存在虚假记载、误导性陈述或者重大遗漏，对判断赛分科技是否符合法律法规的发行条件构成重大、实质影响的，本人承诺将督促赛分科技依法回购本次发行上市的全部新股；致使投资者在证券交易中遭受损失的，本人将依法赔偿投资者损失。”（六）对欺诈发行上市的股份购回承诺1、公司承诺“一、本公司首次公开发行股票并在科创板上市的申请文件不存在虚假记载、误导性陈述或重大遗漏，不存在本公司不符合发行上市条件而以欺诈手段骗取发行注册的情形。二、如本公司不符合发行上市条件，以欺骗手段骗取发行注册并已经发行上市的，本公司将在中国证券监督管理委员会等有权部门确认后5个工作日内启动股份购回程序，购回本公司本次公开发行的全
STAR001,688758,赛分科技,STAR001_688758_苏州赛分科技股份有限公司_招股说明书.pdf,433,shareholder,发行人股东,项所导致的所有不利影响之前，本人将暂不收取发行人所分配之红利或派发之红股（如适用）；4.如本人因未能履行公开承诺事项而获得经济收益的，该等收益归发行人所有，本人应当在获得该等收益之日起五个工作日内将其支付至发行人指定账户。（二）如本人因不可抗力原因导致未能履行公开承诺事项的，需提出新的承诺并接受如下约束措施，直至新的承诺履行完毕或相应补救措施实施完毕：1.在发行人股东大会及中国证监会指定的披露媒体上公开说明未履行的具体原因并向股东和社会公众投资者道歉；2.尽快研究将投资者利益损失降低到最小的处理方案，尽可能地保护发行人投资者利益。”3、持股5%以上股东华泰大健康一号、华泰大健康二号承诺“本企业/本人将严格履行本企业/本人就苏州赛分科技股份有限公司首次公开发行股票并在科创板上市所作出的所有公开承诺事项，积极接受社会监督。（一）如本企业/本人非因不可抗力原因导致未能履行公开承诺事项的，需提出新的承诺（相关承诺需按法律、法规、公司章程的规定履行相关审批程序）并接受如下约束措施，直至新的承诺履行完毕或相应补救措施实施完毕：1.在股东大会及中国证监会指定的披露媒体上公开说明未履行的具体原因并向股东和社会公众投资者道歉；
STAR001,688758,赛分科技,STAR001_688758_苏州赛分科技股份有限公司_招股说明书.pdf,434,shareholder,发行人股东,苏州赛分科技股份有限公司首次公开发行股票并在科创板上市招股说明书1-1-4332.如果因未履行相关承诺事项而获得收益的，将依法承担相应责任；3.本公司如因未履行相关承诺事项给投资者造成损失的，依法承担赔偿责任。（二）如本企业/本人因不可抗力原因导致未能履行公开承诺事项的，需提出新的承诺并接受如下约束措施，直至新的承诺履行完毕或相应补救措施实施完毕：1.在发行人股东大会及中国证监会指定的披露媒体上公开说明未履行的具体原因并向股东和社会公众投资者道歉；2.尽快研究将投资者利益损失降低到最小的处理方案，尽可能地保护发行人投资者利益。”4、其他持股5%以上股东“本企业/本人将严格履行本企业/本人就苏州赛分科技股份有限公司首次公开发行股票并在科创板上市所作出的所有公开承诺事项，积极接受社会监督。（一）如本企业/本人非因不可抗力原因导致未能履行公开承诺事项的，需提出新的承诺（相关承诺需按法律、法规、公司章程的规定履行相关审批程序）并接受如下约束措施，直至新的承诺履行完毕或相应补救措施实施完毕：1.在股东大会及中国证监会指定的披露媒体上公开说明未履行的具体原因并向股东和社会公众投资者道歉；2.不得转让发行人股份。因继承、被强制执行、上市公司重组、为履行保护投资者利益承诺等必须转股的情形除外；3.暂不领取发行人分配利润中归属于本企业/本人的部分；4.如果因未履行相关承诺事项而获得收益的，所获收益归发行人所有，并在获得收益的五个交易日内将所获收益支付给发行人指定账户；5.本公司如因未履行相关承诺事项给投资者造成损失的，依法赔偿投资者损失。（二）如本企业/本人因不可抗力原因导致未能履行公开承诺
STAR001,688758,赛分科技,STAR001_688758_苏州赛分科技股份有限公司_招股说明书.pdf,435,shareholder,发行人股东,苏州赛分科技股份有限公司首次公开发行股票并在科创板上市招股说明书1-1-434毕：1.在发行人股东大会及中国证监会指定的披露媒体上公开说明未履行的具体原因并向股东和社会公众投资者道歉；2.尽快研究将投资者利益损失降低到最小的处理方案，尽可能地保护发行人投资者利益。”5、公司董事、监事、高级管理人员“本人将严格履行本人就苏州赛分科技股份有限公司首次公开发行股票并在科创板上市所作出的所有公开承诺事项，积极接受社会监督。（一）如本人非因不可抗力原因导致未能履行公开承诺事项的，需提出新的承诺（相关承诺需按法律、法规、公司章程的规定履行相关审批程序）并接受如下约束措施，直至新的承诺履行完毕或相应补救措施实施完毕：1.在股东大会及中国证监会指定的披露媒体上公开说明未履行的具体原因并向股东和社会公众投资者道歉；2.若因本人未能履行公开承诺事项导致投资者在证券交易中遭受损失的，本人自愿将本人在发行人上市当年从发行人所领取的全部薪酬和/或津贴（如有）依法对投资者先行进行赔偿，且本人完全消除未履行相关承诺事项所产生的不利影响之前，本人不得以任何方式要求发行人为本人增加薪资或津贴；3.在本人完全消除因本人未履行相关承诺事项所导致的所有不利影响之前，本人将暂不收取发行人所分配之红利或派发之红股（如适用）；4.如本人因未能履行公开承诺事
STAR001,688758,赛分科技,STAR001_688758_苏州赛分科技股份有限公司_招股说明书.pdf,438,shareholder,发行人股东;持有发行人,其子公司在上市前的经营活动中存在应缴未缴的社会保险和住房公积金而被有关政府部门要求补缴或者处罚，本人将赔偿发行人由此产生的全部损失。”4、关于股东信息披露的专项承诺发行人承诺如下：“一、发行人不存在法律法规规定禁止持股的主体直接或间接持有发行人股份的情况；二、发行人本次发行的中介机构或其负责人、高级管理人员、经办人员不存在直接或间接持有发行人股份的情况；三、发行人股东不存在以发行人股权进行不当利益输送的情况。”5、中介机构承诺中信证券承诺：“本公司为苏州赛分首次公开发行制作、出具的文件不存在虚假记载、误导性陈述或者重大遗漏的情形；若因本公司为发行人首次公开发行制作、出具的文件有虚假记载、误导性陈述或者重大遗漏，给投资者造成损失的，本公司将依法赔偿投资者损失。上述承诺为本公司真实意思表示，本公司自愿接受监管机构、自律组织及社会公众的监督，若违反上述承诺本公司将依法承担相应责任。”海润天睿律师承诺：“本所为发行人本次发行上市制作、出具的上述法律文件不存在虚假记载、误导性陈述或者重大遗漏。如因本所过错致使上述法律文件存在虚假记载、误导性陈述或者重大遗漏，并因此给投资者造成直接损失的，本所将依法与发行人承担连带赔偿责任。作为中国境内专业法律服务机构及执业律师，本所及本所律师与发行人的关
STAR002,688775,影石创新,STAR002_688775_影石创新科技股份有限公司_招股说明书.pdf,8,toc,目录,影石创新科技股份有限公司招股说明书1-1-8目录声明..............................................................................................................................2本次发行概况...............................................................................................................3致投资者的声明...........................................................................................................4一、公司上市的目的............................................................................................4二、公司现代企业制度的建立健全情况.....................................
STAR002,688775,影石创新,STAR002_688775_影石创新科技股份有限公司_招股说明书.pdf,9,shareholder,持有发行人,和成立以来重要事件..........62三、公司的股权结构及组织结构......................................................................69四、发行人子公司、分公司、参股公司情况..................................................71五、持有发行人5%以上股份的主要股东、实际控制人的基本情况...........75六、发行人特别表决权股份情况......................................................................98七、发行人协议控制架构情况..........................................................................98八、发行人控股股东、实际控制人报告期内刑事犯罪及重大违法行为情况..............................................................................................................................98九、公司股本情况..............................................................................................98十、董事、监事、高级管理人员及核心技术人员概况..................
STAR002,688775,影石创新,STAR002_688775_影石创新科技股份有限公司_招股说明书.pdf,28,shareholder,持有发行人;执行事务合伙人,"有限责任公司、中国国际金融股份有限公司审计机构容诚会计师事务所（特殊普通合伙）评估机构北京华亚正信资产评估有限公司发行人与本次发行有关的保荐人、承销机构、证券服务机构及其负责人、高级管理人员、经办人员之间存在的直接或间接的股权关系或其他利益关系截至本招股说明书签署日，保荐人、主承销商中信证券的全资子公司中证投资以及金石投资作为执行事务合伙人的金石智娱分别直接持有发行人9,112,616股、9,112,486股股份（对应发行前持股比例分别为2.5313%、2.5312%）。根据《上海证券交易所首次公开发行证券发行与承销业务实施细则》的要求，科创板试行保荐人相关子公司“跟投”制度，保荐人、主承销商中信证券安排全资子公司中证投资参与本次发行战略配售，获配1,269,303股股份。除上述情形外，发行人与本次发行有关的保荐人、承销机构、证券服务机构及其负责人、高级管理人员、经办人员之间均不存在直接或间接的股权关系或其他利益关系的情形。（三）本次发行其他有关机构股票登记机构中国证券登记结算有限责任公司上海分公司收款银行中信银行北京瑞城中心支行其他与本次发行有关的机构无三、本次发行概况（一）本次发行基本情况股票种类人民币普通股（A股）每股面值人民币1.00元"
STAR002,688775,影石创新,STAR002_688775_影石创新科技股份有限公司_招股说明书.pdf,30,employee_platform,核心员工,"，经友好协商确定，按照项目进度分阶段支付；4、用于本次发行的信息披露费：513.21万元；5、发行手续费及其他费用：75.83万元。注1：上述各项发行费用均为不含增值税金额；注2：相较于招股意向书，根据发行情况将印花税纳入了发行手续费及其他费用。印花税税基为扣除印花税前的募集资金净额，税率为0.025%。高级管理人员、员工参与战略配售情况发行人高级管理人员和核心员工通过中金影石创新1号员工参与战略配售集合资产管理计划（以下称“中金影石1号员工资管计划”）和中金影石创新2号员工参与战略配售集合资产管理计划（以下称“中金影石2号员工资管计划”）参与本次公开发行的战略配售。通过中金影石1号员工资管计划参与战略配售数量为1,330,653股，占本次公开发行股份数量的3.25%，获配金额62,899,967.31元；通过中金影石2号员工资管计划参与战略配售数量为1,567,675股，占本次公开发行股份数量的3.82%，获配金额74,103,997.25元。上述资管计划本次获配股票限售期限为自发行人首次公开发行并上市之日起12个月。保荐人相关子公司参与战略配售情况保荐人安排相关子公司中信证券投资有限公司（以下简称“中证投资”）参与本次发行战略配售，获配股数为1,269,303股，跟投比例为本次公开发行数量的3.10%，获配金额为59,999,952.81元。中证投资承诺获得本次配售的股票限售期限为自发行人首次公开发行并上市之日起24个月。公开发售股份股东名称、持股数量及公开发售股份数量、发行费用的分摊原则不适用（二）本次发行上市的重要日期刊登初步询价公告日期2025年5月22日初步询价日期"
STAR002,688775,影石创新,STAR002_688775_影石创新科技股份有限公司_招股说明书.pdf,31,employee_platform,核心员工,"影石创新科技股份有限公司招股说明书1-1-31序号参与战略配售的投资者名称参与战略配售的投资者类型获配股数（股）获配股数占本次发行数量的比例获配金额（元）限售期（月）1中信证券投资有限公司参与科创板跟投的保荐人相关子公司1,269,3033.10%59,999,952.81242中金影石创新1号员工参与战略配售集合资产管理计划发行人的高级管理人员与核心员工参与本次战略配售设立的专项资产管理计划1,330,6533.25%62,899,967.31123中金影石创新2号员工参与战略配售集合资产管理计划1,567,6753.82%74,103,997.25124淡马锡富敦投资有限公司（TemasekFullertonAlphaPte.Ltd.）发行人经营业务具有战略合作关系或长期合作愿景的大型企业或其下属企业1,754,0834.28%82,915,503.41125上海灏裕信息科技有限公司1,008,0922.46%47,652,508.84126立讯精密工业股份有限公司463,7221.13%21,920,138.94127绍兴韦豪企业管理咨询合伙企业（有限合伙）403,2360.98%19,060,965.72128紫荆实业控股有限公司403,2360.98%19,060,965.7212合计8,200,00020.00%387,614,000.00-注1：合计数与各部分数直接相加之和在尾数存在的差异系由四舍五入造成；注2：中金影石2号员工资管计划募集资金的80%用于参与认购，即用于支付本次战略配售的价款，实际投资于权益类资产的比例不超过80%，符合《关于规范金融机"
STAR002,688775,影石创新,STAR002_688775_影石创新科技股份有限公司_招股说明书.pdf,32,employee_platform,核心员工,"略配售，跟投主体为中证投资。（2）跟投规模根据《上海证券交易所首次公开发行证券发行与承销业务实施细则（2025年修订）》要求，发行规模10亿元以上、不足20亿元的，跟投比例为4%，但不超过人民币6,000万元。中证投资本次获配股数为1,269,303股，跟投比例为本次公开发行数量的3.10%，获配金额为59,999,952.81元。3、发行人的高级管理人员与核心员工参与本次战略配售设立的专项资产管理计划（1）投资主体参与本次战略配售的发行人的高级管理人员与核心员工参与本次战略配售设立的专项资产管理计划为中金影石1号员工资管计划和中金影石2号员工资管计划。（2）参与规模和具体情况中金影石1号员工资管计划参与战略配售数量为1,330,653股，占本次公开发行股份数量的3.25%，获配金额62,899,967.31元。中金影石2号员工资管计划参与战略配售数量为1,567,675股，占本次公开发行股份数量的3.82%，获配金额74,103,997.25元。①中金影石1号员工资管计划具体名称：中金影石创新1号员工参与战略配售集合资产管理计划设立时间：2025年3月12日"
STAR002,688775,影石创新,STAR002_688775_影石创新科技股份有限公司_招股说明书.pdf,33,employee_platform,核心员工,影石创新科技股份有限公司招股说明书1-1-33备案日期：2025年3月14日管理人：中国国际金融股份有限公司实际支配主体：中国国际金融股份有限公司，实际支配主体非发行人高级管理人员及核心员工根据发行人提供的说明及提供的各份额持有人与发行人或发行人的子公司签署的劳动合同，参与该资管计划的人员均与发行人或发行人的子公司签署现行有效的劳动合同，且均为发行人的高级管理人员或发行人核心员工。该等人员姓名、职务与持有份额比例如下：序号姓名劳动合同签署单位职务人员类型认购金额（万元）资管计划份额比例1刘亮发行人董事、总经理高级管理人员80012.72%2贾顺发行人董事、软件研发总监、行业应用中心总监核心员工5007.95%3厉扬发行人董事会秘书、资深法务总监高级管理人员4006.36%4姜文杰发行人监事会主席、研究院负责人核心员工3505.56%5余佩璠发行人业务发展负责人核心员工3505.56%6黄蔚发行人财务负责人高级管理人员2804.45%7潘瑶发行人资深产品经理核心员工2503.97%8周广太发行人供应链高级总监核心员工2003.18%9段优国发行人销售副总裁核心员工2003.18%10刘俊发行人研发主管核心员工1502.38%11邹晨新发行人资深HR总监核心员工1502.38%12贾配洋发行人研究院经理核心员工1502.38%13赵铖发行人业务发展专家核心员工1502.38%14袁跃发行人市场总监核心员工1
STAR002,688775,影石创新,STAR002_688775_影石创新科技股份有限公司_招股说明书.pdf,34,employee_platform,核心员工,"影石创新科技股份有限公司招股说明书1-1-34序号姓名劳动合同签署单位职务人员类型认购金额（万元）资管计划份额比例20郭奕滨发行人资深嵌入式研发总监核心员工1001.59%21李丹枫发行人研发管理经理核心员工1001.59%22徐晖发行人结构经理核心员工1001.59%23高飞发行人资深硬件研发总监核心员工1001.59%24曾鼎发行人公关总监核心员工1001.59%25罗增发行人NPI总监核心员工1001.59%26杨盛兰IstoneInnovationLimited资深全球客户服务总监核心员工1001.59%27姚忍发行人硬件经理核心员工1001.59%28卢睿华深圳前海影石创新技术有限公司高级产品经理核心员工1001.59%29赵晓彤发行人高级电商经理核心员工1001.59%30刘彦宏发行人业务专家核心员工1001.59%31余荣春发行人供应链总监核心员工1001.59%32李锐发行人设计经理核心员工1001.59%33张爽发行人人力资源经理核心员工1001.59%34郝晓辉发行人行业销售总监核心员工1001.59%35袁文亮发行人技术研发经理核心员工1001.59%36宋阳深圳前海影石创新技术有限公司产品经理核心员工1001.59%合计6,290100.00%注1：上述高级管理人员及核心员工的劳动合同所属单位均为影石创新及其下属公司，其中深圳前海影石创新技术有限"
STAR002,688775,影石创新,STAR002_688775_影石创新科技股份有限公司_招股说明书.pdf,35,employee_platform,核心员工,影石创新科技股份有限公司招股说明书1-1-35根据发行人提供的说明及提供的各份额持有人与发行人或发行人的子公司签署的劳动合同，参与该资管计划的人员均与发行人或发行人的子公司签署现行有效的劳动合同，且均为发行人的高级管理人员或发行人核心员工。该等人员姓名、职务与持有份额比例如下：序号姓名劳动合同签署单位职务人员类型认购金额（万元）资管计划份额比例1邓焜发行人高级质量总监核心员工1001.08%2娄振刚发行人认证负责人核心员工700.76%3倪爽发行人企业IT主管核心员工700.76%4司振廷发行人职工代表监事、战略规划与产品管理中心兼BIT中心总监核心员工700.76%5李恺奕发行人高级财务信息化经理核心员工700.76%6郭丹发行人资金及应付主管核心员工700.76%7於明亮发行人高级产品运营经理核心员工700.76%8黄宗焱发行人技术产品主管核心员工700.76%9张悦上海影石岚锋科技有限公司产品总监核心员工700.76%10刘彦辰发行人产品经理核心员工700.76%11杜佳辉发行人产品经理核心员工700.76%12靳恺凯发行人资深法务经理核心员工700.76%13彭艺发行人电商运营经理核心员工700.76%14潘淑萍发行人采购经理核心员工700.76%15李太云发行人采购经理核心员工700.76%16许承玉发行人高级生产物控经理核心员工700.76%17郭治欣发行人高级PMC经理核心员工700.76%18李远辉深圳前海影石创新技术有限公司系统测试
STAR002,688775,影石创新,STAR002_688775_影石创新科技股份有限公司_招股说明书.pdf,36,employee_platform,核心员工,影石创新科技股份有限公司招股说明书1-1-36序号姓名劳动合同签署单位职务人员类型认购金额（万元）资管计划份额比例20汤浩深圳前海影石创新技术有限公司嵌入式经理核心员工700.76%21杨鹏上海影石岚锋科技有限公司高级系统工程师核心员工700.76%22蒋宪宏发行人嵌入式经理核心员工700.76%23谭常清深圳前海影石创新技术有限公司嵌入式软件主管核心员工700.76%24张晋彪深圳前海影石创新技术有限公司嵌入式经理核心员工700.76%25焦志民发行人研发总监核心员工700.76%26丁明深圳前海影石创新技术有限公司应用软件经理核心员工700.76%27王立发行人硬件经理核心员工700.76%28潘大虎发行人硬件经理核心员工700.76%29王秉鲲发行人硬件总监核心员工700.76%30鲁进发行人硬件经理核心员工700.76%31林子程发行人高级视觉设计师核心员工700.76%32李玉宗发行人设计经理核心员工700.76%33周敬砚深圳前海影石创新技术有限公司市场营销经理核心员工700.76%34许薷心深圳前海影石创新技术有限公司社媒经理核心员工700.76%35何旭婷深圳前海影石创新技术有限公司公关经理核心员工700.76%36张海瑶ArashiVision(U.S.)LLC高级市场经理核心员工700.76%37金晖Insta360Japan株式会社市场营销经理核心员工700.
STAR002,688775,影石创新,STAR002_688775_影石创新科技股份有限公司_招股说明书.pdf,37,employee_platform,核心员工,影石创新科技股份有限公司招股说明书1-1-37序号姓名劳动合同签署单位职务人员类型认购金额（万元）资管计划份额比例42肖龙报发行人研究院工程总监核心员工700.76%43王泽林发行人研发负责人核心员工700.76%44苏坦发行人计算摄影负责人核心员工700.76%45冯丙卿发行人高级售后服务经理核心员工700.76%46王嘉程发行人MI兼研究资源负责人核心员工700.76%47孙嘉发行人CMI专家核心员工700.76%48杨林发行人品质经理核心员工700.76%49李罗川深圳前海影石创新技术有限公司研发工程师核心员工700.76%50郭元臻发行人高级软件工程师核心员工700.76%51张春晓发行人高级研发工程师核心员工700.76%52吴晓敏发行人项目主管核心员工700.76%53苏洋发行人硬件产品经理核心员工700.76%54郝世旗深圳前海影石创新技术有限公司资深系统工程师核心员工700.76%55龙土仲深圳前海影石创新技术有限公司高级研发工程师核心员工700.76%56巫启宇深圳前海影石创新技术有限公司高级研发工程师核心员工700.76%57曹美华发行人结构主管核心员工700.76%58王章洁发行人硬件经理核心员工700.76%59龙良曲发行人研发主管核心员工700.76%60陈文昊发行人高级投广经理核心员工700.76%61白林发行人采购专家核心员工700.7
STAR002,688775,影石创新,STAR002_688775_影石创新科技股份有限公司_招股说明书.pdf,38,employee_platform,核心员工,影石创新科技股份有限公司招股说明书1-1-38序号姓名劳动合同签署单位职务人员类型认购金额（万元）资管计划份额比例66吴方俊发行人产品经理核心员工700.76%67李志伟发行人资深硬件工程师核心员工700.76%68骆天骄发行人高级研发工程师核心员工700.76%69彭暄格发行人产品经理核心员工700.76%70钟孟星发行人GTM总监核心员工700.76%71邱康华发行人内审高级经理核心员工700.76%72孙雪怡发行人高级薪酬绩效专员核心员工700.76%73胡晓晨发行人商业研究经理核心员工600.65%74杨志强发行人生产高级经理核心员工600.65%75李兆琪发行人供应链总监核心员工600.65%76易坤深圳前海影石创新技术有限公司嵌入式经理核心员工600.65%77亓鲁上海影石岚锋科技有限公司研发总监核心员工600.65%78林达浩深圳前海影石创新技术有限公司安卓组长核心员工600.65%79梅加勇深圳前海影石创新技术有限公司应用软件工程师核心员工600.65%80覃辉军发行人项目主管核心员工600.65%81张伟俊发行人机器学习三组负责人核心员工600.65%82陈洁发行人资深海外销售经理核心员工600.65%83曹磊发行人高级产品经理核心员工600.65%84于海童发行人资深产品经理核心员工600.65%85季乐凯发行人资深产品经理核心员工500.
STAR002,688775,影石创新,STAR002_688775_影石创新科技股份有限公司_招股说明书.pdf,39,employee_platform,核心员工,影石创新科技股份有限公司招股说明书1-1-39序号姓名劳动合同签署单位职务人员类型认购金额（万元）资管计划份额比例89龚子钰深圳前海影石创新技术有限公司营销经理核心员工500.54%90GARCIADELARCOALEJANDRO发行人高级市场经理核心员工500.54%91曹宇钦ArashiVision(U.S.)LLC北美市场运营总监核心员工500.54%92李庆篪发行人资深零售经理核心员工500.54%93蔡锦霖发行人研究院高级项目经理核心员工500.54%94陈永强发行人董事、首席行政官核心员工500.54%95陈亦冲发行人客户服务经理核心员工500.54%96谭明朗发行人研发负责人核心员工500.54%97黄永杰发行人用户体验设计总监核心员工500.54%98陈俊发行人项目经理核心员工500.54%99朱力发行人研究院工程总监核心员工500.54%100王靖宇发行人SQE主管核心员工500.54%101芦恬深圳市顺势电子有限公司电商运营经理核心员工500.54%102卢彩凤深圳市顺势电子有限公司高级产品经理核心员工500.54%103王果上海影石岚锋科技有限公司拼接中台负责人核心员工500.54%104黄达军发行人高级产品经理核心员工430.46%105张蕾发行人产品经理核心员工400.43%106徐苏越发行人高级投广经理核心员工400.43%107胡云龙发行人高级产品经理
STAR002,688775,影石创新,STAR002_688775_影石创新科技股份有限公司_招股说明书.pdf,40,employee_platform,核心员工,影石创新科技股份有限公司招股说明书1-1-40序号姓名劳动合同签署单位职务人员类型认购金额（万元）资管计划份额比例112谭坤深圳前海影石创新技术有限公司相机图像组组长核心员工400.43%113王根源深圳前海影石创新技术有限公司嵌入式经理核心员工400.43%114朱向军深圳前海影石创新技术有限公司软件经理核心员工400.43%115刘闯文深圳前海影石创新技术有限公司应用软件经理核心员工400.43%116张根垒发行人硬件主管核心员工400.43%117付皇波发行人设计经理核心员工400.43%118张若愚发行人后期导演核心员工400.43%119张圭狄发行人品牌总监核心员工400.43%120朱洪梁发行人薪酬绩效经理核心员工400.43%121付迁发行人招聘经理核心员工400.43%122周怡姗深圳前海影石创新技术有限公司市场经理核心员工400.43%123肖承鑫深圳前海影石创新技术有限公司市场经理核心员工400.43%124孟祥劼深圳前海影石创新技术有限公司市场经理核心员工400.43%125胡锐深圳前海影石创新技术有限公司营销策划经理核心员工400.43%126KonstantinHofmann发行人市场营销经理核心员工400.43%127朱昱澎深圳前海影石创新技术有限公司高级视频剪辑师核心员工400.43%128曾楚佳深圳前海影石创新技术有限公司市场营销经理核心员工400.43%
STAR002,688775,影石创新,STAR002_688775_影石创新科技股份有限公司_招股说明书.pdf,41,employee_platform,核心员工,影石创新科技股份有限公司招股说明书1-1-41序号姓名劳动合同签署单位职务人员类型认购金额（万元）资管计划份额比例131刘镇发发行人区域销售总监核心员工400.43%132谢璐发行人区域销售总监核心员工400.43%133杨宋慧发行人高级政府事务经理核心员工400.43%134蒋华烈发行人高级研发工程师核心员工400.43%135肖硕彬发行人结构主管核心员工400.43%136魏志钦发行人研发工程负责人核心员工400.43%137袁林生深圳前海影石创新技术有限公司高级研发工程师核心员工400.43%138聂登辉发行人后端架构师核心员工400.43%139郑俊发行人iOS系统主管核心员工400.43%140那强发行人剪辑技术组长核心员工400.43%141茆羽发行人品牌设计核心员工400.43%142周宗磊发行人工业视觉工程师核心员工400.43%143林晓帆发行人机器学习一组负责人核心员工400.43%144郑睿发行人法务经理核心员工400.43%145覃雪竹上海影石岚锋科技有限公司高级市场经理核心员工400.43%146梁依晨深圳前海影石创新技术有限公司公关经理核心员工400.43%147宋慧贞深圳前海影石创新技术有限公司市场经理核心员工400.43%148陈莉发行人区域服务经理核心员工400.43%149王婉君发行人战略规划专家核心员工400.43%150周昳雯
STAR002,688775,影石创新,STAR002_688775_影石创新科技股份有限公司_招股说明书.pdf,42,employee_platform,核心员工,"影石创新科技股份有限公司招股说明书1-1-42序号姓名劳动合同签署单位职务人员类型认购金额（万元）资管计划份额比例155潘佳畅发行人市场营销经理核心员工400.43%156张馨深圳前海影石创新技术有限公司品牌管理经理核心员工400.43%157桑标发行人高级研发工程师核心员工400.43%158符峥发行人高级深度学习算法工程师核心员工400.43%159夏伟仁发行人高级产品经理核心员工400.43%160罗品京深圳前海影石创新技术有限公司高级软件工程师核心员工400.43%161高智发行人高级CI经理核心员工400.43%162凌高源发行人移动端算法工程负责人核心员工400.43%163高瑞东发行人相机工程负责人核心员工400.43%164凌伟汉发行人音视频渲染负责人核心员工400.43%165徐琴发行人战略招聘核心员工400.43%166谷枋舟发行人财务主管核心员工400.43%合计9,263100.00%注1：上述核心员工的劳动合同所属单位均为影石创新及其下属企业，其中上海影石岚锋科技有限公司、深圳前海影石创新技术有限公司、深圳市顺势电子有限公司为发行人全资子公司，ArashiVision(U.S.)LLC、Insta360Japan株式会社为发行人全资孙公司；注2：合计数与各部分数直接相加之和在尾数存在的差异系由四舍五入造成；注3：本资管计划募集资金的80%可"
STAR002,688775,影石创新,STAR002_688775_影石创新科技股份有限公司_招股说明书.pdf,63,shareholder,股本结构,"，出资方式为净资产折股。深圳岚锋在评估基准日（2019年10月31日）净资产评估价值为54,553.14万元。2020年1月18日，公司召开创立大会暨第一次临时股东大会，审议通过成立影石创新科技股份有限公司等事宜，并签署了《影石创新科技股份有限公司章程》。2020年2月26日，深圳市市场监督管理局核准了本次备案登记，并签发了新的《营业执照》。影石创新设立时，股本结构如下：序号股东名称股份数（万股）持股比例（%）1北京岚锋10,777.545329.93762EARNACE4,796.617913.32393QM1013,384.04139.40014香港迅雷3,143.75428.7327"
STAR002,688775,影石创新,STAR002_688775_影石创新科技股份有限公司_招股说明书.pdf,65,history,股权转让,"资24.29630.250026山东龙兴（SS）18.98600.195427知盛投资17.17990.1768合计9,718.8612100.00公司于2020年1月变更为股份公司，具体参见本招股说明书之“第四节公司基本情况”之“二、（一）公司设立情况”之“2、股份公司设立情况”。报告期内，发行人的股本及股东变化情况如下：1、2023年3月，股份公司第一次股权转让2023年1月28日和2023年2月17日，影石创新分别召开董事会和股东大会并形成决议，同意德朴投资以1,462.7126万元的对价向汇智同裕转让股本"
STAR002,688775,影石创新,STAR002_688775_影石创新科技股份有限公司_招股说明书.pdf,66,history,持有发行人;股权转让;新增股东;回购,"影石创新科技股份有限公司招股说明书1-1-66287.0651万元，并据此修订公司章程。上述股权变动系原股东之间的股权转让行为，不属于最近一年新增股东的情形；本次股权转让未造成发行人实际控制人的变更，未对发行人的股权结构的稳定性和持续盈利能力造成不利影响。公司实际控制人刘靖康已出具股份锁定、持股及减持意向的承诺函，承诺其通过汇智同裕间接持有发行人的股份自发行人股票上市之日起36个月内，不转让或者委托他人管理其直接或间接持有的发行人首发前股份，也不由发行人回购该部分股份。本次股权转让情况如下：序号转让方名称受让股东名称转让股本（万元）转让金额（万元）1德朴投资汇智同裕287.06511,462.7126合计287.06511,462.71262023年3月24日，深圳市市场监督管理局核准了本次备案登记。本次变更后，公司的出资情况如下：序号股东名称股份数（万股）持股比例（%）1北京岚锋10,777.545329.93762EARNACE4,796.617913.32393QM1013,384.04139.40014香港迅雷3,143.75428.73275岚沣管理1,464.02374.06676华金同达1,436.70943.99097厦门富凯1,332.11163.70038澜烽管理1,171.21933.25349伊敦传媒976.49852.712510领誉基石960.13582.667011中证投资911.26162.531312金石智娱911.24862.531213芜湖旷沄638.53741.773714朗玛六号600.53961.668215天正"
STAR002,688775,影石创新,STAR002_688775_影石创新科技股份有限公司_招股说明书.pdf,67,history,历次增资;增资扩股,"0.437523岚烽管理145.83190.405124威明投资89.99680.250025山东龙兴（SS）70.32680.195426知盛投资63.63670.1768合计36,000.00100.00（三）公司历次股本验资情况公司及其前身由容诚会计师共出具容诚验字[2020]518Z0004号、容诚验字[2020]518Z0005号验资报告，对设立、历次增资及整体变更的验资情况如下表：序号验资报告出具日期验资背景验资机构验资报告号12020年1月7日有限公司设立及六次增资扩股容诚会计师事务所（特殊普通合伙）容诚验字[2020]518Z0004号22020年1月18日整体变更容诚会计师事务所（特殊普通合伙）容诚验字[2020]518Z0005号根据容诚会计师出具的《验资报告》，有限公司设立及六次增资扩股、整体变更验资事项相关的注册资本均已实缴到位。（四）公司成立以来重要事件为拓展海外融资渠道，刘靖康、陈永强自2014年7月开始搭建境外架构，境外架构的搭建过程和拆除情况如下：1、搭建境外架构的过程（1）2014年1月，设立南京五十岚2014年1月27日，刘靖康、陈永强、谢梦非以货币出资方式设立南京五十岚，公司注册资本3.00万元，刘靖康、陈永强、谢梦非分别持有南京五十岚的93.00%、5.00%和2.00%股权。"
STAR002,688775,影石创新,STAR002_688775_影石创新科技股份有限公司_招股说明书.pdf,68,special_terms,回购,独资公司，公司注册资本200.00万元。（7）2015年3月，签订控制协议2015年3月6日，北京WFOE与南京五十岚、北京岚锋及其全部股东刘靖康、陈永强就协议控制南京五十岚、北京岚锋事项签署一系列控制协议。至此，协议控制架构已初步搭建完成。2、拆除境外架构的过程（1）2018年9月，筹划拆除境外架构2018年9月11日，开曼岚锋召开股东会决议，同意开曼岚锋回购CYZone、IDG、QIMINGVENTURE、QIMINGMANAGING、维尔京迅雷、苏宁润东股
STAR002,688775,影石创新,STAR002_688775_影石创新科技股份有限公司_招股说明书.pdf,69,special_terms,回购,影石创新科技股份有限公司招股说明书1-1-69份。同日，开曼岚锋与上述股东签署了《股份回购协议》《终止协议》，回购其所持有的开曼岚锋全部股份。根据开曼岚锋股东共同签署的《架构重组框架协议》，开曼岚锋用其当时自有资金回购原投资方股份，原投资方或关联方再将等额资金投入深圳岚锋，使得原投资方或关联方持有深圳岚锋的股权比例与境外架构重组前持有开曼岚锋的股权比例保持一致。（2）2018年9月，终止协议控制关系2018年9月11日，北京WFOE与南京五十岚、北京岚锋及其全部股东刘靖康、陈永强、童晨、胡旭波、深圳迅雷就南京五十岚、北京岚锋退出协议控制事项签署一系列协议，相关股东于2018年11月20日完成股权出质注销登记手续。（3）协议控制架构相关主体启动注销流程截至本招股说明书签署日，北京WFOE、南京五十岚、香港岚锋、开曼岚锋、Huahua控股和Lancefield控股均已完成工商登记注销。除上述情形外，公司自成立以来未发生重大资产重组等重要事件。三、公司的股权结构及组织结构（一）股权结构截至2024年12月31日，公司股权结构如下：
STAR002,688775,影石创新,STAR002_688775_影石创新科技股份有限公司_招股说明书.pdf,75,shareholder,持有发行人,非发行人新增子公司，其原为发行人重要子公司，根据最近一年财务数据不再符合重要子公司标准，因此在此表列示注2：自2024年12月31日后，公司通过珠海影翎设立了深圳影翎、广州影翎、上海影翎，深圳影翎、广州影翎、上海影翎为公司的境内间接全资子公司截至2024年12月31日，发行人分公司基本情况参见本招股说明书“第十二节附件”之“九、（三）发行人分公司情况”。五、持有发行人5%以上股份的主要股东、实际控制人的基本情况（一）控股股东及一致行动人、实际控制人的基本情况1、控股股东的基本情况截至本招股说明书签署日，北京岚锋直接持有发行人29.9376%的股份，系公司控股股东。北京岚锋的基本情况如下：
STAR002,688775,影石创新,STAR002_688775_影石创新科技股份有限公司_招股说明书.pdf,76,shareholder,持有发行人,"主席、研究院负责人2.007郭奕滨资深嵌入式研发总监1.50合计100.00北京岚锋最近一年主要财务数据如下：单位：万元项目2024年12月31日/2024年度总资产6,177.42净资产3,652.20营业收入-净利润-0.14注：2024年12月31日/2024年度数据已经容诚会计师审计2、控股股东一致行动人的基本情况截至本招股说明书签署日，岚沣管理直接持有发行人4.0667%的股份，其与北京岚锋同为刘靖康控制的企业，系公司控股股东一致行动人。岚沣管理的基本情况如下：企业名称岚沣管理咨询（深圳）合伙企业（有限合伙）成立时间2018年6月27日"
STAR002,688775,影石创新,STAR002_688775_影石创新科技股份有限公司_招股说明书.pdf,77,gp_lp,执行事务合伙人;普通合伙人;有限合伙人;合伙人类型;出资比例;员工持股平台,影石创新科技股份有限公司招股说明书1-1-77认缴出资额395.2401万元实缴出资额395.2401万元统一社会信用代码91440300MA5F6X0E7B注册地和主要经营地深圳市宝安区新安街道海旺社区兴业路1100号金利通金融中心大厦2栋1105执行事务合伙人深圳斓枫科技有限公司（注）主营业务员工持股平台注：深圳斓枫科技有限公司曾用名为岚锋投资咨询（深圳）有限公司，报告期内岚沣管理的执行事务合伙人未发生变更截至本招股说明书签署日，岚沣管理各合伙人的出资情况如下：序号合伙人姓名/名称任职情况合伙人类型出资比例（%）1深圳斓枫科技有限公司-普通合伙人0.00252刘靖康董事长、产品中心及技术中心负责人有限合伙人90.35043袁博离职前曾任硬件研发总监有限合伙人0.58834袁帅离职前曾任产品运营总监有限合伙人1.17655张伟俊机器学习三组负责人有限合伙人0.47066邓焜高级质量总监有限合伙人0.39217邱康华内审高级经理有限合伙人0.39218何红烨嵌入式算法部负责人有限合伙人0.39219苏坦计算摄影负责人有限合伙人0.392110谢亮FCP负责人有限合伙人0.392111李兆琪供应链总监有限合伙人0.392112张明智高级软件工程师有限合伙人0.392113厉扬董事会秘书、资深法务总监有限合伙人0.392114符峥AI项目经理有限合伙人0.392115许睿深度学习算法工程师有限合伙人0.392116那强剪辑技术组长有限合伙人0.392117林达浩安卓组长有限
STAR002,688775,影石创新,STAR002_688775_影石创新科技股份有限公司_招股说明书.pdf,78,gp_lp,执行事务合伙人;有限合伙人;合伙人类型;出资比例,本招股说明书签署日，刘靖康对岚沣管理的出资比例由88.3504%变为90.3504%，原因是期间原岚沣管理合伙人叶心怡、吴昭霓、李皓宇、苏夏昉及徐思锦离职，樊一楠因个人原因主动提出出让其份额，袁博因离职出让其部分份额，刘靖康受让了上述七人持有的岚沣管理共计2.00%的份额注2：苏洋并非新增合伙人，其原名为苏健，在报告期内改名截至本招股说明书签署日，岚沣管理的执行事务合伙人深圳斓枫科技有限公司的股东构成及持股比例如下：序号股东姓名持股比例（%）1刘靖康100.00合计100.003、实际控制人及一致行动人的基本情况截至本招股说明书签署日，刘靖康通过持有北京岚锋、岚沣管理间接控制发行人29.9376%、4.0667%的股份，合计可支配公司34.0043%的表决权，通过北京岚锋、岚沣管理、澜烽管理、岚烽管理、厦门富凯、汇智同裕、深圳麦高
STAR002,688775,影石创新,STAR002_688775_影石创新科技股份有限公司_招股说明书.pdf,79,shareholder,持有发行人;员工持股平台,说明书签署日，刘靖康间接持有公司的股份由27.4632%变为29.8891%，原因为：（1）期间部分员工持股平台合伙人从公司离职或主动要求转让其在员工持股平台的份额，刘靖康作为公司实际控制人受让了上述员工在相应员工持股平台持有的份额；（2）刘靖康及其控股的一二网络受让了厦门富凯的上层股东及汇智同裕、深圳麦高的部分股权，且刘靖康间接持股的汇智同裕受让了德朴投资持有发行人的全部股份。刘靖康间接持有公司股份的情况如下：第一层股东第二层股东第三层股东第四层股东间接持股比例股东名称持股比例股东名称持股比例股东名称持股比例股东名称持股比例北京岚锋29.9376%刘靖康79.5663%----23.8202%岚沣管理4.0667%刘靖康90.3504%----3.6743%岚沣管理4.0667%深圳斓枫科技有限公司0.0025%刘靖康100.0000%--0.0001%澜烽管理3.2534%澜烽一号6.5362%刘靖康39.2482%--0.0835%刘靖康1.4706%----0.0478%岚烽管理0.4051%刘靖康3.9370%----0.0159%厦门富凯3.7003%久谦益（厦门）投资合伙企业（有限合伙）30.0000%一二网络99.9000%刘靖康99.9900%1.1089%刘靖康0.1000%--0.0011%汇智同裕1.3295%一二网络71.5761%刘靖康99.9900%--0.9515%深圳麦高1.3001%一二网络14.2857%刘靖康99.9900%--0.1857%合计29.8891%潘瑶间接持有公司股份的情况如下：第一层股东第二层股东第三层股东第四层股东间接持
STAR002,688775,影石创新,STAR002_688775_影石创新科技股份有限公司_招股说明书.pdf,82,employee_platform,员工持股平台,"影石创新科技股份有限公司招股说明书1-1-82内拟上市主体。公司拆除VIE架构时，为完成镜像回归使开曼岚锋各股东最终取得深圳岚锋的股权比例保持不变，经全体股东协商一致，确定由管理团队通过北京岚锋及三个新设员工持股平台（岚沣管理、澜烽管理和岚烽管理）完成出资、其他股东直接出资深圳岚锋的VIE拆除方案。公司完成VIE架构拆除后的主要股权控制关系图如下：根据开曼律师出具的法律意见书，开曼岚锋历次股权变动符合开曼法律规定，因此，刘靖康所持的开曼岚锋的权益合法有效。根据相关董事会和股东会决议，以及对外部机构股东的访谈、外部机构股东出具的书面确认，外部机构股东对VIE搭建及拆除过程中各主体所持有的股权比例知情，各方之间无纠纷或潜在纠纷。综上，刘靖康从初始设立北京岚锋继而设立深圳岚锋，以及搭建VIE架构到镜像回归拆除VIE架构，背景合理；且刘靖康一直合法持有公司的股权，并依据其所能控制的公司股东会表决权始终享有公司的控制权。（2）设立北京岚锋并继而设立深圳岚锋的资金来源1）北京岚锋对深圳岚锋实缴出资的资金来源北京岚锋本身无实际经营，北京岚锋和深圳岚锋设立初期的注册资本均为认缴。北京岚锋为完成对深圳岚锋的实缴出资共筹得资金6,846.29万元，将其"
STAR002,688775,影石创新,STAR002_688775_影石创新科技股份有限公司_招股说明书.pdf,83,history,股权转让;出资比例;员工持股平台,"股权的税后收益2,360.08万元。该收益除用于刘靖康对北京岚锋实缴出资外，其余部分由其个人支配。在公司VIE架构完成拆除时，岚烽管理直接持有深圳岚锋2.7650%的股权，其系刘靖康持有100%权益的合伙企业。其中，刘靖康持有岚烽管理99.90%的出资，刘靖康成立的一人有限公司深圳斓枫科技有限公司持有岚烽管理0.1%的出资。刘靖康通过分红形式取得岚烽管理本次股权转让收益。具体转让情况如下：单位：万元转让时间股权转让方股权受让方注册资本转让比例转让对价税后收益2019年11月岚烽管理领誉基石162.01791.6670%2,667.272,133.82岚烽管理知盛投资17.17990.1768%282.83226.26合计179.19781.8438%2,950.102,360.08截至报告期期初，刘靖康持有的岚烽管理全部财产份额均已转让给公司员工，岚烽管理成为员工持股平台，刘靖康不再持有岚烽管理的财产份额。2023年上半年，因原岚烽管理合伙人何嘉宇离职，刘靖康受让了其持有的岚烽管理的3.9370%的份额，刘靖康对岚烽管理的出资比例由0%变为3.9370%。《公司法》"
STAR002,688775,影石创新,STAR002_688775_影石创新科技股份有限公司_招股说明书.pdf,84,history,股权转让,"影石创新科技股份有限公司招股说明书1-1-84及相关司法解释均未对注册资本实缴期限届满前尚未完成实缴的股东转让其所持有的股权作出禁止性规定，亦未将完成实缴作为股权转让行为有效性的前提。根据本次转让前深圳岚锋的《公司章程》，岚烽管理的实缴期限（2045年7月9日）尚未届满，《公司章程》亦未对实缴期限届满前尚未实缴的股东转让其所持有的股权作出限制。因此，岚烽管理以转让的方式处分其认缴出资的深圳岚锋的股权，符合《公司法》《公司章程》的规定。根据对股权受让方的访谈，本次股权转让及其定价系双方协商一致的真实意思表示，故岚烽管理取得股权转让的交易对价不存在争议，本次股权转让合法有效。②北京岚锋转让深圳岚锋股权所取得1,213.50万元收益的情况单位：万元转让时间股权转让方股权受让方注册资本转让比例转让对价税后收益2018年10月北京岚锋深圳麦高31.71410.3835%247.00185.25北京岚锋厦门富凯90.26331.0916%703.00527.252019年4月北京岚锋朗玛九号28.27540.3137%276.03207.03北京岚锋华金同达25.44780.2823%248.43186.32北京岚锋芜湖旷沄11.31010.1255%110.4182.81北京岚锋汇智同裕3.39300.0376%33.1224.84合计190.40372.23%1,618.001,213."
STAR002,688775,影石创新,STAR002_688775_影石创新科技股份有限公司_招股说明书.pdf,89,shareholder,持有发行人;执行事务合伙人,"影石创新科技股份有限公司招股说明书1-1-894、控股股东及一致行动人、实际控制人持有的发行人股份是否存在质押或其他权利争议的情况截至本招股说明书签署日，控股股东及一致行动人北京岚锋、岚沣管理持有的发行人股份不存在质押或其他权利争议的情况；实际控制人刘靖康持有的发行人股份不存在质押或其他权利争议的情况。（二）其他持有发行人5%以上股份的股东基本情况截至本招股说明书签署日，单独或合并持有公司5%以上股份的股东为：EARNACE、QM101、香港迅雷。此外，朗玛五号、朗玛六号、朗玛九号、朗玛十四号系朗玛峰创业投资有限公司作为执行事务合伙人的有限合伙企业，其分别持有发行人1.5013%、1.6682%、1.2648%、0.6250%的股份，合计持有公司5.0593%的股份。上述主要股东的基本情况如下：1、EARNACE公司名称EARNACELIMITED成立时间2016年2月1日股本1,994,432.49美元注册地香港皇后大道中99号中环中心55楼5505室董事HOChiSing、ZhouQuan主营业务及其与公司主营业务的关系股权投资，与公司主营业务不相关截至2024年12月31日，EARNACE的股东构成及持股比例如下：序号股东名称持股比例（%）1IDG100.00合计100.002、QM101公司名称QM101LIMITED成立时间2018年5月14日股本10,000.00港元注册地香港皇后大道中15号置地广场告罗士打大厦42楼4205-06室"
STAR002,688775,影石创新,STAR002_688775_影石创新科技股份有限公司_招股说明书.pdf,90,pe_fund,私募基金;执行事务合伙人,"股比例如下：序号股东名称持股比例（%）1维尔京迅雷100.00合计100.004、朗玛五号企业名称朗玛五号（北京）私募创业投资基金合伙企业（有限合伙）成立时间2017年3月21日出资额6,489.00万元统一社会信用代码91440300MA5EEA7B72注册地北京市海淀区北四环西路58号18层1815执行事务合伙人朗玛峰创业投资有限公司经营范围一般项目:以私募基金从事股权投资、投资管理、资产管理等活动(须在中国证券投资基金业协会完成登记备案后方可从事经营活动);创业投资(限投资未上市企业)。(除依法须经批准的项目外,凭营业执照依法自主开展经营活动)(不得从事国家和本市产业政策禁止和限制类项目的经营活动。)注：朗玛五号曾用名为朗玛五号（深圳）创业投资中心（有限合伙），于2024年12月将名称变更为朗玛五号（北京）私募创业投资基金合伙企业（有限合伙）截至2024年12月31日，朗玛五号各合伙人的出资情况如下："
STAR002,688775,影石创新,STAR002_688775_影石创新科技股份有限公司_招股说明书.pdf,91,gp_lp,普通合伙人;有限合伙人;合伙人类型;出资比例,影石创新科技股份有限公司招股说明书1-1-91序号合伙人姓名/名称合伙人类型出资比例（%）1朗玛峰创业投资有限公司普通合伙人1.54112赵雅齐有限合伙人6.16433宋宝库有限合伙人4.62324郝凤莉有限合伙人3.68325乔淑红有限合伙人3.54456丁双阳有限合伙人3.39047王乐宇有限合伙人3.08218赵玉华有限合伙人3.08219何广霞有限合伙人2.773910刘逸虹有限合伙人2.419511陈锡楠有限合伙人2.326012薛芃有限合伙人2.311613卢健有限合伙人2.311614角艳萍有限合伙人2.311615王锦有限合伙人2.157516曹爱兰有限合伙人2.034217张涛有限合伙人2.003418马素兰有限合伙人1.849319樊俊宏有限合伙人1.695220李杰有限合伙人1.695221张风荣有限合伙人1.695222彭彬有限合伙人1.695223范秋燕有限合伙人1.541124王琳有限合伙人1.541125周光源有限合伙人1.541126宋佳乐有限合伙人1.541127张国庆有限合伙人1.541128刘京有限合伙人1.541129王义杰有限合伙人1.541130李宝林有限合伙人1.541131刘超有限合伙人1.541132吕琪有限合伙人1.5411
STAR002,688775,影石创新,STAR002_688775_影石创新科技股份有限公司_招股说明书.pdf,92,pe_fund,私募投资基金;私募基金;基金编号;基金管理人;执行事务合伙人;有限合伙人;合伙人类型;出资比例,"有限合伙人1.541140杨桂伶有限合伙人1.541141黄山有限合伙人1.541142赵元城有限合伙人1.541143蒋明有限合伙人1.541144侯京芝有限合伙人1.541145郭华有限合伙人1.541146冯芳有限合伙人1.541147毕延钢有限合伙人1.541148徐春霞有限合伙人1.541149贺乃新有限合伙人1.5411合计100.00朗玛五号为私募投资基金，已于2019年1月16日完成私募基金备案，基金编号为SEX757。其管理人朗玛峰创业投资有限公司已于2017年9月13日完成私募基金管理人登记，登记编号为P1064801。5、朗玛六号企业名称朗玛六号（北京）私募创业投资基金合伙企业（有限合伙）成立时间2017年3月21日出资额7,302.00万元统一社会信用代码91440300MA5EEA7R8K注册地北京市海淀区北四环西路58号18层1816执行事务合伙人朗玛峰创业投资有限公司经营范围一般项目：以私募基金从事股权投资、投资管理、资产管理等活动（须在中国证券投资基金业协会完成登记备案后方可从事经营活动）；创业投资（限投资未上市企业）。（除依法须经批准的项目外，凭营业执照依法自主开展经营活动）（不得从事国家和本市产业政策禁止和限制类项目的经营活动。）"
STAR002,688775,影石创新,STAR002_688775_影石创新科技股份有限公司_招股说明书.pdf,93,gp_lp,普通合伙人;有限合伙人;合伙人类型;出资比例,影石创新科技股份有限公司招股说明书1-1-93注：朗玛六号曾用名为朗玛六号（深圳）创业投资中心（有限合伙），于2024年12月将名称变更为朗玛六号（北京）私募创业投资基金合伙企业（有限合伙）截至2024年12月31日，朗玛六号各合伙人的出资情况如下：序号合伙人姓名/名称合伙人类型出资比例（%）1朗玛峰创业投资有限公司普通合伙人1.36952张冬梅有限合伙人13.69493王慧有限合伙人6.84744张宇有限合伙人4.10855刘润香有限合伙人2.73906何倬有限合伙人2.73907原宏斌有限合伙人2.73908宗铁城有限合伙人2.73909张晓丹有限合伙人2.259610高娟有限合伙人2.191211赵红京有限合伙人2.054112张倩有限合伙人2.054113杨宝华有限合伙人1.917314寇丽明有限合伙人1.807715王燕平有限合伙人1.780316张明英有限合伙人1.711917杨军有限合伙人1.643318齐济有限合伙人1.643319李凤兰有限合伙人1.506420赵建芬有限合伙人1.369521高雁有限合伙人1.369522赵岩峰有限合伙人1.369523汪文继有限合伙人1.369524仲慧有限合伙人1.369525张相荣有限合伙人1.369526赖成有限合伙人1.369527张蜀遥有限合伙人1.369528朱云霞有限合伙人1.369529孙淑贤有限合伙人1.369530张海波有限合伙人1.3695
STAR002,688775,影石创新,STAR002_688775_影石创新科技股份有限公司_招股说明书.pdf,94,pe_fund,私募投资基金;私募基金;基金编号;基金管理人;执行事务合伙人;有限合伙人;合伙人类型;出资比例,"杰有限合伙人1.369541杨莉有限合伙人1.369542李礼有限合伙人1.369543苏伟有限合伙人1.369544石慧有限合伙人1.369545马耀平有限合伙人1.369546葛京安有限合伙人1.369547张黎明有限合伙人1.369548王明华有限合伙人1.369549张劼有限合伙人1.369550刘沙沙有限合伙人1.3695合计100.00朗玛六号为私募投资基金，已于2019年1月16日完成私募基金备案，基金编号为SEW534。其管理人朗玛峰创业投资有限公司已于2017年9月13日完成私募基金管理人登记，登记编号为P1064801。6、朗玛九号企业名称朗玛九号（深圳）创业投资中心（有限合伙）成立时间2017年4月19日出资额6,831.00万元统一社会信用代码91440300MA5EG7DP2T注册地深圳市前海深港合作区桂湾五路128号前海深港基金小镇A10栋102执行事务合伙人朗玛峰创业投资有限公司"
STAR002,688775,影石创新,STAR002_688775_影石创新科技股份有限公司_招股说明书.pdf,95,gp_lp,普通合伙人;有限合伙人;合伙人类型;出资比例,影石创新科技股份有限公司招股说明书1-1-95经营范围一般经营项目是：创业投资业务；创业投资咨询业务截至2024年12月31日，朗玛九号各合伙人的出资情况如下：序号合伙人姓名/名称合伙人类型出资比例（%）1朗玛峰创业投资有限公司普通合伙人1.46392李毅勇有限合伙人7.31963孙丽杰有限合伙人5.12374丁皎有限合伙人4.39175深圳汉尼康科技有限公司有限合伙人2.92786董赞有限合伙人2.92787张瀚有限合伙人2.92788刘小金有限合伙人2.92789陈抒云有限合伙人2.927810熊俊有限合伙人2.927811熊珍有限合伙人2.927812校园梦（北京）教育投资有限公司有限合伙人2.708213叶平有限合伙人2.488714李红梅有限合伙人2.342315王义敏有限合伙人2.342316周月林有限合伙人2.342317王义杰有限合伙人2.049518范坤芳有限合伙人1.990919李虹有限合伙人1.903120刘鹏辉有限合伙人1.756721石靖连有限合伙人1.610322孙立新有限合伙人1.610323冒海军有限合伙人1.463924李莉有限合伙人1.463925袁维娟有限合伙人1.463926谢莉莉有限合伙人1.463927闻大为有限合伙人1.463928杨小卫有限合伙人1.463929曹莉华有限合伙人1.463930段予龙有限合伙人1.4639
STAR002,688775,影石创新,STAR002_688775_影石创新科技股份有限公司_招股说明书.pdf,96,pe_fund,私募投资基金;私募基金;基金编号;基金管理人;执行事务合伙人;有限合伙人;合伙人类型;出资比例,"章义伍有限合伙人1.463939赖成有限合伙人1.463940邹虎有限合伙人1.463941庞进京有限合伙人1.463942王乔有限合伙人1.463943宋强有限合伙人1.463944陈蓉有限合伙人1.463945周顺有限合伙人1.463946周大慧有限合伙人1.463947刘耿荣有限合伙人1.463948杨浸有限合伙人1.4639合计100.00朗玛九号为私募投资基金，已于2019年1月16日完成私募基金备案，基金编号为SEU290。其管理人朗玛峰创业投资有限公司已于2017年9月13日完成私募基金管理人登记，登记编号为P1064801。7、朗玛十四号企业名称朗玛十四号（深圳）创业投资中心（有限合伙）成立时间2018年7月25日出资额7,559.00万元统一社会信用代码91440300MA5F8A3E49注册地深圳市前海深港合作区桂湾五路128执行事务合伙人朗玛峰创业投资有限公司经营范围一般经营项目是：创业投资业务；创业投资咨询业务；为创业企业提供创业管理服务业务；参与设立创业投资企业（依法须经批准的项目，经相关部门批准后方可开展经营活动）"
STAR002,688775,影石创新,STAR002_688775_影石创新科技股份有限公司_招股说明书.pdf,97,gp_lp,普通合伙人;有限合伙人;合伙人类型;出资比例,影石创新科技股份有限公司招股说明书1-1-97截至2024年12月31日，朗玛十四号各合伙人的出资情况如下：序号合伙人姓名/名称合伙人类型出资比例（%）1朗玛峰创业投资有限公司普通合伙人1.32292李凡有限合伙人13.66583周继权有限合伙人10.31884高晓宏有限合伙人7.93765刘鹏辉有限合伙人4.76256付精华有限合伙人3.96887吴建军有限合伙人2.71208熊珍有限合伙人2.64599夏亮有限合伙人2.645910刘小金有限合伙人2.645911戚学红有限合伙人2.645912高文茹有限合伙人2.645913朱在英有限合伙人2.645914胡欣有限合伙人2.645915王石有限合伙人2.249016张新华有限合伙人1.984417王映华有限合伙人1.984418汪敏有限合伙人1.984419宋清虹有限合伙人1.984420苏璐瑶有限合伙人1.984421陈仲道有限合伙人1.984422赵旭明有限合伙人1.918223刘青云有限合伙人1.587524俞凌梅有限合伙人1.587525孙美艳有限合伙人1.534626王晓飞有限合伙人1.455227潘虹有限合伙人1.322928罗双艳有限合伙人1.322929郭佳有限合伙人1.322930霍志有限合伙人1.322931常力元有限合伙人1.3229
STAR002,688775,影石创新,STAR002_688775_影石创新科技股份有限公司_招股说明书.pdf,98,pe_fund,私募投资基金;私募基金;基金编号;基金管理人;有限合伙人;合伙人类型;出资比例,"合伙人姓名/名称合伙人类型出资比例（%）32常瑞倩有限合伙人1.322933林振宇有限合伙人1.322934张恂有限合伙人1.322935王民秀有限合伙人1.322936金涛有限合伙人1.322937康蕊有限合伙人1.3229合计100.00注：朗玛十四号的有限合伙人存在变动，原因为该基金到期，前合伙人需到期清算，新合伙人承接了前合伙人的相应份额朗玛十四号为私募投资基金，已于2019年6月4日完成私募基金备案，基金编号为SGP966。其管理人朗玛峰创业投资有限公司已于2017年9月13日完成私募基金管理人登记，登记编号为P1064801。六、发行人特别表决权股份情况发行人不存在特别表决权股份或类似安排的情况。七、发行人协议控制架构情况发行人不存在协议控制架构。八、发行人控股股东、实际控制人报告期内刑事犯罪及重大违法行为情况报告期内，公司控股股东北京岚锋及其一致行动人岚沣管理、实际控制人刘靖康不存在贪污、贿赂、侵占财产、挪用财产或者破坏社会主义市场经济秩序的刑事犯罪，不存在欺诈发行、重大信息披露违法或者其他涉及国家安全、公共安全、生态安全、生产安全、公众健康安全等领域的重大违法行为。九、公司股本情况（一）本次发行前后的股本情况及本次发行情况本次发行前，公司的总股本为36,000.00万股，本次发行人民币普通股4,100.00万股，发行后公司股本总数为40,100.00万股，本次发行的股份占发行后总股本比例为10.22%。本次发行不涉及老股转让。本次发行前后，公司股本"
STAR002,688775,影石创新,STAR002_688775_影石创新科技股份有限公司_招股说明书.pdf,99,shareholder,前十名股东,"4051145.83190.3637威明投资89.99680.250089.99680.2244山东龙兴（SS）70.32680.195470.32680.1754知盛投资63.63670.176863.63670.1587本次发行社会公众股份--4,100.0010.2244合计36,000.00100.0040,100.00100.00（二）本次发行前的前十名股东本次发行前，公司前十名股东持股情况如下："
STAR002,688775,影石创新,STAR002_688775_影石创新科技股份有限公司_招股说明书.pdf,100,history,新增股东,"本招股说明书签署日，本公司股东中有1名国有股东、3名外资股东，具体持股情况如下：序号股东名称股东类型股份数（万股）持股比例（%）1山东龙兴（SS）国有股东70.32680.19542EARNACE外资股东4,796.617913.32393QM101外资股东3,384.04139.40014香港迅雷外资股东3,143.75428.7327（五）申报前12个月新增股东情况截至本招股说明书签署日，发行人首次申报前12个月新增股东的持股数量及持股比例如下：序号股东名称股份数（万股）持股比例（%）1知盛投资63.63670.17682山东龙兴（SS）70.32680.19543德朴投资（注）--4华金创盈157.49730.4375"
STAR002,688775,影石创新,STAR002_688775_影石创新科技股份有限公司_招股说明书.pdf,101,gp_lp,持有发行人;新增股东;执行事务合伙人;普通合伙人;有限合伙人;合伙人类型;出资比例,影石创新科技股份有限公司招股说明书1-1-101序号股东名称股份数（万股）持股比例（%）5朗玛十四号224.99750.62506威明投资89.99680.2500注：截至本招股说明书签署日，德朴投资已向汇智同裕转让其持有的所有发行人的股份，德朴投资不再持有发行人的股份1、新增股东基本情况上述新增股东的基本情况如下：（1）知盛投资企业名称深圳市知盛投资合伙企业（有限合伙）成立时间2019年8月12日出资额240.00万元统一社会信用代码91440300MA5FQRDX86注册地深圳市南山区蛇口街道渔一社区湾厦路72号蛇口公馆4栋23B17执行事务合伙人周伟纳经营范围一般经营项目是：投资兴办实业（不含限制项目）；信息咨询（不含限制项目）；经济信息咨询（不含限制项目）；贸易咨询；企业管理咨询（不含限制项目）；商务信息咨询；商业信息咨询截至2024年12月31日，知盛投资各合伙人的出资情况如下：序号合伙人姓名合伙人类型出资比例（%）1珠海睿泽创业投资基金（有限合伙）有限合伙人91.672周伟纳普通合伙人7.923刘一有限合伙人0.42合计100.00注：2023年6月9日，珠海睿泽创业投资基金（有限合伙）向知盛投资增资120.00万元，其出资比例由83.33%增加至91.67%周伟纳为知盛投资的执行事务合伙人。周伟纳的基本信息：中华人民共和国公民，男，1982年1月出生，身份证号码：440181198201******，住所为广东省深圳市南山区***。（2）山东龙兴公司名称山东龙
STAR002,688775,影石创新,STAR002_688775_影石创新科技股份有限公司_招股说明书.pdf,103,gp_lp,私募基金;执行事务合伙人;普通合伙人;有限合伙人;合伙人类型;出资比例,"002陈芳1.00合计100.00德朴投资的实际控制人为王蓉。（4）华金创盈企业名称珠海华金创盈三号股权投资基金合伙企业（有限合伙）成立时间2017年2月27日出资额800.00万元统一社会信用代码91440400MA4W8DJ626注册地珠海市横琴新区宝华路6号105室-26877（集中办公区）执行事务合伙人珠海华金领创基金管理有限公司经营范围一般项目：以私募基金从事股权投资、投资管理、资产管理等活动（须在中国证券投资基金业协会完成登记备案后方可从事经营活动）。（除依法须经批准的项目外，凭营业执照依法自主开展经营活动）截至2024年12月31日，华金创盈各合伙人的出资情况如下：序号合伙人姓名/名称合伙人类型出资比例（%）1珠海华金领创基金管理有限公司普通合伙人12.502珠海华金众盈二号股权投资基金合伙企业（有限合伙）有限合伙人75.003李业基有限合伙人12.50合计100.00截至2024年12月31日，华金创盈执行事务合伙人珠海华金领创基金管理有限公司的基本情况如下：公司名称珠海华金领创基金管理有限公司成立时间2016年3月28日法定代表人郭瑾注册资本10,000.00万元统一社会信用代码91440400MA4UN2EA31注册地珠海市横琴新区华金街58号34层3401-8营业范围一般项目：私募股权投资基金管理、创业投资基金管理服务"
STAR002,688775,影石创新,STAR002_688775_影石创新科技股份有限公司_招股说明书.pdf,104,gp_lp,持有发行人;私募基金;执行事务合伙人;有限合伙人,"珠海铧盈投资有限公司经营范围一般项目:以私募基金从事股权投资、投资管理、资产管理等活动（须在中国证券投资基金业协会完成登记备案后方可从事经营活动）。（除依法须经批准的项目外,凭营业执照依法自主开展经营活动）（依法须经批准的项目,经相关部门批准后方可开展经营活动）（5）朗玛十四号关于朗玛十四号的具体情况，参见本招股说明书“第四节公司基本情况”之“五、（二）其他持有发行人5%以上股份的股东基本情况”之“7、朗玛十四号”。朗玛十四号执行事务合伙人朗玛峰创业投资有限公司的基本情况如下：公司名称朗玛峰创业投资有限公司成立时间2016年5月5日法定代表人肖建聪注册资本5,000.00万元统一社会信用代码91440300MA5DC1MJ13注册地深圳市前海深港合作区桂湾五路128号前海深港基金小镇A10栋营业范围一般经营项目是:私募股权投资基金管理、创业投资基金管理服务（须在中国证券投资基金业协会完成登记备案后方可从事经营活动）。（除依法须经批准的项目外,凭营业执照依法自主开展经营活动）（6）威明投资企业名称宁波梅山保税港区威明投资管理合伙企业（有限合伙）成立时间2017年5月17日"
STAR002,688775,影石创新,STAR002_688775_影石创新科技股份有限公司_招股说明书.pdf,105,gp_lp,私募基金;执行事务合伙人;普通合伙人;有限合伙人;合伙人类型;出资比例,"影石创新科技股份有限公司招股说明书1-1-105出资额8,281.285715万元统一社会信用代码91330206MA290YW80U注册地浙江省宁波市北仑区梅山七星路88号1幢401室A区E0801执行事务合伙人广东禾一泽成私募基金管理有限公司经营范围投资管理，实业投资，投资咨询（未经金融等监管部门批准不得从事吸收存款、融资担保、代客理财、向社会公众集（融）资等金融业务）注：2020年6月30日至今，威明投资的执行事务合伙人未发生变更，其执行事务合伙人（曾用名为“西藏达孜和聚厚德投资管理有限公司”）更名为广东禾一泽成私募基金管理有限公司截至2024年12月31日，威明投资各合伙人的出资情况如下：序号合伙人姓名/名称合伙人类型出资比例（%）1广东禾一泽成私募基金管理有限公司普通合伙人0.122于军有限合伙人35.083李泽刚有限合伙人35.084郭建芳有限合伙人6.045陈剑有限合伙人4.296邹序元有限合伙人3.067周泽宇有限合伙人2.468王哲有限合伙人2.469潘峰有限合伙人2.4410马天琳有限合伙人1.4711殷新颖有限合伙人1.3512杨小萍有限合伙人1.2313孙鹏有限合伙人1.2314范晓辉有限合伙人1.2315李伟有限合伙人1.2316宋周莺有限合伙人1.22合计100.00威明投资执行事务合伙人广东禾一泽成私募基金管理有限公司的基本情况如下：公司名称广东禾一泽成私募基金管理有限公司成立时间2015年7月8日法定代表人邹涛"
STAR002,688775,影石创新,STAR002_688775_影石创新科技股份有限公司_招股说明书.pdf,106,history,股权转让;新增股东,"ne以574.6517万元的对价向利得鑫投、山东龙兴转让注册资本34.9060万元；QM101以3,747.9552万元的对价向利得鑫投、德朴投资、华金创盈、朗玛十四号、威明投资转让注册资本227.6616万元；苏宁润东以5,365.8204万元的对价向中证投资、金石智娱、伊敦传媒、天正投资、德朴投资转让注册资本325.9354万元，并据此修订公司章程。本次股权转让情况如下：序号转让方名称受让股东名称注册资本（万元）转让额（万元）1岚烽管理领誉基石162.01792,667.2738知盛投资17.1799282.8298合计179.19782,950.10362CYZone利得鑫投15.9200262.0883山东龙兴（SS）18.9860312.5634合计34.9060574.65173QM101利得鑫投32.6743537.9116德朴投资67.42951,110.0807华金创盈42.5193699.9882朗玛十四号60.7422999.9888威明投资24.2963399.9859合计227.66163,747.95524苏宁润东中证投资75.93211,250.0576金石智娱75.92861,249.9999伊敦传媒103.26291,700.0000"
STAR002,688775,影石创新,STAR002_688775_影石创新科技股份有限公司_招股说明书.pdf,108,history,股权转让;新增股东,"影石创新科技股份有限公司招股说明书1-1-108序号股东名称出资额（万元）持股比例（%）24岚烽管理39.37000.405125威明投资24.29630.250026山东龙兴（SS）18.98600.195427知盛投资17.17990.1768合计9,718.8612100.00本次股权转让系因股权转让方的自身资金需求及新增股东对于公司所处行业发展前景以及公司后续发展潜力的看好，同时，公司可通过引入新的投资人促进自身进一步完善法人治理结构。本次股权转让的价格为16.46元/注册资本，系参照公司最近一期增资价格20.58元/注册资本的一定折扣，并经各方协商后确定，符合市场惯例且具有合理性。3、新增股东与发行人其他股东、董事、监事、高级管理人员之间的关联关系除已在本招股说明书“第四节公司基本情况”之“九、（六）本次发行前各股东间的关联关系及关联股东的各自持股比例”披露的关联关系外，本次股权转让新增股东与公司其他股东、董事、监事、高级管理人员不存在关联关系。4、新增股东与本次发行的中介机构及其负责人、高级管理人员、经办人员之间的关联关系本次股权转让新增股东与本次发行的中介机构及其负责人、高级管理人员、经办人员不存在关联关系。5、新增股东是否存在股份代持情形本次股权转让新增股东不存在股份代持情形。（六）本次发行前各股东间的关联关系及关联股东的各自持股比例截至2024年12月31日，公司股东间的关联关系情况如下：序号关联方名称持股比例（%）关联关系1北京岚锋29.9376北京岚锋、岚沣管理为实际控制人刘靖康直接控"
STAR002,688775,影石创新,STAR002_688775_影石创新科技股份有限公司_招股说明书.pdf,109,pe_fund,私募投资基金;私募基金;备案编号;基金管理人;执行事务合伙人,53124朗玛五号1.5013朗玛五号、朗玛六号、朗玛九号、朗玛十四号的执行事务合伙人为朗玛峰创业投资有限公司，受同一主体控制，属于一致行动人朗玛六号1.6682朗玛九号1.2648朗玛十四号0.6250除上述关联关系外，本次发行前股东间不存在其他关联关系。（七）本次发行公司股东公开发售股份情况本次发行不涉及原有股东的公开发售股份。（八）本次发行前公司股东中私募投资基金等金融产品备案情况截至2024年12月31日，本次发行前公司股东中私募投资基金备案情况如下：序号股东名称备案编号备案时间基金管理人1华金同达SCU0602018年5月18日珠海铧盈投资有限公司2厦门富凯S683632015年8月7日厦门富凯海创投资管理有限公司3伊敦传媒SS75122017年6月2日深圳市招商金台资本管理有限责任公司4领誉基石SW24642017年7月17日深圳市领信基石股权投资基金管理合伙企业（有限合伙）5芜湖旷沄SEZ0812019年3月27日珠海佑柏私募基金管理有限公司6朗玛六号SEW5342019年1月16日朗玛峰创业投资有限公司7朗玛五号SEX7572019年1月16日朗玛峰创业投资有限公司8朗玛九号SEU2902019年1月16日朗玛峰创业投资有限公司
STAR002,688775,影石创新,STAR002_688775_影石创新科技股份有限公司_招股说明书.pdf,110,pe_fund,私募投资基金;私募基金;备案编号;基金管理人;员工持股平台,招股说明书1-1-110序号股东名称备案编号备案时间基金管理人9朗玛十四号SGP9662019年6月4日朗玛峰创业投资有限公司10利得鑫投SCM7672018年3月8日寿光市金投股权投资基金管理有限公司11华金创盈SET0272018年11月21日珠海华金领创基金管理有限公司12威明投资SEF0932018年10月25日广东禾一泽成私募基金管理有限公司除上述私募投资基金股东外，公司股东中金石智娱为证券公司私募投资基金（产品编码：S32436），管理机构为中信金石投资有限公司，托管人为中信证券股份有限公司。除上述已备案基金、公司境外股东及发行人员工持股平台股东外，公司其他股东均已出具《关于不属于私募投资基金等事项的说明》，确认不存在以公开或非公开方式向他人募集资金的情形，不存在委托基金管理人管理资产的情形，亦不存在发起设立基金、受托管理基金产品的情形，不属于《私募投资基金监督管理暂行办法》《私募投资基金登记备案办法》等法律法规规定的私募投资基金或基金管理人，无须履行登记备案手续。综上，公司共26名股东，其中13名股东已办理基金备案（其中12名股东为私募投资基金，1名股东为证券公司私募投资基金），其余13名股东均不属于私募投资基金等金融产品，无须办理私募基金备案。十、董事、监事、高级管理人员及核心技术人员概况（一）董事会成员截至本招股说明书签署日，公司董事会由9名董事组成，其中独立董事3名。姓名本公司职务任职期限提名人刘靖康董事长、核心技术人员2020.01-2026.01北京岚锋刘亮董事、总经理2020.01-2026.01贾顺董事、核心技术人员2020.01-2026.01陈永
STAR002,688775,影石创新,STAR002_688775_影石创新科技股份有限公司_招股说明书.pdf,118,gp_lp,执行事务合伙人;员工持股平台,包含了公司技术负责人、研发项目负责人、研发部门主要人员，认定依据符合公司的实际情况。（五）公司董事、监事、高级管理人员、核心技术人员的兼职情况截至2024年12月31日，公司董事、监事、高级管理人员及核心技术人员在其他单位的兼职情况如下：序号姓名公司职务任职的其他单位其他单位职务兼职单位与本公司关系1刘靖康董事长、核心技术人员北京岚锋执行董事控股股东岚沣管理执行事务合伙人委派代表公司股东（员工持股平台之一）深圳斓枫科技有限公司执行董事、经理岚沣管理的执行事务合伙人中山影石执行董事、经理子公司珠海影石执行董事、经理子公司日本影石董事子公司美国影石董事子公司一二网络执行董事、总经理实际控制人控制的其他企业上海影石执行董事、总经理子公司澜烽一号执行事务合伙人公司员工持股平台2刘亮董事、总经理中山影石监事子公司珠海影石监事子公司香港影石董事子公司德国影石董事子公司香港影石科技董事子公司荷兰岚锋科技董事子公司美国影石科技董事、CEO、CFO、公司秘书子公司3贾顺董事、核心技术人员顺势电子执行董事、经理子公司前海影石执行董事、经理子公司4陈永强董事深圳斓枫科技有限公司监事岚沣管理的执行事务合伙人
STAR002,688775,影石创新,STAR002_688775_影石创新科技股份有限公司_招股说明书.pdf,121,pe_fund,私募基金;执行事务合伙人,限合伙）执行事务合伙人委派代表公司独立董事担任执行事务合伙人委派代表的企业上海自友松鼠投资中心（有限合伙）执行事务合伙人委派代表公司独立董事担任执行事务合伙人委派代表的企业光合新知（北京）科技有限公司董事公司独立董事担任董事的企业信良记食品科技（北京）有限公司董事公司独立董事担任董事的企业哔哩哔哩股份有限公司独立董事公司独立董事担任独立董事的企业北京峰瑞正嘉私募基金管理有限公司执行董事公司独立董事担任执行董事的企业上海达达文化传播有限公司董事公司独立董事担任董事的企业上海肇观电子科技有限公司董事公司独立董事担任董事的企业久奈（天津）健康用品有限公司副董事长公司独立董事担任副董事长的企业深圳众库网络信息技术有限公司董事公司独立董事担任董事的企业上海短酷科技有限公司董事公司独立董事担任董事的企业上海均梦网络科技有限公司董事公司独立董事担任董事的企业武汉两点十分文化传播有限公司董事公司独立董事担任董事的企业南京峰瑞启航德见科创投资合伙企业（有限合伙）执行事务合伙人委派代表公司独立董事担任执行事务合伙人委派代表的企业北京声智科技有限公司董事公司独立董事担任董事的企业
STAR002,688775,影石创新,STAR002_688775_影石创新科技股份有限公司_招股说明书.pdf,122,gp_lp,执行事务合伙人,影石创新科技股份有限公司招股说明书1-1-122序号姓名公司职务任职的其他单位其他单位职务兼职单位与本公司关系成都峰睿天投创业投资中心（有限合伙）执行事务合伙人委派代表公司独立董事担任执行事务合伙人委派代表的企业昆山峰瑞股权投资中心（有限合伙）执行事务合伙人委派代表公司独立董事担任执行事务合伙人委派代表的企业泉州市峰睿股权投资合伙企业（有限合伙）执行事务合伙人委派代表公司独立董事担任执行事务合伙人委派代表的企业泉州市峰瑞投资管理有限公司执行董事兼总经理公司独立董事担任执行董事兼总经理的企业共青城峰瑞投资合伙企业（有限合伙）执行事务合伙人委派代表公司独立董事担任执行事务合伙人委派代表的企业上海创予创业投资有限公司董事长公司独立董事担任董事长的企业南京峰瑞股权投资管理中心（有限合伙）执行事务合伙人委派代表公司独立董事担任执行事务合伙人委派代表的企业北京炎明生物科技有限公司董事公司独立董事担任董事的企业杭州米谟科技有限公司董事公司独立董事担任董事的企业深圳市瞳学科技有限公司董事公司独立董事担任董事的企业深圳市米澜生物科技有限公司董事公司独立董事担任董事的企业深圳有哈科技有限公司董事公司独立董事担任董事的企业合肥万物可爱健康食品有限公司董事公司独立董事担任董事的企业昆山峰越智远企业管理咨询合伙企业（有限合伙）执行事务合伙人委派代表公司独立董事担任执行事务合伙人委派代表的企业昆
STAR002,688775,影石创新,STAR002_688775_影石创新科技股份有限公司_招股说明书.pdf,123,gp_lp,执行事务合伙人,影石创新科技股份有限公司招股说明书1-1-123序号姓名公司职务任职的其他单位其他单位职务兼职单位与本公司关系玛士撒拉（上海）生物科技有限公司董事公司独立董事担任执行董事的企业苏州峰瑞睿佳创业投资中心（有限合伙）执行事务合伙人委派代表公司独立董事担任执行事务合伙人委派代表的企业昆山峰睿淀山湖投资管理中心（有限合伙）执行事务合伙人委派代表公司独立董事担任执行事务合伙人委派代表的企业上海峰瑞睿佳投资中心（有限合伙）执行事务合伙人委派代表公司独立董事担任执行事务合伙人委派代表的企业南京峰瑞创越投资合伙企业（有限合伙）执行事务合伙人委派代表公司独立董事担任执行事务合伙人委派代表的企业北京昆睿美诺管理咨询服务合伙企业（有限合伙）执行事务合伙人委派代表公司独立董事担任执行事务合伙人委派代表的企业上海优银睿河管理咨询合伙企业（有限合伙）执行事务合伙人委派代表公司独立董事担任执行事务合伙人委派代表的企业苏州峰瑞越佳投资合伙企业（有限合伙）执行事务合伙人委派代表公司独立董事担任执行事务合伙人委派代表的企业上海睿优璟晟管理咨询合伙企业（有限合伙）执行事务合伙人委派代表公司独立董事担任执行事务合伙人委派代表的企业深圳逐际动力科技有限公司董事公司独立董事担任董事的企业厦门国际信托有限公司独立董事公司独立董事担任独立董事的企业北京源络科技有限公司董事公司独立董事担任董事的企业上海后狸企业管理中心（有限合伙）执行事务合伙人委派代表公司独立董事担任执行事务合伙人
STAR002,688775,影石创新,STAR002_688775_影石创新科技股份有限公司_招股说明书.pdf,124,gp_lp,执行事务合伙人;员工持股平台,影石创新科技股份有限公司招股说明书1-1-124序号姓名公司职务任职的其他单位其他单位职务兼职单位与本公司关系北京睿佳泉悦管理咨询服务合伙企业（有限合伙）执行事务合伙人委派代表公司独立董事担任执行事务合伙人委派代表的企业8郑滔独立董事南京大学教授-南京致知恒网络信息技术有限公司监事公司独立董事担任监事的企业江苏码客信息科技有限公司执行董事兼总经理公司独立董事担任执行董事兼总经理的企业南京一芯科技有限公司监事公司独立董事担任监事的企业好来门计算机软件（北京）有限公司南京办事处负责人公司独立董事担任负责人的企业9宋小宁独立董事中山大学教授-广州鹏辉能源科技股份有限公司独立董事公司独立董事担任独立董事的企业广州高澜节能技术股份有限公司独立董事公司独立董事担任独立董事的企业10姜文杰监事会主席、核心技术人员前海影石监事子公司一路高飞监事子公司上海影石监事子公司广州影石执行董事、经理子公司珠海影翎执行董事、经理子公司11张丽监事中证投资执行总经理股东12黄蔚财务负责人岚烽管理执行事务合伙人公司股东（员工持股平台之一）深圳影石监事子公司珠海影翎财务负责人子公司13厉扬董事会秘书深圳影石执行董事、总经理子公司截至2024年12月31日，公司董事、监事、高级管理人员、核心技术人员除上述表格中披露的兼职关系外，无在其他单位任职的情形。
STAR002,688775,影石创新,STAR002_688775_影石创新科技股份有限公司_招股说明书.pdf,131,employee_platform,员工持股平台;核心员工,金未缴纳的原因为：（1）新入职员工当月15日或以前入职，公司为其缴纳住房公积金，15日以后入职公司下月开始缴纳；（2）在公司境内工作的外籍员工无需缴纳住房公积金。根据深圳市住房公积金管理中心出具的证明，报告期内，公司不存在因违法违规而被处罚的情况。十九､公司已执行的股权激励及其他制度安排和执行情况（一）股权激励相关安排公司注重核心员工的稳定和激励，设立了五个员工持股平台。其中，控股股东北京岚锋主要是创始团队的持股平台；岚沣管理、岚烽管理、澜烽管理和澜烽一号为后期加入员工的持股平台。截至本招股说明书签署日，通过北京岚锋、岚沣管理、岚烽管理、澜烽管理和澜烽一号持有公司股份的情况如下：1、北京岚锋关于北京岚锋的具体情况，参见本招股说明书“第四节公司基本情况”之
STAR002,688775,影石创新,STAR002_688775_影石创新科技股份有限公司_招股说明书.pdf,132,gp_lp,执行事务合伙人;普通合伙人;有限合伙人;合伙人类型;出资比例;员工持股平台,股股东及一致行动人、实际控制人的基本情况”之“2、控股股东一致行动人的基本情况”。3、岚烽管理企业名称岚烽管理咨询（深圳）合伙企业（有限合伙）成立时间2018年3月9日认缴出资额39.37万元实缴出资额39.37万元统一社会信用代码91440300MA5F12UF4J注册地和主要经营地深圳市宝安区新安街道海旺社区兴业路1100号金利通金融中心大厦2栋1107执行事务合伙人黄蔚主营业务员工持股平台截至本招股说明书签署日，岚烽管理各合伙人的出资情况如下：序号合伙人姓名任职情况合伙人类型出资比例（%）1黄蔚财务负责人普通合伙人23.62212MICHAELDANIELSHABUN北美市场总监有限合伙人11.81103高瑞东相机工程负责人有限合伙人11.81104苏文资深工业设计师有限合伙人9.44895叶展军高级硬件研发工程师有限合伙人7.87406刘靖康董事长、产品中心及技术中心负责人有限合伙人3.93707张海瑶高级市场经理有限合伙人3.93708魏天邑离职前曾任创意策划经理有限合伙人3.93709王邦晖区域销售总监有限合伙人3.937010谢朝毅资深感知算法工程师有限合伙人3.937011蔡锦霖研究院高级项目经理有限合伙人3.9370
STAR002,688775,影石创新,STAR002_688775_影石创新科技股份有限公司_招股说明书.pdf,133,gp_lp,执行事务合伙人;普通合伙人;有限合伙人;合伙人类型;出资比例;员工持股平台,理合伙人何嘉宇离职，刘靖康受让了其持有的岚烽管理的3.9370%的份额4、澜烽管理企业名称澜烽管理咨询（深圳）合伙企业（有限合伙）成立时间2018年7月2日认缴出资额316.1921万元实缴出资额316.1921万元统一社会信用代码91440300MA5F75052W注册地和主要经营地深圳市宝安区新安街道海旺社区兴业路1100号金利通金融中心大厦2栋1106执行事务合伙人段优国主营业务员工持股平台截至本招股说明书签署日，澜烽管理各合伙人的出资情况如下：序号合伙人姓名/名称任职情况合伙人类型出资比例（%）1段优国销售副总裁普通合伙人5.88252澜烽一号-有限合伙人6.53623肖龙报研究院工程总监有限合伙人5.14524张圭狄品牌总监有限合伙人4.90215齐志宇产品经理有限合伙人4.41196MACKINNONELIASMCKAY全球公关总监有限合伙人3.92177RICHTERMAXIMILIANHARDY海外市场副总裁有限合伙人3.92178季乐凯产品线负责人、资深产品经理有限合伙人2.94139郭灼离职前任资深产品经理有限合伙人2.941310彭文学移动开发经理有限合伙人2.777511朱力FCP工程总监有限合伙人2.745212郑俊iOS系统主管有限合伙人2.5491
STAR002,688775,影石创新,STAR002_688775_影石创新科技股份有限公司_招股说明书.pdf,134,gp_lp,有限合伙人;合伙人类型;出资比例,影石创新科技股份有限公司招股说明书1-1-134序号合伙人姓名/名称任职情况合伙人类型出资比例（%）13谭常清嵌入式经理有限合伙人2.549114瞿锦泰离职前曾任嵌入式软件主管有限合伙人2.549115何高远离职前曾任高级产品经理有限合伙人2.451116彭莎离职前曾任人力资源总监有限合伙人1.960817姜鹏基硬件经理有限合伙人1.960818司振廷职工代表监事、产品线负责人、广告投放、BIT及CMI负责人有限合伙人1.960819李建新结构设计经理有限合伙人1.960820曹宇钦北美市场运营总监有限合伙人1.960821谢亮FCP负责人有限合伙人1.960822陈聪离职前任高级视觉算法工程师有限合伙人1.960823厉扬董事会秘书、资深法务总监有限合伙人1.960824袁跃产品线负责人、市场总监有限合伙人1.960825余荣春供应链总监有限合伙人1.960826杨林品质经理有限合伙人1.764827付迪高级采购经理有限合伙人1.715728张爽人力资源经理有限合伙人1.568729刘靖康董事长、产品中心及技术中心负责人有限合伙人1.470630丁明应用软件经理有限合伙人1.470631李岸鸿离职前曾任高级市场经理有限合伙人1.470632刘心韵离职前曾任高级市场经理有限合伙人1.470633范建聪高级嵌入式软件工程师有限合伙人1.4706
STAR002,688775,影石创新,STAR002_688775_影石创新科技股份有限公司_招股说明书.pdf,135,gp_lp,执行事务合伙人;普通合伙人;有限合伙人;合伙人类型;出资比例;员工持股平台,莉离职，刘靖康受让了上述三人持有的澜烽管理共计1.4706%的份额5、澜烽一号企业名称澜烽一号投资咨询（深圳）合伙企业（有限合伙）成立时间2019年12月26日认缴出资额20.6660万元实缴出资额20.6660万元统一社会信用代码91440300MA5G11Y80B注册地和主要经营地深圳市宝安区新安街道海旺社区兴业路1100号金利通金融中心大厦2栋1104执行事务合伙人刘靖康主营业务员工持股平台截至本招股说明书签署日，澜烽一号各合伙人的出资情况如下：序号合伙人姓名任职情况合伙人类型出资比例（%）1刘靖康董事长、产品中心及技术中心负责人普通合伙人39.24822袁博离职前曾任硬件研发总监有限合伙人3.75013谭坤图像效果部负责人有限合伙人7.50024何可辉高级结构工程师有限合伙人7.5002
STAR002,688775,影石创新,STAR002_688775_影石创新科技股份有限公司_招股说明书.pdf,136,gp_lp,执行事务合伙人;有限合伙人;合伙人类型;出资比例;回购,队的持股平台，按照控股股东要求锁定36个月，未对限售期、离职限制等进行约定。岚沣管理、岚烽管理、澜烽管理和澜烽一号为后期加入员工的持股平台，约定均锁定36个月，限售期、离职限制具体约定如下：序号对应持股平台限售期离职限制条款1澜烽管理锁定期内，激励对象受让的持股平台财产份额应予锁定，激励对象不得转让、赠与、质押或以其他形式处分持股平台的财产份额，但经持股平台执行事务合伙人书面同意的除外激励对象在与任职单位约定的服务期限未满情况下自己主动申请辞职的，自乙方主动申请辞职之日起三十个工作日内，执行事务合伙人或其指定第三方均有权以乙方实际支付的原始出资额扣除乙方已分得的全部利润回购价格回购乙方持有持股平台出资份额；在公司首次公开发2澜烽一号3岚烽管理4岚沣管理
STAR002,688775,影石创新,STAR002_688775_影石创新科技股份有限公司_招股说明书.pdf,137,special_terms,回购,"影石创新科技股份有限公司招股说明书1-1-137序号对应持股平台限售期离职限制条款行股票并上市成功前，如激励对象自己主动申请辞职的，公司将予以回购或处置安排（二）股权激励对公司的影响截至本招股说明书签署日，除上述已实施完毕的员工持股计划，公司本次公开发行前不存在其他已经制定或实施的股权激励及相关安排，亦不存在上市后的行权安排。1、对公司经营情况的影响通过实施股权激励，公司建立、健全了激励机制，充分调动了公司中高层管理人员及骨干员工的工作积极性，有利于提高公司的经营效率，助力公司长远发展。2、对公司财务状况的影响对于创始团队的持股平台北京岚锋，由于公司未对限售期、离职限制等进行约定，公司的股权激励会计处理为授予日一次性确认股份支付。对于持股平台岚沣管理、岚烽管理、澜烽管理和澜烽一号，由于员工在公司上市前发生离职的，不能享受按公允价格转让股权的收益，该条款构成可行权条件中的服务期限条件，公司的股权激励会计处理为在等待期（授予日至预计上市日（2022年12月31日））内分期摊销确认股份支付。报告期内，公司分别确认股份支付费用1,446.04万元、46.83万元和74.25万元，具体情况如下：单位：万元股份支付2024年度2023年度2022年度销售费用--356.84管理费用74.2546.83514.69研发费用--574.51合计74.2546.831,446.04"
STAR002,688775,影石创新,STAR002_688775_影石创新科技股份有限公司_招股说明书.pdf,153,toc,目录,合的方式确定采购数量。采购部按照公司销售计划和订单量并结合预期销售规模确定生产规模、周期及原材料需求量，再根据原材料供货周期组织分批采购。在供应商选取方面，公司通过收集供应商的营业执照、体系认证证书、产品认证证书、产品检测合格证明材料、宣传资料等，综合考虑产品质量、交货期、产能、价格等方面的因素，判断供应商是否满足公司基本要求，进而选择优质厂商列入合格供应商目录。（2）采购流程公司采购流程包括采购需求申请及审批、询价及比价/议价、签订采购合同/订单、交货检验及入库、财务处理等步骤。具体流程图如下：
STAR002,688775,影石创新,STAR002_688775_影石创新科技股份有限公司_招股说明书.pdf,301,special_terms,回购,影石创新科技股份有限公司招股说明书1-1-301资产；Ej为报告期回购或现金分红等减少的、归属于公司普通股股东的净资产；M0为报告期月份数；Mi为新增净资产次月起至报告期期末的累计月数；Mj为减少净资产次月起至报告期期末的累计月数；Ek为因其他交易或事项引起的、归属于公司普通股股东的净资产增减变动；Mk为发生其他净资产增减变动次月起至报告期期末的累计月数。报告期发生同一控制下企业合并的，计算加权平均净资产收益率时，被合并方的净资产从报告期期初起进行加权；计算扣除非经常性损益后的加权平均净资产收益率时，被合并方的净资产从合并日的次月起进行加权。计算比较期间的加权平均净资产收益率时，被合并方的净利润、净资产均从比较期间期初起进行加权；计算比较期间扣除非经常性损益后的加权平均净资产收益率时，被合并方的净资产不予加权计算（权重为零）。2、每股收益基本每股收益=P0÷SS=S0＋S1＋Si×Mi÷M0–Sj×Mj÷M0-Sk其中：P0为归属于公司普通股股东的净利润或扣除非经常性损益后归属于普通股股东的净利润；S为发行在外的普通股加权平均数；S0为期初股份总数；S1为报告期因公积金转增股本或股票股利分配等增加股份数；Si为报告期因发行新股或债转股等增加股份数；Sj为报告期因回购等减少股份数；Sk为报告
STAR002,688775,影石创新,STAR002_688775_影石创新科技股份有限公司_招股说明书.pdf,394,history,历次增资,业以借款、代偿债务、代垫款项或者其他方式占用的情况，亦不存在为控股股东、实际控制人及其控制的其他企业担保的情况。五、公司独立运行情况公司具备直接面向市场独立持续经营的能力：（一）资产完整情况公司具备了与生产经营相关的设施及生产系统，合法拥有与生产经营相关的土地、厂房、机器设备以及商标、专利、非专利技术的所有权或使用权，具有独立的采购和销售系统。公司设立及此后历次增资，股东的出资均已足额到位。公司拥有自身独立完整的经营资产，产权明确，与公司股东资产之间界限清晰。截至本招股说明书签署日，公司全部资产均由公司独立拥有或使用，公司股东及其关联方不存在占用公司的资金和其他资源的情形。（二）人员独立情况公司的总经理、财务负责人和董事会秘书等高级管理人员未在控股股东、实际控制人及其控制的其他企业中担任除董事、监事以外的其他职务，不在控股股东、实际控制人及其控制的其他企业领薪；公司的财务人员不在控股股东、实际控制人及其控制的其他企业中兼职。公司建立了独立的人事档案、人事聘用和任免制度以及考核、奖惩制度，与公司员工签订了劳动合同，建立了独立
STAR002,688775,影石创新,STAR002_688775_影石创新科技股份有限公司_招股说明书.pdf,396,employee_platform,员工持股平台,影像设备的研发、生产和销售，产品主要包括消费级智能影像设备、专业级智能影像设备、配件及其他产品等。截至2024年12月31日，公司控股股东、实际控制人及近亲属对外投资的企业及从事的业务情况如下：序号企业名称持股类型持股主体持股比例主要从事业务情况1深圳斓枫科技有限公司控股刘靖康100.00%无实际经营业务2岚沣管理控股刘靖康、深圳斓枫科技有限公司90.35%员工持股平台3一二网络控股刘靖康99.99%持股平台，无实际经营业务4汇智同裕持股刘靖康、一二网络71.57%投资与资产管理5厦门富凯持股刘靖康、一二网络、久谦益（厦门）投资合伙企业（有限合伙）30.00%投资与资产管理6深圳麦高持股刘靖康、一二网络14.28%投资与资产管理7久谦益（厦门）投资合伙企业（有限合伙）控股刘靖康、一二网络99.99%持股平台，无实际经营业务8澜烽一号持股刘靖康39.25%员工持股平台9岚烽管理持股刘靖康3.94%员工持股平台
STAR002,688775,影石创新,STAR002_688775_影石创新科技股份有限公司_招股说明书.pdf,397,employee_platform,员工持股平台,影石创新科技股份有限公司招股说明书1-1-397序号企业名称持股类型持股主体持股比例主要从事业务情况10澜烽管理持股刘靖康、澜烽一号4.04%员工持股平台11一二网络持股潘瑶0.01%持股平台，无实际经营业务12汇智同裕持股潘瑶、一二网络0.01%投资与资产管理13厦门富凯持股潘瑶、一二网络、久谦益（厦门）投资合伙企业（有限合伙）0.0030%投资与资产管理14深圳麦高持股潘瑶、一二网络0.0014%投资与资产管理15久谦益（厦门）投资合伙企业（有限合伙）持股潘瑶、一二网络0.01%持股平台，无实际经营业务16中山市港口镇伟鸿玩具厂控股刘伟文100.00%毛绒玩具生产、销售17伟鸿玩具（香港）有限公司控股刘伟文100.00%玩具贸易18中山市裕鸿包装制品有限公司控股刘伟文80.00%包装制品等产品的生产销售19中山市裕鸿包装制品有限公司持股黄英玉20.00%包装制品等产品的生产销售20中山市晖鸿玩具制品厂（个人独资）控股刘伟文100.00%毛绒玩具生产、销售注：刘伟文系实际控制人刘靖康的父亲，黄英玉系实际控制人刘靖康的母亲，潘瑶系实际控制人刘靖康的配偶、一致行动人公司控股股东及一致行动人、实际控制人及近亲属对外投资企业不存在与公司从事相同或相似业务的情形，与公司不构成同业竞争。（二）关于避免同业竞争的承诺控股股东及一致行动人、实际控制人出具了《关于避免或消除同业竞
STAR002,688775,影石创新,STAR002_688775_影石创新科技股份有限公司_招股说明书.pdf,400,gp_lp,执行事务合伙人,影石创新科技股份有限公司招股说明书1-1-400序号关联方名称关联关系1北京岚锋持有公司29.9376%股份2EARNACE持有公司13.3239%股份3QM101持有公司9.4001%股份4香港迅雷持有公司8.7327%股份5朗玛五号、朗玛六号、朗玛九号、朗玛十四号朗玛五号、朗玛六号、朗玛九号、朗玛十四号系朗玛峰创业投资有限公司作为执行事务合伙人的有限合伙企业，其分别持有公司1.5013%、1.6682%、1.2648%、0.6250%的股份，合计持有公司5.0593%的股份6、直接或间接控制上市公司的法人或其他组织的董事、监事、高级管理人员或其他主要负责人直接或间接控制上市公司的法人为北京岚锋，岚沣管理系北京岚锋的一致行动人，上述企业的董事、监事、高级管理人员或其他主要负责人情况如下：序号关联方名称关联关系1刘靖康公司控股股东北京岚锋的执行董事，公司控股股东的一致行动人岚沣管理的执行事务合伙人委派代表2郭奕滨公司控股股东北京岚锋的监事3潘瑶公司控股股东北京岚锋的经理7、上述第1项至第6项所列关联法人或关联自然人直接或者间接控制的，或者由前述关联自然人（独立董事除外）担任董事、高级管理人员的法人或其他组织，但上市公司及其控股子公司除外（1）控股股东及其一致行动人控制的其他企业无。（2）实际控制人控制或担任董事、高级管理人员的其他企业除控股股东及其一致行动人外，实际控制人控制或担任董事、高级管理人员的其他企业如下：序号关联方名称关联关系1深圳斓枫科技有限公司公司实际控制人刘靖康持有其100.00%的股权，并担任其执行董事、经理2一二网络公司实际控制人刘靖
STAR002,688775,影石创新,STAR002_688775_影石创新科技股份有限公司_招股说明书.pdf,401,gp_lp,执行事务合伙人,影石创新科技股份有限公司招股说明书1-1-401序号关联方名称关联关系合伙）4澜烽一号投资咨询（深圳）合伙企业（有限合伙）公司实际控制人刘靖康持有其39.2482%的份额，并担任其执行事务合伙人（3）直接持有公司5%以上股份的法人或其他组织控制的法人或其他组织（除公司及其控股子公司以外）序号关联方名称关联关系1迅雷计算机（深圳）有限公司香港迅雷持有其100.00%的股权2SMARTCHAINGROWTHPTE.LTD.香港迅雷持有其100.00%的股份4PIKCLOUDPTE.LTDSMARTCHAINGROWTHPTE.LTD.持有其100.00%的股份（4）上述第1项至第6项所列关联自然人直接或间接控制的，或者前述关联自然人（独立董事除外）担任董事、高级管理人员的法人或者其他组织（除公司及其控股子公司以外）除本项（2）所列企业、公司控股股东及其一致行动人外，上述第1项至第6项所列关联自然人直接或间接控制的，或者前述关联自然人（独立董事除外）担任董事、高级管理人员的法人或者其他组织（除公司及其控股子公司以外）如下：序号关联方名称关联关系1上海自友投资管理有限公司公司独立董事李丰直接持有其78.20%的股权2无锡峰睿投资有限公司公司独立董事李丰持有其100.00%的股权3杭州皓睿股权投资有限公司公司独立董事李丰持有其70.00%的股权4昆山峰越荷华企业管理有限公司公司独立董事李丰持有其99.90%的股
STAR002,688775,影石创新,STAR002_688775_影石创新科技股份有限公司_招股说明书.pdf,402,gp_lp,执行事务合伙人,影石创新科技股份有限公司招股说明书1-1-402序号关联方名称关联关系10苏州峰瑞越佳投资合伙企业（有限合伙）公司独立董事李丰间接持有其56.98%的份额，并担任其执行事务合伙人委派代表11上海睿优璟晟管理咨询合伙企业（有限合伙）公司独立董事李丰间接持有其56.98%的份额，并担任其执行事务合伙人委派代表12北京睿佳泉悦管理咨询服务合伙企业（有限合伙）公司独立董事李丰间接持有其3.1476%的份额，并担任其执行事务合伙人委派代表13上海后狸企业管理中心（有限合伙）公司独立董事李丰间接持有其3.0956%的份额，并担任其执行事务合伙人委派代表14南京致知恒网络信息技术有限公司公司独立董事郑滔持有其50%的股权，并担任其监事15江苏码客信息科技有限公司公司独立董事郑滔持有其40%的股权，并担任其执行董事兼总经理16好来门计算机软件（北京）有限公司南京办事处公司独立董事郑滔担任其负责人17北京联盛众赢科技有限公司公司董事童晨担任其董事18苏州叠纸网络科技股份有限公司公司董事童晨担任其董事19北京站酷创意科技有限公司公司董事童晨担任其董事20北京光速时光网络科技有限公司公司董事童晨担任其董事21杭州湘靖网络科技有限公司公司董事童晨担任其董事22青岛一船小鲜食品科技有限公司公司董事童晨担任其董事23OnemenaInternationalLimited公司董事童晨担任其董事24UWinHoldi
STAR002,688775,影石创新,STAR002_688775_影石创新科技股份有限公司_招股说明书.pdf,407,history,股权转让,2--5、关联交易汇总表综上，公司报告期内所发生的全部关联交易如下表所示：单位：万元支付董事、监事、高级管理人员薪酬公司按照劳动合同及相关规定向董事、监事、高级管理人员支付薪酬，属于关联交易向关联方采购商品关联方关联交易内容2024年度2023年度2022年度中山市裕鸿包装制品有限公司采购包材510.88--融光光学采购模具等201.42116.73-关联方股权转让情况关联方交易资产交易对价交易时间交易性质刘亮香港影石国际100.00%股权0.00港元2023年5月纠正子公司设立时登记错误
STAR002,688775,影石创新,STAR002_688775_影石创新科技股份有限公司_招股说明书.pdf,508,special_terms,回购,影石创新科技股份有限公司招股说明书1-1-508五、与投资者保护相关的承诺具体内容（一）股份锁定、持股及减持意向的承诺函1、控股股东及一致行动人关于股份锁定、持股及减持意向的承诺北京岚锋、岚沣管理承诺：（1）自发行人股票上市之日起36个月内，不转让或者委托他人管理本公司/本企业持有的发行人首次公开发行上市前已发行的股份（以下简称“首发前股份”），也不由发行人回购该部分股份；（2）若发行人首次公开发行上市后6个月内股票价格连续20个交易日的收盘价均低于发行价，或者发行人首次公开发行上市后6个月期末收盘价低于发行价（若发行人在首次公开发行上市后6个月内发生派发股利、送红股、转增股本等除息、除权行为，收盘价格将作相应调整），本公司/本企业所持首发前股份的锁定期在原有锁定期限的基础上自动延长6个月；（3）本公司/本企业在上述股份锁定期限届满后减持首发前股份的，将明确并披露发行人的控制权安排，保证发行人的持续稳定经营；（4）本公司/本企业所持首发前股份在上述股份锁定期限届满后24个月内减持的，减持价格不低于发行价（若发行人在首次公开发行上市后至本公司/本企业减持期间发生派发股利、送红股、转增股本等除息、除权行为，发行价将作相应调整）；（5）若发行人上市后存在重大违法情形，触及退市标准的，自相关行政处罚决定或司法裁判做出之日起至发行人股票终止上市前，本公司/本企业承诺不减持发行人股份；（6）本公司/本企业根据自身的资金需求情况减持股份时将认真遵守中国证监会、上海证券交易所有关上市公司股票减持的规定，审慎制定股票减持计划，通过集中竞价交易、大宗交易、协议转让或其他合法方式进行减持，并提前三个
STAR002,688775,影石创新,STAR002_688775_影石创新科技股份有限公司_招股说明书.pdf,509,special_terms,回购,1-509业将在获得收入的5日内将前述收入支付给发行人指定账户；如果因本公司/本企业未履行承诺事项给发行人或者其他投资者造成损失的，本公司/本企业将向发行人或者其他投资者依法承担赔偿责任。2、实际控制人关于股份锁定、持股及减持意向的承诺刘靖康承诺：（1）自发行人股票上市之日起36个月内，不转让或者委托他人管理本人直接或间接持有的发行人首发前股份，也不由发行人回购该部分股份。间接持有的股份包括本人通过北京岚锋创视网络科技有限公司间接持有的23.8202%首发前股份，通过岚沣管理咨询（深圳）合伙企业（有限合伙）和深圳斓枫科技有限公司合计间接持有的3.6744%首发前股份，以及通过澜烽管理咨询（深圳）合伙企业（有限合伙）和澜烽一号投资咨询（深圳）合伙企业（有限合伙）合计间接持有的0.1313%首发前股份，通过岚烽管理间接持有的0.0159%首发前股份，通过厦门富凯创业投资合伙企业（有限合伙）、久谦益（厦门）投资合伙企业（有限合伙）和深圳一二信息网络有限公司间接持有的1.1100%首发前股份，通过深圳汇智同裕投资管理合伙企业（有限合伙）和深圳一二信息网络有限公司间接持有的0.9515%首发前股份，以及通过深圳麦高汇智成长五期股权投资合伙企业（有限合伙）和深圳一二信息网络有限公司间接持有的0.1857%首发前股份（若自本承诺函签署日至本人减持前发生资本公积转增股本或回购注销等事项，则前述首发前股份比例相应调整）；（2）若发行人首次公开发行上市后6个月内股票价格连续20个交易日的收盘价均低于发行价，或者发行人首次公开发行上市后6个月期末收盘价低于发行价（若发行人在首次公开发行上市后6个月内
STAR002,688775,影石创新,STAR002_688775_影石创新科技股份有限公司_招股说明书.pdf,510,shareholder,发行人股东;持有发行人;回购,股票终止上市前，本人承诺不减持发行人股份；（7）本人根据自身的资金需求情况减持股份时将认真遵守中国证监会、上海证券交易所有关上市公司股票减持的规定，审慎制定股票减持计划，通过集中竞价交易、大宗交易、协议转让或其他合法方式进行减持，并提前三个交易日通知发行人予以公告；（8）本人将忠实履行上述承诺，并承担相应的法律责任，若不履行本承诺所赋予的义务和责任，本人将在发行人股东大会及指定的披露媒体上公开就未履行股票锁定期承诺向发行人股东和社会公众投资者道歉；若本人因未履行承诺而获得收入的，所得收入归发行人所有，本人将在获得收入的5日内将前述收入支付给发行人指定账户；如果因本人未履行承诺事项给发行人或者其他投资者造成损失的，本人将向发行人或者其他投资者依法承担赔偿责任。3、实际控制人配偶、一致行动人潘瑶关于股份锁定、持股及减持意向的承诺潘瑶承诺：（1）自发行人股票上市之日起36个月内，不转让或者委托他人管理本人持有的发行人首次公开发行上市前已发行的股份，也不由发行人回购该部分股份。（2）若发行人首次公开发行上市后6个月内股票价格连续20个交易日的收盘价均低于发行价，或者发行人首次公开发行上市后6个月期末收盘价低于
STAR002,688775,影石创新,STAR002_688775_影石创新科技股份有限公司_招股说明书.pdf,511,special_terms,回购,本人因未履行承诺而获得收入的，所得收入归发行人所有；如果因本人未履行承诺事项给发行人或者其他投资者造成损失的，本人将向发行人或者其他投资者依法承担赔偿责任。4、实际控制人控制的公司一二网络关于股份锁定、持股及减持意向的承诺一二网络承诺：（1）自发行人股票上市之日起36个月内，不转让或者委托他人管理本公司持有的发行人首次公开发行上市前已发行的股份，也不由发行人回购该部分股份。（2）本公司根据自身的资金需求情况减持股份时将认真遵守中国证监会、上海证券交易所有关上市公司股票减持的规定，审慎制定股票减持计划，通过集中竞价交易、大宗交易、协议转让或其他合法方式进行减持。（3）本公司将忠实履行上述承诺，并承担相应的法律责任。若本公司因未履行承诺而获得收入的，所得收入归发行人所有；如果因本公司未履行承诺事项给发行人或者其他投资者造成损失的，本公司将向发行人或者其他投资者依法承担赔偿责任。5、除控股股东及其一致行动人外，持股5%以上股东关于股份锁定、持股及减持意向的承诺EARNACE、QM101、香港迅雷、朗玛五号、朗玛六号、朗玛九号、朗玛十四号承诺：（1）自发行人股票上市之日起12个月内，不转让或者委托他人管理本公
STAR002,688775,影石创新,STAR002_688775_影石创新科技股份有限公司_招股说明书.pdf,512,special_terms,回购,影石创新科技股份有限公司招股说明书1-1-512司/本企业持有的发行人首发前股份，也不由发行人回购该部分股份；（2）本公司/本企业根据自身的资金需求情况减持股份时将认真遵守中国证监会、上海证券交易所有关上市公司股票减持的规定，审慎制定股票减持计划，通过集中竞价交易、大宗交易、协议转让或其他合法方式进行减持；（3）本公司/本企业将忠实履行上述承诺，并承担相应的法律责任。若本公司/本企业因未履行承诺而获得收入的，所得收入归发行人所有；如果因本公司/本企业未履行承诺事项给发行人或者其他投资者造成损失的，本公司/本企业将向发行人或者其他投资者依法承担赔偿责任。6、其他股东关于股份锁定、持股及减持意向的承诺华金同达、厦门富凯、伊敦传媒、领誉基石、中证投资、金石智娱、芜湖旷沄、天正投资、深圳麦高、利得鑫投、华金创盈、威明投资、山东龙兴、知盛投资承诺：（1）自发行人股票上市之日起12个月内，不转让或者委托他人管理本公司/本企业持有的发行人首发前股份，也不由发行人回购该部分股份；（2）如本公司/本企业减持首发前股份，将根据中国证监会或交易所规定通知公司减持事宜并予以公告后，再实施减持计划。减持将按照法律法规及证券交易所的相关规则要求进行。汇智同裕承诺：（1）自发行人股票上市之日起36个月内，不转让或者委托他人管理本企业持有的发行人首
STAR002,688775,影石创新,STAR002_688775_影石创新科技股份有限公司_招股说明书.pdf,513,shareholder,持有发行人;回购,创新科技股份有限公司招股说明书1-1-513事宜并予以公告后，再实施减持计划。减持将按照法律法规及证券交易所的相关规则要求进行。澜烽管理承诺：（1）自发行人股票上市之日起36个月内，不转让或者委托他人管理本企业持有的发行人首发前股份，也不由发行人回购该部分股份；（2）自发行人股票上市之日起36个月内，不转让或者委托他人管理发行人实际控制人刘靖康通过本企业间接持有发行人0.1313%的首发前股份，也不由发行人回购该部分股份（若自本承诺函签署日至本企业减持前发生资本公积转增股本或回购注销等事项，则前述首发前股份比例相应调整）；（3）如本企业减持首发前股份，将根据证监会或交易所规定通知公司减持事宜并予以公告后，再实施减持计划。减持将按照法律法规及证券交易所的相关规则要求进行。澜烽一号承诺：（1）自发行人股票上市之日起36个月内，不转让或者委托他人管理本企业间接持有的发行人首发前股份，也不由发行人回购该部分股份；（2）如本企业减持首发前股份，将根据证监会或交易所规定通知公司减持事宜并予以公告后，再实施减持计划。减持将按照法律法规及证券交易所的相关规则要求进行。7、除实际控制人外，直接或间接持有发行人股份的董事、高级管理人员关于股份锁定、持股及减持意向的承诺公司董事、高级管理人员刘亮、贾顺、陈永强、黄蔚、厉扬承诺：（1）自发行人股票上市之日起12个月内，不转让或者委托他人管理本人持有的发行人首发前股份，也不由发行人回购该部分股份；（2）若发行人首次公开发行上市后6个月内股票价格连续20个交易日的收盘价均低于发行价，或者发行人首次公开发行上市后6个月期末收盘价低于发行价（若发行人在首次公开
STAR002,688775,影石创新,STAR002_688775_影石创新科技股份有限公司_招股说明书.pdf,514,shareholder,持有发行人;回购,影石创新科技股份有限公司招股说明书1-1-514定期在原有锁定期限的基础上自动延长6个月；（3）本人所持首发前股份在上述股份锁定期限届满后24个月内减持的，减持价格不低于发行价（若发行人在首次公开发行上市后至本人减持期间发生派发股利、送红股、转增股本等除息、除权行为，发行价将作相应调整）；（4）在上述锁定期届满后，任职期间每年转让的股份不超过本人持有发行人股份总数的25%；在离职之日起半年内不转让本人持有的发行人股份；本人在任期届满前离职的，应当在就任时确定的任期内以及任期届满后六个月内，继续遵守上述限制性规定；本人因担任发行人董事、高级管理人员作出的上述承诺，不因职务变更、离职等原因而放弃履行；（5）若发行人上市后存在重大违法情形，触及退市标准的，自相关行政处罚决定或司法裁判做出之日起至发行人股票终止上市前，本人承诺不减持发行人股份；（6）本人根据自身的资金需求情况减持股份时将认真遵守中国证监会、上海证券交易所有关上市公司股票减持的规定，审慎制定股票减持计划，并提前三个交易日通知发行人予以公告；（7）本人将忠实履行上述承诺，并承担相应的法律责任。若本人因未履行承诺而获得收入的，所得收入归发行人所有，本人将在获得收入的5日内将前述收入支付给发行人指定账户；如果因本人未履行承诺事项给发行人或者其他投资者造成损失的，本人将向发行人或者其他投资者依法承担赔偿责任。8、直接或间接持有发行人股份的监事关于股份锁定、持股及减持意向的承诺公司监事姜文杰、司振廷承诺：（1）自发行人股票上市之日起12个月内，不转让或者委托他人管理本人持有的发行人首发前股份，也不由发行人回购该部分股份
STAR002,688775,影石创新,STAR002_688775_影石创新科技股份有限公司_招股说明书.pdf,515,shareholder,持有发行人;回购,规定，审慎制定股票减持计划，并提前三个交易日通知发行人予以公告；（5）本人将忠实履行上述承诺，并承担相应的法律责任。若本人因未履行承诺而获得收入的，所得收入归发行人所有，本人将在获得收入的5日内将前述收入支付给发行人指定账户；如果因本人未履行承诺事项给发行人或者其他投资者造成损失的，本人将向发行人或者其他投资者依法承担赔偿责任。9、除实际控制人外，直接或间接持有发行人股份的核心技术人员关于股份锁定、持股及减持意向的承诺公司核心技术人员贾顺、姜文杰、陈聪（已离职）、肖龙报承诺：（1）自发行人股票上市之日起12个月内和离职后6个月内，不转让或者委托他人管理本人持有的发行人首发前股份，也不由发行人回购该部分股份；（2）在上述锁定期届满之日起4年内，本人每年转让的首发前股份不超过上市时所持发行人首发前股份总数的25%，减持比例可以累积使用；（3）本人根据自身的资金需求情况减持股份时将认真遵守中国证监会、上海证券交易所有关上市公司股票减持的规定，审慎制定股票减持计划，并提前三个交易日通知发行人予以公告；（4）本人将忠实履行上述承诺，并承担相应的法律责任。若本人因未履行承诺而获得收入的，所得收入归发行人所有，本人将在获得收入的5日内将前述收入支付给发行人指定账户；如果因本人未履行承诺事项给发行人或者其他投资者造成损失的，本人将向发行人或者其他投资者依法承担赔偿责任。
STAR002,688775,影石创新,STAR002_688775_影石创新科技股份有限公司_招股说明书.pdf,516,special_terms,回购,司股票正式挂牌上市之日起3年内，若公司股票连续20个交易日的收盘价（如果因派发现金红利、送股、转增股本、增发新股等原因进行除权、除息的，须按照上海证券交易所的有关规定作相应调整，下同）均低于公司上一个会计年度终了时经审计的每股净资产，在不会导致公司股权结构不符合上市条件的前提下，启动稳定股价措施。2、稳定股价预案的措施及顺序股价稳定措施及顺序如下：（1）公司回购股票；（2）公司控股股东、实际控制人增持公司股票；（3）董事（不含独立董事）、高级管理人员增持公司股票。选用前述方式时应考虑：（1）不能导致公司不满足法定上市条件；（2）不能迫使控股股东、实际控制人、董事（不含独立董事）或高级管理人员履行要约收购义务。股价稳定措施的实施顺序如下：第一选择为公司回购股票；第二选择为控股股东、实际控制人增持公司股票。启动该选择的条件为：在公司回购股票方案实施完成后，如公司股票仍未满足连续3个交易日的收盘价均已高于公司最近一期经审计的每股净资产值之条件，并且控股股东增持股票不会致使公司将不满足法定上市条件；第三选择为董事（不含独立董事）、高级管理人员增持公司股票。启动该选择的条件为：在控股股东增持公司股票方案实施完成后，如公司股票仍未满足连续3个交易日的收盘价均已高于公司最近一期经审计的每股净资产值之条件，并且董事（不含独立董事）、高级管理人员增持公司股票不会致使公司将不满足法定上市条件或触发董事（不含独立董事）、高级管理人员的要约收购义务。3、稳定股价的具体措施当上述启动股价稳定措施的条件成熟时，将及时采取以下部分或全部措施
STAR002,688775,影石创新,STAR002_688775_影石创新科技股份有限公司_招股说明书.pdf,517,special_terms,回购,影石创新科技股份有限公司招股说明书1-1-517稳定公司股价：（1）公司回购公司为稳定股价之目的回购股份应符合相关法律、法规及交易所相关文件的规定，且不应导致公司股权分布不符合上市条件，并依法履行有关回购股份的具体程序，及时进行信息披露。公司股东大会对回购股份作出决议，须经出席会议的股东所持表决权的2/3以上通过，公司控股股东、实际控制人承诺就该等回购事宜在股东大会中以其控制的股份投赞成票。公司用于回购股份的资金总额累计不超过公司首次公开发行新股所募集的资金总额，单次用于回购股份的资金不少于500万元，单次回购股份不超过公司总股本的1%，回购股份的价格不超过最近一期经审计的每股净资产。（2）控股股东、实际控制人增持公司控股股东、实际控制人为稳定股价之目的增持公司股份应符合相关法律、法规及交易所相关文件的规定，且不应导致公司股权分布不符合上市条件，并依法履行相应程序，及时进行信息披露。公司控股股东、实际控制人承诺：单次用于增持股份的资金金额不低于自公司上市后累计从公司所获得现金分红金额的20%；单一年度用于增持股份的资金不超过自公司上市后累计从公司所获得现金分红金额的70%；增持公司股份的价格不超过最近一期经审计的每股净资产。（3）董事（不含独立董事）、高级管理人员增持在公司任职并领取薪酬的公司董
STAR002,688775,影石创新,STAR002_688775_影石创新科技股份有限公司_招股说明书.pdf,518,special_terms,回购,影石创新科技股份有限公司招股说明书1-1-518现金分红的50%。公司在首次公开发行股票并上市后3年内聘任新的董事（不含独立董事）、高级管理人员前，将要求其签署承诺书，保证其履行公司首次公开发行并上市时董事（不含独立董事）、高级管理人员已做出的相应承诺。（4）稳定股价措施的启动程序①公司回购公司董事会应在稳定股价措施启动条件触发之日起15个交易日内，作出实施回购股份或不实施回购股份的决议；公司董事会应当在做出决议后2个交易日内公告董事会决议、回购股份预案（应包括回购的数量范围、价格区间、完成时间等信息）或不回购股份的理由，并发布召开股东大会的通知；经股东大会决议通过实施回购的，应在履行完毕法律法规规定的程序后30日内实施完毕；公司回购方案实施完毕后，应在2个交易日内公告公司股份变动报告，并依法注销所回购的股份，办理工商变更登记手续；公司董事会公告回购股份预案后，公司股票若连续5个交易日收盘价超过最近一期经审计的每股净资产值时，公司董事会可以做出决议终止回购股份事宜。②控股股东、实际控制人增持公司控股股东、实际控制人应在稳定股价措施启动条件触发之日起10个交易日内，就其增持公司股票的具体计划（包括拟增持的数量范围、价格区间、完成时间等信息）书面通知公司并进行公告；公司控股股东、实际控制人增持股份应在履行完毕法律法规规定的程序后30日内实施完毕。③董事（不含独立董事）、高级管理人员增持董事（不含独立董事）、高级管理人员应在稳定股价措施启动条件触发之日
STAR002,688775,影石创新,STAR002_688775_影石创新科技股份有限公司_招股说明书.pdf,520,special_terms,回购,影石创新科技股份有限公司招股说明书1-1-520（三）股份回购和股份购回的措施和承诺发行人、控股股东及一致行动人、实际控制人关于股份回购和股份购回的措施和承诺：若招股说明书存在虚假记载、误导性陈述或者重大遗漏，并对判断公司是否符合法律、法规、规范性文件规定的首次公开发行股票并在科创板上市的发行条件构成重大、实质影响的，本公司/本企业/本人将依法回购首次公开发行时由公司公开发售的全部股份。具体措施为：在中国证监会对公司作出正式的行政处罚决定并认定公司存在上述违法行为后，本公司/本企业/本人将依法启动回购股份的程序，回购价格按公司首次公开发行的发行价格并加算银行同期存款利息确定，回购股份数按公司首次公开发行时发售的全部股份数确定，并按法律、法规、规范性文件的相关规定办理手续。（四）对欺诈发行上市的股份购回承诺发行人、控股股东及一致行动人、实际控制人关于对欺诈发行上市的股份购回承诺：公司申请首次公开发行股票并在科创板上市的相关申报文件所披露的信息真实、准确、完整，不存在欺诈发行的情形。若中国证券监督管理委员会、上海证券交易所或其他有权机关认定公司存在欺诈发行行为，导致对判断公司是否符合法律规定的发行条件构成重大、实质影响的，本公司/本企业/本人将在中国证券监督管理委员会等有权部门确认后5
STAR002,688775,影石创新,STAR002_688775_影石创新科技股份有限公司_招股说明书.pdf,527,special_terms,回购,本企业承诺招股说明书不存在虚假记载、误导性陈述或者重大遗漏，如因招股说明书及其他信息披露资料存在虚假记载、误导性陈述或者重大遗漏，致使投资者在证券发行和交易中遭受损失，本公司/本企业将依法赔偿投资者损失；（2）如招股说明书存在虚假记载、误导性陈述或者重大遗漏，对判断发行人是否符合法律规定的发行条件构成重大、实质影响的，本公司/本企业将在20个交易日内启动依法回购其首次公开发行的全部新股。2、实际控制人关于依法承担赔偿或赔偿责任的承诺：（1）本人承诺发行人招股说明书不存在虚假记载、误导性陈述或者重大遗漏，如因发行人招股说明书及其他信息披露资料存在虚假记载、误导性陈述或者重大遗漏，致使投资者在证券发行和交易中遭受损失，本人将依法赔偿投资者损失；（2）如发行人招股说明书存在虚假记载、误导性陈述或者重大遗漏，对判断发行人是否符合法律规定的发行条件构成重大、实质影响的，本人将在20个交易日内督促发行人启动依法回购其首次公开发行的全部新股事宜；（3）如发行人招股说明书存在虚假记载、误导性陈述或者重大遗漏，对判断发行人是否符合法律规定的发行条件构成重大、实质影响的，本人将在20个交易日内督促发行人控股股东启动依法购回其已转让的原限售股份事宜。
STAR002,688775,影石创新,STAR002_688775_影石创新科技股份有限公司_招股说明书.pdf,528,special_terms,回购,大遗漏，如因发行人招股说明书及其他信息披露资料存在虚假记载、误导性陈述或者重大遗漏，致使投资者在证券发行和交易中遭受损失，且依据终局有效司法判决判定本人需要承担赔偿责任的，本人将依法赔偿投资者损失；（2）如发行人招股说明书存在虚假记载、误导性陈述或者重大遗漏，对判断发行人是否符合法律规定的发行条件构成重大、实质影响的，本人将在20个交易日内督促发行人启动依法回购其首次公开发行的全部新股事宜；（3）如发行人招股说明书存在虚假记载、误导性陈述或者重大遗漏，对判断发行人是否符合法律规定的发行条件构成重大、实质影响的，本人将在20个交易日内督促发行人控股股东、实际控制人启动依法购回其已转让的原限售股份事宜。（八）业绩下滑情形相关承诺1、发行人实际控制人关于业绩下滑情形的承诺本人刘靖康（以下简称“本人”）作为影石创新科技股份有限公司（以下简称“公司”或者“发行人”）的实际控制人，就发行人若出现上市当年及之后第二年、第三年较上市前一年扣除非经常性损益后归母净利润下滑50%以上情形的，本人承诺将按以下方式延长本人届时所持股份的锁定期限：（1）发行人上市当年较上市前一年净利润下滑50%以上的，延长本人届时所持股份锁定期限6个月；（2）发行人上市第二年较上市前一年净利润下滑50%以上的，在前项基础上延长本人届时所持股份锁定期限6个月；（3）发行人上市第三年较上市前一年净利润下滑50%以上的，在前两项基础上延长本人届时所持股份锁定期限6个月。上述“净利润”以扣除非经常性损益后归母净利润为准，“届时所持股份”是指本人上市前取得，上市当年及之后第二年、第三年年报披露时仍持有的股份。
STAR002,688775,影石创新,STAR002_688775_影石创新科技股份有限公司_招股说明书.pdf,530,special_terms,回购,时仍持有的股份。（九）其他承诺事项1、发行人、控股股东及一致行动人、实际控制人、董事、监事、高级管理人员关于招股说明书无虚假记载、误导性陈述或重大遗漏的承诺（1）发行人关于招股说明书无虚假记载、误导性陈述或重大遗漏的承诺：如公司本次公开发行股票的招股说明书有虚假记载、误导性陈述或者重大遗漏，对判断公司是否符合法律规定的发行条件构成重大、实质影响的，公司将依法回购首次公开发行的全部新股。股份回购价格以有关违法事实被有权部门认定之前一个交易日收盘价及公司首次公开发行股票的发行价孰高为原则确定。
STAR002,688775,影石创新,STAR002_688775_影石创新科技股份有限公司_招股说明书.pdf,533,shareholder,持有发行人;执行事务合伙人,"影石创新科技股份有限公司招股说明书1-1-533（1）不存在法律法规规定禁止持股的主体直接或间接持有发行人股份的情形；（2）截至本承诺出具日，中信证券投资有限公司、金石智娱股权投资（杭州）合伙企业（有限合伙）分别直接持有本公司9,112,616股、9,112,486股股份（对应发行前持股比例分别为2.5313%、2.5312%），中信证券投资有限公司、金石智娱股权投资（杭州）合伙企业（有限合伙）的执行事务合伙人中信金石投资有限公司均系本次发行的保荐人和主承销商中信证券股份有限公司的全资子公司，除上述持股情况外，本次发行的中介机构或其负责人、高级管理人员、经办人员不存在直接或间接持有发行人股份的情形；（3）不存在以发行人股权进行不当利益输送的情形；（4）本公司及本公司股东已及时向本次发行的中介机构提供了真实、准确、完整的资料，积极和全面配合了本次发行的中介机构开展尽职调查，依法在本次发行的申报文件中真实、准确、完整地披露了股东信息，履行了信息披露义务；（5）若本公司违反上述承诺，将承担由此引起的一切法律责任。"
STAR002,688775,影石创新,STAR002_688775_影石创新科技股份有限公司_招股说明书.pdf,553,gp_lp,出资比例,如下：公司名称上海亦我信息技术有限公司成立时间2014年3月27日法定代表人PEICAI注册资本541.6667万元实收资本531.6667万元统一社会信用代码9131011409347284XR注册地及主要经营地上海市嘉定区银翔路655号1幢12层1215室主营业务VR看房系统的研发与销售截至2024年12月31日，上海亦我的股权结构情况如下：序号股东名称出资比例（%）出资额（万元）1上海亦房信息技术有限公司69.0185373.85002西藏云百投资管理有限公司9.230850.00003上海同策同鹏房产咨询有限公司7.670841.55004上海瑞家信息技术有限公司6.387734.60005一路高飞（深圳）科技有限公司4.615425.00006芜湖高和地产科技股权投资合伙企业（有限合伙）3.076916.6667合计100.0000541.66672、融光光学2024年9月29日，公司通过增资方式入股融光光学。截至2024年12月31日，融光光学的基本情况如下：公司名称东莞市融光光学有限公司
STAR002,688775,影石创新,STAR002_688775_影石创新科技股份有限公司_招股说明书.pdf,554,gp_lp,出资比例,"影石创新科技股份有限公司招股说明书1-1-554成立时间2021年9月2日法定代表人刘绪明注册资本1,582.80万元实收资本1,076.30万元统一社会信用代码91441900MA573CJW4B注册地及主要经营地广东省东莞市望牛墩镇朱平沙科技二路2号1号楼801室主营业务光学仪器制造截至本招股说明书签署日，融光光学的股权结构情况如下：序号股东名称出资比例（%）出资额（万元）1珠海横琴融燚管理咨询合伙企业（普通合伙）32.0003506.50002影石创新科技股份有限公司20.0000316.56003东莞晶彩光学有限公司15.4625244.74004田强军12.6358200.00005刘绪明12.6358200.00006珠海横琴融焱投资合伙企业（有限合伙）7.2656115.0000合计100.00001,582.8000（五）报告期内注销的子公司、分公司情况1、影石创新科技股份有限公司广州分公司影石创新科技股份有限公司广州分公司曾为公司的分公司，已于2024年5月注销，具体情况如下：公司名称影石创新科技股份有限公司广州分公司成立时间2023年4月23日注销时间2024年5月10日负责人段优国统一社会信用代码91440114MACG3TEAXT住所广州市花都区花城街道凤凰北路63号101室主营业务产品线下零售业务在发行人业务板块中定位线下零售店的运营2、香港影石国际香港影石国际曾为公司的子公司，已于2024年8月注销，具体情况如下："
BSE001,920100,三协电机,BSE001_920100_常州三协电机股份有限公司_招股说明书.pdf,10,toc,目录,1-1-10目录第一节释义............................................................................................................11第二节概览............................................................................................................13第三节风险因素....................................................................................................25第四节发行人基本情况........................................................................................30第五节业务和技术.......................................................................
BSE001,920100,三协电机,BSE001_920100_常州三协电机股份有限公司_招股说明书.pdf,13,shareholder,持有发行人,"类制造业（C）电机制造（CH381）管理型行业分类制造业（C）电气机械和器材制造业（CH38）电机制造（CH381）微特电机及组件制造（CH3813）二、发行人及其控股股东、实际控制人的情况发行人成立于2002年11月7日，于2022年2月28日在全国股转系统挂牌公开转让，于2023年5月19日调整至创新层。截至本招股说明书签署日，发行人控股股东为盛祎，直接持有发行人股份3,344.44万股，持股比例为62.97%。截至本招股说明书签署日，发行人共同实际控制人为盛祎、朱绶青。盛祎与朱绶青为夫妻。盛祎直接持有发行人62.97%的股份；朱绶青直接持有发行人19.49%的股份。盛祎、朱绶青合计控制发行人82.46%的股份。2002年11月至今，盛祎担任三协电机总经理，股份公司成立后担任董事长。综上，认定盛祎、朱绶青为发行人的共同实际控制人。2023年12月12日，盛祎、朱绶青和盛月瑶签署《一致行动协议》。该协议有效期为自签署之日起至公司向不特定合格投资者公开发行股票并上市之日起36个月止。在该协议有效期内，盛祎、朱绶青和盛月瑶对于一致行动相关事项应进行充分沟通并采取一致行动。如盛祎、朱绶青和盛月瑶进行充分沟通协商后，不能达成一致意见的，则应当以盛祎的意见为准，朱绶青、盛月瑶在行使提案权、提名权以及在公司股东大会/董事会上行使表决权时必须与盛祎的意见保持一致。三、发行人主营业务情况公司成立于2002年，是一家研发、制造并销售控制类电机的高新技术企业。公司的主要产品包括步进电机、伺服电机和无刷电机及与其配套的产品，公司控制类电机产品具有体积小、功率密"
BSE001,920100,三协电机,BSE001_920100_常州三协电机股份有限公司_招股说明书.pdf,33,shareholder,发行人股东;持有发行人,"1-1-33四、发行人股东及实际控制人情况（一）控股股东、实际控制人情况1、控股股东、实际控制人的认定截至本招股说明书签署日，发行人控股股东为盛祎，直接持有发行人股份3,344.44万股，持股比例为62.97%。截至本招股说明书签署日，发行人共同实际控制人为盛祎、朱绶青。盛祎与朱绶青为夫妻。盛祎直接持有发行人62.97%的股份；朱绶青直接持有发行人19.49%的股份。盛祎、朱绶青合计控制发行人82.46%的股份。2002年11月至今，盛祎担任三协电机总经理，股份公司成立后担任董事长。综上，认定盛祎、朱绶青为发行人的共同实际控制人。2023年12月12日，盛祎、朱绶青和盛月瑶签署《一致行动协议》。该协议有效期为自签署之日起至公司向不特定合格投资者公开发行股票并上市之日起36个月止。在该协议有效期内，盛祎、朱绶青和盛月瑶对于一致行动相关事项应进行充分沟通并采取一致行动。如盛祎、朱绶青和盛月瑶进行充分沟通协商后，不能达成一致意见的，则应当以盛祎的意见为准，朱绶青、盛月瑶在行使提案权、提名权以及在公司股东大会/董事会上行使表决权时必须与盛祎的意见保持一致。2、控股股东、实际控制人及其一致行动人的基本情况盛祎：中国国籍，无境外永久居留权，男，1973"
BSE001,920100,三协电机,BSE001_920100_常州三协电机股份有限公司_招股说明书.pdf,34,gp_lp,持有发行人;执行事务合伙人;有限合伙人;合伙人类型;出资比例,"工；1998年1月至2019年11月，任中国联合网络通信有限公司靖江市分公司集团部员工；2020年1月至2022年11月，任晟亿电气（上海）有限公司董事长；2011年7月至今历任常州三协电机股份有限公司（含常州市三协电机电器有限公司、常州市三协电机电器股份有限公司）人力资源部经理、顾问，2018年9月至2022年12月，任常州三协电机股份有限公司董事。（二）持有发行人5%以上股份的其他主要股东截至本招股说明书签署日，持有公司5%以上股份的主要股东为盛祎、朱绶青及稳正景明。除控股股东、实际控制人外，持有公司5%以上股份的其他主要股东为稳正景明，持有数量为486.70万股，持股比例为9.16%，具体情况如下：企业名称深圳市稳正景明创业投资企业（有限合伙）统一社会信用代码91440300MA5FY5WG3C成立日期2019年11月25日注册资本5,100万元实缴资本3,162万元企业类型有限合伙企业执行事务合伙人深圳市稳正资产管理有限公司住所深圳市福田区沙头街道天安社区深南大道深铁置业大厦十五层1506主要生产经营地深圳市福田区沙头街道天安社区深南大道深铁置业大厦十五层1506经营范围一般经营项目是：创业投资业务。（法律、行政法规、国务院决定禁止的项目除外，限制的项目须取得许可后方可经营）主营业务创业投资与发行人业务关系无业务关系出资人构成、出资比例合伙人名称合伙人类型出资比例雷赛智能有限合伙人98.0392%"
BSE001,920100,三协电机,BSE001_920100_常州三协电机股份有限公司_招股说明书.pdf,35,pe_fund,股本结构;私募基金;备案编码;基金管理人;普通合伙人;有限合伙人,"14年6月4日完成私募基金管理人备案登记，登记编号P1003586。（三）发行人的股份存在涉诉、质押、冻结或其他有争议的情况截至本招股说明书签署日，发行人的股份不存在涉诉、质押、冻结或其他有争议的情况。（四）控股股东、实际控制人所控制的其他企业情况截至本招股说明书签署日，除发行人及子公司外，盛祎、朱绶青无其他控制的企业。五、发行人股本情况（一）本次发行前后的股本结构情况本次发行前，公司总股本为5,310.93万股，本次发行上市预计向公众发行不超过1,800.00万股（含本数，不考虑公司本次发行的超额配售选择权），或不超过2,070.00万股（含本数，全额行使公司本次发行的超额配售选择权），发行后公众股东持股比例占发行后总股本的比例不低于25%。在不考虑公司本次发行的超额配售选择权的情况下，本次发行前后的股本情况如下表：序号股东姓名发行前发行后股数（股）持股比例（%）股数（股）持股比例（%）1盛祎33,444,43862.9733,444,43847.032朱绶青10,349,72419.4910,349,72414.553稳正景明4,866,9659.164,866,9656.844长泽创投2,447,0354.612,447,0353.445盛月瑶538,2001.01538,2000.766盛松207,0000.39207,0000.297薛小丽207,0000.39207,0000.298倪进宽207,0000.39207,0000.299余方成207,0000.39207,0000.2910吴春扣138,0000.26138,0000.1911陆宇君110,4000.2"
BSE001,920100,三协电机,BSE001_920100_常州三协电机股份有限公司_招股说明书.pdf,37,shareholder,前十名股东;持有发行人;新增股东;私募基金;基金管理人;执行事务合伙人;普通合伙人,"1-1-37（二）本次发行前公司前十名股东情况序号股东姓名/名称担任职务持股数量（万股）限售数量（万股）股权比例（%）1盛祎董事长、总经理3,344.443,344.4462.972朱绶青-1,034.971,034.9719.493稳正景明-486.70486.709.164长泽创投-244.70244.704.615盛月瑶人力资源顾问53.8253.821.016盛松董事、销售总监20.7020.700.397薛小丽董事、财务总监20.7020.700.398倪进宽技术总监20.7020.700.399余方成运营总监20.7020.700.3910吴春扣工程部经理13.8013.800.2611现有其他股东-49.6949.680.94合计-5,310.935,310.92100.00注：现有其他股东中，张雯华持股数为138股，为无限售股，张雯华为通过集合竞价方式持有发行人股票的股东。（三）主要股东间关联关系的具体情况序号关联方股东名称关联关系描述1盛祎、朱绶青盛祎、朱绶青为夫妻关系2盛祎、盛月瑶盛月瑶为盛祎的姐姐3稳正景明、长泽创投稳正景明、长泽创投的普通合伙人、执行事务合伙人、私募基金管理人均为深圳市稳正资产管理有限公司（四）其他披露事项1、申报前"
BSE001,920100,三协电机,BSE001_920100_常州三协电机股份有限公司_招股说明书.pdf,38,history,新增股东,利342425198506******无0.1299制造部经理11董雪强320483198411******无0.0780工程主管12文涛612301197510******无0.0780工艺工程师13付荷庆320722198704******无0.0780技术主管14陈韵320402198807******无0.0260技术主管②入股原因公司申报前12个月新增股东均系通过认购发行人2023年定向发行股票方式入股发行人，入股原因系看好发行人发展前景，提升荣誉感、增强团队凝聚力，激励员工为公司发展做出更大贡献，实现公司快速发展，满足公司战略发展的资金需要，扩大资本实力的同时进一步提升员工努力推动公司发展的获得感。③入股价格及定价依据公司新增股东的入股价格为5.41元/股，入股价格系在充分考虑公司每股净资产及每股收益、公司所处行业及成长性、定向发行股票报告期的权益分派情况等多种因素后确定。（2）新增股东与发行人其他股东、董事、监事、高级管理人员的关联关系截至本招股说明书签署日，新增股东中，盛月瑶系盛祎的姐姐，盛祎与朱绶青系夫妻，盛月瑶系盛祎和朱绶青的一致行动人。除上述情况外，新增股东与发行人其他股东、董事、监事、高级管理人员不存在其他关联关系。（3）新增股东与本次发行的中介机构及其相关人员的关联关系截至本招股说明书签署日，新增股东与本次发行的中介机构及其负责人、高级管理人员、经办人员不存在关联关系。（4）新增股东及其持股主体、其他股东之间是否存在股份代持情形截至本招股说明书签署日，新增股东及其持股主体、其他股东之间不存在股份代持情形。（5）新增股东间以及新增股东的直接或间接控制主体
BSE001,920100,三协电机,BSE001_920100_常州三协电机股份有限公司_招股说明书.pdf,39,pe_fund,持有发行人;历史沿革;新增股东;私募投资基金;私募基金;备案编码;基金管理人,1-1-39截至本招股说明书签署日，公司新增股东间以及新增股东的直接或间接控制主体间不存在一致行动关系。（6）新增股东是否属于战略投资者公司新增股东不属于战略投资者。2、直接持有发行人股份的私募投资基金纳入监管情况直接持有发行人的股东中，稳正景明和长泽创投为私募基金。稳正景明于2020年11月16日在中国证券投资基金业协会备案，备案编码为SNG030；长泽创投于2022年6月27日在中国证券投资基金业协会备案，备案编码为SVU935。稳正景明和长泽创投的基金管理人为深圳市稳正资产管理有限公司，已于2014年6月4日完成私募基金管理人备案登记，登记编号P1003586。3、其他披露情况发行人历史沿革中存在股权代持情况，具体情况参见公司挂牌时于全国股转系统披露的《常州三协电机股份有限公司公开转让说明书》。2021年3月，上述股权代持已解除，涉及代持各方不存在纠纷或潜在纠纷，上述股权代持情况不影响发行人股权有效性，不构成本次发行的实质性法律障碍。截至本招股说明书签署日，公司不存在股权代持的情况。六、股权激励等可能导致发行人股权结构变化的事项截至本招股说明书签署日，公司实施并完成过一次股权激励，不存在其他已经制定或正在实施的股权激励计划及相关安排，已完成的一次股权激励详见本招股说明书“第四节发行人基本情况”之“二、发行人挂牌期间的基本情况”之“（八）报告期内发行融资情况”之“2、2023年股票发行”。除
BSE001,920100,三协电机,BSE001_920100_常州三协电机股份有限公司_招股说明书.pdf,43,gp_lp,出资比例,签署《深圳市三协电机有限公司公司章程》，设立深圳三协，注册资本为人民币300.00万元。其中，德智高新持有51%的股权，陆宇君持有29%的股权，陈广武持有20%的股权。深圳三协自设立之日起的主要业务为减速机、减速电机等的研发、生产和销售。2019年5月21日，深圳市市场监督管理局核准深圳三协设立。深圳三协设立时的股权结构情况如下：序号姓名或名称出资额（万元）出资比例（%）出资方式
BSE001,920100,三协电机,BSE001_920100_常州三协电机股份有限公司_招股说明书.pdf,44,history,股权转让;出资比例,1-1-441德智高新153.0051.00货币2陆宇君87.0029.00货币3陈广武60.0020.00货币合计300.00100.00-②2019年7月，深圳三协第一次股权转让2019年7月18日，深圳三协召开股东会，作出决议，同意股东德智高新将其所持公司51%的股权转让给朱南保。同日，德智高新与朱南保就本次股权转让事宜签订《股权转让协议书》。2019年7月25日，深圳市市场监督管理局核准本次股权变更登记。本次股权转让完成后，深圳三协的股权结构情况如下：序号姓名出资额（万元）出资比例（%）出资方式1朱南保153.0051.00货币2陆宇君87.0029.00货币3陈广武60.0020.00货币合计300.00100.00-③2020年1月，深圳三协第二次股权转让2019年12月4日，深圳三协召开股东会，作出决议，同意股东朱南保将其所持公司21%的股权转让给卢娇娇；同意股东陈广武将其所持公司4%的股权转让给卢娇娇；同意股东陈广武将其所持公司6%的股权转让给陆宇君。2019年12月6日，卢娇娇分别与朱南保、陈广武就相应股权转让事宜签订《股权转让协议书》；2020年1月3日，陈广武与陆宇君就相应股权转让事宜签订《股权转让协议书》。2020年1月3日，深圳市市场监督管理局核准本次股权变更登记。本次股权转让完成后，深圳三协的股权结构情况如下：序号姓名出资额（万元）出资比例（%）出资方式1陆宇君105
BSE001,920100,三协电机,BSE001_920100_常州三协电机股份有限公司_招股说明书.pdf,45,history,股权转让;出资比例,1-1-452021年5月10日，深圳三协召开股东会，作出决议，同意股东卢娇娇将其所持公司25%的股权转让给王洪波；同意股东朱南保将其所占公司5%的股权转让给王洪波；同意股东陈广武将其所占公司2.5%的股权转让给王洪波。同日，王洪波分别为卢娇娇、朱南保、陈广武就相应股权转让事宜签订《股权转让协议书》。2021年5月27日，深圳市市场监督管理局核准本次股权变更登记。本次股权转让完成后，深圳三协的股权结构情况如下：序号姓名出资额（万元）出资比例（%）出资方式1陆宇君105.0035.00货币2王洪波75.0032.50货币3朱南保90.0025.00货币4陈广武30.007.50货币合计300.00100.00-⑤2021年5月，深圳三协第一次增资2021年5月10日，深圳三协召开股东会，作出决议，同意增加注册资本100万元，即由原来300万元增加至400万元，由原股东同比例增资。其中，股东朱南保增加出资10万元，股东陆宇君增加出资35万元，股东王洪波增加出资55万元。2021年5月27日，深圳市市场监督管理局核准本次股权变更登记。本次增资完成后，深圳三协的股权结构情况如下：序号姓名出资额（万元）出资比例（%）出资方式1陆宇君140.0035.00货币2王洪波130.0032.50货币3朱南保100.0025.00货币4陈广
BSE001,920100,三协电机,BSE001_920100_常州三协电机股份有限公司_招股说明书.pdf,46,history,股权转让;出资比例,1-1-46序号姓名出资额（万元）出资比例（%）出资方式1朱南保240.0060.00货币2王洪波130.0032.50货币3陈广武30.007.50货币合计400.00100.00-⑦2022年11月，深圳三协第五次股权转让2022年10月26日，深圳三协召开股东会，作出决议，同意股东王洪波将其所持公司32.5%的股权转让给发行人全资子公司三合融创。同日，王洪波与三合融创就本次股权转让事宜签订《股权转让协议书》。2022年11月4日，深圳市市场监督管理局核准本次股权变更登记。本次股权转让完成后，深圳三协的股权结构情况如下：序号姓名或名称出资额（万元）出资比例（%）出资方式1朱南保240.0060.00货币2三合融创130.0032.50货币3陈广武30.007.50货币合计400.00100.00-⑧2023年4月，深圳三协第二次增资2023年3月30日，深圳三协召开股东会，全体股东一致同意将原注册资本400万元变更为440万元，由新股东黄晓彬认缴新增注册资本40万元。2023年4月17日，深圳市市场监督管理局核准本次股权变更登记。本次增资完成后，深圳三协的股权结构情况如下：序号姓名或名称出资额（万元）出资比例（%）出资方式1朱南保240.0054.55货币2三合融创130.0029.54货币3黄晓彬40.009.09货币4陈广武30.006.82货币合计440.00100.00-⑨2023年8月，深圳三协第六次股权转让2023年8月2
BSE001,920100,三协电机,BSE001_920100_常州三协电机股份有限公司_招股说明书.pdf,47,history,股权转让;出资比例,1-1-472023年8月22日，朱南保与三合融创就本次股权转让事宜签订《股权转让协议书》。2023年8月29日，深圳市市场监督管理局核准本次股权变更登记。本次股权转让完成后，深圳三协的股权结构情况如下：序号姓名或名称出资额（万元）出资比例（%）出资方式1三合融创224.4051.00货币2朱南保145.6033.09货币3黄晓彬40.009.09货币4陈广武30.006.82货币合计440.00100.00-⑩2024年6月，深圳三协第一次减资2024年3月1日，深圳三协召开股东会，决定深圳三协注册资本由人民币440.00万元减少至人民币400.00万元，减资后的股东变更为三合融创、朱南保、陈广武，并修改章程相应条款。2024年6月7日，深圳市市场监督管理局核准本次股权变更登记。本次减资完成后，深圳三协的股权结构情况如下：序号姓名出资额（万元）出资比例（%）出资方式1三合融创224.4056.10货币2朱南保145.6036.40货币3陈广武30.007.50货币合计400.00100.00-⑪2025年7月，深圳三协第二次减资2025年3月25日，深圳三协召开股东会，决定深圳三协注册资本由人民币400.00万元减少至人民币370.00万元，减资后的股东变更为三合融创、朱南保，
BSE001,920100,三协电机,BSE001_920100_常州三协电机股份有限公司_招股说明书.pdf,52,shareholder,发行人股东,事长、总经理2024.9.29-2027.9.292薛小丽董事、财务总监2024.9.29-2027.9.293盛松董事2024.9.29-2027.9.294王进董事2024.9.29-2027.9.295夏卫军独立董事2024.9.29-2027.9.296谢肖琳独立董事2024.9.29-2027.9.29上述董事的简历如下：盛祎：简历参见本节之“四、发行人股东及实际控制人情况”之“（一）控股股东、实际控制
BSE001,920100,三协电机,BSE001_920100_常州三协电机股份有限公司_招股说明书.pdf,54,shareholder,发行人股东,本招股说明书签署日，公司高级管理人员包括总经理、财务总监与董事会秘书，共3人。公司现任高级管理人员的基本情况如下：序号姓名职务任期期限1盛祎董事长、总经理2024.9.29-2027.9.292薛小丽董事、财务总监2024.9.29-2027.9.293江翔董事会秘书2024.9.29-2027.9.29上述高级管理人员的简历如下：盛祎：简历参见本节之“四、发行人股东及实际控制人情况”之“（一）控股股东、实际控制人情况”之“2、控股股东、实际控制人的基本情况”。薛小丽：简历参见本节之“八、董事、监事、高级管理人员情况”之“（一）董事、监事、高级管理人员的简要情况”之“1、董事会成员”。江翔：男，1971年4月出生，中国国籍，无境外永久居留权，本科学历。1990年5月至1992
BSE001,920100,三协电机,BSE001_920100_常州三协电机股份有限公司_招股说明书.pdf,55,shareholder,持有发行人,"公司财务总监、总经理助理；2020年1月至2020年5月，任常州市振业塑料五金模具厂财务经理；2020年5月至2022年2月，任江苏古川机械有限公司财务总监；2022年2月至2023年1月，任常州市昊升电机股份有限公司总经理助理；2023年2月至2024年9月，任常州三协电机股份有限公司证券事务代表；2024年9月至今，任三协电机董事会秘书。（二）直接或间接持有发行人股份的情况姓名职位关系直接持股数量（股）间接持股数量（股）无限售股数量（股）其中被质押或冻结股数盛祎董事长、总经理-33,444,438.00-00王进董事--865.0000薛小丽董事、财务总监-207,000.00-00盛松董事-207,000.00-00注：王进通过稳正景明、长泽创投间接持有发行人865.00股。（三）对外投资情况单位：元姓名在发行人处职务对外投资单位名称投资金额投资比例王进董事深圳市泰来企业咨询中心（有限合伙）80,000.0080.00%王进董事深圳市德之产投资中心（有限合伙）340,000.0022.5166%王进董事深圳市稳正长运创业投资企业（有限合伙）1,460,000.0016.2222%王进董事深圳市稳正长泰投资中心（有限合伙）1,000,000.009.3458%王进董事深圳市富旭投资中心（有限合伙）1,000,000.005.7208%王进董事深圳市稳正投资有限公司500,000.005.00%王进董事深圳市稳正载德投资中心（有限合伙）1,000,000.001.6653%夏卫军独立董事江苏恒太照明股份有限公司1,226,778.000.56%谢肖琳独立董事江苏中企华中天资产"
BSE001,920100,三协电机,BSE001_920100_常州三协电机股份有限公司_招股说明书.pdf,56,gp_lp,执行事务合伙人,"诺企业管理有限公司50,000.00100.00%（四）其他披露事项1、董事、监事、高级管理人员的兼职情况及所兼职单位与公司的关联关系截至本招股说明书签署日，公司董事、监事、高级管理人员在除公司及控股公司之外的其他单位的任职/兼职情况如下：姓名职务兼职单位兼职职务兼职单位与本公司关系盛祎董事长、总经理晟亿电气董事长关联方王进董事深圳市帝成投资中心（有限合伙）执行事务合伙人委派代表关联方深圳市稳正瑞丰投资中心（有限合伙）执行事务合伙人委派代表关联方深圳市稳正君拓创业投资企业（有限合伙）执行事务合伙人委派代表关联方深圳市稳正长兴创业投资企业（有限合伙）执行事务合伙人委派代表关联方深圳市稳正瑞和创业投资企业（有限合伙）执行事务合伙人委派代表关联方深圳市稳正君成创业投资企业（有限合伙）执行事务合伙人委派代表关联方深圳市稳正君杨创业投资企业（有限合伙）执行事务合伙人委派代表关联方深圳市德之产投资中心（有限合伙）执行事务合伙人关联方深圳市稳正睿享投资中心（有限合伙）执行事务合伙人委派代表关联方深圳市君正创业企业（有限合伙）执行事务合伙人委派代表关联方深圳市稳正长华创业投资企业（有限合伙）执行事务合伙人委派代表关联方深圳市稳正投资有限公司监事-深圳市稳正资产管理有限公司监事-武汉奥森迪科智能科技股份有限公司董事关联方深圳市优易控软件有限公司监事-深圳市稳正长富创业投资企业（有限合伙）执行事务合伙人委派代表关联方夏卫军独立董事江苏恒太照明股份有限公司董事、董事会秘书关联方谢肖琳独立董事江苏中企华中天资产评估有限公司董事长关联方江苏恒太照明股份有限公司独立董事关联方"
BSE001,920100,三协电机,BSE001_920100_常州三协电机股份有限公司_招股说明书.pdf,61,special_terms,回购,股份锁定及减持意向的承诺函①控股股东、实际控制人及其一致行动人承诺如下：“1、自发行人审议本次发行上市事项的股东大会股权登记日次日起至公司股票在北交所上市之日或公司股票在北交所上市事项终止之日，本人不减持发行人股票。2、自公司股票上市之日起12个月内，本人不转让或者委托他人管理本人直接或间接持有的公司本次公开发行股票前已发行的股份，也不由公司（或提议由公司）回购该部分股份，并依法办理所持股份的锁定手续。3、自公司股票上市后6个月内，若公司股票连续20个交易日的收盘价均低于发行价，或者上市后6个月期末（如该日不是交易日，则为该日后第一个交易日）收盘价低于发行价，本人持有上述公司股份的锁定期限在前述锁定期的基础上自动延长6个月。若公司上市后发生派息、送股、资
BSE001,920100,三协电机,BSE001_920100_常州三协电机股份有限公司_招股说明书.pdf,63,special_terms,回购,1-1-63司本次公开发行股票前已发行的股份，也不由公司（或提议由公司）回购该部分股份，并依法办理所持股份的锁定手续。3、自公司股票上市后6个月内，若公司股票连续20个交易日的收盘价均低于发行价，或者上市后6个月期末（如该日不是交易日，则为该日后第一个交易日）收盘价低于发行价，本人持有上述公司股份的锁定期限在前述锁定期的基础上自动延长6个月。若公司上市后发生派息、送股、资本公积转增股本、增发新股或配股等除权、除息行为的，上述发行价为除权除息后的价格。本人不因职务变更、离职等原因，而放弃履行本条承诺。4、在担任发行人董事、监事或高级管理人员期间，如实及时申报本人直接或间接持有的发行人股份及其变动情况，上述锁定期届满后，本人担任发行人董事、监事或高级管理人员期间，每年转让公司股份不超过直接或间接持有公司股份总数的25%。在本人离职后半年内，本人不转让所持有的公司股份。如本人在任期届满前离职的，在就任时确定的任期内和任期届满后6个月内本人亦遵守本条承诺。5、如法律、行政法规、部门规章或中国证券监督管理委员会、北交所规定或要求股份锁定期长于本承诺，或本人作出股份锁定期长于本承诺的其他承诺的，则本人直接和间接所持有的发行人股份的锁定期和限售条件自动按该等规定和要求执行。如因发行人进行权益分配等原因导致本人
BSE001,920100,三协电机,BSE001_920100_常州三协电机股份有限公司_招股说明书.pdf,64,special_terms,回购,1-1-64的公司本次公开发行股票前已发行的股份，也不由公司（或提议由公司）回购该部分股份，并依法办理所持股份的锁定手续。3、自公司股票上市后6个月内，若公司股票连续20个交易日的收盘价均低于发行价，或者上市后6个月期末（如该日不是交易日，则为该日后第一个交易日）收盘价低于发行价，本企业持有上述公司股份的锁定期限在前述锁定期的基础上自动延长6个月。若公司上市后发生派息、送股、资本公积转增股本、增发新股或配股等除权、除息行为的，上述发行价为除权除息后的价格。4、如法律、行政法规、部门规章或中国证券监督管理委员会、北交所规定或要求股份锁定期长于本承诺，则本企业直接和间接所持有的发行人股份的锁定期和限售条件自动按该等规定和要求执行。如因发行人进行权益分配等原因导致本企业持有的发行人股份发生变化，本企业仍将遵守上述承诺。5、本企业拟长期持有公司股票。如果在锁定期满后，本企业拟减持股票的，将认真遵守中国证券监督管理委员会、北交所的相关规定以及本企业已作出的相关承诺，审慎制定股票减持计划。6、本企业在所持公司本次发行前已发行股份的锁定期满后两年内减持该等股票的，应符合相关法律、法规的规定，减持价格将不低于公司发行价（自公司股票上市至其减持期间，公司如有派息、送股、资本公积金转增股本、增发新股或配股等除权、除息事
BSE001,920100,三协电机,BSE001_920100_常州三协电机股份有限公司_招股说明书.pdf,65,special_terms,回购,上市后三年内稳定股价预案规定的公司上市时董事（不含独立董事）、高级管理人员已作出的相应承诺。”②控股股东、实际控制人承诺如下：“1、本人将严格遵守执行公司股东大会审议通过的公司上市后三年内稳定股价预案的相关议案，包括按照该预案的规定履行稳定公司股价的义务，并接受未能履行稳定股价义务时的约束措施。2、本人将根据公司上市后三年内稳定股价预案的相关规定，在符合公司回购股票的条件下，在股东大会上对相关回购方案投赞成票。”③非独立董事承诺如下：“1、本人将严格遵守执行公司股东大会审议通过的公司上市后三年内稳定股价预案的相关议案，包括按照该预案的规定履行稳定公司股价的义务，并接受未能履行稳定股价义务时的约束措施。2、本人将根据公司上市后三年内稳定股价预案的相关规定，在符合公司回购股票的条件下，在董事会上对相关回购方案投赞成票。”④高级管理人员承诺如下：“本人将严格遵守执行公司股东大会审议通过的公司上市后三年内稳定股价预案的相关议案，包括按照该预案的规定履行稳定公司股价的义务，并接受未能履行稳定股价义务时的约束措施。”（3）关于填补被摊薄即期回报的措施及承诺①公司承诺如下：“为保障公司、全体股东及社会公众投资者的合法利益，公司承诺将积极推动上述填补被摊薄即期回报的措施。若未履行前述承诺，公司将及时公告未履行的事实及理由，除因不可抗力或其他非归属于公司的原因外，将向公司股东和社会公众投资者道歉，同时向投资者提出补充承诺或替代承诺，以尽可能保护投资者的利益，并在公司股东大会审议通过后实施补充承诺或替代承诺。”②控股股东、实际控制人承诺如下：“1、本人承诺不越权干预公司经营管理活动，不侵占公司利益
BSE001,920100,三协电机,BSE001_920100_常州三协电机股份有限公司_招股说明书.pdf,67,special_terms,回购,、本公司的招股说明书及其他上市申请文件真实、准确、完整，不存在虚假记载、误导性陈述或者重大遗漏，本公司对其真实性、准确性、完整性、及时性承担个别和连带的法律责任。2、若本公司招股说明书及其他上市申请文件存在虚假记载、误导性陈述或者重大遗漏，对判断公司是否符合法律规定的发行条件构成重大、实质影响的，本公司将在该等违法事实被证券监管部门作出认定或处罚决定后，依法回购本次公开发行的全部新股，回购价格为本次公开发行价格加上同期银行存款利息（若发行人股票有派息、送股、资本公积金转增股本、增发新股或配股等除权、除息事项的，回购的股份包括公司本次公开发行的全部新股及其派生股份，发行价格将相应进行除权、除息调整），并根据相关法律、法规规定的程序实施。在实施上述股份回购时，如法律法规、《公司章程》等另有规定的从其规定。3、若本公司招股说明书及其他上市申请文件存在虚假记载、误导性陈述或者重大遗漏，致使
BSE001,920100,三协电机,BSE001_920100_常州三协电机股份有限公司_招股说明书.pdf,68,special_terms,回购,确定。”②控股股东、实际控制人承诺如下：“1、发行人的招股说明书及其他上市申请文件真实、准确、完整，不存在虚假记载、误导性陈述或者重大遗漏，本人对其真实性、准确性、完整性、及时性承担个别和连带的法律责任。2、如发行人招股说明书及其他上市申请文件有虚假记载、误导性陈述或者重大遗漏，对判断发行人是否符合法律规定的发行条件构成重大、实质影响的，本人将督促发行人依法回购本次公开发行的全部新股，并依法购回已转让的原限售股份（如有），回购价格为本次公开发行价格加上同期银行存款利息（若发行人股票有派息、送股、资本公积金转增股本、增发新股或配股等除权、除息事项的，回购的股份包括公司本次公开发行的全部新股及其派生股份，发行价格将相应进行除权、除息调整），并根据相关法律、法规规定的程序实施。在实施上述股份回购时，如法律法规、《公司章程》等另有规定的从其规定。3、若发行人的招股说明书及其他上市申请文件存在虚假记载、误导性陈述或者重大遗漏，致使投资者在证券交易中遭受损失的，本人将在证券监管部门依法对上述事实作出认定或处罚决定后依法赔偿投资者损失。该等损失的赔偿金额以投资者实际发生的直接损失为限，具体的赔偿标准、赔偿主体范围、赔偿金额等细节内容待上述情形实际发生时，依最终确定的赔偿方案确定。”③董事、监事及高级管理人员承诺如下：“1、发行人的招股说明书及其他上市申请文件真实、准确、完整，不存在虚假记载、误导性陈述或者重大遗漏，本人对其真实性、准确性、完整性、及时性承担个别和连带的法律责任。2、若发行人的招股说明书及其他上市申请文件存在虚假记载、误导性陈述或者重大遗漏，致使投资者在证券交易中遭受损失的，本
BSE001,920100,三协电机,BSE001_920100_常州三协电机股份有限公司_招股说明书.pdf,121,shareholder,持有发行人,投委派的董事。上述客户中，雷赛智能为公司的主要关联方，诺伊特的交易基于谨慎性原则参照关联交易进行列示。除上述情形外，报告期内，公司董事、监事、高级管理人员、主要关联方不存在持有上述客户5%以上股份、在上述客户中任职或领取薪酬的情况。7、前五大客户在公司占有权益的情况截至本招股说明书签署日，公司前五大客户中，雷赛智能持有稳正景明98.0392%的出资份额，间接持有发行人8.98%的股份。（二）采购情况及主要供应商1、原材料采购及价格变动情况（1）原材料采购情况
BSE001,920100,三协电机,BSE001_920100_常州三协电机股份有限公司_招股说明书.pdf,149,shareholder,持有发行人,1-1-149吴俊华持有发行人子公司摩迩特30%股权，并担任该公司执行董事，存在吴俊华报销款系吴俊华代摩迩特支付的供应商货款、福利费等费用的情况，供应商货款主要是部分零星材料、网络服务费、租赁房屋的水费、通过淘宝或京东APP购买的办公室家具及电脑等，单笔金额较小，且部分供应商为个体户，通过微信等方式便捷付款；快递费是因摩迩特规模不大，发货较为零散，快递商未与公司办理月结业务，由吴俊华通过小程序或者APP等方式进行下单并付款，单笔快递费金额较小，定期汇总后开具发票并报销。2022年度、2023年度，吴俊华垫付的供应商货款等款项金额分别为13.92万元、28.72万元，占营业成本0.06%、0.11%，比重较低，不存在员工利用个人账户损害公司利益的情形。2024年度未发生代付情形，截至2024年3月31日应付吴俊华所有款项均已结清。发行人已对上述事项进行规范。发行人关于资金的内部控制管理完善并执行有效，不存在其他通过个人卡代公司收取款项或支付费用的情形。四、违法违规情况报告期内，公司严格按照相关法律法规的规定开展经营活动，不存在重大违法违规行为。五、资金占用及资产转移等情况报告期内，公司不存在资金被控股股东、实际控制人及其控制的其他企业以借款、代偿
BSE001,920100,三协电机,BSE001_920100_常州三协电机股份有限公司_招股说明书.pdf,150,shareholder,持有发行人,1-1-1501、关联自然人（1）控股股东、实际控制人序号关联方姓名关联关系1盛祎控股股东、实际控制人、董事长、总经理2朱绶青实际控制人（2）直接或者间接持有发行人5%以上股份的自然人除公司控股股东、实际控制人外，不存在其他直接或间接持有发行人5%以上股份的自然人股东。（3）公司董事、监事及高级管理人员截至本招股说明书签署日，发行人的董事、监事和高级管理人员如下：序号姓名职位1盛祎董事长、总经理2盛松董事3王进董事4薛小丽董事、财务总监5夏卫军独立董事6谢肖琳独立董事7徐朝洋监事会主席8贲小丽监事9徐永年职工代表监事10江翔董事会秘书报告期内，曾经任职董事、监事、高级管理人员的情况具体如下：序号姓名关联关系1朱绶青曾任发行人董事，于2023年10月卸任2盛月瑶曾任发行人董事，于2022年12月卸任3陆朝辉曾任发行人董事，于2021年4月卸任4余方成曾任发行人监事，于2022年10月卸任5倪进宽曾任发行人监事，于2022年10月卸任（4）其他关联自然人序号关联方姓名关联关系1李华报告期内曾委托陆朝辉持有发行人5%股份，已于2021年3月退
BSE001,920100,三协电机,BSE001_920100_常州三协电机股份有限公司_招股说明书.pdf,151,shareholder,持有发行人;执行事务合伙人,1-1-151出发行人2苏芳李华的配偶3吴俊华持有发行人子公司摩迩特30%股权，并担任该公司执行董事4朱南保持有发行人孙公司深圳三协39.35%股权，并担任执行董事、经理、法定代表人5张团善持有发行人子公司三正驱动40%股权，并担任执行董事6张荣义发行人前员工，已于2021年6月从发行人处离职（5）前述关联人士关系密切的家庭成员发行人上述关联自然人关系密切的家庭成员，包括配偶、年满18周岁的子女及其配偶、父母及配偶的父母、兄弟姐妹及其配偶、配偶的兄弟姐妹、子女配偶的父母。2、关联法人（1）持有发行人5%以上股份的法人或其他组织序号关联方名称关联关系1稳正景明直接持有发行人9.16%的股份2长泽创投直接持有发行人4.61%的股份，与稳正景明的执行事务合伙人均为稳正资产，系同一控制，合计持股超5%3雷赛智能雷赛智能持有稳正景明98.0392%的出资份额，间接持有发行人8.98%的股份（2）发行人的子公司、参股公司、孙公司截至本招股说明书签署日，发行人共有6家控股子公司、1家参股公司、2家孙公司。发行人控股子公司为三协机电、三合融创、香港三协、摩迩特、三正驱动、美国三协，参股公司为晟亿电气，孙公司为深圳三协、新时代动力。序号关联方名称关联关系1三协设备发行人持股100%2三合
BSE001,920100,三协电机,BSE001_920100_常州三协电机股份有限公司_招股说明书.pdf,152,gp_lp,执行事务合伙人,股100%9美国三协发行人持股100%（3）在报告期内控股股东、实际控制人、持股5%以上的股东、董事、监事、高级管理人员直接或者间接控制的，或者担任董事、高级管理人员的，或者能够施加重大影响的，除公司及其控股子公司以外的法人或者其他组织，是公司的关联方。主要如下：序号关联方名称关联关系1深圳市德之产投资中心（有限合伙）发行人董事王进持股22.5166%且担任执行事务合伙人2武汉奥森迪科智能科技股份有限公司发行人董事王进担任该公司董事3深圳市帝成投资中心（有限合伙）发行人董事王进担任执行事务合伙人委派代表4深圳市稳正瑞丰投资中心（有限合伙）发行人董事王进担任执行事务合伙人委派代表5深圳市稳正君拓创业投资企业（有限合伙）发行人董事王进担任执行事务合伙人委派代表6深圳市稳正长兴创业投资企业（有限合伙）发行人董事王进担任执行事务合伙人委派代表7深圳市稳正瑞和创业投资企业（有限合伙）发行人董事王进担任执行事务合伙人委派代表8深圳市稳正君成创业投资企业（有限合伙）发行人董事王进担任执行事务合伙人委派代表9深圳市稳正君杨创业投资企业（有限合伙）发行人董事王进担任执行事务合伙人委派代表10深圳市稳正睿享投资中心（有限合伙）发行人董事王进担任执行事务合伙人委派代表11深圳市君正创业企业（有限合伙）发行人董事王进担任执行事务合伙人委派代表12深圳市稳正长华创业投资企业（有限合伙）发行人董事王进担任执行事务合伙人委派代表13江苏恒太照明股份有限公司发行人独立董事夏卫军担任董事、董事会秘书，发行人独立董事谢肖琳担任独立董事14江苏中企华中天资产评估有限公司发行人独立董事谢肖琳担任董事长15常高新集团有
BSE001,920100,三协电机,BSE001_920100_常州三协电机股份有限公司_招股说明书.pdf,153,gp_lp,执行事务合伙人,工程有限公司发行人原董事盛月瑶配偶之侄持股100%且担任执行董事（5）其他关联法人序号关联方名称关联关系1无锡新知培训有限公司李华持有该公司40%股权，李华配偶苏芳持有该公司60%股权2无锡汇才人力资源服务有限公司李华配偶苏芳持有该公司66%股权3昊基人力资源服务无锡有限公司李华配偶苏芳担任该公司董事长兼总经理4深圳市稳正资产管理有限公司稳正景明、长泽创投的执行事务合伙人5上海市雷智电机有限公司雷赛智能持股100%6深圳市灵犀自动化技术有限公司雷赛智能持股70%7深圳市德智高新有限公司朱南保持股95.75%并担任执行董事、总经理8深圳市德研机电有限公司朱南保持股90%并担任总经理9诸暨市荣义电脑袜机维修部发行人前员工张荣义设立的个体工商户3、公司曾经的主要关联方序号关联方名称关联关系1常州通驰电驱技术有限公司发行人曾持股25%、吴俊华曾持股5%，已于2023年12月21日注销2常州三协自动化科技有限公司盛祎曾持股90.9091%且担任监事，已于2023年2月9日注销3常州罗伊泰克电机有限公司盛祎曾持股65%且担任执行董事兼总经理，已于2021年9月14日注销4常州九合至鼎投资合伙企业（有限合伙）盛祎曾持股90%且担任执行事务合伙人，薛小丽持股10%，已于2023年11月13日注销5稳进（珠海）资产管理有限公司王进曾担任执行董事，已于2022年6月21日注销6深圳市聚稳壹号投资中心（有限合伙）王进曾担任执行事务合伙人委派代表，已于2023年3月16日注销7深圳市雷赛自动化系统有限公司王进曾担任董事，于2022年6月卸任8腾龙两江（重庆）数据科技集团有限公司王进曾担任董事，于202
BSE001,920100,三协电机,BSE001_920100_常州三协电机股份有限公司_招股说明书.pdf,154,gp_lp,执行事务合伙人,于美国成立的公司，无实际经营，已于2023年12月办理完成注销手续13无锡市弗兰德工程设备有限公司实际控制人盛祎的父亲陈亮持股51%且担任公司执行董事兼总经理，该公司于2008年12月吊销，2024年3月办理完成注销手续14龙利得智能科技股份有限公司独立董事谢肖琳曾担任独立董事，已于2024年5月卸任15深圳市稳正长信创业投资企业（有限合伙）董事王进曾经担任执行事务合伙人委派代表，已于2024年8月23日注销16深圳市稳正长瀚创业投资企业（有限合伙）发行人董事王进曾经担任执行事务合伙人委派代表，已于2024年8月26日注销17深圳市稳正长旭创业投资企业（有限合伙）发行人董事王进曾经担任执行事务合伙人委派代表，已于2024年9月6日注销18深圳昆仑稳正二期投资企业（有限合伙）发行人董事王进曾经担任执行事务合伙人委派代表，已于2024年9月24日注销19深圳市稳正长恒创业投资企业（有限合伙）发行人董事王进曾经担任执行事务合伙人委派代表，已于2024年9月14日注销20深圳市稳正长青投资中心（有限合伙）发行人董事王进曾担任执行事务合伙人委派代表，已于2024年12月31日注销21无锡格林司通自动化设备股份有限公司发行人独立董事夏卫军曾担任独立董事，已于2025年1月卸任22江苏北辰互邦电力股份有限公司发行人独立董事夏卫军曾担任独立董事，已于2025年4月卸任（二）关联交易1、经常性关联交易（1）销售商品、提供劳务的关联交易报告期内，三协电机向关联方销售的具体情况如下：单位：万元、%关联方关联交易内容2024年2023年2022年金额占当期营业收入比例金额占当期营业收入比例金额占当期营
BSE001,920100,三协电机,BSE001_920100_常州三协电机股份有限公司_招股说明书.pdf,157,history,股权转让,"1-1-157单位：万元项目2024年度2023年度2022年度关键管理人员报酬298.56252.90231.333、偶发性关联交易（1）关联方股权转让单位：万元关联方关联交易内容2024年度2023年度2022年度盛月瑶向三合融创转让晟亿电气40%股权--160.00（2）关联担保报告期内，公司及子公司作为被担保方的关联担保如下：单位：万元担保方被担保方担保金额担保起始日担保到期日担保是否已经履行完毕盛祎、朱绶青三协电机1,000.002023.04.282027.04.27是注:截至2024年12月31日，该项借款公司已清偿完毕。（三）类关联方及类关联交易发行人已经按照《公司法》《企业会计准则第36号一关联方披露》《北京证券交易所股票上市规则》对关联方关系、关联交易进行认定和披露，符合相关规则、规定的要求。基于谨慎性原则，发行人将南京诺伊特、瑞胜智能（两公司属于同一控制下企业，合并披露为诺伊特，以下简称“诺伊特”）作为类关联方单独列出，参照关联交易的标准予以披露和管理，具体内容如下：1、销售商品、提供劳务的关联交易报告期内，三协电机向类关联方销售的具体情况如下：单位：万元、%关联方类关联交易内容2024年度2023年度2022年度金额占当期营业收入比例金额占当期营业收入比例金额占当期营业收入比例诺伊特电机等4,290.2510.211,050.182.901,7"
BSE001,920100,三协电机,BSE001_920100_常州三协电机股份有限公司_招股说明书.pdf,164,special_terms,回购,"94,281.24269,084,308.96流动负债：短期借款-10,101,005.55-向中央银行借款---拆入资金---交易性金融负债---衍生金融负债---应付票据---应付账款117,071,346.73102,540,697.5759,516,798.89预收款项---合同负债1,124,601.45265,306.43370,190.25卖出回购金融资产款---吸收存款及同业存放---代理买卖证券款---代理承销证券款---应付职工薪酬9,914,797.257,889,134.545,534,530.74应交税费4,161,360.904,838,300.636,771,311.15其他应付款320,934.94558,837.24538,787.18其中：应付利息---应付股利---应付手续费及佣金---应付分保账款---持有待售负债---"
BSE001,920100,三协电机,BSE001_920100_常州三协电机股份有限公司_招股说明书.pdf,167,special_terms,回购,"8.51120,135,239.2259,781,488.56资产总计464,058,148.44384,927,101.29265,173,302.64流动负债：短期借款-10,101,005.55-交易性金融负债---衍生金融负债---应付票据---应付账款110,524,046.9398,499,043.7257,091,757.79预收款项---卖出回购金融资产款---应付职工薪酬9,395,999.337,537,402.685,301,685.25应交税费3,747,861.754,726,873.566,534,934.93其他应付款179,695.82298,735.17504,088.19其中：应付利息---应付股利---合同负债203,153.08118,123.26284,698.22持有待售负债---一年内到期的非流动负债185,103.27-636,259.87其他流动负债51,311,397.7338,271,469.9423,854,568.28流动负债合计175,547,257.91159,552,653.8894,207,992.53非流动负债：长期借款---应付债券---其中：优先股---永续债---租赁负债143,951.75--长期应付款---长期应付职工薪酬---预计负债---递延收益692,800.00--递延所得税负债-3,500.001,500.01其他非流动负债--非流动负债合计836,751.753,500.001,500.01"
BSE001,920100,三协电机,BSE001_920100_常州三协电机股份有限公司_招股说明书.pdf,172,special_terms,回购,"度2022年度一、经营活动产生的现金流量：销售商品、提供劳务现金257,079,813.52205,849,495.70165,884,142.53客户存款和同业存放款项净增加额---向中央银行借款净增加额---收到原保险合同保费取得的现金---收到再保险业务现金净额---保户储金及投资款净增加额---收取利息、手续费及佣金的现金---拆入资金净增加额---回购业务资金净增加额---代理买卖证券收到的现金净额---收到的税费返还-306,459.51303,892.21收到其他与经营活动有关的现金6,064,539.202,117,793.241,879,087.11经营活动现金流入小计263,144,352.72208,273,748.45168,067,121.85购买商品、接受劳务支付的现金104,216,381.7589,497,894.7783,897,006.99客户贷款及垫款净增加额---存放中央银行和同业款项净增加额---支付原保险合同赔付款项的现金---拆出资金净增加额---支付利息、手续费及佣金的现金---支付保单红利的现金---"
BSE001,920100,三协电机,BSE001_920100_常州三协电机股份有限公司_招股说明书.pdf,180,special_terms,回购,1-1-180不满足终止确认条件的金融资产转移，转出方不得将已转移的金融资产和相关负债进行抵销。（6）权益工具权益工具是指能证明拥有公司在扣除所有负债后的资产中的剩余权益的合同。公司发行（含再融资）、回购、出售或注销权益工具作为权益的变动处理。公司不确认权益工具的公允价值变动。与权益性交易相关的交易费用从权益中扣减。公司对权益工具持有方的分配作为利润分配处理，发放的股票股利不影响股东权益总额。公司控制的主体发行的满足金融负债定义，但满足准则规定条件分类为权益工具的特殊金融工具，在公司合并财务报表中对应的少数股东权益部分，分类为金融负债。（7）金融工具公允价值的确定方法存在活跃市场的金融工具，以活跃市场中的报价确定其公允价值。不存在活跃市场的金融工具，采用估值技术确定其公允价值。在估值时，公司采用在当前情况下适用并且有足够可利用数据和其他信息支持的估值技术，选择与市场参与者在相关资产或负债的交易中所考虑的资产或负债特征相一致的输入值，并尽可能优先使用相关可观察输入值。在相关可观察输入值无法取得或取得不切实可行的情况下，使用不可观察输入值。在初始确认时，金融资产或金融负债的公允价值以相同资产或负债在活跃市场上的报价或者以仅使用可观察市场数据的估值技术之外的其他方式确定的，公司将该公允价值与交易价格之间的差额递延。初始确认后，公司根据某一因素在相应会计期间的变动程度将该递延差额确认为相应会计期间的利得或损失。（8）金融资产减值
BSE001,920100,三协电机,BSE001_920100_常州三协电机股份有限公司_招股说明书.pdf,188,special_terms,回购,1-1-1881.对于权益结算的股份支付，在可行权日之后不再对已确认的成本费用和所有者权益总额进行调整。公司在行权日根据行权情况，确认股本和股本溢价，同时结转等待期内确认的资本公积(其他资本公积)。2.对于现金结算的股份支付，企业在可行权日之后不再确认成本费用，负债(应付职工薪酬)公允价值的变动计入当期损益(公允价值变动损益)。（四）回购股份进行职工期权激励的会计处理公司以回购股份形式奖励公司职工的，在回购股份时，按照回购股份的全部支出作为库存股处理，同时进行备查登记。在等待期内每个资产负债表日，按照权益工具在授予日的公允价值，将取得的职工服务计入成本费用，同时增加资本公积(其他资本公积)。在职工行权购买公司股份收到价款时，转销交付职工的库存股成本和等待期内资本公积（其他资本公积）累计金额，同时，按照其差额调整资本公积（股本溢价）。7.收入√适用□不适用（1）收入确认原则和计量方法①收入的确认公司在履行了合同中的履约义务，即在客户取得相关商品控制权时确认收入。合同开始日，公司对合同进行评估，识别该合同所包含的各单项履约义务，并确定各单项履约义务是在某一时段内履行，还是在某一时点履行，然后，在履行了各单项履约义务时分别确认收入。②收入的计量合同包含两项或多项履约义务的，公司在合同开始日，按照各单项履约义务所承诺商品或服务的单独售价的相对比例，将交易价格分摊至各单项履约义务，按照分摊至各单项履约义务的交易价格计量收入。在确定交易价格时，公司将考虑可变对价、合同中存在的重大融资成分、非现金对价以及应付客户对价等因素的影响，并假定将按照现有合同的约定向客户转移商
BSE001,920100,三协电机,BSE001_920100_常州三协电机股份有限公司_招股说明书.pdf,207,special_terms,回购,如下：加权平均净资产收益率=P0/（E0＋NP÷2＋Ei×Mi÷M0–Ej×Mj÷M0±Ek×Mk÷M0）其中：P0分别对应于归属于公司普通股股东的净利润、扣除非经常性损益后归属于公司普通股股东的净利润；NP为归属于公司普通股股东的净利润；E0为归属于公司普通股股东的期初净资产；Ei为报告期发行新股或债转股等新增的、归属于公司普通股股东的净资产；Ej为报告期回购或现金分红等减少的、归属于公司普通股股东的净资产；M0为报告期月份数；Mi为新增净资产次月起至报告期期末的累计月数；Mj为减少净资产次月起至报告期期末的累计月数；Ek为因其他交易或事项引起的、归属于公司普通股股东的净资产增减变动；Mk为发生其他净资产增减变动次月起至报告期期末的累计月数；7、基本每股收益的计算公式及计算过程如下：基本每股收益=P0÷S，S=S0＋S1＋Si×Mi÷M0–Sj×Mj÷M0-Sk其中：P0为归属于公司普通股股东的净利润或扣除非经常性损益后归属于普通股股东的净利润；S为发行在外的普通股加权平均数；S0为期初股份总数；S1为报告期因公积金转增股本或股票股利分配等增加股份数；Si为报告期因发行新股或债转股等增加股份数；Sj为报告期因回购等减少
BSE001,920100,三协电机,BSE001_920100_常州三协电机股份有限公司_招股说明书.pdf,253,special_terms,回购,层讨论与分析”之―（八）股东权益‖之“1.股本”。2023年度其他资本公积增加系联营企业深圳三协除净损益、其他综合收益以及利润分配以外的因素导致的其他所有者权益变动（其他股东增资导致持股比例变化），相应调整子公司三合融创长期股权投资的账面价值，同时确认资本公积（其他资本公积）；其他资本公积减少系三合融创通过多次交易分步实现对深圳三协的非同一控制下企业合并，转回购买日之前形成的与深圳三协股权投资相关的其他所有者权益变动。科目具体情况及分析说明：无。4.库存股□适用√不适用
BSE001,920100,三协电机,BSE001_920100_常州三协电机股份有限公司_招股说明书.pdf,321,special_terms,回购,".15使用前期未确认递延所得税资产的可抵扣亏损的影响-0.04-0.23-本期未确认递延所得税资产的可抵扣暂时性差异或可抵扣亏损的影响32.251.840.16本期专项储备的变动对所得税费用的影响-18.894.50研发费用加计扣除影响-225.87-171.93-160.12税率变动的影响对期初递延所得税余额的影响--0.54-0.16分步实现企业合并，转回购买日之前形成的其他权益变动--0.80-所得税费用804.75715.04306.24(3)科目具体情况及分析说明报告期内，公司所得税费用分别为306.24万元、715.04万元和804.75万元。其中，部分子公司适用不同税率的影响系根据各子公司利润总额及子公司适用税率与母公司适用税率15%之间的差异计算得出。公司作为高新技术企业，享受优惠税率，研发费用加计扣除亦降低了公司所得税税负。报告期内，公司所得税费用与利润总额变动趋势保持一致。5.其他披露事项无。6.利润变动情况分析报告期内，公司的主要利润来源为日常经营活动产生的营业利润，金额分别为2,920.82万元、5,529.41万元和6,476.81万元。公司营业外支出与营业外收入占比较小，对公司盈利能力影响较小。"
BSE001,920100,三协电机,BSE001_920100_常州三协电机股份有限公司_招股说明书.pdf,324,special_terms,回购,处置其他债权投资取得的投资收益---以公允价值计量且其变动计入当期损益的金融资产在持有期间的投资收益---处置以公允价值计量且其变动计入当期损益的金融资产取得的投资收益---持有至到期投资在持有期间的投资收益---可供出售金融资产在持有期间的投资收益---处置可供出售金融资产取得的投资收益---处置持有至到期投资取得的投资收益---其他（分步实现企业合并，转回购买日之前形成的其他权益变动）-5.31应收款项融资贴现息--5.05合计4.25-23.3114.19科目具体情况及分析说明：报告期内，公司投资收益分别为14.19万元、-23.31万元和4.25万元。主要为长期股权投资收益和处置交易性金融资产取得的投资收益。2022年度和2024年度，发行人的长期股权投资收益主
BSE001,920100,三协电机,BSE001_920100_常州三协电机股份有限公司_招股说明书.pdf,327,employee_platform,核心员工,"收益1.12-1.88-无形资产处置收益---合计1.12-1.88-科目具体情况及分析说明：报告期内，公司资产处置收益主要来源于固定资产处置。7.其他披露事项报告期内，公司股份支付的情况如下：为充分调动员工积极性，提升员工荣誉感、增强团队凝聚力，激励员工为公司发展做出更大贡献，实现公司快速发展，满足公司战略发展的资金需要，公司通过向公司董事、高级管理人员和核心员工定向发行股票募集资金，扩大资本实力的同时进一步提升员工努力推动公司发展的获得感。2023年5月26日，公司召开第二届董事会第十三次会议审议通过了《关于<常州三协电机股份有限公司股票定向发行说明书>的议案》。2023年6月15日，公司召开2023年第三次临时股东大会，审议通过了上述议案。本次股票发行价格为5.41元/股，发行普通股318.50万股，募集资金总额为1,723.09万元。公司定向增发范围为公司董事、高级管理人员和核心员工，定增对象及其在发行人的任职情况如下表所示：定增对象认定标准任职盛祎控股股东、实际控制人及其一致行动人董事长、总经理盛松董事、监事、高级管理人员董事、销售总监薛小丽董事、监事、高级管理人员董事、财务总监倪进宽核心员工技术副总余方成核心员工运营总监吴春扣核心员工工程部经理陆宇君核心员工销售部经理"
BSE001,920100,三协电机,BSE001_920100_常州三协电机股份有限公司_招股说明书.pdf,328,employee_platform,核心员工,"1-1-328戈翔俊核心员工技术部经理陈都亮核心员工资源采购圣利核心员工PMC经理董雪强核心员工工程部主管文涛核心员工工程部工艺工程师付荷庆核心员工技术部步进主管陈韵核心员工技术部伺服主管盛月瑶核心员工，与盛祎、朱绶青为一致行动人人力资源顾问公司选定上述人员的依据主要是员工对公司的历史贡献、职级、历年业绩等因素进行综合考量。公司综合考虑宏观经济环境、公司所处行业、公司业绩、每股净资产、市盈率、新三板同行业公司案例等因素，由转让方与受让方协商定价，确定公司股权公允价值的确认方法为授予日前一会计年度每股收益*8倍进行测算，测算结果如下：指标取值公式市盈率（倍）8A2022年度经审计归母净利润（万元）2,697.63B估值（万元）21,581.01C=A*B股本（万股）3,530.00D每股价格（元/股）6.11E=C/D本次发行的价格（元/股）5.41F价差（元/股）0.70G=E-F本次发行的需要股份支付处理的股数（万股）145.00H计入成本费用金额合计（万元）101.50I=G*H根据上表测算过程，相关权益工具的公允价值为101.50万元。公司2023年6月定向增发的股份支付属于授予后立即可行权的以权益结算的股份支付，不存在实质性的服务期限约"
BSE001,920100,三协电机,BSE001_920100_常州三协电机股份有限公司_招股说明书.pdf,382,toc,目录,1-1-382第十三节备查文件一、备查文件除本招股说明书披露的资料外，公司将整套发行申请文件及其他相关文件作为备查文件，供投资者查阅。有关附件目录如下：1、发行保荐书；2、上市保荐书；3、法律意见书；4、财务报告及审计报告；5、公司章程（草案）；6、发行人及其责任主体作出的与发行人本次发行相关的承诺事项；7、内部控制审计报告；8、经注册会计师鉴证的发行人前次募集资金使用情况报告；9、经注册会计师鉴证的非经常性损益明细表；10、中国证监会同意本次公开发行注册的文件；11、其他与本次发行有关的重要文件。二、查阅时间及地点（一）查阅时间工作日上午8:30-11:30，下午13:00-17:00。（二）查阅地点1、发行人：常州三协电机股份有限公司办公地址：江苏省常州市经济开发区富民路222号电话：0519-88776134联系人：江翔2、保荐机构（主承销商）：东北证券股份有限公司办公地址：北京市西城区锦什坊街28号恒奥中心D座电话：010-63210828
BSE002,920091,大鹏工业,BSE002_920091_哈尔滨岛田大鹏工业股份有限公司_招股说明书.pdf,7,shareholder,持有发行人,政府对企业产业扶持的政策具有延续性和稳定性。报告期内，公司政府补助主要来自于省市区各级政府机构对公司的各类研发创新奖励。公司不依赖于政府补助进行经营，但若公司未来不能持续获得政府补助或政府补助政策发生不利变动，可能对公司的经营业绩产生一定不利影响。（八）实际控制人不当控制风险发行人实际控制人为李鹏堂，截至本招股说明书签署日，李鹏堂及其一致行动人通过直接和间接持有发行人股份的比例合计为94.13%，持股比例较为集中。实际控制人有能力通过投票表决的方式对发行人的重大经营决策实施控制或施加重大影响。如果实际控制人利用其控制地位对公司发展战略、生产经营决策、利润分配和人事安排等重大事项实施不当影响或侵占公司利益，将对发行人和其他投资者的利益产生不利影响。（九）募投项目产能无法充分消化的风险公司本次募集资金投资项目旨在扩大公司现有产能，增强公司生产能力，完善公司产品结构，提升公司研发能力、产品智能化水平及经营效率，巩固和增强公司的竞争优势。该项目实施后，公司的产能将获得较大提升。公司募集资金投资项目的可行性分析是基于当前市场环境、现有技术基础、对市场和技术发展趋势的判断等因素作出的。募集资金投资项目实施完成后，如果市场需求、技术方向等发生重大不利变化，可能导致新增产能无法充分消化，将对公司的经营业绩产生不利影响。（十）发行失败的风险本次公开发行的发行结果，将受到证券市场整体情况、投资者对公司价值的判断及认
BSE002,920091,大鹏工业,BSE002_920091_哈尔滨岛田大鹏工业股份有限公司_招股说明书.pdf,9,toc,目录,1-1-9目录第一节释义............................................................................................................10第二节概览............................................................................................................13第三节风险因素....................................................................................................26第四节发行人基本情况........................................................................................33第五节业务和技术.......................................................................
BSE002,920091,大鹏工业,BSE002_920091_哈尔滨岛田大鹏工业股份有限公司_招股说明书.pdf,27,toc,目录,，公司已通过终验收项目的毛利率水平可能无法反应后续项目的毛利率情况，公司当前的毛利率水平也可能无法真实反应公司未来的盈利能力，相关事项可能对投资者判断公司价值构成影响。（八）境外业务开拓风险报告期内，公司业务重心始终立足国内市场，清洗设备的境外销售主要通过岛田化成经销实现，最近两年随岛田化工机处置而未实现境外收入。截至目前，公司尚未直接进入境外汽车厂商供应商目录。未来，公司拟主要通过与国内主机厂商、总承包商或贸易商社
BSE002,920091,大鹏工业,BSE002_920091_哈尔滨岛田大鹏工业股份有限公司_招股说明书.pdf,31,shareholder,持有发行人,1-1-31直接和间接持有发行人股份的比例合计为94.13%，持股比例较为集中。实际控制人有能力通过投票表决的方式对发行人的重大经营决策实施控制或施加重大影响。如果实际控制人利用其控制地位对公司发展战略、生产经营决策、利润分配和人事安排等重大事项实施不当影响或侵占公司利益，将对发行人和其他投资者的利益产生不利影响。（二）业务规模扩张后的管理风险本次发行后，随着募集资金投资项目的逐步实施，公司的资产规模、业务规模和人员规模将进一步扩大，这将对公司运营管理、产品研发、质量管控以及内部控制规范性等方面都提出了更高的要求。如果公司未来不能结合实际情况及时、有效地对管理体系进行调整优化或者公司管理层业务素质及管理水平不能适应公司规模扩张的需要，组织模式和管理制度未能及时调整、完善，公司将面临较大的管理风险。四、募投项目风险（一）募投项目产能无法充分消化的风险公司本次募集资金投资项目旨在扩大公司现有产能，增强公司生产能力，完善公司产品结构，提升公司研发能力、产品智能化水平及经营效率，巩固和增强公司的竞争优势。该项目实施后，公司的产能将获得较大提升。公司募集资金投资项目的可行性分析是基于当前市场环境、现有技术基础、对市场和技术发展趋势的判断等因素作出的。募集资
BSE002,920091,大鹏工业,BSE002_920091_哈尔滨岛田大鹏工业股份有限公司_招股说明书.pdf,35,history,股权转让,内，公司不存在重大资产重组的情况。报告期内，公司因调整战略方向、降低经营成本及优化业务结构等，以520万日元（按照本次股权交易作价依据的审计报告基准日汇率中间价折算约合人民币25.62万元）处置所持有的境外子公司岛田化工机50.50%股权。根据《非上市公众公司重大资产重组管理办法》，本次资产处置行为不构成重大资产重组。关于岛田化工机的基本信息、经营情况及本次股权转让的相关情况详见本招股说明书“第五节业务和技术”之“五、境外经营情况”。
BSE002,920091,大鹏工业,BSE002_920091_哈尔滨岛田大鹏工业股份有限公司_招股说明书.pdf,36,shareholder,发行人股东,"情况如下：2022年12月22日，公司召开2022年第五次临时股东大会，审议通过了《关于公司2022半年度利润分配的议案》，分派方案为：以公司总股本3,097.68万股为基数，向全体股东每10股派发现金红利3元，共计派发现金股利929.304万元。本次股利分配于2023年2月21日实施完毕。三、发行人的股权结构截至本招股说明书签署日，公司股权结构图如下：四、发行人股东及实际控制人情况（一）控股股东、实际控制人情况1、控股股东截至本招股说明书签署日，博德工业直接持有公司3,193.02万股股份，持股比例为68.72%，为公司控股股东。报告期内，公司控股股东未发生变更。博德工业的基本情况如下："
BSE002,920091,大鹏工业,BSE002_920091_哈尔滨岛田大鹏工业股份有限公司_招股说明书.pdf,38,shareholder,持有发行人,1-1-38/董事长、总经理；2015年1月至今在博德工业任执行董事；2016年2月至今在劳克斯任执行董事；2019年3月至2022年11月在岛田化工机任董事长；2020年5月至今在子公司华耐视任执行董事。2017年获得黑龙江省“龙江科技英才”称号；2019年入选科技部“创新人才推进计划——科技创新创业人才”。（二）持有发行人5%以上股份的其他主要股东截至本招股说明书签署日，李俊堂通过博德工业间接持有公司568.68万股股份，间接持股比例为12.24%，为间接持有发行人5%以上股份的其他股东。李俊堂与李鹏堂为兄弟关系，与李鹏堂构成一致行动人。李俊堂，男，汉族，1962年12月出生，中国国籍，身份证号码为230203196212******，无境外永久居留权。1984年毕业于黑龙江机械制造学校，获机械制造大专学历；2007年毕业于装备指挥技术学院，获计算机科学与技术在职本科学历。1984年8月至1985年8月在齐齐哈尔市机械局任科员；1985年9月至1988年5月在齐齐哈尔汽车制造厂任技术员；1988年6月至2005年7月在齐齐哈尔北方机器有限公司任工程师及分厂副厂长；2019年3月至2022年11月在岛田化工机任董事；2005年7月至今在大鹏工业（含大鹏有限）任副总经理；2015年4月至今在大鹏工业（含大鹏有限）任副董事长；2016年2月至今在劳克斯任监事。（三）发行人的股份存在涉诉、质押、冻结或其他有争议的情况截至本招股说明书签署日，发行人股份不存在涉诉、质押、冻结或其他有争议的情况。（四）控股股东、实际控制人所控制的其他企业情况1、
BSE002,920091,大鹏工业,BSE002_920091_哈尔滨岛田大鹏工业股份有限公司_招股说明书.pdf,39,shareholder,股本结构;普通合伙人;员工持股平台,"克斯科技有限公司统一社会信用代码91230111MA18X0KX32法定代表人李鹏堂成立时间2016年2月2日注册资本10.00万元注册地址哈尔滨市利民开发区南京路北华远新家园14栋2单元3层1号经营范围科技中介服务；企业管理；以自有资金从事投资活动；自有资金投资的资产管理服务主要业务无实际经营股权结构李鹏堂持股100%五、发行人股本情况（一）本次发行前后的股本结构情况公司本次发行前总股本为46,465,200股，其中公众股东持股2.15%；本次发行人民币普通股15,000,000股股票，占发行后总股本的24.40%；本次发行完成后，公司公众股东持股为26.03%，比例不低于25%。本次发行前后公司股本变化具体情况如下：序号股东名称本次发行前股本结构本次发行后股本结构持股数量（股）持股比例持股数量（股）持股比例1博德工业31,930,20068.72%31,930,20051.95%2李鹏堂11,809,80025.42%11,809,80019.21%3普拉特1,725,0003.71%1,725,0002.81%4融汇工创909,3001.96%909,3001.48%5蒋子先90,9000.20%90,9000.15%6本次发行新增公众股东--15,000,00024.40%合计46,465,200100.00%61,465,200100.00%"
BSE002,920091,大鹏工业,BSE002_920091_哈尔滨岛田大鹏工业股份有限公司_招股说明书.pdf,40,shareholder,前十名股东;执行事务合伙人;员工持股平台,"1-1-40（二）本次发行前公司前十名股东情况序号股东姓名/名称担任职务持股数量（万股）限售数量（万股）股权比例（%）1博德工业控股股东3,193.023,193.0268.722李鹏堂实际控制人、董事长、总经理1,180.981,180.9825.423普拉特员工持股平台172.50172.503.714融汇工创-90.9390.931.965蒋子先-9.09-0.20合计-4,646.524,637.43100.00注：融汇工创于2025年9月29日自愿申请将所持股份自大鹏工业在北交所上市之日起限售3个月。（三）主要股东间关联关系的具体情况序号关联方股东名称关联关系描述1李鹏堂和李俊堂间接持有公司5%以上股份的股东李俊堂与公司实际控制人李鹏堂为兄弟关系，构成一致行动人2李鹏堂、李俊堂和博德工业博德工业为李鹏堂、李俊堂共同设立的公司，李鹏堂持股82.19%，李俊堂持股17.81%（四）其他披露事项1、本次公开发行申报前已实施的员工持股计划（1）基本情况普拉特为公司员工持股平台，截至本招股说明书签署日，持有公司172.50万股股份，占公司本次发行上市前股份总数的3.71%。普拉特共有合伙人45人，均为已与公司签订劳动合同的员工且符合本次员工持股计划参与条件"
BSE002,920091,大鹏工业,BSE002_920091_哈尔滨岛田大鹏工业股份有限公司_招股说明书.pdf,41,gp_lp,执行事务合伙人;普通合伙人;有限合伙人;出资比例;合伙人均为公司员工,1-1-41出资额9.3209万元执行事务合伙人王飞山经营范围企业管理咨询。（2）人员构成截至本招股说明书签署日，普拉特的合伙人均为公司员工，其中：王飞山为普通合伙人，其余员工均为有限合伙人，具体情况如下：序号合伙人名称任职岗位入职时间持有出资额（万元）出资比例(%)1王飞山副总经理2012.2.271.1512.322杨璐原监事会主席、清洗剂销售部部长2005.8.190.727.723全江海原监事、清洗机销售部部长2004.10.200.606.444韩庆玲证券部部长2016.2.210.586.185周芝彬财务负责人、董事会秘书2005.9.120.566.026吴相军机械设计研发部副部长2006.6.190.464.947蒋喜库董事、生产部部长2008.9.20.454.838白铁权原监事、智能销售部部长2007.3.250.373.949王大亮董事、机械设计研发部部长、技术总监2007.8.70.363.8610王荔岩华耐视总经理2022.1.100.283.0011王铭铭电工班班长2008.9.220.252.7012王瑞工艺室主任、外协室主任2008.10.20.242.5713孙书辉清洗机销售部副部长2007.8.10.242.5714谢本才
BSE002,920091,大鹏工业,BSE002_920091_哈尔滨岛田大鹏工业股份有限公司_招股说明书.pdf,44,shareholder,持有发行人,洪鑫独立董事董事会2025.3.18-2026.9.24栾宝云独立董事董事会2025.3.18-2026.9.24刘存独立董事董事会2025.3.18-2026.9.24上述各位董事简历情况如下：（1）李鹏堂详见本招股说明书之“第四节发行人基本情况”之“四、（一）控股股东、实际控制人情况”。（2）李俊堂详见本招股说明书之“第四节发行人基本情况”之“四、（二）持有发行人5%以上股份的其他主要股东”。（3）王大亮王大亮，男，汉族，1981年8月出生，中国国籍，无境外永久居留权，毕业于哈尔滨工业大学，汽车维修技术专业大专学历，助理工程师。2004年7月至2006年12月在哈尔滨市鸿海科技开发有限公司设计部任模具设计员；2006年12月至2007年8月在哈尔滨天元机械加工有限公司工艺室任工艺工程师；2007年8月至2013年7月在大鹏有限机械设计研发部任机械工程师；2013年8月至今在大鹏工业（含大鹏有限）任机械设计研发部部长；2016年3月至今在大鹏工业担任董事；2022年1月至今在大鹏工业任技术总监。（4）蒋喜库蒋喜库，男，汉族，1984年7月出生，中国国籍，无境外永久居留权，毕业于哈尔滨商业大学，机械设计制造及自动化专业本科学历，助理工程师。2008年9月至今在大鹏工业（含大鹏有限）历任机械设计研发部设计员、生产部工艺员、生产部工艺室主任、生产部铆焊班班长、生产部装配班班长、生产部部长。2018年5月至2025年7月在大鹏工业担任董事。2025年7月至今在大鹏工业担任职工代表董事。（5）郭洪鑫郭洪鑫，男，汉族，1956年8月出生，中国国籍，无境外永久居留权，毕业于哈尔滨科学技术大
BSE002,920091,大鹏工业,BSE002_920091_哈尔滨岛田大鹏工业股份有限公司_招股说明书.pdf,47,shareholder,持有发行人;执行事务合伙人,1-1-47上述高级管理人员简历情况如下：（1）李鹏堂详见本招股说明书之“第四节发行人基本情况”之“四、（一）控股股东、实际控制人情况”。（2）李俊堂详见本招股说明书之“第四节发行人基本情况”之“四、（二）持有发行人5%以上股份的其他主要股东”。（3）王飞山王飞山，男，汉族，1965年8月出生，中国国籍，无境外永久居留权，毕业于合肥工业大学，机械制造专业本科学历，高级工程师。1988年8月至2012年2月在哈尔滨环保制氢设备工业公司历任工程师、制氢设备研究所副所长、制氢分厂书记、研发部部长；2012年2月至2015年6月在大鹏有限任生产部部长；2015年6月至今在大鹏工业（含大鹏有限）任副总经理，2020年9月至今在普拉特任执行事务合伙人。（4）周芝彬周芝彬，男，汉族，1971年3月出生，中国国籍，无境外永久居留权，毕业于黑龙江财政专科学校，审计专业专科学历，中级会计师。1993年8月至1996年12月在哈尔滨白天鹅制药厂任会计；1997年1月至2002年11月在哈尔滨特隆塑料包装有限公司任会计；2002年12月至2005年8月在哈尔滨特隆塑料包装有限公司任财务主任；2005年9月至2007年5月在岛田春鸟任财务部长；2005年9月至今在大鹏工业（含大鹏有限）任财务部长，财务负责人；2017年8月至今在大鹏工业任董事会秘书。4、董事、原监事、高级管理人员的兼职情况截至本招股说明书签署日，除在公司及合并范围内子公司任职外，公司董
BSE002,920091,大鹏工业,BSE002_920091_哈尔滨岛田大鹏工业股份有限公司_招股说明书.pdf,48,gp_lp,执行事务合伙人;员工持股平台,滨理工大学特聘教授无关联关系黑龙江省机械工程学会副理事长、秘书长独立董事担任高级管理人员的企业，认定为关联方栾宝云独立董事上海华税通冉税务师事务所有限公司监事无关联关系刘存独立董事北京华锐光年文化发展有限公司执行总裁无关联关系深圳南山汇融股权投资管理有限公司报告期内曾任投资总监无关联关系北京昆玉资本管理有限公司报告期内曾任副总裁无关联关系王飞山副总经理普拉特执行事务合伙人员工持股平台，高级管理人员担任执行事务合伙人，认定为关联方周芝彬财务负责人、董事会秘书---杨璐原监事会主---
BSE002,920091,大鹏工业,BSE002_920091_哈尔滨岛田大鹏工业股份有限公司_招股说明书.pdf,49,shareholder,持有发行人,"144,587.81薪酬总额占利润总额的比重6.12%7.04%6.26%7.67%2022年度-2024年度，公司董监高薪酬总额基本保持一致。公司于2025年7月31日召开2025年第二次临时股东会，审议通过《关于取消监事会及监事设置、修订<公司章程>并办理工商变更登记的议案》，已取消监事会及监事设置。上述期间薪酬总额统计范围仍包括原监事。（二）直接或间接持有发行人股份的情况姓名职位关系直接持股数量（股）间接持股数量（股）无限售股数量（股）其中被质押或冻结股数李鹏堂董事长、总经理-11,809,80026,243,431-0"
BSE002,920091,大鹏工业,BSE002_920091_哈尔滨岛田大鹏工业股份有限公司_招股说明书.pdf,52,special_terms,回购,2025年8月19日长期有效稳定股价承诺详见附件之“一、4”控股股东、实际控制人及其一致行动人、董事、高级管理人员、发行人2023年9月25日/2025年8月7日长期有效填补被摊薄即期回报承诺详见附件之“一、5”发行人、控股股东、实际控制人、董事、高级管理人员2023年9月25日/2025年8月7日长期有效因招股说明书存在虚假记载、误导性陈述或者重大遗漏导致回购股份和向投资者赔偿及相关约束措施的承诺详见附件之“一、6”发行人、控股股东、持股5%以上股东、实际控制人及其一致行动人、董事、高级管理人员2025年8月7日长期有效未履行承诺约束措施承诺详见附件之“一、7”发行人、控股股东、实际控制人及其一致行动人、董事、高级管理人员2023年9月25日/2025年8月7日长期有效利润分配政策的承诺详见附件之“一、8”发行人、控股股东、实际控制人、董事、高级2023年9月25日/2025年8月7日长期有效适格性承诺详见附件之“一、9”
BSE002,920091,大鹏工业,BSE002_920091_哈尔滨岛田大鹏工业股份有限公司_招股说明书.pdf,53,special_terms,回购,行人2023年9月25日长期有效申请文件与预留文件一致的承诺详见附件之“一、14”控股股东、实际控制人及其一致行动人、董事长、总经理2023年9月25日长期有效重大违法违规行为自愿限售承诺详见附件之“一、15”发行人2023年9月25日长期有效与中介机构不存在股权关系的承诺详见附件之“一、16”发行人、控股股东、实际控制人2023年9月25日长期有效欺诈发行回购股份的承诺详见附件之“一、17”发行人2024年8月30日长期有效关于股东信息披露的专项承诺详见附件之“一、18”控股股东、实际控制人及其一致行动人2024年11月14日长期有效上市后业绩大幅下滑延长股份锁定期的承诺详见附件之“一、19”（二）前期公开承诺情况承诺主体承诺开始日期承诺结束日承诺类型承诺内容(索引)
BSE002,920091,大鹏工业,BSE002_920091_哈尔滨岛田大鹏工业股份有限公司_招股说明书.pdf,71,toc,目录,生产经营中对主要污染物的处理符合当地环保政策，污染物排放符合相关标准，未发生过环保事故，未受过环保相关处罚。公司工业清洗剂主要产品为水基型金属工业用清洗剂，原材料主要为胺类、脂肪酸类、盐类、表面活性剂等，不含磷、硼、亚硝酸盐等对人体和环境有害的成分，使用过程安全、环保。公司工业清洗剂的生产经营符合国家产业政策，已纳入相应产业规划布局，不属于《产业结构调整指导目录（2019年本）》中的限制类、淘汰类产业，不属于落后产能，不属于《“高污染、高环境风险”产品名录（2017年版）》中规定的高污染、高环境风险产品。根据哈尔滨市松北区生态环境和水务局于2025年3月13日出具的证明文件，报告期内，大鹏工业和华耐视未受到生态环境领域的行政处罚。二、行业基本情况（一）所属行业及确定依据根据《中国上市公司协会上市公司行业统计分类指引》，公司属于专用设备制造业（分类代码C35）。根据国家统计局公布的《国民经济行业分类》（GB/T4754-2017），公司
BSE002,920091,大鹏工业,BSE002_920091_哈尔滨岛田大鹏工业股份有限公司_招股说明书.pdf,72,toc,目录,安全生产法》、《中华人民共和国环境保护法》和《中华人民共和国环境影响评价办法》等法律法规。公司核心产品属于专用设备制造业，主要应用于汽车与汽车零部件行业。近年来，国家出台了一系列产业政策鼓励制造业转型升级，推动智能制造装备和新能源汽车行业发展，具体情况如下：（1）与专用智能装备相关的产业政策序号名称发布单位主要内容颁发时间1《国家支持发展的重大技术装备和产业目录》工信部、财政部等五部门新增智能检测装备、工业机器人核心零部件（如光栅尺、角度编码器）、半导体制造设备等关键技术目录2025年2《推动工业领域设备更新实施方案》工信部、发改委等七部门重点推动数控机床、工业机器人、智能物流装备、传感与检测装备等通用智能制造装备更新，提升制造业智能化水平……2024年3《关于推动未来产业创新发展的实工信部等七部门开拓新型工业化场景。围绕装备、原材料、消费品等重点领域，面向设计、生产、检测、运维等环节打造应用试验场，以产品规模化迭代应用促进未来产业技2024年
BSE002,920091,大鹏工业,BSE002_920091_哈尔滨岛田大鹏工业股份有限公司_招股说明书.pdf,113,pe_fund,备案编号,已搬迁至新厂区。上述瑕疵房产均位于老厂区内，公司老厂区现用于清洗剂生产与机器视觉检测设备研发，可用厂区充裕，即使公司的瑕疵房产被拆除，也可妥善安置工业清洗剂生产车间。因此，该等瑕疵房产不对公司生产经营构成重大不利影响。（2）房屋租赁情况截至本招股说明书签署日，发行人不存在外部租赁，其与子公司之间的房屋租赁情况如下：序号承租方出租方房屋坐落租赁面积租赁期间租赁备案编号1华耐视大鹏工业哈尔滨市利民开发区同盛路10号465㎡办公楼2025.1.1-2025.12.31哈房租登字第2025031000001另外，深圳（哈尔滨）产业园投资开发有限公司出具《无偿注册使用证明》，自愿将其位于哈尔滨市松北区智谷大街288号深圳（哈尔滨）产业园区科创总部2号楼东区1楼262室无偿提供给华耐视用作注册场所使用，使用期限自2025年7月23日至2026年7月22日。（3）主要生产设备公司的主要生产设备为各类型切割设备、机床、起重机、喷砂房、焊机等，报告期末具体如下：
BSE002,920091,大鹏工业,BSE002_920091_哈尔滨岛田大鹏工业股份有限公司_招股说明书.pdf,131,shareholder,持有发行人,经验，为公司不断提升自主研发能力奠定了坚实的基础。在“传帮带”的培养机制下，青年研发技术人才不断成长，形成了有梯队、有层次的研发技术队伍，保障公司各项研发项目有序开展。公司核心技术人员简历如下：李鹏堂，简历详见本招股说明书之“第四节发行人基本情况”之“四、（一）、控股股东、实际控制人情况”。李俊堂，简历详见本招股说明书之“第四节发行人基本情况”之“四、（二）持有发行人5%以上股份的其他主要股东”。王大亮，简历详见本招股说明书之“第四节发行人基本情况”之“八（一）董事、原监事、高级管理人员的简要情况”。吴相军，男，1974年1月出生，中国国籍，无境外永久居留权，动力工程系内燃机专业本科学历，机械工程师。1998年3月至2005年3月在黑龙江省播农机械股份有限公
BSE002,920091,大鹏工业,BSE002_920091_哈尔滨岛田大鹏工业股份有限公司_招股说明书.pdf,132,employee_platform,员工持股平台,"算机科学与技术专业本科学历，中级工程师。2007年3月至2013年1月在上海申科技术有限公司任电气工程师；2013年2月至2019年2月在大鹏工业（含大鹏有限）任电气工程师；2019年3月至2021年3月在大鹏工业任智能制造事业部副部长；2021年4月至今在华耐视任研发部副部长、总经理助理。（2）核心技术人员持股情况为进一步保证公司研发团队的稳定性，公司设立员工持股平台，鼓励符合条件的员工成为公司股东。截至报告期末，公司核心技术人员持有公司股份的具体情况如下：序号姓名持股数量（股）直接持股比例间接持股比例1李鹏堂38,053,23125.42%56.48%2李俊堂5,686,769-12.24%3王大亮67,500-0.15%4吴相军85,500-0.18%5范会龙7,500-0.02%6罗巍42,000-0.09%合计43,942,50025.42%69.15%报告期内，公司核心技术人员未发生变动。公司的核心技术人员自进入公司以来，严格遵守法律法规及公司制度，重视知识产权保护，不存在侵犯第三方知识产权或商业秘密、违反与第三方竞业限制约定或保密协议的情况。（四）研发情况1、在研项目情况单位：万元"
BSE002,920091,大鹏工业,BSE002_920091_哈尔滨岛田大鹏工业股份有限公司_招股说明书.pdf,138,history,股权转让,相关市场资源及人员；另一方面岛田健一年近70岁，计划逐步将业务交由两个儿子管理，其中长子负责清洗剂业务，次子岛田辽二郎通过与发行人合资成立公司承继设备相关的人力及市场资源。从公司角度：一方面公司拟通过设立子公司获得更多境外订单机会，拓展海外市场；另一方面公司可通过境外子公司从事境外项目的安装调试、售后服务及设备改造等工作。（二）岛田化工机转让前的经营业绩本次股权转让前，岛田化工机主要转售大鹏工业生产的清洗装备，主要财务数据如下：
BSE002,920091,大鹏工业,BSE002_920091_哈尔滨岛田大鹏工业股份有限公司_招股说明书.pdf,140,history,股权转让,1-1-140弱，导致海外销售业绩大幅下滑。综合上述因素考虑，公司决定改变战略布局，将日本子公司进行处置。本次资产处置有利于公司整合优化资源，降低管理成本，对公司的财务状况和经营成果无重大影响。2、定价依据本次股权转让定价依据为：岛田化工机截至2022年9月30日经审计的净资产值为49.86万元，50.5%股权对应净资产则为25.18万元。经双方协商，岛田化工机50.5%股权的转让价格为520万日元，按照当日中间汇率折合人民币约25.62万元，略高于经审计的账面净资产价值。岛田化工机资产规模较小，且以货币资金、应收账款为主，无自有土地、房产，资产价值不会出现评估增值情形。岛田化工机自成立以来以转售发行人的设备为主业，在日本境内自行开展的改造、维修等业务体量较小，自身盈利能力较弱，在股权转让时处于亏损状态，预计未来短期内经营业绩大幅增长的可能性极小，因此以未来收益或现金流等方法进行评估的意义不大。综上，本次股权交易定价以经审计的账面净资产值为依据具有公允性，不存在损害公司利益的行为，也不存在向关联方输送利益的情形。3、决策程序与执行情况2022年11月11日，公司召开第三届董事会第七次会议，审议通过了《关于转让子公司股权暨关联交易的议案》，该交易事项所涉金额较小，在董事会审议权限内，无需提交公司股东大会审议。同日，公司与岛田辽二郎签署《股权转让协议》，约定公司将岛田化工机50.5%的股权转让给岛田辽二郎，转让价格为520万日元。公司
BSE002,920091,大鹏工业,BSE002_920091_哈尔滨岛田大鹏工业股份有限公司_招股说明书.pdf,141,history,股权转让,《债权债务处置协议》中约定的公司所享有的债权（包括但不限于本金、违约金、赔偿金及公司为实现债权和担保权利发生的费用等）承担连带保证责任。2023年9月15日，公司与岛田化工机签署《债权债务处置补充协议》，双方约定岛田化工机自该补充协议签署日起每月底向发行人偿还600万日元，直至全部债务偿还完毕，《债权债务处置协议》其他条款不变。除上述已披露的协议内容外，本次股权转让不涉及其他约定或利益安排。截至2025年7月15日，岛田化工机对上述债务偿还完毕。六、业务活动合规情况报告期内，公司已取得生产、研发、销售等业务所需的业务许可资格和资质文件，业务活动合法合规。报告期内，公司及董事、原监事、高级管理人员和核心技术人员严格遵守《公司法》、《公司章程》以及其他相关法律法规的规定，依法规范经营，在工商、税务、环保、社保、住房公积金、信息披露以及商业贿赂等方面不存在重大违法违规行为。七、其他事项无。
BSE002,920091,大鹏工业,BSE002_920091_哈尔滨岛田大鹏工业股份有限公司_招股说明书.pdf,147,gp_lp,执行事务合伙人;员工持股平台,人关系密切的家庭成员，包括配偶、父母、配偶的父母、兄弟姐妹及其配偶、年满十八周岁的子女及其配偶、配偶的兄弟姐妹和子女配偶的父母15李永堂实际控制人之兄弟，于博德工业担任总经理16李志平实际控制人兄弟之子，于博德工业担任监事17华耐视公司之控股子公司18哈尔滨普拉特企业管理咨询有限合伙企业公司员工持股平台，公司高级管理人员王飞山持有12.32%出资份额，并担任执行事务合伙人19哈尔滨劳克斯科技有限公司实际控制人李鹏堂控制的其他企业20上海晓百世管理咨询有限公司独立董事栾宝云持股50%并曾担任执行董事的企业21黑龙江省铸造协会独立董事郭洪鑫任理事长22黑龙江省机械工程学会独立董事郭洪鑫任副理事长、秘书长（1）控股股东及实际控制人及其控制的企业1）控股股东及实际控制人截至本招股说明书签署日，博德工业持有公司68.72%股权，为公司控股股东。实际控制人李鹏堂直接持有公司25.42%股份，持有公司控股股东博德工业82.19%股份，合计控制公司94.13%股份。2）实际控制人控制的其他企业除公司及子公司之外，公司实际控制人控制的其他企业包括博德工业、劳克斯。（2）持有公司5%以上股份的股东除博德工业、李鹏堂外，直接或间接持有公司5%以上股份的股东还包括李俊堂。具
BSE002,920091,大鹏工业,BSE002_920091_哈尔滨岛田大鹏工业股份有限公司_招股说明书.pdf,148,gp_lp,执行事务合伙人;员工持股平台,理人员序号关联方名称关联关系1李鹏堂在公司控股股东任执行董事2李永堂在公司控股股东任总经理3李志平在公司控股股东任监事（5）公司的子公司公司目前有一家控股子公司华耐视，请参见本招股说明书之“第四节发行人基本情况”之“七、（一）控股子公司情况”。（6）其他关联方除上述所列示的关联方外，公司还有以下关联方：序号关联方名称关联关系1普拉特公司员工持股平台，王飞山任执行事务合伙人，并持有12.32%出资份额2黑龙江省铸造协会郭洪鑫任理事长3黑龙江省机械工程学会郭洪鑫任副理事长、秘书长4上海晓百世管理咨询有限公司栾宝云持股50%股权，并曾担任执行董事2、报告期内关联方变化情况序号名称报告期内的关联关系关联方变化情况及原因1黑龙江省机械郭洪鑫任负责人2021年12月不再担任负责人，
BSE002,920091,大鹏工业,BSE002_920091_哈尔滨岛田大鹏工业股份有限公司_招股说明书.pdf,149,history,股权转让,"5年1-6月2024年度2023年度2022年度经常性关联交易关键管理人员向关键管理人员支付薪酬是109.78348.63350.19351.66偶发性关联交易李鹏堂及配偶、博德工业、华耐视公司作为被担保方否具体情况请参见本节“七、（二）、3、（1）关联方担保”博德工业向博德工业拆入资金否---参见本节“七、（二）、3、（2）关联方借款”岛田辽二郎岛田化工机股权转让否---25.62李鹏堂华耐视股权转让否---0比照关联方交易岛田化成采购商品否---0.09岛田化成直接销售商品否---2,091.28"
BSE002,920091,大鹏工业,BSE002_920091_哈尔滨岛田大鹏工业股份有限公司_招股说明书.pdf,151,history,股权转让,资金暂时紧张合计950.00-2.76-公司专用智能装备项目执行周期较长，且下游客户付款程序较复杂，回款周期较长，前期采购、备货、装配、调试阶段需要公司垫付营运资金，故在订单大幅增加时偶有资金周转紧张的情况。同时，报告期内，公司进行了大规模固定资产投资建设，相关工程支出的资金需求量也相对较大。报告期内，公司向关联方借入款项时间较短，借款定价公允。（3）关联方股权转让1）岛田化工机股权转让关于岛田化工机的股权转让情况，具体请参见本招股说明书之“第五节业务和技术”
BSE002,920091,大鹏工业,BSE002_920091_哈尔滨岛田大鹏工业股份有限公司_招股说明书.pdf,152,history,股权转让,"1-1-152之“五、境外经营情况”2）华耐视股权转让公司2021年11月15日召开的第二届董事会第九次会议和2021年12月1日召开的2021年第一次临时股东大会审议通过了《关于全资子公司股权转让的议案》。为了更好的带动和发展子公司华耐视的业务，公司以人民币零元的价格将华耐视15%的股权转让给公司实际控制人李鹏堂，以对子公司经营产生积极的带动作用。2022年1月18日，发行人与李鹏堂签订股权转让协议，将公司持有的子公司华耐视15%的股权以人民币零元的价格转让给李鹏堂。在股权转让日，华耐视未实际经营，也未实缴出资。4、比照关联方交易（1）购买商品/接受劳务的交易单位：万元关联方关联交易内容2025年1-6月2024年度2023年度2022年度岛田化成采购商品及劳务---0.09采购内容主要为公司向岛田化成采购少量清洗剂，用于境外项目的设备调试、预验收以及在终验收测试中。（2）出售商品/提供劳务的交易单位：万元关联方关联交易内容2025年1-6月2024年度2023年度2022年度岛田化成销售商品及劳务---2,091.28销售内容主要为公司通过岛田化工机向岛田化成转售设备，岛田化成作为经销商角色向最终用户销售，该等转售形成的销售收入在报告期内占对岛田化成总收入的93.3"
BSE002,920091,大鹏工业,BSE002_920091_哈尔滨岛田大鹏工业股份有限公司_招股说明书.pdf,159,special_terms,回购,"08,086.60向中央银行借款拆入资金交易性金融负债衍生金融负债应付票据03,401,409.1018,197,810.10应付账款7,393,760.1518,551,459.4512,680,609.8224,256,294.49预收款项合同负债40,529,722.0442,617,712.2858,828,664.9097,624,758.14卖出回购金融资产款吸收存款及同业存放代理买卖证券款代理承销证券款应付职工薪酬9,593,878.3714,992,851.6212,342,752.9412,657,959.86应交税费5,769,854.377,837,800.374,338,185.8010,577,580.63其他应付款226,129.81282,458.85553,661.429,971,959.56其中：应付利息-应付股利9,293,040.00应付手续费及佣金应付分保账款持有待售负债一年内到期的非流动负债5,101,760.265,093,438.445,969,212.624,658,298.78其他流动负债2,302,407.821,878,440.973,277,922.157,097,792.07流动负债合计70,917,512.8292,254,161.98101,505,120.90205,350,540.23非流动负债：保险合同准备金"
BSE002,920091,大鹏工业,BSE002_920091_哈尔滨岛田大鹏工业股份有限公司_招股说明书.pdf,164,special_terms,回购,"年度2023年度2022年度一、经营活动产生的现金流量：销售商品、提供劳务现金116,234,637.56165,386,107.58221,546,069.66165,576,772.21客户存款和同业存放款项净增加额向中央银行借款净增加额收到原保险合同保费取得的现金收到再保险业务现金净额保户储金及投资款净增加额收取利息、手续费及佣金的现金拆入资金净增加额回购业务资金净增加额代理买卖证券收到的现金净额收到的税费返还2,470,417.306,837,418.844,989,879.092,459,536.54收到其他与经营活动有关的现金4,067,835.2516,497,913.4215,623,873.6710,840,720.33经营活动现金流入小计122,772,890.11188,721,439.84242,159,822.42178,877,029.08购买商品、接受劳务支付的现金24,173,497.5061,335,384.3395,923,739.67102,362,863.36客户贷款及垫款净增加额"
BSE002,920091,大鹏工业,BSE002_920091_哈尔滨岛田大鹏工业股份有限公司_招股说明书.pdf,168,history,股权转让,"型注册地实收资本（万元）持股比例表决权比例是否纳入合并报表范围华耐视控股子公司黑龙江省哈尔滨市2,000.0085%85%是2、报告期内合并报表范围变化情况报告期内，公司合并报表范围内减少1家子公司，无新增子公司。具体如下：2022年11月11日，公司召开第三届董事会第七次会议，审议通过了《关于转让子公司股权暨关联交易的议案》。同日，公司与岛田辽二郎签署了《股权转让协议》。2022年11月30日，大鹏工业与岛田辽二郎股权完成股权交割。公司自2022年12月起不再将岛田化工机纳入合并范围。四、会计政策、估计（一）会计政策和会计估计具体会计政策和会计估计提示：□适用√不适用1.金融工具√适用□不适用公司在成为金融工具合同的一方时确认一项金融资产或金融负债。实际利率法是指计算金融资产或金融负债的摊余成本以及将利息收入或利息费用分摊计入各会计期间的方法。实际利率，是指将金融资产或金融负债在预计存续期的估计未来现金流量，折现为该金融资产账面余额或该金融负债摊余成本所使用的利率。在确定实际利率时，在考虑金融资产或金融负债所有合同条款(如提前还款、展期、看涨期权或其他类似期权等)的基础上估计预期现金流量，"
BSE002,920091,大鹏工业,BSE002_920091_哈尔滨岛田大鹏工业股份有限公司_招股说明书.pdf,171,special_terms,回购,直接计入当期损益；对于其他类别的金融负债，相关交易费用计入初始确认金额。金融负债的后续计量取决于其分类：1）以公允价值计量且其变动计入当期损益的金融负债此类金融负债包括交易性金融负债（含属于金融负债的衍生工具）和初始确认时指定为以公允价值计量且其变动计入当期损益的金融负债。满足下列条件之一的，属于交易性金融负债：承担相关金融负债的目的主要是为了在近期内出售或回购；属于集中管理的可辨认金融工具组合的一部分，且有客观证据表明企业近期采用短期获利方式模式；属于衍生工具，但是，被指定且为有效套期工具的衍生工具、符合财务担保合同的衍生工具除外。交易性金融负债（含属于金融负债的衍生工具），按照公允价值进行后续计量，除与套期会计有关外，所有公允价值变动均计入当期损益。在初始确认时，为了提供更相关的会计信息，公司将满足下列条件之一的金融负债不可撤销地指定为以公允价值计量且其变动计入当期损益的金融负债：①能够消除或显著减少会计错配。
BSE002,920091,大鹏工业,BSE002_920091_哈尔滨岛田大鹏工业股份有限公司_招股说明书.pdf,173,special_terms,回购,1-1-173公司回购金融负债一部分的，按照继续确认部分和终止确认部分在回购日各自的公允价值占整体公允价值的比例，对该金融负债整体的账面价值进行分配。分配给终止确认部分的账面价值与支付的对价（包括转出的非现金资产或承担的负债）之间的差额，应当计入当期损益。（4）金融资产转移的确认依据和计量方法公司在发生金融资产转移时，评估其保留金融资产所有权上的风险和报酬的程度，并分别下列情形处理：情形会计处理（1）移了金融资产所有权上几乎所有风险和报酬的终止确认该金融资产，并将转移中产生或保留的权利和义务单独确认为资产或负债（2）保留了金融资产所有权上几乎所有风险和报酬的继续确认该金融资产既没有转移也没有保留金融资产所有权上几乎所有风险和报酬的（即除本条（1）、（2）之外的其他情形），则根据其是否保留了对金融资产的控制未保留对该金融资产控制的终止确认该金融资产，并将转移中产生或保留的权利和义务单独确认为资产或负债保留了对该金融资产控制的按照其继续涉入被转移金融资产的程度继续确认有关金融资产，并相应确认相关负债。继续涉入被转移金融资产的程度，是指公司承担的被转移金融资产价值变动风险或报酬的程度。在判断金融资产转移是否满足上述金融资产终止确认条件时，采用实质重
BSE002,920091,大鹏工业,BSE002_920091_哈尔滨岛田大鹏工业股份有限公司_招股说明书.pdf,269,history,股权转让,9.446.4916.4517.81所得税预缴税额13.81---上市发行费528.35484.48569.39-其他30.42--26.90合计592.02490.98585.8444.71科目具体情况及分析说明:截至报告期末，公司其他流动资产主要由上市发行费、待抵扣进项税和与处置岛田化工机相关的一系列回款组成。公司于2022年11月末将所持有的岛田化工机股权转让给岛田辽二郎，岛田辽二郎支付股权转让款时，公司的资本项下结算专户正在开立过程中，该笔款项先进入银行的待查账户，待开立完成后转入公司账户，因此于2022年末列报为其他流动资产。2023年1月，公司收到该款项。公司的上市发行费为公司进入上市辅导期后，按阶段向券商、会计师、律师支付的与上市直接相关的中介机构费用。15.其他非流动资产√适用□不适用单位：万元项目2025年6月30日2024年12月31日账面余额减值准备账面价值账面余额减值准备账面价值合计581.8029.09552.71989.3249.47939.85项目2023年12月31日2022年12月31日账面余额减值准备账面价值账面余额减值准备账面价值合计354.1117.71336.40273.3713.58259.79科目具体情况及分析说明：
BSE002,920091,大鹏工业,BSE002_920091_哈尔滨岛田大鹏工业股份有限公司_招股说明书.pdf,322,history,股权转让,"得子公司及其他营业单位支付的现金净额----支付其他与投资活动有关的现金-42.17113.32投资活动现金流出小计4,572.341,131.05696.257,065.72投资活动产生的现金流量净额-69.76-227.98-660.78-6,260.69科目具体情况及分析说明：报告期内，公司投资活动现金流入主要为收回理财本金及利息和收回处置岛田化工机的股权转让款。公司于2022年11月末将所持有的岛田化工机股权转让给岛田辽二郎，岛田辽二郎支付股权转让款时，公司的资本项下结算专户正在开立过程中，该笔款项先进入银行的待查账户，待开立完成后转入公司账户，因此于2022年末列报为其他流动资产。2023年1月，公司收到该款项。投资活动现金流出主要为理财、购置土地使用权、建设新厂区、购买无形资产及支付其他与投资活动有关的现金。"
BSE002,920091,大鹏工业,BSE002_920091_哈尔滨岛田大鹏工业股份有限公司_招股说明书.pdf,366,shareholder,发行人股东;持有发行人;对赌;回购,份锁定及减持的承诺函》，内容如下：一、本企业持续看好发行人以及所处行业的发展前景，愿意长期持有发行人股票。二、本企业不存在接受他人委托或委托他人持有公司股份的情形，包括但不限于通过委托持股、信托持股等方式代他人或委托他人持有股份。截至本承诺函出具之日，本企业所持有的公司股份未设置任何质押、查封等权利限制，亦不存在任何第三方权益或权益纠纷，不存在影响本企业成为发行人股东的重大诉讼、仲裁案件或者潜在纠纷，不存在对赌协议及其他影响上市的协议或者其他利益安排。资金来源均为自有资金，资金来源合法、合规。三、本企业持有的公司股票自公司本次向不特定合格投资者公开发行股票并在北交所上市之日起12个月内，不得转让或委托他人代为管理，也不由公司回购该部分股份。若因公司进行权益分派等导致本企业直接持有公司股份发生变化的，本企业仍将遵守上述承诺。四、本企业自公司召开股东会审议公开发行股票并在北交所上市事项的股东会股权登记日次日起至公司完成公开发行股票并进入北交所之日期间不减持公司股票。但公司股票公开发行并在北交所上市事项终止的，本企业可申请解除限售。五、本企业所持公司股票在锁定期满后2年内减持的，其减持价格不低于发行价；公司上市后6个月内如公司股票连续20个交易日的收盘价均低于发行价，或者上市后6个月期末收盘价低于发行价，持有公司股票的锁定期自动延长6个月。六、本企业于本次向不特定合格投资者公开发行股票前所持有的公司股票，在股票锁定期满后，将通过二级市场集中竞价交易、大宗交易等北交所认可的合法方式按照届时的市场价格或大宗交易确定的价格进行减持；以集中竞价交易或大宗交易减持本企业所持有的公司股份的，应当
BSE002,920091,大鹏工业,BSE002_920091_哈尔滨岛田大鹏工业股份有限公司_招股说明书.pdf,367,shareholder,发行人股东;持有发行人;对赌,《关于股份锁定及减持的承诺函》，内容如下：一、本人持续看好发行人以及所处行业的发展前景，愿意长期持有发行人股票。二、本人不存在接受他人委托或委托他人持有公司股份的情形，包括但不限于通过委托持股、信托持股等方式代他人或委托他人持有股份。截至本承诺函出具之日，本人所持有的公司股份未设置任何质押、查封等权利限制，亦不存在任何第三方权益或权益纠纷，不存在影响本人成为发行人股东的重大诉讼、仲裁案件或者潜在纠纷，不存在对赌协议及其他影响上市的协议或者其他利益安排。资金来源均为自有资金，资金来源合法、合规。
BSE002,920091,大鹏工业,BSE002_920091_哈尔滨岛田大鹏工业股份有限公司_招股说明书.pdf,368,special_terms,回购,1-1-368三、本人持有的公司股票自公司本次向不特定合格投资者公开发行股票并在北交所上市之日起12个月内，不转让或委托他人代为管理，也不由公司回购该部分股份。若因公司进行权益分派等导致本人直接持有公司股份发生变化的，本人仍将遵守上述承诺。四、本人应当向公司申报所持有的公司股份及变动情况，在就任时确定的任职公司董事、高级管理人员期间和任期届满后6个月内，每年通过集中竞价、大宗交易、协议转让等方式转让的股份不超过直接或者间接持有公司股份总数的25%。本人离职后半年内，不转让直接或间接持有的公司股份。五、本人自公司召开股东会审议公开发行股票并在北交所上市事项的股东会股权登记日次日起至公司完成公开发行股票并进入北交所之日期间不减持公司股票。但公司股票公开发行并在北交所上市事项终止的，本人可申请解除限售。六、本人所持公司股票在锁定期满后2年内减持的，其减持价格不低于发行价；公司上市后6个月内如公司股票连续20个交易日的收盘价均低于发行价，或者上市后6个月期末收盘价低于发行价，持有公司股票的锁定期自动延长6个月。上述承诺不因职务变更、离职等原因而放弃履行。七、本人于本次向不特定合格投资者公开发行股票前所持有的公司股票，在股票锁定期满后，将通过二级市场集中竞价交易、大宗交易等北交所认可的合法方式按照届时的市场价格或大宗交易确定的价格进行减持；以集中竞价或大宗交易减持本人所持有的
BSE002,920091,大鹏工业,BSE002_920091_哈尔滨岛田大鹏工业股份有限公司_招股说明书.pdf,369,shareholder,发行人股东;持有发行人;对赌;回购,《关于股份锁定及减持的承诺函》，内容如下：一、本人持续看好发行人以及所处行业的发展前景，愿意长期持有发行人股票。二、本人不存在接受他人委托或委托他人持有公司股份的情形，包括但不限于通过委托持股、信托持股等方式代他人或委托他人持有股份。截至本承诺函出具之日，本人所持有的公司股份未设置任何质押、查封等权利限制，亦不存在任何第三方权益或权益纠纷，不存在影响本人成为发行人股东的重大诉讼、仲裁案件或者潜在纠纷，不存在对赌协议及其他影响上市的协议或者其他利益安排。资金来源均为自有资金，资金来源合法、合规。三、本人持有的公司股票自公司本次向不特定合格投资者公开发行股票并在北交所上市之日起12个月内，不转让或委托他人代为管理，也不由公司回购该部分股份。若因公司进行权益分派等导致本人直接持有公司股份发生变化的，本人仍将遵守上述承诺。四、本人应当向公司申报所持有的公司股份及变动情况，在就任时确定的任职公司董事、高级管理人员期间和任期届满后6个月内，每年通过集中竞价、大宗交易、协议转让等方式转让的股份不超过直接或者间接持有公司股份总数的25%。本人离职后半年内，不转让直接或间接持有的公司股份。
BSE002,920091,大鹏工业,BSE002_920091_哈尔滨岛田大鹏工业股份有限公司_招股说明书.pdf,371,shareholder,发行人股东;持有发行人;对赌;回购,《关于股份锁定及减持的承诺函》，内容如下：一、本人持续看好发行人以及所处行业的发展前景，愿意长期持有发行人股票。二、本人不存在接受他人委托或委托他人持有公司股份的情形，包括但不限于通过委托持股、信托持股等方式代他人或委托他人持有股份。截至本承诺函出具之日，本人所持有的公司股份未设置任何质押、查封等权利限制，亦不存在任何第三方权益或权益纠纷，不存在影响本人成为发行人股东的重大诉讼、仲裁案件或者潜在纠纷，不存在对赌协议及其他影响上市的协议或者其他利益安排。资金来源均为自有资金，资金来源合法、合规。三、本人持有的公司股票自公司本次向不特定合格投资者公开发行股票并在北交所上市之日起12个月内，不转让或委托他人代为管理，也不由公司回购该部分股份。若因公司进行权益分派等导致本人直接持有公司股份发生变化的，本人仍将遵守上述承诺。四、本人应当向公司申报所持有的公司股份及变动情况，在就任时确定的任职公司董事、高级管理人员期间和任期届满后6个月内，每年通过集中竞价、大宗交易、协议转让等方式转让的股份不超过直接或者间接持有公司股份总数的25%。本人离职后半年内，不转让直接或间接持有的公司股份。五、本人自公司召开股东会审议公开发行股票并在北交所上市事项的股东会股权登记日次日起至公司完成公开发行股票并进入北交所之日期间不减持公司股票。但公司股票公开发行并在北交所上市事项终止的，本人可申请解除限售。六、本人所持公司股票在锁定期满后2年内减持的，其减持价格不低于发行价；公司上市后6个月内如公司股票连续20个交易日的收盘价均低于发行价，或者上市后6个月期末收盘价低于发行价，持有公司股票的锁定期自动延长6个月。
BSE002,920091,大鹏工业,BSE002_920091_哈尔滨岛田大鹏工业股份有限公司_招股说明书.pdf,375,special_terms,回购,了解并知悉《哈尔滨岛田大鹏工业股份有限公司向不特定合格投资者公开发行股票并在北京证券交易所上市后三年内稳定股价预案（第二次修订版）》的全部内容；二、本人/企业须遵守和执行《哈尔滨岛田大鹏工业股份有限公司向不特定合格投资者公开发行股票并在北京证券交易所上市后三年内稳定股价预案（第二次修订版）》中涉及本企业事项的约束措施及承诺并承担相应的法律责任；三、在发行人就回购股份事宜召开的董事会/股东会上，本人/企业对发行人承诺的回购股份方案的相关决议投赞成票。（2）公司签署《向不特定合格投资者公开发行股票并在北京证券交易所上市后三年内稳定股价预案的承诺函》，内容如下：本公司须遵守并执行《哈尔滨岛田大鹏工业股份有限公司向不特定合格投资者公开发行股票并在北京证券交易所上市后三年内稳定股价预案（第二次修订版）》中涉及本公司事项的约束措施和承诺并承担相应的法律责任。5、填补摊薄即期回报承诺（1）公司控股股东、实际控制人及一致行动人、签署《向不特定合格投资者公开发行股票并在北京证券交易所上市填补被摊薄即期回报的措施之承诺函》，内容如下：一、不越权干预公司的经营管理活动，不侵占公司的利益。二、不无偿或以不公平条件向其他单位或者个人输送利益，也不采用其他方式损害公司利益。三、对董事和高级管理人员的职务消费行为进行约束。四、本人/本企业承诺切实履行公司制定的有关填补回报措施以及本人/本企业对此作出的任何有关填补回报措施的承诺，若本人/本企业违反该等承诺并给公司或者投资者造成损失的，本人/本企业愿意依法承担对公司或者投资者的补偿责任。五、自本承诺签署日至公司向不特定合格投资者公开发行股票实施完毕，若中国证监
BSE002,920091,大鹏工业,BSE002_920091_哈尔滨岛田大鹏工业股份有限公司_招股说明书.pdf,376,special_terms,回购,出补充承诺或替代承诺，以尽可能保护投资者的利益，并在公司股东会审议通过后实施补充承诺或替代承诺。公司将保证或尽最大的努力促使上述措施的有效实施，努力降低本次发行对即期回报的影响，保护公司股东的权益。如公司未能实施上述措施且无正当、合理的理由，公司及相关责任人将公开说明原因、向股东致歉并依法承担相应责任。6、因招股说明书存在虚假记载、误导性陈述或者重大遗漏导致回购股份和向投资者赔偿及相关约束措施的承诺（1）公司签署《关于哈尔滨岛田大鹏工业股份有限公司在招股说明书不存在虚假记载、误导性陈述或者重大遗漏的承诺》，内容如下：
BSE002,920091,大鹏工业,BSE002_920091_哈尔滨岛田大鹏工业股份有限公司_招股说明书.pdf,377,special_terms,回购,责任。二、若公司本次发行上市的招股说明书及其他信息披露资料有虚假记载、误导性陈述或者重大遗漏，致使投资者在证券交易中遭受损失的，且本公司被监管机构认定不能免责的，本公司将依法赔偿投资者损失。三、若有权部门认定本公司本次发行上市的招股说明书及其他信息披露资料有虚假记载、误导性陈述或者重大遗漏，对判断其是否符合法律规定的发行条件构成重大、实质影响的，本公司将依法回购本次发行的全部新股；回购价格（如果因派发现金红利、送股、转增股本、增发新股等原因进行除权、除息的，须按照有关规定作复权处理）根据相关法律法规确定，且不低于本次发行上市的发行价格与按照股票发行日至回购日银行同期存款利率计算的利息之和。四、上述承诺为公司的真实意思表示，若违反上述承诺将依法承担相应的法律责任。（2）公司控股股东签署《关于哈尔滨岛田大鹏工业股份有限公司在招股说明书不存在虚假记载、误导性陈述或者重大遗漏的承诺》，内容如下：一、本次发行上市的招股说明书内容真实、准确、完整，不存在虚假记载、误导性陈述或重大遗漏，并对其真实性、准确性、完整性承担连带责任。二、若公司本次发行上市的招股说明书存在虚假记载、误导性陈述或者重大遗漏，致使投资者在证券交易中遭受损失，且本单位被监管机构认定不能免责的，本单位将依法赔偿投资者损失。三、若有权部门认定公司本次发行上市的招股说明书有虚假记载、误导性陈述或者重大遗漏，对判断其是否符合法律规定的发行条件构成重大、实质影响的，本单位将促使公司根据相关法律法规及公司章程规定召开董事会、临时股东会，并经相关主管部门批准或核准或备案，启动股份回购措施，回购本次发行的全部新股，并依法回购本单位已转让
BSE002,920091,大鹏工业,BSE002_920091_哈尔滨岛田大鹏工业股份有限公司_招股说明书.pdf,378,special_terms,回购,1-1-378三、若有权部门认定公司本次发行上市的招股说明书有虚假记载、误导性陈述或者重大遗漏，对判断其是否符合法律规定的发行条件构成重大、实质影响的，本人将促使公司根据相关法律法规及公司章程规定召开董事会、临时股东会，并经相关主管部门批准或核准或备案，启动股份回购措施，回购本次发行的全部新股，并依法回购本人已转让的原限售股份（如有）；回购价格（如果因派发现金红利、送股、转增股本、增发新股等原因进行除权、除息的，须按照有关规定作复权处理）根据相关法律法规确定，且不低于本次发行的发行价格与按照股票发行日至回购日银行同期存款利率计算的利息之和。四、上述承诺为本人的真实意思表示，若违反上述承诺将依法承担相应的法律责任。（4）公司董事、高级管理人员签署《关于哈尔滨岛田大鹏工业股份有限公司在招股说明书不存在虚假记载、误导性陈述或者重大遗漏的承诺》，内容如下：一、本次发行上市的招股说明书及其他信息披露资料内容真实、准确、完整，不存在虚假记载、误导性陈述或重大遗漏，并对其真实性、准确性、完整性承担连带责任。二、若公司本次发行上市的招股说明书及其他信息披露资料有虚假记载、误导性陈述或者重大遗漏，致使投资者在证券交易中遭受损失，且本人被监管机构认定不能免责的，本人将依法赔偿投资者损失。三、若有权部门认定公司本次发行上市的招股说明书及其他信息披露资料有虚假记载、误导性陈述或者重大遗漏，对判断其是否符合法律规定的发行条件构成重大、实质影响的，本人将促使公司根据相关法律法规及公司章程规定召开董事会、临时股
BSE002,920091,大鹏工业,BSE002_920091_哈尔滨岛田大鹏工业股份有限公司_招股说明书.pdf,379,shareholder,发行人股东,，以及增发股份、发行债券以及重大资产重组等资本运作行为，直至公司履行相关承诺。（2）公司控股股东签署《关于未履行承诺的约束措施承诺函》，内容如下：一、如本企业非因相关法律法规、政策变化、自然灾害及其他不可抗力等本企业无法控制的客观原因导致未能履行公开承诺事项的，需提出新的承诺或相应补救措施并接受如下约束措施，直至新的承诺履行完毕或相应补救措施实施完毕：1.在发行人股东会及中国证监会指定的信息披露媒体上公开说明未履行承诺的具体原因并向股东和社会公众投资者道歉；2.不得转让公司股份，因继承、被强制执行、上市公司重组、为履行保护投资者利益承诺等必须转股的情形除外；3.如因违反有关承诺而给有关主体造成损失的，则应立即停止有关行为，且对有关受损失方承担补偿或赔偿责任；且发行人有权相应扣减其应向本企业支付的分红并直接支付给受损失方，直至上述有关受损失方的损失得到弥补；4.如果因本企业未履行相关承诺事项而获得收益的，所获收益归发行人所有，并在获得收益的五个工作日内将所获收益支付给发行人指定账户。二、如本企业因相关法律法规、政策变化、自然灾害及其他不可抗力等本企业无法控制的客观原因导致未能履行公开承诺事项的，需提出新的承诺或相应补救措施并接受如下约束措施，直至新的承诺履行完毕或相应补救措施实施完毕：1.在股东会及中国证监会指定的信息披露媒体上公开说明未履行的具体原因并向股东和社会公众投资者道歉；2.尽快研究将投资者利益损失降低到最小的处理方案，尽可能地保护公司投资者利益。（3）公司实际控制人及其一致行动人、董事、高级管理人员签署《关于未履行承诺的约束措施承诺函》，内容如下：一、如本人非因相关法
BSE002,920091,大鹏工业,BSE002_920091_哈尔滨岛田大鹏工业股份有限公司_招股说明书.pdf,380,shareholder,发行人股东,1-1-3801.在发行人股东会及中国证监会指定的信息披露媒体上公开说明未履行承诺的具体原因并向股东和社会公众投资者道歉；2.不得转让公司股份，因继承、被强制执行、上市公司重组、为履行保护投资者利益承诺等必须转股的情形除外；3.如因违反有关承诺而给有关主体造成损失的，则应立即停止有关行为，且对有关受损失方承担补偿或赔偿责任；且发行人有权相应扣减其应向本人支付的分红、薪酬、津贴并直接支付给受损失方，直至上述有关受损失方的损失得到弥补；4.如果因本人未履行相关承诺事项而获得收益的，所获收益归发行人所有，并在获得收益的五个工作日内将所获收益支付给发行人指定账户。二、如本人因相关法律法规、政策变化、自然灾害及其他不可抗力等本人无法控制的客观原因导致未能履行公开承诺事项的，需提出新的承诺或相应补救措施并接受如下约束措施，直至新的承诺履行完毕或相应补救措施实施完毕：1.在股东会及中国证监会指定的信息披露媒体上公开说明未履行的具体原因并向股东和社会公众投资者道歉；2.尽快研究将投资者利益损失降低到最小的处理方案，尽可能地保护公司投资者利益。8、利润分配政策的承诺（1）公司签署《关于利润分配政策的承诺》，内容如下：本公司承诺将遵守并执行届时有效的《公司章程》《
BSE002,920091,大鹏工业,BSE002_920091_哈尔滨岛田大鹏工业股份有限公司_招股说明书.pdf,386,special_terms,回购,或间接持有的股份，并按照北京证券交易所相关要求办理自愿限售手续。16、与中介机构不存在股权关系的承诺公司签署《关于哈尔滨岛田大鹏工业股份有限公司与上市中介机构不存在股权关系的承诺》，内容如下：本公司与本次发行上市之保荐机构、承销机构、审计机构、法律服务机构及其负责人、高级管理人员、经办人员之间不存在直接或间接的股权关系或其他权益关系、关联关系。17、欺诈发行回购股份的承诺（1）公司签署《关于欺诈发行回购股份的承诺》，内容如下：一、本公司保证本次向不特定合格投资者公开发行股票并在北京证券交易所上市不存在任何虚假陈述及欺诈发行的情形。二、如中国证监会认定公司不符合发行上市条件，以欺骗手段骗取发行注册并已经发行上市的，公司将在中国证监会等有权部门确认后五个工作日内启动股份购回程序，购回公司本次公开发行的全部新股。三、公司在进行上述股份购回时，将严格遵守相关法律、法规及监管机构的规定，履行信息披露等义务及程序，保证购回能按时、顺利完成。四、本公司自愿接受监管机构、自律组织及社会公众的监督，若违反上述承诺，本公司将依法承担相应责任。（2）公司控股股东、实际控制人签署《关于欺诈发行回购股份的承诺》，内容如下：一、本人/本企业保证本次向不特定合格投资者公开发行股票并在北京证券交易所上市不存在任何虚假陈述及欺诈发行的情形。二、如中国证监会认定公司不符合发行上市条件，以欺骗手段骗取发行注册并已经发行上市的，本人/本企业将在中国证监会等有权部门确认事实后依法启动股份购回程序，购回公司本次公开发行的全部新股。在实施上述股份回购时，如法律法规、公司章程等另有规定的从其规定。三、本人/本企业在进行上述股
BSE002,920091,大鹏工业,BSE002_920091_哈尔滨岛田大鹏工业股份有限公司_招股说明书.pdf,387,history,历史沿革,存在法律法规规定禁止持股的主体直接或间接持有本公司股份的情况。二、截至本承诺函出具之日，不存在本次发行上市的中介机构及其负责人、高级管理人员、经办人员直接或间接持有本公司股份的情况。三、截至本承诺函出具之日，本公司股东不存在以本公司股份进行不当利益输送的情况。四、经自查，截至本承诺函出具之日，本公司不存在证监会系统离职人员直接或间接入股公司的情形。五、本公司历史沿革中不存在股权代持、委托持股等情形，不存在股权争议、纠纷或潜在争议、纠纷等情形。六、截至本承诺函出具之日，本公司及本公司股东已及时向本次发行上市的中介机构提供真实、准确、完整的资料，积极和全面配合本次发行上市的中介机构开展尽职调查，依法在本次发行的申报文件中真实、准确、完整地披露了股东信息，履行了信息披露义务。19、上市后业绩大幅下滑延长股份锁定期的承诺公司控股股东、实际控制人及其一致行动人签署《关于股东信息披露的专项承诺》，内容如下：一、发行人上市当年较上市前一年净利润下滑50%以上的，延长本单位/本人位届时所持股份锁定期限24个月。二、发行人上市第二年较上市前一年净利润下滑50%以上的，在前项基础上延长本单位/本人届时所持股份锁定期限12个月。三、发行人上市第三年较上市前一年净利润下滑50%以上的，在前两项基础上延长本单位/本人届时所持股份锁定期限12个月。四、上述承诺为本单位/本人真实意思表示，本单位/本人自愿接受监管机构、自律组织及社会公众的监督，若违反上述承诺本单位/本人将依法承担相应责任。其中，“净利润”以扣除非经常性损益后归母净利润为准，“届时所持股份”是指承诺人上市前取得，上市当年及之后第二年、第三年年
