candidate_id,stock_code,company_short,event_code,event_type,source_page,matched_term,term_hit_count,date_text,amount_text,shares_text,ratio_text,investor_candidate_count,confidence,auto_status,exclusion_reason,evidence_excerpt,source_url,local_text_file,gold_final_value,review_note
W13-920123-001,920123,芭薇股份,capital_increase,增资认缴,57,定向发行,5,2018 年 1 月 9 日,,,8%,0,中,保留为Auto候选,,1-1-56 （二）特殊投资约定等可能导致股权结构变化的事项 1、2018 年第一次股票定向发行中涉及的特殊投资条款 （1）特殊投资条款情况 2018 年 1 月 9 日，冷群英、刘瑞学、冷智刚（合称为“乙方”/“回购方”）与杭 州叩问、南海同赢、卢跃华（合称为“甲方”）签署了《广东芭薇生物科技股份有限公 司股票认购协议之补充协议》（以下简称“《补充协议》”），涉及股份回购等特殊投资条 款的主要内容如下： 条款编号 条款具体内容 4.1 上市承诺 若公司未能在 2022 年 12 月 31 日前在中国境内完成首次公开发行股票并上 市，甲方有权行使售股权。 4.3 回购安排 甲方行使售股权而应收取的回购价=甲方缴付的增资价款×（1+8%× T）-M。 T 为交割日始至甲方收妥全部回购价款项之日止的连续期间的具体公历日天数 除以固定数额 365 所得出之累计年份数，不足一年的按时间比例计算。 M 为自交割日始至甲方收妥全部回购价款之日止的连续期间内，甲方实际收到 的因本次增资拥有的股份而收到的任何现金收益。 （2）特殊投资条款的执行及解除情况 因公司 2022 年 12 月 31 日前未实现公开发行上市，触发了上市回购义务，杭州叩 问、南海同赢向乙方主张回购（卢跃华未曾主张回购方对其所持有的公司,https://www.bse.cn/disclosure/2024/2024-03-18/1710747067_403240.pdf,data/source_texts/920123_W3-2024-BSE008_920123.txt,,待人工回原文页确认
W13-920123-002,920123,芭薇股份,capital_increase,增资认缴,58,认购,3,2021 年 10 月 25 日,,,8%,0,中,保留为Auto候选,,1-1-57 权利条款等）均自始无效，不存在其他已触发但尚未履行的条款（包括但不限于对赌 条款、回购条款、甲方特别权利条款等） 。各方对于《股票认购协议书》 《补充协议》 的履行、终止，不存在争议、纠纷或潜在纠纷。除《股票认购协议书》 《补充协议》及 解除协议外，各方就目标公司股份未达成其他任何特殊权利义务的安排及约定。 上述回购事宜未对公司控制权及经营稳定性产生重大不利影响，现 特殊投资条款 已终止，不存在任何现实或潜在的纠纷或争议，不会因此给公司造成不良影响。 2、2021 年第二次股票定向发行中涉及的特殊投资条款 （1）与云美产投签订的补充协议涉及的特殊投资条款 1）特殊投资条款情况 2021 年 10 月 25 日，冷群英、刘瑞学（合称为“乙方”）与云美产投（简称“甲 方”）签署了《关于 <广东芭薇生物科技股份有限公司 >之补充协议》 （以下简称 “《补充协议》”） ，涉及股份回购等特殊投资条款的主要内容如下： 条款编号 条款具体内容 第一条项目退出 乙方承诺公司在 2025 年 12 月 31 日前完成 IPO 合格上市，如未在 前述时间实现合格 IPO 或出现其他回购情形，甲方有权要求乙方回 购甲方持有公司的股份并支付完毕所有回购款项，回购价格按照甲 方实际投资总额与年化 8%（单利）的投资收益率计算之和扣除甲 方投资期间甲方所得的分红收,https://www.bse.cn/disclosure/2024/2024-03-18/1710747067_403240.pdf,data/source_texts/920123_W3-2024-BSE008_920123.txt,,待人工回原文页确认
W13-920123-003,920123,芭薇股份,capital_increase,增资认缴,36,定向发行,16,2021 年 7 月 7 日,"3,855,957.00 元","1,285,319 股",,1,高,保留为Auto候选,,"1-1-35 2021 年 7 月 7 日，芭薇股份收到中国证监会核发的《关于核准广东芭薇生物科技 股份有限公司定向发行股票的批复》（证监许可〔2021〕2323 号），核准公司定向发行 不超过 1,285,319 股新股。 2021 年 7 月 19 日，天职国际会计师事务所（特殊普通合伙）出具《验资报告》 （天职业字[2021]36397 号） ，经审验，截至2021 年 7 月 18 日，公司已收到定向发行 对象芭薇有限合伙缴纳的股权认购款 3,855,957.00 元，其中计入注册资本（股本）合 计人民币 1,285,319.00 元，计入资本公积合计人民币 2,570,638.00 元。此次变更后，公 司注册资本为 66,645,319.00 元，实收资本为 66,645,319.00 元。 2021 年 8 月 9 日，芭薇股份披露《股票定向发行情况报告书》及《股票定向发行 新增股份在全国股份转让系统挂牌并公开转让的公告》 ，公司2021 年第一次股票定向 发行对象为芭薇有限合伙 1 名，实际认购数量 1,285,319 股，发行价格为 3.00 元/股， 本次定向发行新增股份于 2021 年 8 月 12 日起在全国中小企业股份转让系统挂牌并公 开转让。 3、2022 年 1 月，向 3 名特定对象发行股票并增资至",https://www.bse.cn/disclosure/2024/2024-03-18/1710747067_403240.pdf,data/source_texts/920123_W3-2024-BSE008_920123.txt,,待人工回原文页确认
W13-920123-004,920123,芭薇股份,capital_increase,增资认缴,37,认购,14,2021 年 11 月 19 日,"2,652.4155 万元",,,0,中,保留为Auto候选,,"日，芭薇股份与联明投资、锦盛新材、冷群英、刘瑞学签署了 《广东芭薇生物科技股份有限公司之投资协议》 ，同日，联明投资、锦盛新材与冷群 英、刘瑞学签署了《<广东芭薇生物科技股份有限公司之投资协议 >之补充协议》 。 《广 东芭薇生物科技股份有限公司之投资协议》约定联明投资以 2,652.4155 万元认购芭薇 股份新增人民币 252.6110 万元注册资本、锦盛新材以人民币 300 万元认购芭薇股份新 增人民币 28.5714 万元注册资本，并约定了本次增资的先决条件、增资完成日、税费 承担、融资用途、过渡期安排等事项，协议自本次增资事宜获得公司董事会及股东大 会批准、取得全国中小企业股份转让系统关于本次增资发行股票的无异议函及取得中 国证监会核准批复文件等全部条件满足后生效。 《<广东芭薇生物科技股份有限公司之 投资协议>之补充协议》约定了项目退出、优先购买权和共同出售权、差额补偿承诺、 现金补偿承诺、股权转让限制、首次公开发行股票之便利等事项，补充协议自各方签 章后成立，与《广东芭薇生物科技股份有限公司之投资协议》同时生效。 2021 年 11 月 19 日，芭薇股份收到了全国股转公司出具的《关于广东芭薇生物科 技股份有限公司定向发行自律监管意见的函》 （股转系统函〔2021〕3798 号），全国股 转公司对芭薇股份本次股票定向发行无异议。 2021 年 12 月 22 日，芭薇股份收到中国证监会核发的《关于核准广东芭薇生物科 技股份有限公司定向发行股票的批复》（证监许可〔2021〕4022 号），核准公司定向发",https://www.bse.cn/disclosure/2024/2024-03-18/1710747067_403240.pdf,data/source_texts/920123_W3-2024-BSE008_920123.txt,,待人工回原文页确认
W13-920123-005,920123,芭薇股份,capital_increase,增资认缴,35,认购,7,2021 年 6 月 7 日,"1,248.00 万元",416 万股,,1,高,保留为Auto候选,,"股价格授予陈彪 416 万股限制性股票，协议书约定了限售及解除 限售安排、考核安排等事项。 2021 年 6 月 7 日，天职国际会计师事务所（特殊普通合伙）出具《验资报告》 （天职业字[2021]32771 号） ，经审验，截至2021 年 6 月 1 日，公司已收到激励对象陈 彪缴纳的股权激励认购款 1,248.00 万元，其中计入注册资本（股本）合计人民币 416.00 万元，计入资本公积合计人民币 832.00 万元。此次变更后，公司注册资本为 6,536.00 万元，实收资本为 6,536.00 万元。 2021 年 7 月 12 日，芭薇股份披露《股权激励计划限制性股票授予结果公告》 ，公 司 2021 年股权激励计划限制性股票实际授予陈彪 1 人，实际授予 416 万股限制性股 票，授予价格为 3.00 元/股，授予日为 2021 年 5 月 10 日，登记日为 2021 年 7 月 9 日，新增股份挂牌日为 2021 年 7 月 9 日。 2、2021 年 8 月，向 1 名特定对象发行股票并增资至 6,664.5319 万元 2021 年 4 月 19 日，芭薇股份与芭薇有限合伙签署了《附生效条件的股票发行认 购协议书》 ，约定芭薇有限合伙以 3 元/股价格现金认购芭薇股份本次发行的不超过 1,285,319 股股票，协议书约定了认购方式、本次发行的备案与登记、股东权利等事 项。 芭薇有限合伙系员工持股计划的持股平台，有 13名合伙人，均为已与公司签订劳 动合同的员工。 2021 年 5",https://www.bse.cn/disclosure/2024/2024-03-18/1710747067_403240.pdf,data/source_texts/920123_W3-2024-BSE008_920123.txt,,待人工回原文页确认
W13-920123-006,920123,芭薇股份,capital_increase,增资认缴,59,增资,6,,,,8%,0,低,保留为Auto候选,,出现“清算事件”）、转移核心资产或控制 权变更，在股东可分配财产或转让价款总额中，乙方保证甲方获得 其累计实际投资款以及交割日后已累积的红利、已宣布但尚未支付 的红利，如公司分配给甲方的剩余资产不足投资款和投资款实际投 资期年化 8%的收益之和，差额部分由乙方进行补偿。 第四条现金补偿承诺 本次增资完成后，在首次公开发行股票并上市前，若公司发行任何 新股（或可转换为股权的证券票据）或进行任何形式的增资，且该 等新股或增资的单价（新股价格）低于甲方本次投资的单价，则作 为一项反稀释保护措施，甲方有权要求乙方承担反稀释义务，对甲 方进行现金差额补偿，按照本次增资甲方的认购价格与后续增资或 者转让的投资单价差额乘以甲方持有的公司股份。 第五条股权转让限制 未经甲方书面同意，乙方不得向除甲方以外的其他股东及任何公司 股东以外的第三方转让所持有的公司股份，包括但不限于赠与信托 或其它任何方式，对其所持有的公司股份进行处置或在其上设置第 三人权利等。 第六条首次公开发行股票 之便利 为便利未来公司首次公开发行股票并上市，在公司向中国证监会或 证券交易所申报资料之日起，甲方同意根据届时公司上市申报时审 查的要求签署相关补充协议，终止本补充协议项下不满足上市明确 审查要求的相应特殊股东权利条款。并且按届时公司相关中介机构 的合法要求签署申报（首次公开发行股票）所需相关文件及承诺、 说明。如果公司首次公开发行股票并上市的申请被撤回或主动撤 回、不予受理、中止或终止审查、失效或否决的，届时被解除的特 殊条款则重新自动生效，其重,https://www.bse.cn/disclosure/2024/2024-03-18/1710747067_403240.pdf,data/source_texts/920123_W3-2024-BSE008_920123.txt,,待人工回原文页确认
W13-920123-007,920123,芭薇股份,capital_increase,增资认缴,61,增资,6,,,,8%,0,低,保留为Auto候选,,出现“清算事件”）、转移核心资产或控制 权变更，在股东可分配财产或转让价款总额中，乙方保证甲方获得 其累计实际投资款以及交割日后已累积的红利、已宣布但尚未支付 的红利，如公司分配给甲方的剩余资产不足投资款和投资款实际投 资期年化 8%的收益之和，差额部分由乙方进行补偿。 第四条现金补偿承诺 本次增资完成后，在首次公开发行股票并上市前，若公司发行任何 新股（或可转换为股权的证券票据）或进行任何形式的增资，且该 等新股或增资的单价（新股价格）低于甲方本次投资的单价，则作 为一项反稀释保护措施，甲方有权要求乙方承担反稀释义务，对甲 方进行现金差额补偿，按照本次增资甲方的认购价格与后续增资或 者转让的投资单价差额乘以甲方持有的标的公司股份。 第五条股权转让限制 未经甲方书面同意，乙方不得向除甲方以外的其他股东及任何公司 股东以外的第三方转让所持有的公司股份，包括但不限于赠与信托 或其它任何方式，对其所持有的公司股份进行处置或在其上设置第 三人权利等。 第六条首次公开发行股票 之便利 为便利未来公司首次公开发行股票并上市，在公司向中国证监会或 证券交易所申报资料之日起，甲方同意根据届时公司上市申报时审 查的要求签署相关补充协议，终止本补充协议项下不满足上市明确 审查要求的相应特殊股东权利条款。并且按届时公司相关中介机构 的合法要求签署申报（首次公开发行股票）所需相关文件及承诺、 说明。如果公司首次公开发行股票并上市的申请被撤回或主动撤 回、不予受理、中止或终止审查、失效或否决的，届时被解除的特 殊条款则重新自动生效，,https://www.bse.cn/disclosure/2024/2024-03-18/1710747067_403240.pdf,data/source_texts/920123_W3-2024-BSE008_920123.txt,,待人工回原文页确认
W13-920123-008,920123,芭薇股份,capital_increase,增资认缴,33,定向发行,1,2023 年 8 月 10 日,,,,0,中,保留为Auto候选,,"有的部分公司股 份进行质押的事项，对芭薇股份、实际控制人冷群英、董事会秘书单楠采取口头警示 的自律监管措施。 2023 年 8 月 10 日，全国股转公司下达《关于对广东芭薇生物科技股份有限公司 相关责任主体采取自律监管措施的决定》 （股转融资并购函[2023]7 号）,因公司 2018 年第一次定向发行时，对股份回购等特殊投资条款未履行相关信息披露的义务，对实 际控制人冷群英、实际控制人刘瑞学、董事冷智刚采取警示函的自律监管措施。 公司及相关责任主体被全国股转公司采取的自律监管措施不属于行政处罚，不构 成重大违法违规，不会导致发行人不满足北交所发行上市的条件。 （四） 终止挂牌情况 □适用 √不适用 （五） 主办券商及其变动情况 2016 年 5 月 13 日，经华创证券有限责任公司推荐，公司获准在全国股转系统挂 牌，华创证券有限责任公司担任公司主办券商并履行持续督导义务。 2022 年 2 月 28 日，全国股转公司出具《关于对主办券商和挂牌公司协商一致解 除持续督导协议无异议的函》 ，公司主办券商由华创证券有限责任公司变更为万联证券 股份有限公司。 截至本招股说明书签署日，公司的主办券商为万联证券。 （六） 报告期内年报审计机构及其变动情况 报告期内，公司的年报审计机构均为天职国际会计师事务所（特殊普通合伙） ，未 发生变动。",https://www.bse.cn/disclosure/2024/2024-03-18/1710747067_403240.pdf,data/source_texts/920123_W3-2024-BSE008_920123.txt,,待人工回原文页确认
W13-920123-009,920123,芭薇股份,equity_transfer,股权转让,57,股份回购,6,2018 年 1 月 9 日,,,8%,0,中,保留为Auto候选,,8 年第一次股票定向发行中涉及的特殊投资条款 （1）特殊投资条款情况 2018 年 1 月 9 日，冷群英、刘瑞学、冷智刚（合称为“乙方”/“回购方”）与杭 州叩问、南海同赢、卢跃华（合称为“甲方”）签署了《广东芭薇生物科技股份有限公 司股票认购协议之补充协议》（以下简称“《补充协议》”），涉及股份回购等特殊投资条 款的主要内容如下： 条款编号 条款具体内容 4.1 上市承诺 若公司未能在 2022 年 12 月 31 日前在中国境内完成首次公开发行股票并上 市，甲方有权行使售股权。 4.3 回购安排 甲方行使售股权而应收取的回购价=甲方缴付的增资价款×（1+8%× T）-M。 T 为交割日始至甲方收妥全部回购价款项之日止的连续期间的具体公历日天数 除以固定数额 365 所得出之累计年份数，不足一年的按时间比例计算。 M 为自交割日始至甲方收妥全部回购价款之日止的连续期间内，甲方实际收到 的因本次增资拥有的股份而收到的任何现金收益。 （2）特殊投资条款的执行及解除情况 因公司 2022 年 12 月 31 日前未实现公开发行上市，触发了上市回购义务，杭州叩 问、南海同赢向乙方主张回购（卢跃华未曾主张回购方对其所持有的公司股份进行回 购，并已自行根据全国中小企业股份转让系统股票交易规则将其所持公司股份全部对 外转让，卢跃华及其此前所持股份的受让方不存在再与回购方签署含有特殊投资条款 的其他协议的情况，卢跃华及其此前所持股份所享有的特殊投资条款权利已随其股东 资格灭失） 。 杭州叩问、南海同赢主张回购,https://www.bse.cn/disclosure/2024/2024-03-18/1710747067_403240.pdf,data/source_texts/920123_W3-2024-BSE008_920123.txt,,待人工回原文页确认
W13-920123-010,920123,芭薇股份,equity_transfer,股权转让,58,股份回购,13,2021 年 10 月 25 日,,,8%,0,中,保留为Auto候选,,向发行中涉及的特殊投资条款 （1）与云美产投签订的补充协议涉及的特殊投资条款 1）特殊投资条款情况 2021 年 10 月 25 日，冷群英、刘瑞学（合称为“乙方”）与云美产投（简称“甲 方”）签署了《关于 <广东芭薇生物科技股份有限公司 >之补充协议》 （以下简称 “《补充协议》”） ，涉及股份回购等特殊投资条款的主要内容如下： 条款编号 条款具体内容 第一条项目退出 乙方承诺公司在 2025 年 12 月 31 日前完成 IPO 合格上市，如未在 前述时间实现合格 IPO 或出现其他回购情形，甲方有权要求乙方回 购甲方持有公司的股份并支付完毕所有回购款项，回购价格按照甲 方实际投资总额与年化 8%（单利）的投资收益率计算之和扣除甲 方投资期间甲方所得的分红收益计算。 第二条优先购买权和共同 出售权 2.1 若甲方同意乙方向第三方出售其持有的全部或部分公司股份， 则应首先由甲方自行选择采取以和拟受让方同等的条件，优先购买 乙方拟出售的全部或部分该等股份；或以同等条件优先向拟受让人 出售甲方持有的全部或部分股份；或按照《补充协议》第一条约定 将其所持的全部或部分公司股份转让给拟受让方或者乙方。 2.2 乙方应尽一切努力确保甲方实现第 2.1 条所约定的权利，否则， 乙方不得向前述拟受让方转让股份。若甲方要求向拟受让方转让持 有目标公司的股份，但第三方拒绝受让的，则甲方有权要求乙方按 其向第三方的转让条件与第一条约定的回购价格孰高原则购买甲方 本次拟转让的股份。如果乙方在出售其股份后，丧失对目标公司的,https://www.bse.cn/disclosure/2024/2024-03-18/1710747067_403240.pdf,data/source_texts/920123_W3-2024-BSE008_920123.txt,,待人工回原文页确认
W13-920123-011,920123,芭薇股份,equity_transfer,股权转让,36,股份转让,4,2021 年 8 月 9 日,"1,285,319.00 元","1,285,319 股",,1,低,排除为转让系统语境,页面仅出现全国股转系统/公开转让，未出现明确转让方、受让方或回购主体,"民币 1,285,319.00 元，计入资本公积合计人民币 2,570,638.00 元。此次变更后，公 司注册资本为 66,645,319.00 元，实收资本为 66,645,319.00 元。 2021 年 8 月 9 日，芭薇股份披露《股票定向发行情况报告书》及《股票定向发行 新增股份在全国股份转让系统挂牌并公开转让的公告》 ，公司2021 年第一次股票定向 发行对象为芭薇有限合伙 1 名，实际认购数量 1,285,319 股，发行价格为 3.00 元/股， 本次定向发行新增股份于 2021 年 8 月 12 日起在全国中小企业股份转让系统挂牌并公 开转让。 3、2022 年 1 月，向 3 名特定对象发行股票并增资至 7,660 万元 2021 年 10 月 15 日，芭薇股份召开 2021 年第五次临时股东大会，审议通过了 《关于公司<2021 年第二次股票定向发行说明书>的议案》等与本次向特定对象云美产 投、联明投资、锦盛新材发行股票相关的议案，并授权董事会办理本次股票发行相关 具体事宜。 2021 年 10 月 25 日，芭薇股份与云美产投、冷群英、刘瑞学签署了《广东芭薇生 物科技股份有限公司之投资协议》 ，同日，云美产投与冷群英、刘瑞学签署了《<广东 芭薇生物科技股份有限公司之投资协议>之补充协议》 。 《广东芭薇生物科技股份有限公 司之投资协议》约定云美产投以人民币 7,500 万元认购芭薇股份新增人民币 714.2857 万元注册资本，并约定了本次增资的先决条件、增资完成日、税费承担、融资用",https://www.bse.cn/disclosure/2024/2024-03-18/1710747067_403240.pdf,data/source_texts/920123_W3-2024-BSE008_920123.txt,,待人工回原文页确认
W13-920123-012,920123,芭薇股份,equity_transfer,股权转让,37,股份转让,3,2021 年 11 月 19 日,55 万元,"9,954,681 股",,0,低,排除为转让系统语境,页面仅出现全国股转系统/公开转让，未出现明确转让方、受让方或回购主体,"55 万元认购芭薇 股份新增人民币 252.6110 万元注册资本、锦盛新材以人民币 300 万元认购芭薇股份新 增人民币 28.5714 万元注册资本，并约定了本次增资的先决条件、增资完成日、税费 承担、融资用途、过渡期安排等事项，协议自本次增资事宜获得公司董事会及股东大 会批准、取得全国中小企业股份转让系统关于本次增资发行股票的无异议函及取得中 国证监会核准批复文件等全部条件满足后生效。 《<广东芭薇生物科技股份有限公司之 投资协议>之补充协议》约定了项目退出、优先购买权和共同出售权、差额补偿承诺、 现金补偿承诺、股权转让限制、首次公开发行股票之便利等事项，补充协议自各方签 章后成立，与《广东芭薇生物科技股份有限公司之投资协议》同时生效。 2021 年 11 月 19 日，芭薇股份收到了全国股转公司出具的《关于广东芭薇生物科 技股份有限公司定向发行自律监管意见的函》 （股转系统函〔2021〕3798 号），全国股 转公司对芭薇股份本次股票定向发行无异议。 2021 年 12 月 22 日，芭薇股份收到中国证监会核发的《关于核准广东芭薇生物科 技股份有限公司定向发行股票的批复》（证监许可〔2021〕4022 号），核准公司定向发 行不超过 9,954,681 股新股。 2021 年 12 月 27 日，天职国际会计师事务所（特殊普通合伙）出具《验资报告》 （天职业字[2021]46740 号） ，经审验，截至2021 年 12 月 24 日，公司已收到定向发行 对象云美产投、联明投资、锦盛新材缴纳的股权认购款",https://www.bse.cn/disclosure/2024/2024-03-18/1710747067_403240.pdf,data/source_texts/920123_W3-2024-BSE008_920123.txt,,待人工回原文页确认
W13-920123-013,920123,芭薇股份,equity_transfer,股权转让,60,股份回购,13,2021 年 10 月 25 日,,,8%,0,中,保留为Auto候选,,履行不存在任何争议、纠纷或潜在纠纷。 （2）与联明投资、锦盛新材签订的补充协议涉及的特殊投资条款 1）特殊投资条款情况 2021 年 10 月 25 日，冷群英、刘瑞学（合称为“乙方”）与联明投资、锦盛新材 （合称“甲方”）签署了《关于 <广东芭薇生物科技股份有限公司 >之补充协议》 ，涉 及股份回购等特殊投资条款的主要内容如下： 条款编号 条款具体内容 第一条项目退出 乙方承诺公司在 2025 年 12 月 31 日前完成 IPO 合格上市，如未在 前述时间实现合格 IPO 或出现其他回购情形，甲方有权要求乙方回 购甲方持有目标公司的股份并支付完毕所有回购款项，回购价格按 照甲方实际投资总额与年化 8%（单利）的投资收益率计算之和扣 除甲方投资期间甲方所得的分红收益计算。 第二条优先购买权和共同 出售权 2.1 若甲方同意乙方向第三方出售其持有的全部或部分公司股份， 则应首先由甲方自行选择采取以和拟受让方同等的条件，优先购买 乙方拟出售的全部或部分该等股份；或以同等条件优先向拟受让人 出售甲方持有的全部或部分股份；或按照《补充协议》第一条约定 将其所持的全部或部分公司股份转让给拟受让方或者乙方。 2.2 乙方应尽一切努力确保甲方实现第 2.1 条所约定的权利，否则， 乙方不得向前述拟受让方转让股份。若甲方要求向拟受让方转让持 有目标公司的股份，但第三方拒绝受让的，则甲方有权要求乙方按 其向第三方的转让条件与第一条约定的回购价格孰高原则购买甲方 本次拟转让的股份。如果乙方在出售其股份后，丧失对目标公司,https://www.bse.cn/disclosure/2024/2024-03-18/1710747067_403240.pdf,data/source_texts/920123_W3-2024-BSE008_920123.txt,,待人工回原文页确认
W13-920123-014,920123,芭薇股份,equity_transfer,股权转让,59,股权转让,2,2023 年 5 月 15 日,,,,0,中,保留为Auto候选,,任何 新股（或可转换为股权的证券票据）或进行任何形式的增资，且该 等新股或增资的单价（新股价格）低于甲方本次投资的单价，则作 为一项反稀释保护措施，甲方有权要求乙方承担反稀释义务，对甲 方进行现金差额补偿，按照本次增资甲方的认购价格与后续增资或 者转让的投资单价差额乘以甲方持有的公司股份。 第五条股权转让限制 未经甲方书面同意，乙方不得向除甲方以外的其他股东及任何公司 股东以外的第三方转让所持有的公司股份，包括但不限于赠与信托 或其它任何方式，对其所持有的公司股份进行处置或在其上设置第 三人权利等。 第六条首次公开发行股票 之便利 为便利未来公司首次公开发行股票并上市，在公司向中国证监会或 证券交易所申报资料之日起，甲方同意根据届时公司上市申报时审 查的要求签署相关补充协议，终止本补充协议项下不满足上市明确 审查要求的相应特殊股东权利条款。并且按届时公司相关中介机构 的合法要求签署申报（首次公开发行股票）所需相关文件及承诺、 说明。如果公司首次公开发行股票并上市的申请被撤回或主动撤 回、不予受理、中止或终止审查、失效或否决的，届时被解除的特 殊条款则重新自动生效，其重新生效的效力追溯至相应特殊条款终 止之前及期间。 2）与云美产投签订的补充协议的补充约定情况 2023 年 5 月 15 日，甲方与乙方签署了《关于<广东芭薇生物科技股份有限公司之 投资协议>之补充协议（二） 》 （以下简称“《补充协议（二） 》”） ，主要内容如下： 1）原第二条第 2.4 款修订为：“若目标公司通过换股等方式被上市公司收购或,https://www.bse.cn/disclosure/2024/2024-03-18/1710747067_403240.pdf,data/source_texts/920123_W3-2024-BSE008_920123.txt,,待人工回原文页确认
W13-920123-015,920123,芭薇股份,equity_transfer,股权转让,61,股权转让,5,2023 年 6 月 5 日,,,,0,中,保留为Auto候选,,新股（或可转换为股权的证券票据）或进行任何形式的增资，且该 等新股或增资的单价（新股价格）低于甲方本次投资的单价，则作 为一项反稀释保护措施，甲方有权要求乙方承担反稀释义务，对甲 方进行现金差额补偿，按照本次增资甲方的认购价格与后续增资或 者转让的投资单价差额乘以甲方持有的标的公司股份。 第五条股权转让限制 未经甲方书面同意，乙方不得向除甲方以外的其他股东及任何公司 股东以外的第三方转让所持有的公司股份，包括但不限于赠与信托 或其它任何方式，对其所持有的公司股份进行处置或在其上设置第 三人权利等。 第六条首次公开发行股票 之便利 为便利未来公司首次公开发行股票并上市，在公司向中国证监会或 证券交易所申报资料之日起，甲方同意根据届时公司上市申报时审 查的要求签署相关补充协议，终止本补充协议项下不满足上市明确 审查要求的相应特殊股东权利条款。并且按届时公司相关中介机构 的合法要求签署申报（首次公开发行股票）所需相关文件及承诺、 说明。如果公司首次公开发行股票并上市的申请被撤回或主动撤 回、不予受理、中止或终止审查、失效或否决的，届时被解除的特 殊条款则重新自动生效，其重新生效的效力追溯至相应特殊条款终 止之前及期间。 2）与联明投资、锦盛新材签订的补充协议的解除情况 2023 年 6 月 5 日，冷群英、刘瑞学（合称为“乙方”）与联明投资、锦盛新材 （合称为“甲方”）签署了《广东芭薇生物科技股份有限公司股份回购协议》 （以下简 称“《回购协议》”） ，主要内容如下：乙方及乙方指定主体共同作为回购主体受让甲 方,https://www.bse.cn/disclosure/2024/2024-03-18/1710747067_403240.pdf,data/source_texts/920123_W3-2024-BSE008_920123.txt,,待人工回原文页确认
W13-920123-016,920123,芭薇股份,equity_transfer,股权转让,33,股份回购,1,2023 年 8 月 10 日,,,,0,中,保留为Auto候选,,"份进行质押的事项，对芭薇股份、实际控制人冷群英、董事会秘书单楠采取口头警示 的自律监管措施。 2023 年 8 月 10 日，全国股转公司下达《关于对广东芭薇生物科技股份有限公司 相关责任主体采取自律监管措施的决定》 （股转融资并购函[2023]7 号）,因公司 2018 年第一次定向发行时，对股份回购等特殊投资条款未履行相关信息披露的义务，对实 际控制人冷群英、实际控制人刘瑞学、董事冷智刚采取警示函的自律监管措施。 公司及相关责任主体被全国股转公司采取的自律监管措施不属于行政处罚，不构 成重大违法违规，不会导致发行人不满足北交所发行上市的条件。 （四） 终止挂牌情况 □适用 √不适用 （五） 主办券商及其变动情况 2016 年 5 月 13 日，经华创证券有限责任公司推荐，公司获准在全国股转系统挂 牌，华创证券有限责任公司担任公司主办券商并履行持续督导义务。 2022 年 2 月 28 日，全国股转公司出具《关于对主办券商和挂牌公司协商一致解 除持续督导协议无异议的函》 ，公司主办券商由华创证券有限责任公司变更为万联证券 股份有限公司。 截至本招股说明书签署日，公司的主办券商为万联证券。 （六） 报告期内年报审计机构及其变动情况 报告期内，公司的年报审计机构均为天职国际会计师事务所（特殊普通合伙） ，未 发生变动。",https://www.bse.cn/disclosure/2024/2024-03-18/1710747067_403240.pdf,data/source_texts/920123_W3-2024-BSE008_920123.txt,,待人工回原文页确认
W13-920123-017,920123,芭薇股份,equity_snapshot,股权快照,5,持股比例,1,,,,,0,低,保留为Auto候选,,司、主要股东、董事、监事、高级管理人员等作 出的重要承诺以及未能履行承诺的约束措施，具体承诺事项详见本招股说明书 “第四 节发行人基本情况”之“九、重要承诺”相关内容。 二、关于发行前滚存利润的分配安排 为兼顾新老股东的利益，公司在本次公开发行股票完成后，滚存的未分配利润将 由新老股东按发行后的持股比例共同享有。 三、本次公开发行股票并在北京证券交易所上市的安排及风险 本公司本次公开发行股票完成后，将在北京证券交易所上市。 本公司本次公开发行股票获得中国证监会注册后，在股票发行过程中，会受到市 场环境、投资者偏好、市场供需等多方面因素的影响；同时，发行完成后，若公司无 法满足北京证券交易所上市的条件，均可能导致本次公开发行失败。 本公司在北京证券交易所上市后，投资者自主判断发行人的投资价值，自主作出 投资决策，自行承担因发行人经营与收益变化或者股票价格变动引致的投资风险。 四、特别风险提示 本公司提醒投资者认真阅读本招股说明书的“第三节 风险因素”部分，并特别注 意下列事项： （一）市场竞争风险 化妆品行业是充分竞争行业，公司所处的化妆品制造环节，市场竞争将日益激 烈。若公司不能在产品研发、产品质量方面处于领先优势，不能在智能制造、功效检 测等方面适应市场竞争的变化，公司将可能在市场竞争中无法保持自身的竞争优势， 从而影响公司的财务状况和经营业绩。,https://www.bse.cn/disclosure/2024/2024-03-18/1710747067_403240.pdf,data/source_texts/920123_W3-2024-BSE008_920123.txt,,待人工回原文页确认
W13-920123-018,920123,芭薇股份,equity_snapshot,股权快照,49,股本结构,5,2023 年 9 月 12 日,,"76,600,000 股",9.46%,0,中,保留为Auto候选,,"年停止实际经营。2023 年 9 月 12 日，雅高丽已完成注销手续并取得《企业核准 注销登记通知书》 （编号：（穗）市监内销字【2023】第 11202309120375 号）。 除上述情况外，发行人的控股股东、实际控制人未控制其他企业。 (5) 发行人股本情况 （一） 本次发行前后的股本结构情况 截至本招股说明书签署日，发行人股份总数为 76,600,000 股，本次拟向不特定合 格投资者公开发行 8,000,000 股新股（不含行使超额配售选择权所发新股） ，为本次发 行后股本总数的 9.46%。本次发行公司及主承销商选择采用超额配售选择权，超额配 售选择权发行的股票数量不超过本次发行股票数量的 15%（即不超过 1,200,000 股） ， 若全额行使超额配售选择权，本次发行股票数量为 9,200,000 股。 假设本次发行 8,000,000 股，发行前后公司的股本情况如下： 序号 股东姓名/名称 发行前股本结构 发行后股本结构 持股数（股） 持股比例 持股数（股） 持股比例 1 冷群英 19,350,000 25.26% 19,350,000 22.87% 2 刘瑞学 10,800,000 14.10% 10,800,000 12.77% 3 冷智刚 10,735,824 14.02% 10,735,824 12.69% 4 云美产投 7,142,857 9.32% 7,142,857 8.44% 5 陈彪 4,747,000 6.20% 4,747,000 5.61% 6",https://www.bse.cn/disclosure/2024/2024-03-18/1710747067_403240.pdf,data/source_texts/920123_W3-2024-BSE008_920123.txt,,待人工回原文页确认
W13-920123-019,920123,芭薇股份,equity_snapshot,股权快照,50,前十名股东,2,,,,61.54%,0,低,保留为Auto候选,,"冷智刚担任执行事务合伙人的有限合伙企业，冷智刚持有 61.54%出资份额，冷群英的女儿冷沁园持有 12.02%出资份 额，冷群英、冷智刚的哥哥冷智勇持有 9.62%出资份额，冷 智刚配偶卢曦的弟弟卢晓持有 9.62%出资份额，刘瑞学的弟 弟刘飞持有 7.21%出资份额 （三） 本次发行前公司前十名股东情况 序号 股东姓名/名称 担任职务 持股数量（万股） 限售数量（万股） 股权比例 （%） 1 冷群英 董事长、总 经理 1,935.00 1,935.00 25.26 2 刘瑞学 董事、核心 技术人员 1,080.00 1,080.00 14.10 3 冷智刚 董事、副总 经理 1,073.58 1,073.58 14.02 4 云美产投 - 714.29 - 9.32 5 陈彪 董事、副总 经理 474.70 474.70 6.20 6 杭州叩问 - 223.00 - 2.91 7 单楠 董事会秘书 211.60 211.60 2.76 8 南海同赢 - 208.60 - 2.72 9 彭刚毅 - 196.88 - 2.57 10 白云美妍 - 166.40 166.40 2.17 合计 - 6,284.05 4,941.28 82.03 （四） 其他披露事项",https://www.bse.cn/disclosure/2024/2024-03-18/1710747067_403240.pdf,data/source_texts/920123_W3-2024-BSE008_920123.txt,,待人工回原文页确认
W13-920123-020,920123,芭薇股份,fund_filing,基金备案,47,私募投资基金,3,2017年7月20日,"42,105.259 万元",,,3,高,保留为Auto候选,,"投资；投资咨询。（以上经营范围法律、行政法规 、国务院规定禁止的项目除外，限制的项目须取得许可后方可 经营） 营业期限 2017年7月20日至2025年7月19日 与发 行人主营业务的关系 主营业务为股权投资，与发行人主营业务无关系 南海同赢为私募基金，于 2017 年 11 月 14 日完成私募投资基金备案，备案编码为 SY1117。 南海同赢的基金管理人为深圳同创伟业资产管理股份有限公司。深圳同创伟业资 产管理股份有限公司成立于 2010 年 12 月 27 日，注册资本 42,105.259 万元人民币，法 定代表人为郑伟鹤，公司住所为深圳市福田区益田路 6001 号太平金融大厦 24 层，经 营范围：资产管理、受托资产管理、股权投资、企业管理咨询、投资咨询、财务咨询 （不含人才中介、证券、保险、期货、金融业务及其它限制项目，法律、行政法规、 国务院决定禁止的项目除外） ；投资兴办实业（具体项目另行申报） ，营业期限为无固 定期限。深圳同创伟业资产管理股份有限公司于 2014 年 4 月 22 日完成私募基金管理 人登记，登记编号 P1001165。 截至报告期末，南海同赢的合伙人及对应出资情况如下： 序号 出资人名称/姓名 认缴出资额 （万元） 出资比例（%） 1 深圳南海成长同盛股权投资基金（有限合伙） 97,490.00 30.41 2 深圳市引导基金投资有限公司 75,000.00 23.39 3 工银（深圳）股权投资基金合伙企业（有限合 伙） 25,000.00 7.80 4 前海",https://www.bse.cn/disclosure/2024/2024-03-18/1710747067_403240.pdf,data/source_texts/920123_W3-2024-BSE008_920123.txt,,待人工回原文页确认
W13-920123-021,920123,芭薇股份,fund_filing,基金备案,44,私募投资基金,3,2021年7月20日,"20,000 万元",,,3,高,保留为Auto候选,,"行事务合伙人 广州市白云投资基金管理有限公司 注册地址 广州市白云区齐心路66号 经营范围 以自有资金从事投资活动 营业期限 2021年7月20日至无固定期限 与发 行人主营业务的关系 主营业务为股权投资，与发行人主营业务无关系 云美产投为私募基金，于 2021 年 10 月 18 日完成私募投资基金备案，备案编码为 SSW562。 云美产投的基金管理人为广州市白云投资基金管理有限公司。广州市白云投资基 金管理有限公司成立于 2017 年 8 月 28 日，注册资本 20,000 万元人民币，法定代表人 为肖焱，公司住所为广州市白云区景泰街大金钟路 31 号 3 楼 301，经营范围：受托管 理股权投资基金；股权投资；股权投资管理；企业自有资金投资；创业投资；风险投 资。营业期限为无固定期限。广州市白云投资基金管理有限公司于 2018 年 10 月 18 日 完成私募基金管理人登记，登记编号 P1069118。 截至报告期末，云美产投的合伙人及对应出资情况如下： 序号 出资人名称/姓名 认缴出资额（万元） 出资比例（%） 1 山东朵拉朵尚生物科技有限公司 2,500.00 33.29 2 河南尚研生物科技有限公司 2,500.00 33.29 3 成都柏卡姿化妆品有限公司 2,000.00 26.63 4 广州市白云投资基金管理有限公司 510.00 6.79 合计 7,510.00 100.00 4、杭州叩问 企业名称 杭州叩问股权投资合伙企业（有限合伙） 成立日期 2017年6月",https://www.bse.cn/disclosure/2024/2024-03-18/1710747067_403240.pdf,data/source_texts/920123_W3-2024-BSE008_920123.txt,,待人工回原文页确认
W13-920123-022,920123,芭薇股份,fund_filing,基金备案,45,私募投资基金,3,2017年6月13日,"3,000 万元",,,5,高,保留为Auto候选,,"事向公众融 资存款、融资担保、代客理财等金融服务）。（依法须经批准的项目 ，经相关部门批准后方可开展经营活动） 营业期限 2017年6月13日至2025年6月12日 与发行人主营业务的关系 主营业务为股权投资，与发行人主营业务无关系 杭州叩问为私募基金，于 2017 年 11 月 20 日完成私募投资基金备案，备案编码为 SY1116。 杭州叩问的基金管理人为杭州同创伟业资产管理有限公司。杭州同创伟业资产管 理有限公司成立于 2013 年 10 月 30 日，注册资本 3,000 万元人民币，法定代表人为郑 伟鹤，公司住所为杭州市上城区钱江路 639 号 1915 室，经营范围：受托企业资产管 理，实业投资，投资管理。营业期限自 2013 年 10 月 30 日至 2033 年 10 月 29 日。杭 州同创伟业资产管理有限公司于 2015 年 5 月 21 日完成私募基金管理人登记，登记编 号 P1013706。 截至报告期末，杭州叩问的合伙人及对应出资情况如下： 序号 出资人名称/姓名 认缴出资额 （万元） 出资比例（%） 1 安义同创宏图创业投资合伙企业（有限合伙） 11,085.36 27.71 2 共青城黑石投资管理中心（有限合伙） 4,434.00 11.09 3 浙江余杭转型升级产业投资有限公司 4,000.00 10.00 4 新余同创佳华投资合伙企业（有限合伙） 2,384.26 5.96 5 杭州同创伟业资产管理有限公司 2,027.70 5.07 6 施皓天 1,086.",https://www.bse.cn/disclosure/2024/2024-03-18/1710747067_403240.pdf,data/source_texts/920123_W3-2024-BSE008_920123.txt,,待人工回原文页确认
W13-920123-023,920123,芭薇股份,special_rights,特殊投资条款,57,特殊投资约定,7,2018 年 1 月 9 日,,,8%,0,中,保留为Auto候选,,1-1-56 （二）特殊投资约定等可能导致股权结构变化的事项 1、2018 年第一次股票定向发行中涉及的特殊投资条款 （1）特殊投资条款情况 2018 年 1 月 9 日，冷群英、刘瑞学、冷智刚（合称为“乙方”/“回购方”）与杭 州叩问、南海同赢、卢跃华（合称为“甲方”）签署了《广东芭薇生物科技股份有限公 司股票认购协议之补充协议》（以下简称“《补充协议》”），涉及股份回购等特殊投资条 款的主要内容如下： 条款编号 条款具体内容 4.1 上市承诺 若公司未能在 2022 年 12 月 31 日前在中国境内完成首次公开发行股票并上 市，甲方有权行使售股权。 4.3 回购安排 甲方行使售股权而应收取的回购价=甲方缴付的增资价款×（1+8%× T）-M。 T 为交割日始至甲方收妥全部回购价款项之日止的连续期间的具体公历日天数 除以固定数额 365 所得出之累计年份数，不足一年的按时间比例计算。 M 为自交割日始至甲方收妥全部回购价款之日止的连续期间内，甲方实际收到 的因本次增资拥有的股份而收到的任何现金收益。 （2）特殊投资条款的执行及解除情况 因公司 2022 年 12 月 31 日前未实现公开发行上市，触发了上市回购义务，杭,https://www.bse.cn/disclosure/2024/2024-03-18/1710747067_403240.pdf,data/source_texts/920123_W3-2024-BSE008_920123.txt,,待人工回原文页确认
W13-920123-024,920123,芭薇股份,special_rights,特殊投资条款,58,对赌,7,2021 年 10 月 25 日,,,8%,0,中,保留为Auto候选,,1-1-57 权利条款等）均自始无效，不存在其他已触发但尚未履行的条款（包括但不限于对赌 条款、回购条款、甲方特别权利条款等） 。各方对于《股票认购协议书》 《补充协议》 的履行、终止，不存在争议、纠纷或潜在纠纷。除《股票认购协议书》 《补充协议》及 解除协议外，各方就目标公司股份未达成其他任何特殊权利义务的安排及约定。 上述回购事宜未对公司控制权及经营稳定性产生重大不利影响，现 特殊投资条款 已终止，不存在任何现实或潜在的纠纷或争议，不会因此给公司造成不良影响。 2、2021 年第二次股票定向发行中涉及的特殊投资条款 （1）与云美产投签订的补充协议涉及的特殊投资条款 1）特殊投资条款情况 2021 年 10 月 25 日，冷群英、刘瑞学（合称为“乙方”）与云美产投（简称“甲 方”）签署了《关于 <广东芭薇生物科技股份有限公司 >之补充协议》 （以下简称 “《补充协议》”） ，涉及股份回购等特殊投资条款的主要内容如下： 条款编号 条款具体内容 第一条项目退出 乙方承诺公司在 2025 年 12 月 31 日前完成 IPO 合格上市，如未在 前述时间实现合格 IPO 或出现其他回购情形，甲方有权要求乙方回 购甲方持有公司的股份并支付完毕所有回购款项，回购价格按照甲 方实际投资总额与年化 8%（,https://www.bse.cn/disclosure/2024/2024-03-18/1710747067_403240.pdf,data/source_texts/920123_W3-2024-BSE008_920123.txt,,待人工回原文页确认
W13-920123-025,920123,芭薇股份,special_rights,特殊投资条款,36,优先购买权,2,,,,,0,低,保留为Auto候选,,先决条件、增资完成日、税费承担、融资用途、 过渡期安排等事项，协议自本次增资事宜获得公司董事会及股东大会批准、取得全国 中小企业股份转让系统关于本次增资发行股票的无异议函及取得中国证监会核准批复 文件等全部条件满足后生效。 《<广东芭薇生物科技股份有限公司之投资协议 >之补充 协议》约定了项目退出、优先购买权和共同出售权、差额补偿承诺、现金补偿承诺、 股权转让限制、首次公开发行股票之便利等事项，补充协议自各方签章后成立 ，与,https://www.bse.cn/disclosure/2024/2024-03-18/1710747067_403240.pdf,data/source_texts/920123_W3-2024-BSE008_920123.txt,,待人工回原文页确认
W13-920123-026,920123,芭薇股份,special_rights,特殊投资条款,37,优先购买权,2,2021 年 11 月 19 日,"104,524,155.00 元","9,954,681 股",,0,中,保留为Auto候选,,"的先决条件、增资完成日、税费 承担、融资用途、过渡期安排等事项，协议自本次增资事宜获得公司董事会及股东大 会批准、取得全国中小企业股份转让系统关于本次增资发行股票的无异议函及取得中 国证监会核准批复文件等全部条件满足后生效。 《<广东芭薇生物科技股份有限公司之 投资协议>之补充协议》约定了项目退出、优先购买权和共同出售权、差额补偿承诺、 现金补偿承诺、股权转让限制、首次公开发行股票之便利等事项，补充协议自各方签 章后成立，与《广东芭薇生物科技股份有限公司之投资协议》同时生效。 2021 年 11 月 19 日，芭薇股份收到了全国股转公司出具的《关于广东芭薇生物科 技股份有限公司定向发行自律监管意见的函》 （股转系统函〔2021〕3798 号），全国股 转公司对芭薇股份本次股票定向发行无异议。 2021 年 12 月 22 日，芭薇股份收到中国证监会核发的《关于核准广东芭薇生物科 技股份有限公司定向发行股票的批复》（证监许可〔2021〕4022 号），核准公司定向发 行不超过 9,954,681 股新股。 2021 年 12 月 27 日，天职国际会计师事务所（特殊普通合伙）出具《验资报告》 （天职业字[2021]46740 号） ，经审验，截至2021 年 12 月 24 日，公司已收到定向发行 对象云美产投、联明投资、锦盛新材缴纳的股权认购款 104,524,155.00 元，其中计入 注 册 资 本 （ 股 本 ） 合 计 人 民 币 9,954,681.00 元 ， 计 入 资 本 公 积 合 计 人 民",https://www.bse.cn/disclosure/2024/2024-03-18/1710747067_403240.pdf,data/source_texts/920123_W3-2024-BSE008_920123.txt,,待人工回原文页确认
W13-920123-027,920123,芭薇股份,special_rights,特殊投资条款,60,特殊投资条款,4,2021 年 10 月 25 日,,,8%,0,中,保留为Auto候选,,内容之甲方特殊投资权利条款均未触发，或虽触 发但甲方已豁免乙方相应义务 /责任，截至《补充协议（二） 》签署之日，不存在甲方 特殊投资权利条款已触发但尚未履行 /甲方未豁免情形，双方就《投资协议》 《补充协 议》的履行不存在任何争议、纠纷或潜在纠纷。 （2）与联明投资、锦盛新材签订的补充协议涉及的特殊投资条款 1）特殊投资条款情况 2021 年 10 月 25 日，冷群英、刘瑞学（合称为“乙方”）与联明投资、锦盛新材 （合称“甲方”）签署了《关于 <广东芭薇生物科技股份有限公司 >之补充协议》 ，涉 及股份回购等特殊投资条款的主要内容如下： 条款编号 条款具体内容 第一条项目退出 乙方承诺公司在 2025 年 12 月 31 日前完成 IPO 合格上市，如未在 前述时间实现合格 IPO 或出现其他回购情形，甲方有权要求乙方回 购甲方持有目标公司的股份并支付完毕所有回购款项，回购价格按 照甲方实际投资总额与年化 8%（单利）的投资收益率计算之和扣 除甲方投资期间甲方所得的分红收益计算。 第二条优先购买权和共同 出售权 2.1 若甲方同意乙方向第三方出售其持有的全部或部分公司股份， 则应首先由甲方自行选择采取以和拟受让方同等的条件，优先购买 乙方拟出售的全部或部分该等股份；或以同等条件优先向拟受让人 出售甲方持有的全部或部分股份；或按照《补充协议》第一条约定 将其所持的全部或部分公司股份转让给拟受让方或者乙方。 2.2 乙方应尽一切努力确保甲方实现第 2.1 条所约定的权利，否则， 乙方不得向前述拟受让方,https://www.bse.cn/disclosure/2024/2024-03-18/1710747067_403240.pdf,data/source_texts/920123_W3-2024-BSE008_920123.txt,,待人工回原文页确认
W13-920123-028,920123,芭薇股份,special_rights,特殊投资条款,59,反稀释,4,2023 年 5 月 15 日,,,8%,0,中,保留为Auto候选,,方的剩余资产不足投资款和投资款实际投 资期年化 8%的收益之和，差额部分由乙方进行补偿。 第四条现金补偿承诺 本次增资完成后，在首次公开发行股票并上市前，若公司发行任何 新股（或可转换为股权的证券票据）或进行任何形式的增资，且该 等新股或增资的单价（新股价格）低于甲方本次投资的单价，则作 为一项反稀释保护措施，甲方有权要求乙方承担反稀释义务，对甲 方进行现金差额补偿，按照本次增资甲方的认购价格与后续增资或 者转让的投资单价差额乘以甲方持有的公司股份。 第五条股权转让限制 未经甲方书面同意，乙方不得向除甲方以外的其他股东及任何公司 股东以外的第三方转让所持有的公司股份，包括但不限于赠与信托 或其它任何方式，对其所持有的公司股份进行处置或在其上设置第 三人权利等。 第六条首次公开发行股票 之便利 为便利未来公司首次公开发行股票并上市，在公司向中国证监会或 证券交易所申报资料之日起，甲方同意根据届时公司上市申报时审 查的要求签署相关补充协议，终止本补充协议项下不满足上市明确 审查要求的相应特殊股东权利条款。并且按届时公司相关中介机构 的合法要求签署申报（首次公开发行股票）所需相关文件及承诺、 说明。如果公司首次公开发行股票并上市的申请被撤回或主动撤 回、不予受理、中止或终止审查、失效或否决的，届时被解除的特 殊条款则重新自动生效，其重新生效的效力追溯至相应特殊条款终 止之前及期间。 2）与云美产投签订的补充协议的补充约定情况 2023 年 5 月 15 日，甲方与乙方签署了《关于<广东芭薇生物科技股份有限公司,https://www.bse.cn/disclosure/2024/2024-03-18/1710747067_403240.pdf,data/source_texts/920123_W3-2024-BSE008_920123.txt,,待人工回原文页确认
W13-920123-029,920123,芭薇股份,special_rights,特殊投资条款,61,反稀释,5,2023 年 6 月 5 日,,,8%,0,中,保留为Auto候选,,方的剩余资产不足投资款和投资款实际投 资期年化 8%的收益之和，差额部分由乙方进行补偿。 第四条现金补偿承诺 本次增资完成后，在首次公开发行股票并上市前，若公司发行任何 新股（或可转换为股权的证券票据）或进行任何形式的增资，且该 等新股或增资的单价（新股价格）低于甲方本次投资的单价，则作 为一项反稀释保护措施，甲方有权要求乙方承担反稀释义务，对甲 方进行现金差额补偿，按照本次增资甲方的认购价格与后续增资或 者转让的投资单价差额乘以甲方持有的标的公司股份。 第五条股权转让限制 未经甲方书面同意，乙方不得向除甲方以外的其他股东及任何公司 股东以外的第三方转让所持有的公司股份，包括但不限于赠与信托 或其它任何方式，对其所持有的公司股份进行处置或在其上设置第 三人权利等。 第六条首次公开发行股票 之便利 为便利未来公司首次公开发行股票并上市，在公司向中国证监会或 证券交易所申报资料之日起，甲方同意根据届时公司上市申报时审 查的要求签署相关补充协议，终止本补充协议项下不满足上市明确 审查要求的相应特殊股东权利条款。并且按届时公司相关中介机构 的合法要求签署申报（首次公开发行股票）所需相关文件及承诺、 说明。如果公司首次公开发行股票并上市的申请被撤回或主动撤 回、不予受理、中止或终止审查、失效或否决的，届时被解除的特 殊条款则重新自动生效，其重新生效的效力追溯至相应特殊条款终 止之前及期间。 2）与联明投资、锦盛新材签订的补充协议的解除情况 2023 年 6 月 5 日，冷群英、刘瑞学（合称为“乙方”）与联明投资、,https://www.bse.cn/disclosure/2024/2024-03-18/1710747067_403240.pdf,data/source_texts/920123_W3-2024-BSE008_920123.txt,,待人工回原文页确认
W13-920123-030,920123,芭薇股份,special_rights,特殊投资条款,33,特殊投资条款,1,2023 年 8 月 10 日,,,,0,中,保留为Auto候选,,"押的事项，对芭薇股份、实际控制人冷群英、董事会秘书单楠采取口头警示 的自律监管措施。 2023 年 8 月 10 日，全国股转公司下达《关于对广东芭薇生物科技股份有限公司 相关责任主体采取自律监管措施的决定》 （股转融资并购函[2023]7 号）,因公司 2018 年第一次定向发行时，对股份回购等特殊投资条款未履行相关信息披露的义务，对实 际控制人冷群英、实际控制人刘瑞学、董事冷智刚采取警示函的自律监管措施。 公司及相关责任主体被全国股转公司采取的自律监管措施不属于行政处罚，不构 成重大违法违规，不会导致发行人不满足北交所发行上市的条件。 （四） 终止挂牌情况 □适用 √不适用 （五） 主办券商及其变动情况 2016 年 5 月 13 日，经华创证券有限责任公司推荐，公司获准在全国股转系统挂 牌，华创证券有限责任公司担任公司主办券商并履行持续督导义务。 2022 年 2 月 28 日，全国股转公司出具《关于对主办券商和挂牌公司协商一致解 除持续督导协议无异议的函》 ，公司主办券商由华创证券有限责任公司变更为万联证券 股份有限公司。 截至本招股说明书签署日，公司的主办券商为万联证券。 （六） 报告期内年报审计机构及其变动情况 报告期内，公司的年报审计机构均为天职国际会计师事务所（特殊普通合伙） ，未 发生变动。",https://www.bse.cn/disclosure/2024/2024-03-18/1710747067_403240.pdf,data/source_texts/920123_W3-2024-BSE008_920123.txt,,待人工回原文页确认
W13-920575-001,920575,*ST康乐,capital_increase,增资认缴,65,增资,3,2010 年 4 月 1 日,2 万元,,36%,0,中,保留为Auto候选,,"1-1-64 2010 年 4 月 1 日，北京经济技术开发区管理委员会印发《关于北京江林威 华生物技术有限公司申请增资并购的批复》 （京技管项审字[2010]46 号），同意 江林威华实行外资增资并购。 2010 年 4 月 1 日，北京市人民政府向江林威华出具《中华人民共和国外商 投资企业批准证书》（商外资京字[2010]18012 号）。 2010 年 5 月 8 日，江林威华召开董事会，同意美籍公民陈小江认购新增注 册资本 2 万元，董事会成员为陈小江、刘永江和马润林。 2010 年 5 月 21 日， 北京振兴联合会计师事务所出具 《验资报告》 （ （2010） 京振会验字第 023 号） ， 确认江林威华已收到陈小江以货币形式缴纳的新增注册 资本 2 万元。 2010 年 5 月 25 日，江林威华办理了工商变更登记。本次变更完成后，江林 威华的股权结构为： 序号 股东 认缴出资额（元） 出资比例 1 刘永江 18,000 36% 2 马润林 12,000 24% 3 陈小江 20,000 40% 合计 50,000 100% ③2011 年 1 月，江林威华第一次股权转让 2010 年 12 月 18 日，江林威华股东刘永江和马润林签订《股权转让协议》， 约定刘永江同意将其持有的江林威华 8,000 元",https://www.bse.cn/disclosure/2023/2023-02-28/1677578647_721315.pdf,data/source_texts/920575_W3-2023-BSE003_920575.txt,,待人工回原文页确认
W13-920575-002,920575,*ST康乐,capital_increase,增资认缴,93,增资,4,,98 万元,,51%,1,中,保留为Auto候选,,"51%（102 万 元） ， 刘永江出资49%（98 万元） 1 元/注 册资本 - 代持形成： 马润林、 刘 永江设立康乐有限并 共同持有陈小江、 马润 林、 刘永江股权， 陈小 江、 马润林、 刘永江的 实际投资比例分别为 40%、40%、20% 2008.10 康乐有限 股权转让 和增资 康乐有限注册资本从 200 万元增资至 10,000 万元， 其中深创投以货币认缴 新增注册资本 2,000 万 元， 天牛投资以货币认缴 新增注册资本 4,600 万元 1 元/注 册资本 认缴 注册 资本 - 刘永江将其持有的康乐 有限 39.2%股权（对应注 册资本 78.4 万元） 转让给 马润林 0 元/注 册资本 实缴 注册 资本 未实缴部分的货币出 资方式变更： 刘永江将 其 持 有 的 康 乐 有 限 39.2%股权转让给马润 林并以知识产权完成 实缴 新增知识产权认缴出 资存在代持： 马润林对 康乐有限的知识产权 出资实际为陈小江、 马 润林、 刘永江共有， 三 人 的 出 资 比 例 仍 为 40%、40%、20% 陈小江、 马润林、 刘永江 以知识产权认缴新增注 册资本 3,200 万元，公司 设立时以货币认缴的 160 万元出资变更为知识产 权出资； 陈小江、 马润林、 刘永江以专利 “乳头瘤 病毒衣壳蛋白的原核制 备和应用”实缴出资 3.14 元 /注册 资本 无形 资产 评估 价值 2010.04 康乐有限 股权转让 深创投将其持有的康乐 有限 3%股权（对应注册",https://www.bse.cn/disclosure/2023/2023-02-28/1677578647_721315.pdf,data/source_texts/920575_W3-2023-BSE003_920575.txt,,待人工回原文页确认
W13-920575-003,920575,*ST康乐,capital_increase,增资认缴,67,增资,2,2021 年 12 月 31 日,"3,401 万元",,,0,中,保留为Auto候选,,"，待小江生物现金流良好 后适时支付 3,401 万元。2020 年至 2021 年，小江生物通过减持康乐卫士股票获 得了现金收入，并向江林威华支付 3,401 万元。截至 2021 年 12 月 31 日，陈小 江、马润林、刘永江合计收到 3,401 万元。 ⑤2021 年 4 月，江林威华第二次增资 2021 年 4 月 16 日， 江林威华召开股东会， 同意注册资本由5 万元增加到 50 万元，增资后，小江生物的出资额为 50,000 元，刘永江的出资额为 316,216.22 元，马润林的出资额为 83,783.78 元，姚绵嵩的出资额为 50,000 元。 同日，江林威华及其法定代表人签署《北京江林威华生物技术有限公司章 程》。 2021 年 4 月 19 日，江林威华办理了工商变更登记。本次变更完成后，江林 威华的股权结构如下：",https://www.bse.cn/disclosure/2023/2023-02-28/1677578647_721315.pdf,data/source_texts/920575_W3-2023-BSE003_920575.txt,,待人工回原文页确认
W13-920575-004,920575,*ST康乐,capital_increase,增资认缴,54,认购,7,2019 年 3 月 25 日,"50,710,000.00 元",550 万股,,0,中,保留为Auto候选,,"1-1-53 2019 年 3 月 25 日，亦庄生物与康乐卫士签署《股份认购协议》，亦庄生物 认购康乐卫士 550 万股股份。2019 年 4 月 19 日，中喜会计师事务所（特殊普通 合伙）出具《验资报告》（中喜验字（2019）第 0070 号），经审验，截至 2019 年 4 月 18 日止，公司非公开发行人民币普通股 550 万股，募集资金总额 50,710,000.00 元。 本次发行新增股份于 2019 年 6 月 14 日起在全国中小企业股份转让系统挂牌 并公开转让。 2、2019 年第二次股票发行 公司于 2019 年 8 月 23 日、2019 年 9 月 10 日分别召开第三届董事会第二次 会议、2019 年第七次临时股东大会，审议通过《关于北京康乐卫士生物技术股 份有限公司限制性股票激励计划》 和 《关于2019 年第二次股票发行方案》 ， 公司 拟通过股票发行的方式对激励对象实施股权激励，发行数量 600 万股。2019 年 第二次股票发行价格为 1 元/股，本次股票发行募集资金将全部用于补充公司流 动资金，增强公司研发能力，提升公司抗风险能力，保障公司经营的持续发展。 2019 年 8 月 23 日，郝春利、刘永江、仪传超等 26 名公司核心员工分别与 康乐卫士签",https://www.bse.cn/disclosure/2023/2023-02-28/1677578647_721315.pdf,data/source_texts/920575_W3-2023-BSE003_920575.txt,,待人工回原文页确认
W13-920575-005,920575,*ST康乐,capital_increase,增资认缴,55,认购,9,2020 年 7 月,"65,010 万元","3,300 万股",,0,中,保留为Auto候选,,"1-1-54 用、购置其他固定资产和办公软件、归还借款本金及补充流动资金。 2020 年 7 月至 9 月，远望基金、丰德医学、滇中集团等 22 名合格投资者分 别与康乐卫士签署《股票认购协议》，共计认购康乐卫士 3,300 万股股份，募集 资金总额为 65,010 万元。2020 年 11 月 30 日，中喜会计师事务所（特殊普通合 伙）出具《验资报告》（中喜验字（2020）第 00170 号），经审验，截至 2020 年 11 月 29 日止，康乐卫士非公开发行人民币普通股 3,300 万股，募集资金总额 650,100,000.00 元。 本次定向发行新增股份于 2020 年 12 月 25 日起在全国中小企业股份转让系 统挂牌并公开转让。 4、2021 年第一次股票定向发行 公司于 2021 年 2 月 5 日、2021 年 2 月 25 日分别召开第三届董事会第十一 次会议、2021 年第一次临时股东大会，审议通过《关于<北京康乐卫士生物技术 股份有限公司 2021 年第一次股票定向发行说明书>的议案》等议案。2021 年第 一次股票定向发行价格为 41.28 元/股， 本次募集资金主要用于昆明生产基地建设 费用、三价 HPV 疫苗Ⅲ期临床研究费用、九价 HPV 疫苗Ⅲ期临床研究费用、九 价 HPV 疫苗男性适应症临床研究费用、重组诺如病毒疫苗临床研究费用、重组 新冠病毒疫苗临床研究费用、",https://www.bse.cn/disclosure/2023/2023-02-28/1677578647_721315.pdf,data/source_texts/920575_W3-2023-BSE003_920575.txt,,待人工回原文页确认
W13-920575-006,920575,*ST康乐,capital_increase,增资认缴,130,定向发行,6,2022 年 8 月 29 日,,,,0,中,保留为Auto候选,,诺与届时有关法律、行政法规、部门规章、 规范性文件以及北京证券交易所的业务规则等不一致或 存在冲突的，本人承诺遵照相关规定执行；如因本人违 反上述承诺给公司造成损失的，本人愿意依法承担相应 的赔偿责任。 2021 年定 向发 行认 购股 东 - 股份 锁定 承诺 本单位作为 2021 年定向发行的认购股东之一， 现本单位 就持有公司股份延长锁定期事项，作承诺如下：本单位 在公司 2021 年定向发行中所认购的新增股份自 2022 年 8 月 29 日起自愿限售，自公司向不特定合格投资者公开 发行股票并在北京证券交易所上市之日起 12 个月内， 不 转让或者委托他人管理本单位在 2021 年定向发行中所 认购的新增股份，也不由公司回购该部分股份。若上述 期间内，公司终止申请股票在北京证券交易所上市事项 的， 则本单位可以申请解除前述延长股份锁定期的承诺。 实际 控制 人 2022 年 1 月 5 日 - 持股 意向 和减 持意 向的 承诺 本人作为北京康乐卫士生物技术股份有限公司（以下简 称“公司”）的实际控制人，现就本人对持有公司股份 的持股意向和减持意向，作如下承诺：1、持股意向：本 人作为公司实际控制人，未来持续看好公司及其所处行 业的发展前景，愿意长期持有公司股票。2、减持意向： （1） 减持股份的条件及数量： 本人将按照公司向不特定 合格投资者公开发行股票招股说明书以及本人出具的各,https://www.bse.cn/disclosure/2023/2023-02-28/1677578647_721315.pdf,data/source_texts/920575_W3-2023-BSE003_920575.txt,,待人工回原文页确认
W13-920575-007,920575,*ST康乐,capital_increase,增资认缴,105,增资,16,2021 年 3 月 18 日,"1,760 万元","1,313,760 股",60%,0,中,保留为Auto候选,,"1-1-104 虑到周太峰（时任小江生物董事长）对小江生物发展的贡献，为了激励周太峰， 天狼星集团、 陈小江同意周太峰通过增资方式持有小江生物1,760 万元注册资本。 2021 年 3 月 18 日，根据周太峰、天狼星集团、小江生物、陈小江签署的《增资 协议》并经小江生物股东会决议通过，天狼星集团向小江生物增资 15,240 万元， 周太峰向小江生物增资 1,760 万元。小江生物该次增资前，天狼星集团和陈小江 分别持有小江生物 60%股权和 40%股权；小江生物该次增资完成后，天狼星集 团、陈小江和周太峰分别持有小江生物 82.91%股权、9.09%股权和 8%股权。该 次小江生物股权变动不涉及康乐卫士股权激励，不构成康乐卫士股份支付事项。 上述小江生物增资前，小江生物持有康乐卫士 1,313,760 股股份，并持有江 林威华 100%股权，而江林威华持有康乐卫士 11,100,000 股股份，陈小江通过小 江生物、 江林威华所合计持有 （穿透计算） 的康乐卫士股份数量为4,965,504 股。 经小江生物全体股东协商一致， 陈小江后续可通过向江林威华增资方式， 以确保 其所持有 （穿透计算） 的康乐卫士股票数量维持其截至2021 年 3 月 18 日所持有 （穿透计算）的康乐卫士股票数量（即 4,965,504 股）不变。 （2）本次",https://www.bse.cn/disclosure/2023/2023-02-28/1677578647_721315.pdf,data/source_texts/920575_W3-2023-BSE003_920575.txt,,待人工回原文页确认
W13-920575-008,920575,*ST康乐,capital_increase,增资认缴,69,增资,5,2021 年 11 月,"390,993.53 元",,63.24%,0,中,保留为Auto候选,,"16.22 63.24% 2 马润林 有限合伙人 83,783.78 16.76% 3 姚绵嵩 有限合伙人 50,000 10.00% 4 小江生物技术有限公司 有限合伙人 50,000 10.00% 合计 - 500,000.00 100.00% ⑦2021 年 11 月，江林威华第三次增资 2021 年 8 月 29 日，小江生物、刘永江、马润林、姚绵嵩、陈小江、江林威 华签署 《合伙企业份额认购协议》 ， 陈小江认购江林威华390,993.53 元财产份额。 2021 年 10 月 18 日，江林威华召开合伙人会议，全体合伙人签署《合伙企 业变更决定书》，同意吸收陈小江入伙，陈小江出资额为 390,993.53 元。 2021 年 10 月 28 日，江林威华全体合伙人签署《北京江林威华生物技术合 伙企业（有限合伙）协议》。 2021 年 11 月 18 日，江林威华办理了工商变更登记。本次变更完成后，江 林威华的出资结构如下： 序号 合伙人 合伙人类型 出资额（元） 出资比例（%） 1 刘永江 普通合伙人 316,216.22 35.49% 2 马润林 有限合伙人 83,783.78 9.40% 3 姚绵嵩 有限合伙人 50,000 5.61% 4 小江生物技术有限公司 有限合伙人 50,000 5.61% 5 陈小江 有限合伙人 390,993.53 43.88% 合计 - 890,993.53 100.00% 本次增资的原因具体参见本招股说明书“第四节 发行人基本情况”之“",https://www.bse.cn/disclosure/2023/2023-02-28/1677578647_721315.pdf,data/source_texts/920575_W3-2023-BSE003_920575.txt,,待人工回原文页确认
W13-920575-009,920575,*ST康乐,equity_transfer,股权转让,65,股权转让,4,2011 年 1 月,"8,000 元",,36%,0,中,保留为Auto候选,,"5 日，江林威华办理了工商变更登记。本次变更完成后，江林 威华的股权结构为： 序号 股东 认缴出资额（元） 出资比例 1 刘永江 18,000 36% 2 马润林 12,000 24% 3 陈小江 20,000 40% 合计 50,000 100% ③2011 年 1 月，江林威华第一次股权转让 2010 年 12 月 18 日，江林威华股东刘永江和马润林签订《股权转让协议》， 约定刘永江同意将其持有的江林威华 8,000 元出资额 （占注册资本的16%） 转让 给马润林。 同日， 江林威华召开董事会， 同意刘永江将其持有的江林威华16%的股权转 让给马润林，陈小江放弃优先购买权；同意相应修改公司章程。 2011 年 1 月 4 日，北京经济技术开发区管理委员会出具《关于北京江林威 华生物技术有限公司申请股权转让的批复》（京技管项审字[2011]8 号），同意 上述股权转让。 2011 年 1 月 5 日，北京市人民政府出具《中华人民共和国外商投资企业批",https://www.bse.cn/disclosure/2023/2023-02-28/1677578647_721315.pdf,data/source_texts/920575_W3-2023-BSE003_920575.txt,,待人工回原文页确认
W13-920575-010,920575,*ST康乐,equity_transfer,股权转让,93,股权转让,10,,98 万元,,51%,1,中,保留为Auto候选,,"马润林出资 51%（102 万 元） ， 刘永江出资49%（98 万元） 1 元/注 册资本 - 代持形成： 马润林、 刘 永江设立康乐有限并 共同持有陈小江、 马润 林、 刘永江股权， 陈小 江、 马润林、 刘永江的 实际投资比例分别为 40%、40%、20% 2008.10 康乐有限 股权转让 和增资 康乐有限注册资本从 200 万元增资至 10,000 万元， 其中深创投以货币认缴 新增注册资本 2,000 万 元， 天牛投资以货币认缴 新增注册资本 4,600 万元 1 元/注 册资本 认缴 注册 资本 - 刘永江将其持有的康乐 有限 39.2%股权（对应注 册资本 78.4 万元） 转让给 马润林 0 元/注 册资本 实缴 注册 资本 未实缴部分的货币出 资方式变更： 刘永江将 其 持 有 的 康 乐 有 限 39.2%股权转让给马润 林并以知识产权完成 实缴 新增知识产权认缴出 资存在代持： 马润林对 康乐有限的知识产权 出资实际为陈小江、 马 润林、 刘永江共有， 三 人 的 出 资 比 例 仍 为 40%、40%、20% 陈小江、 马润林、 刘永江 以知识产权认缴新增注 册资本 3,200 万元，公司 设立时以货币认缴的 160 万元出资变更为知识产 权出资； 陈小江、 马润林、 刘永江以专利 “乳头瘤 病毒衣壳蛋白的原核制 备和应用”实缴出资 3.14 元 /注册 资本 无形 资产 评估 价值 2010.04 康乐有限 股权转让 深创投将其持有的康乐 有限 3%股",https://www.bse.cn/disclosure/2023/2023-02-28/1677578647_721315.pdf,data/source_texts/920575_W3-2023-BSE003_920575.txt,,待人工回原文页确认
W13-920575-011,920575,*ST康乐,equity_transfer,股权转让,67,股权转让,6,2010 年 6 月,"3,700 万元","1,110 万股",100%,0,中,保留为Auto候选,,"1-1-66 序号 股东名称 认缴出资额（元） 出资比例 1 小江生物技术有限公司 50,000 100% 合计 50,000 100% 本次股权转让的原因系马润林、刘永江考虑发行人后续研发对资金需求较 高，研发周期长，前期研发投入较大且尚未实现较好的投资回报，且发行人虽拟 于新三板挂牌，但通过新三板实现投资退出存在不确定性，拟不再投资发行人； 鉴于本次股权转让时，江林威华存在 3,700 万元的负债，本次股权转让后，小江 生物系江林威华的唯一股东；且江林威华仅为持股平台，该等负债由小江生物代 江林威华支付，该等负债系 2010 年 6 月江林威华应向马润林、刘永江、陈小江 支付的股权转让对价 ，具体情况 参见本招股说明书之 “第四节 发行人基本情 况”之“五、发行人股本情况”之“（三）其他披露事项”。 考虑到当时江林威华持有发行人 1,110 万股股份（持股比例为 18.5%），且 截至 2014 年 12 月 31 日，江林威华的账面净资产约为3.55 万元，截至2015 年 4 月 30 日，江林威华的账面净资产约为 3.54 万元，经协商一致，股权转让对价系 1 元/注册资本，定价具有合理性。小江生物已支付了股权转让价款。考虑到前期 马润林等三人的实际资金投入 ，2015 年 5 月 22 日 ， 小江生物向马润林支付了299 万元，因小江生物一直处于研",https://www.bse.cn/disclosure/2023/2023-02-28/1677578647_721315.pdf,data/source_texts/920575_W3-2023-BSE003_920575.txt,,待人工回原文页确认
W13-920575-012,920575,*ST康乐,equity_transfer,股权转让,54,股份转让,2,2019 年 4 月 18 日,"50,710,000.00 元",550 万股,,0,低,排除为转让系统语境,页面仅出现全国股转系统/公开转让，未出现明确转让方、受让方或回购主体,"，中喜会计师事务所（特殊普通 合伙）出具《验资报告》（中喜验字（2019）第 0070 号），经审验，截至 2019 年 4 月 18 日止，公司非公开发行人民币普通股 550 万股，募集资金总额 50,710,000.00 元。 本次发行新增股份于 2019 年 6 月 14 日起在全国中小企业股份转让系统挂牌 并公开转让。 2、2019 年第二次股票发行 公司于 2019 年 8 月 23 日、2019 年 9 月 10 日分别召开第三届董事会第二次 会议、2019 年第七次临时股东大会，审议通过《关于北京康乐卫士生物技术股 份有限公司限制性股票激励计划》 和 《关于2019 年第二次股票发行方案》 ， 公司 拟通过股票发行的方式对激励对象实施股权激励，发行数量 600 万股。2019 年 第二次股票发行价格为 1 元/股，本次股票发行募集资金将全部用于补充公司流 动资金，增强公司研发能力，提升公司抗风险能力，保障公司经营的持续发展。 2019 年 8 月 23 日，郝春利、刘永江、仪传超等 26 名公司核心员工分别与 康乐卫士签署《限制性股票认购协议》 ，共计认购康乐卫士600 万股股份。2019 年 9 月 19 日，中喜会计师事务所（特殊普通合伙）出具《验资报告》 （中喜验字 （2019）第 0176 号） ，经审验，截至2019 年 9 月 18 日止，公司非公开发行人民 币普通股 600 万股，募集资金总额 6,000,000.00 元。 本次发行新增股份于 2019 年 11 月 4 日起在全",https://www.bse.cn/disclosure/2023/2023-02-28/1677578647_721315.pdf,data/source_texts/920575_W3-2023-BSE003_920575.txt,,待人工回原文页确认
W13-920575-013,920575,*ST康乐,equity_transfer,股权转让,55,股份转让,2,2020 年 11 月 29 日,"650,100,000.00 元","3,300 万股",,0,低,排除为转让系统语境,页面仅出现全国股转系统/公开转让，未出现明确转让方、受让方或回购主体,"特殊普通合 伙）出具《验资报告》（中喜验字（2020）第 00170 号），经审验，截至 2020 年 11 月 29 日止，康乐卫士非公开发行人民币普通股 3,300 万股，募集资金总额 650,100,000.00 元。 本次定向发行新增股份于 2020 年 12 月 25 日起在全国中小企业股份转让系 统挂牌并公开转让。 4、2021 年第一次股票定向发行 公司于 2021 年 2 月 5 日、2021 年 2 月 25 日分别召开第三届董事会第十一 次会议、2021 年第一次临时股东大会，审议通过《关于<北京康乐卫士生物技术 股份有限公司 2021 年第一次股票定向发行说明书>的议案》等议案。2021 年第 一次股票定向发行价格为 41.28 元/股， 本次募集资金主要用于昆明生产基地建设 费用、三价 HPV 疫苗Ⅲ期临床研究费用、九价 HPV 疫苗Ⅲ期临床研究费用、九 价 HPV 疫苗男性适应症临床研究费用、重组诺如病毒疫苗临床研究费用、重组 新冠病毒疫苗临床研究费用、其它在研产品临床前研究费用及补充流动资金。 2021 年 2 月，济麟鑫盛等 17 名合格投资者分别与康乐卫士签署《股票认购 协议》，共计认购康乐卫士 2,460 万股股份，募集资金总额为 101,548.80 万元。 2021 年 8 月 9 日，中喜会计师事务所（特殊普通合伙）出具《验资报告》（中 喜验字[2021]第 00074 号），经审验，截至 2021 年 8 月 3 日止，康乐卫士非公 开发行人民币普通股 2,460 万股",https://www.bse.cn/disclosure/2023/2023-02-28/1677578647_721315.pdf,data/source_texts/920575_W3-2023-BSE003_920575.txt,,待人工回原文页确认
W13-920575-014,920575,*ST康乐,equity_transfer,股权转让,95,转让给,8,2010 年 5 月,"3,700 万元",,37%,1,高,保留为Auto候选,,"1-1-94 未实缴） 转让给马润林。 该次股权转让具体情况如下： 马润林受让深创投未实缴 的股权并履行出资义务系其三人内部协商确定愿意承担该等资金筹措的责任， 考 虑到三人创业初期的内部约定， 该等资金主要系马润林筹措而来， 由马润林受让 该部分股权，马润林完成本次实缴出资后，陈小江、马润林、刘永江三人合计持 有康乐有限 37%的股权， 三人持有的康乐有限股权相对比例仍与康乐有限设立时 商定的投资比例一致，分别为 40%、40%、20%。 2、股权代持解决情况 为解除股权代持、 变更持股主体和持股方式， 实现由直接持股转为间接持股， 陈小江、马润林、刘永江采取了如下措施：2010 年 5 月，马润林将其持有的康 乐有限 36.804%股权、刘永江将其持有的康乐有限 0.196%股权（合计 37%股权） 以 3,700 万元的价格全部转让给江林威华；2011 年 1 月， 江林威华的股权结构调 整为陈小江持股 40%，马润林持股 40%，刘永江持股 20%，完成了代持还原， 具体情况参见本招股说明书“第四节 发行人基本情况”之“四、发行人股东及 实际控制人情况”之“（一）控股股东、实际控制人情况”之“3、控股股东、 实际控制人的一致行动人 ”之",https://www.bse.cn/disclosure/2023/2023-02-28/1677578647_721315.pdf,data/source_texts/920575_W3-2023-BSE003_920575.txt,,待人工回原文页确认
W13-920575-015,920575,*ST康乐,equity_transfer,股权转让,59,股权转让,3,2019 年 11 月,,,81.60%,0,中,保留为Auto候选,,"1-1-58 控制人为陶涛，天狼星集团上述股权转让完成前后，天狼星集团的股权结构如下： 序 号 股东 2019 年 11 月股权转让完成前 天狼星集团股权结构 2019 年 11 月股权转让完成后至本招 股书签署日天狼星集团股权结构 认缴出资额 （万元） 实缴出资额 （万元） 出资 比例 认缴出资额 （万元） 实缴出资额 （万元） 出资 比例 1 陶涛 4,080 4,080 81.60% 3,930 3,930 78.60% 2 陶然 420 420 8.40% 420 420 8.40% 3 郝春利 150 150 3.00% 150 150 3.00% 4 赵第超 150 150 3.00% 150 150 3.00% 5 张静 100 100 2.00% 100 100 2.00% 6 战明 100 100 2.00% - - - 7 吴赵峰 - - - 125 125 2.50% 8 杨世茁 - - - 125 125 2.50% 合计 5,000 5,000 100% 5,000 5,000 100.00% 2、实际控制人情况 截至本招股说明书签署日，陶涛持有天狼星集团 78.60%的股权，天狼星集 团及其一",https://www.bse.cn/disclosure/2023/2023-02-28/1677578647_721315.pdf,data/source_texts/920575_W3-2023-BSE003_920575.txt,,待人工回原文页确认
W13-920575-016,920575,*ST康乐,equity_transfer,股权转让,66,股权转让,8,2011 年 1 月 14 日,2 万元,,20%,0,中,保留为Auto候选,,"。 2011 年 1 月 14 日，江林威华办理了工商变更登记。本次变更完成后，江林 威华的股权结构为： 序号 股东姓名 认缴出资额（元） 出资比例 1 刘永江 10,000 20% 2 马润林 20,000 40% 3 陈小江 20,000 40% 合计 50,000 100% 本次股权转让系为还原三人约定的投资比例 ， 确保实际权益分配比例与工商 登记的数据一致。具体情况参见本招股说明书之“第四节 发行人基本情况”之 “五、发行人股本情况”之“（三）其他披露事项”。 ④2015 年 6 月，江林威华第二次股权转让 2015 年 3 月 20 日，江林威华召开董事会会议，同意并批准陈小江将其持有 的江林威华 40%股权、马润林将其持有的江林威华 40%股权、刘永江将其持有 的江林威华 20%股权，分别作价 2 万元、2 万元、1 万元转让给小江生物，并签 订股权转让协议；同意股权转让完成后，小江生物持有江林威华 100%股权；同 意公司企业性质变更为内资企业；同意修改后的《公司章程》。 2015 年 3 月 20 日，小江生物作出股东决定，同意修改后的公司章程。 2015 年 5 月 5 日，陈小江、马润林、刘永江分别与小江生物签订《股权转 让协议》。 2015 年 5 月 6 日，江林威华签署《北京江林威华生物技术有限公司章程》。 2015 年 5 月 22 日，北京经济技术开发区管理委员会出具《关于北京江林威 华生物技术有限公司申请股权转让的批复》 （京技管项审字[2015]91 号），",https://www.bse.cn/disclosure/2023/2023-02-28/1677578647_721315.pdf,data/source_texts/920575_W3-2023-BSE003_920575.txt,,待人工回原文页确认
W13-920575-017,920575,*ST康乐,equity_snapshot,股权快照,67,持股比例,1,2010 年 6 月,3.55 万元,"1,110 万股",18.5%,0,中,保留为Auto候选,,"持股平台，该等负债由小江生物代 江林威华支付，该等负债系 2010 年 6 月江林威华应向马润林、刘永江、陈小江 支付的股权转让对价 ，具体情况 参见本招股说明书之 “第四节 发行人基本情 况”之“五、发行人股本情况”之“（三）其他披露事项”。 考虑到当时江林威华持有发行人 1,110 万股股份（持股比例为 18.5%），且 截至 2014 年 12 月 31 日，江林威华的账面净资产约为3.55 万元，截至2015 年 4 月 30 日，江林威华的账面净资产约为 3.54 万元，经协商一致，股权转让对价系 1 元/注册资本，定价具有合理性。小江生物已支付了股权转让价款。考虑到前期 马润林等三人的实际资金投入 ，2015 年 5 月 22 日 ， 小江生物向马润林支付了299 万元，因小江生物一直处于研发投入阶段，经协商一致，待小江生物现金流良好 后适时支付 3,401 万元。2020 年至 2021 年，小江生物通过减持康乐卫士股票获 得了现金收入，并向江林威华支付 3,401 万元。截至 2021 年 12 月 31 日，陈小 江、马润林、刘永江合计收到 3,401 万元。 ⑤2021 年 4 月，江林威华第二次增资 2021 年 4 月 16 日， 江林威华召开股东会， 同意注册资本由5 万元增加到 50 万元，增资后，小江生物的出资额为 50,000 元，刘永江的出资额为 316,216.22 元，马润林的出资额为 83,783.78 元，姚绵嵩的出资额为 50,000 元。 同日，江林威华及其法定代表",https://www.bse.cn/disclosure/2023/2023-02-28/1677578647_721315.pdf,data/source_texts/920575_W3-2023-BSE003_920575.txt,,待人工回原文页确认
W13-920575-018,920575,*ST康乐,equity_snapshot,股权快照,94,持股比例,1,2008 年 4 月,19.6 万元,,0.196%,0,中,保留为Auto候选,,"1-1-93 刘永江将其持有的康乐 有限 0.196%股权（对应 注册资本 19.6 万元） 转让 给江林威华 的代持， 变更持股主体 为江林威华， 且变更持 股方式， 即由直接持股 转为间接持股； 三人在 江林威华的持股比例 调整为 40%、40%、20% 2011.01 江林威华 股权转让 刘永江将其持有的江林 威华 8,000 元出资额（占 注册资本的 16%） 转让给 马润林； 股权转让后， 陈 小江、 马润林、 刘永江分 别持有江林威华 40%、 40%、20%股权 0 元/注 册资本 - 1、股权代持的事实情况 2008 年 4 月， 马润林和刘永江分别出资102 万元 （对应康乐有限51%股权） 、 98 万元（对应康乐有限 49%股权）设立康乐有限，设立时存在股权代持，具体 情况如下：陈小江、马润林、刘永江在大学期间即为好友，三人之间具有深厚的 友谊和信任基础； 国内当时尚无已上市的人乳头瘤病毒疫苗产品， 三人希望能够 尽快填补相应市场空白， 拟投资设立康乐有限并研究人乳头瘤病毒疫苗产品及相 关技术， 并各自发挥优势， 其中陈小江主要负责提供技术支持， 马润林及刘永江 主要负责公司经营管理， 包括引进投资人、 资金筹措及技术成果转化等。 考虑到 陈小江为美国国籍且长期居住于美国， 康乐有限设立初期办理工商、 税务等手续 和事务较为繁琐且成本较高， 为操作便利， 由马润林及刘永江设立康乐有限并共 同持有三人的权益。",https://www.bse.cn/disclosure/2023/2023-02-28/1677578647_721315.pdf,data/source_texts/920575_W3-2023-BSE003_920575.txt,,待人工回原文页确认
W13-920575-019,920575,*ST康乐,equity_snapshot,股权快照,92,前十名股东,2,,,"30,218,000 股",22.62%,0,中,保留为Auto候选,,"1-1-91 限公司。 （二）本次发行前公司前十名股东情况 序号 股东姓名/名称 持股数量 （万股） 股权比例 （%） 股份性质 限售情况 1 天狼星控股集团 有限公司 3,021.8000 22.62% 三板限售股 限售 30,218,000 股 （股份锁定 承诺期间内） 2 北京江林威华生 物技术合伙企业 （有限合伙） 1,110.0000 8.31% 三板限售股 限售 11,100,000 股 （股份锁定 承诺期间内） 3 云南省滇中产业 发展集团有限责 任公司 507.6142 3.80% 三板流通股 无限售情况 4 江西济麟鑫盛企 业管理有限公司 484.4961 3.63% 三板流通股 无限售情况 5 北京百柏瑞盈投 资管理中心 （有限 合伙） 445.6000 3.34% 三板流通股 无限售情况 6 海南云锋基金中 心（有限合伙） 363.3721 2.72% 三板流通股 无限售情况 7 深圳前海建成 开 元企业管理 有限 公司 1 363.3720 2.72% 三板流通股 无限售情况 8 北京亦庄生物医 药并购投资中心 （有限合伙） 300.0000 2.25% 三板流通股 无限售情况 9 昆明远望健康产",https://www.bse.cn/disclosure/2023/2023-02-28/1677578647_721315.pdf,data/source_texts/920575_W3-2023-BSE003_920575.txt,,待人工回原文页确认
W13-920575-020,920575,*ST康乐,equity_snapshot,股权快照,102,持股数量,1,,,600 万股,,0,中,保留为Auto候选,,的积极 性， 对公司中高层管理人员及核心员工进行股权激励。 公司本次用于限制性股票 激励计划的股份数量为 600 万股。 （1）限制性股票激励计划授予的参与对象情况 本次激励对象共计 26 人，各激励对象获得激励股份数量如下： 序 号 激励对象 职务 认购额 （万元） 认购比例 （%） 拟持股数量 （万股） 1 郝春利 董事长、首席执行官 159.00 26.50 159.00 2 刘永江 董事、总经理 100.00 16.67 100.00 3 仪传超 董事会秘书 40.00 6.67 40.00 4 沈益国 副总经理 40.00 6.67 40.00 5 张海江 副总经理 40.00 6.67 40.00 6 董微 首席财务官 40.00 6.67 40.00 7 张爱君 财务部经理 10.00 1.67 10.00 8 李艳华 人力资源部经理 10.00 1.67 10.00 9 王举闻 职工监事 10.00 1.67 10.00 10 王志斌 昆明分公司设备工程部 经理 10.00 1.67 10.00 11 徐瑞 工程设备安全监察部副 经理 10.00 1.67 10.00 12 银飞 生物制剂部经理 10.00 1.67 10.00 13 贠炳岭 生物制剂部副经理 3.00 0.50 3.00 14 伍树明 研发总监 10.00 1.67 10.00 15 陈晓 蛋白工程部副经理 10.00 1.67 10.00 16 张瑞霞 副总经理 10.00 1.67 1,https://www.bse.cn/disclosure/2023/2023-02-28/1677578647_721315.pdf,data/source_texts/920575_W3-2023-BSE003_920575.txt,,待人工回原文页确认
W13-920575-021,920575,*ST康乐,equity_snapshot,股权快照,60,持股比例,2,2022 年 9 月 30 日,"22,000 万元","416,660 股",0.31%,0,中,保留为Auto候选,,"1-1-59 1）小江生物基本信息 截至本招股说明书签署日，小江生物直接持有发行人 416,660 股股份，持股 比例为 0.31%，小江生物通过持有江林威华 5.61%合伙份额而间接持有康乐卫士 622,898 股股份，间接持股比例为 0.47%，小江生物合计持有康乐卫士 1,039,558 股股份，合计持股比例为 0.78%。小江生物为天狼星集团之控股子公司，截至本 招股说明书签署日，天狼星集团持有小江生物 82.91%股权。 截至 2022 年 9 月 30 日，小江生物基本情况如下： 名称 小江生物技术有限公司 统一社会信用代码 91110302692635399Y 类型 有限责任公司（外商投资、非独资） 法定代表人 周太峰 住所 北京市北京经济技术开发区西环南路 18 号 C 幢 1 层 C101 室 注册资本 22,000 万元人民币 实收资本 5,000 万元人民币 成立日期 2009 年 10 月 22 日 营业期限 2009 年 10 月 22 日至 2039 年 10 月 21 日 经营范围 化学药物的技术开发；基础化学原料制造中保障城市运行的危 险废弃物处理及资源综合利用项目的制造（市场主体依法自主 选择经营项目，开展经营活动；依法须经批准的项目，经相关 部门批准后依批准的内容开展经营活动；不得从事国家和本市 产业政策禁止和限制类项目的经营活动。 ） 主营业务 化学药物的技术开发 与发行人主营业务",https://www.bse.cn/disclosure/2023/2023-02-28/1677578647_721315.pdf,data/source_texts/920575_W3-2023-BSE003_920575.txt,,待人工回原文页确认
W13-920575-022,920575,*ST康乐,equity_snapshot,股权快照,71,持股比例,1,2022 年 9 月 30 日,"26,000 万元",,31.24%,0,中,保留为Auto候选,,"制公司股份比 例为 31.24%，前述质押股份占控股股东所持发行人股份的比例约为 4.25%，占 控股股东及其一致行动人所持发行人股份的比例约为 3.08%， 占发行人股份总数 比例约为 0.96%，质押比例较小，不会对公司控制权的稳定性构成重大影响。 截至 2022 年 9 月 30 日，发行人持股比例 5%以上的主要股东所持发行人的 股份不存在其他质押、涉诉、冻结或其他有争议的情况。 （四）控股股东、实际控制人所控制的其他企业情况 1、控股股东控制的其他企业 截至 2022 年 9 月 30 日， 除小江生物、 康乐卫士及其子公司外， 公司控股股 东天狼星集团控制的其他企业如下所示： 序 号 控制的其 他企业名 称 注册资本/ 投资总额 持股 情况 经营范围 1 黑河星河实 业发展有限 公司 26,000 万元 100% 保税仓储、出口监管仓库、进出口业务按中 华人民共和国进出口企业资格证核定的经营 范围从事经营活动。销售金属硅、金属镁、 石墨电极和铁合金， 经营边贸项下进口原油、 成品油商品业务，输油（气）管道、油（气） 库及石油专用设施的建设（法律、行政法规 禁止的除外；法律、行政法规规定需经审批 的项目未审批前不得经营） 。 蜂蜜营养制品制",https://www.bse.cn/disclosure/2023/2023-02-28/1677578647_721315.pdf,data/source_texts/920575_W3-2023-BSE003_920575.txt,,待人工回原文页确认
W13-920575-023,920575,*ST康乐,equity_snapshot,股权快照,91,股本结构,6,2022 年 3 月 31 日,,"133,600,000 股",,0,中,保留为Auto候选,,"1-1-90 五、 发行人股本情况 （一）本次发行前后的股本结构情况 本次发行前，公司总股数为 133,600,000 股，如不考虑超额配售选择权，本 次发行上市预计向公众发行不超过 7,000,000 股，本次发行完成后，共为不超过 140,600,000 股；如考虑完全行使超额配售选择权，本次发行上市预计向公众发 行不超过 8,050,000 股， 本次发行完成后， 共为不超过141,650,000 股。 根据中国 证券登记结算有限责任公司于 2022 年 3 月 31 日出具的发行人《全体证券持有人 名册》，假设按公开发行 8,050,000 股计算，本次发行完成前后公司的股本结构 如下： 序 号 股东名称 本次发行前 本次发行后 持股数量（股） 持股比例 （%） 持股数量（股） 持股比例 （%） 1 天狼星控股集团有限公司 30,218,000 22.62 30,218,000 21.33 2 北京江林威华生物技术合 伙企业（有限合伙） 11,100,000 8.31 11,100,000 7.84 3 云南省滇中产业发展集团 有限责任公司 5,076,142 3.80 5,076,142 3.58 4 江西济麟鑫盛企业管理有 限公司 4,844,961",https://www.bse.cn/disclosure/2023/2023-02-28/1677578647_721315.pdf,data/source_texts/920575_W3-2023-BSE003_920575.txt,,待人工回原文页确认
W13-920575-024,920575,*ST康乐,equity_snapshot,股权快照,117,持股比例,1,2022 年 9 月 30 日,,,,1,中,保留为Auto候选,,"1-1-116 （二）直接或间接持有发行人股份的情况 1、直接持股 截至 2022 年 9 月 30 日， 公司董事、 监事、 高级管理人员及其近亲属直接持 股份情况如下： 姓名 职务/亲属关系 持股数（股） 持股比例（%） 郝春利 董事长、首席执行官 1,590,000 1.1901 刘永江 董事、总经理 1,000,000 0.7485 王举闻 职工监事 100,000 0.0749 沈益国 副总经理 400,000 0.2994 张海江 副总经理 400,000 0.2994 张瑞霞 副总经理 100,000 0.0749 董微 首席财务官 400,000 0.2994 仪传超 副总经理、董事会秘书 400,000 0.2994 李启林 董事李辉之父 117,300 0.0878 除上述情况外， 公司其他董事、 监事、 高级管理人员及其近亲属未直接持有 公司股份。 2、间接持股 截至 2022 年 9 月 30 日， 公司董事、 监事、 高级管理人员及其近亲属间接持 有公司股份情况如下： 姓名 职务/亲属关系 间接持股主体 间接持股 比例（%） 郝春利 董事长、首席 执行官 天狼星控股集团有限公司、小江生物技术有限 公司、北京江林威华生物技术合伙企业（有限 合伙） 0.6979 刘永江 董事、总经理 北京江林威华生物技术合伙企业（有限合伙） 2.9487 陶涛 董事 天狼星控股集团有限",https://www.bse.cn/disclosure/2023/2023-02-28/1677578647_721315.pdf,data/source_texts/920575_W3-2023-BSE003_920575.txt,,待人工回原文页确认
W13-920575-025,920575,*ST康乐,special_rights,特殊投资条款,65,优先购买权,1,2010 年 12 月 18 日,"8,000 元",,16%,0,中,保留为Auto候选,,"华第一次股权转让 2010 年 12 月 18 日，江林威华股东刘永江和马润林签订《股权转让协议》， 约定刘永江同意将其持有的江林威华 8,000 元出资额 （占注册资本的16%） 转让 给马润林。 同日， 江林威华召开董事会， 同意刘永江将其持有的江林威华16%的股权转 让给马润林，陈小江放弃优先购买权；同意相应修改公司章程。 2011 年 1 月 4 日，北京经济技术开发区管理委员会出具《关于北京江林威 华生物技术有限公司申请股权转让的批复》（京技管项审字[2011]8 号），同意 上述股权转让。 2011 年 1 月 5 日，北京市人民政府出具《中华人民共和国外商投资企业批",https://www.bse.cn/disclosure/2023/2023-02-28/1677578647_721315.pdf,data/source_texts/920575_W3-2023-BSE003_920575.txt,,待人工回原文页确认
W13-920575-026,920575,*ST康乐,special_rights,特殊投资条款,109,特殊投资约定,3,2022 年 9 月 30 日,,,,0,中,保留为Auto候选,,1-1-108 补充协议的形式终止， 相关协议自动终止且自始无效， 对各方不具有约束力， 该 等终止是永久、无条件、不可撤销且不再恢复的。 综上所述，上述做市股票转售约定未对实际控制人控制权造成重大不利影响。 （三） 发行人控股股东、 实际控制人与其他股东签署的特殊投资约定及其解除情况 发行人股东通过 2019 年公司第一次股票发行、2020 年公司第一次股票发行 投资发行人时， 与发行人控股股东、 实际控制人之间曾存在特殊投资约定， 具体 情况请见本招股说明书之“第十四节 附件”。 截至本招股说明书签署日， 发行人股东投资发行人时与发行人控股股东、 实 际控制人之间存在的特殊投资条款均已终止， 对各方不具有约束力， 该等终止是 永久、无条件、不可撤销且不再恢复的，不会对公司经营状况、财务状况、控制 权变化等方面造成不利影响。 七、 发行人的分公司、控股子公司、参股公司情况 截至 2022 年 9 月 30 日，公司拥有 1 家分公司、2 家合并范围内子公司，具 体情况如下： 1、南京康乐 名称 北京康乐卫士生物技术股份有限公司南京分公司 成立日期 2020 年 10 月 21 日 统一社会信用代码 91320114MA22R3G772 类型 股份有限公司分公司（非上市） 负责人 李艳华 住所 南京市雨花台区雨花西路 258 号 1 幢 809 室 经营范围 许可项目：第二类医疗器械生产（依法须经批准的项目，经相关部 门批准后方可开展经营活动，具体经营,https://www.bse.cn/disclosure/2023/2023-02-28/1677578647_721315.pdf,data/source_texts/920575_W3-2023-BSE003_920575.txt,,待人工回原文页确认
W13-920575-027,920575,*ST康乐,special_rights,特殊投资条款,107,回购权,3,2020 年 11 月 16 日,,,8%,0,中,保留为Auto候选,,法规的行为或公司主营业务发生重大变化。 2）丙方明确并承诺，自愿为乙方向甲方承担的股份回购义务提供连带担保 责任， 担保责任范围包括但不限于股份回购款、 迟延支付股份回购款的逾期利息、 违约金及违约损失、律师费、诉讼费、差旅费、调查取证费等，担保期限为乙方 回购义务履行期限届满之日起三年。 3）回购权的行使：①甲方行使股份回购权时，公司控股股东，即乙方应在 甲方书面提出回购要求之日起三个月内向甲方支付股份回购款， 股份回购款为甲 方本轮投资款与以该投资款为基数并按年化收益率 8%（单利）计算的投资收益 的总额， 以回购甲方持有的公司全部股份；②如甲方要求就其持有的部分公司股 份行使部分回购权的， 乙方应按照 《股票认购协议之补充协议》 第三条第3 款第 1 项的约定，向甲方支付相对应的部分股份回购款；③尽管有前述约定，甲方也 有权将相应股份部分或全部转让给其他股东或外部投资人。 （2）2020 年 11 月 16 日，由于新增触发转售约定条款，甲方分别与天狼星 集团、陶涛签订《股票认购协议之补充协议二》，对上述约定变更如下： 1）甲方、天狼星集团（以下称“乙方”）、陶涛（以下称“丙方”）三方 共同确认并同意， 在发生以下事项时， 甲方有权要求乙方按 《股票认购协议之补 充协议二》 第三条第3 款的约定回购甲方因本次发行所持有的公司股份：①截至 2023 年 12 月 31 日前， 公司的三价HPV 疫苗未取得三期临床试验中期报告或公 司就该产品提出的相关申请被驳回；②截至 2024 年 12 月 31 日前，公,https://www.bse.cn/disclosure/2023/2023-02-28/1677578647_721315.pdf,data/source_texts/920575_W3-2023-BSE003_920575.txt,,待人工回原文页确认
W13-920575-028,920575,*ST康乐,special_rights,特殊投资条款,108,回购权,3,2022 年 9 月 30 日,,,8%,0,中,保留为Auto候选,,将全部或大部分知识产权进行排他性转让。 2）丙方明确并承诺，自愿为乙方向甲方承担的股份回购义务提供连带担保 责任， 担保责任范围包括但不限于股份回购款、 迟延支付股份回购款的逾期利息、 违约金及违约损失、律师费、诉讼费、差旅费、调查取证费等，担保期限为乙方 回购义务履行期限届满之日起三年。 3）回购权的行使：①甲方行使股份回购权时，公司控股股东，即乙方应在 甲方书面提出回购要求之日起三个月内向甲方支付股份回购款， 股份回购款为甲 方本轮投资款与以该投资款为基数并按年化收益率 8%（单利）计算的投资收益 的总额， 以回购甲方因本次发行持有的公司全部股份；②如甲方要求就其持有的 部分公司股份行使部分回购权的， 乙方应按照 《股票认购协议之补充协议二》 第 三条第 3 款第 1 项的约定， 向甲方支付相对应的部分股份回购款；③尽管有前述 约定，甲方也有权将相应股份部分或全部转让给其他股东或外部投资人。 变更后做市商单次约定的转售数量不超过本次受让或认购的股份数量。 做市 商不存在对做市申报或成交价格、 数量、 金额进行承诺等可能影响做市报价的情 形。 做市商与挂牌公司股东作出转售的约定符合 《全国中小企业股份转让系统做 市商做市业务管理细则（试行）》第十五条的规定。 2、做市股票转售事项的终止 截至 2022 年 9 月 30 日， 广发证券、 第一创业证券、 安信证券与发行人控股 股东天狼星集团、 实际控制人陶涛就上述做市股票转售事项的约定均已签署书面,https://www.bse.cn/disclosure/2023/2023-02-28/1677578647_721315.pdf,data/source_texts/920575_W3-2023-BSE003_920575.txt,,待人工回原文页确认
W13-920719-001,920719,宁新新材,capital_increase,增资认缴,20,认购,3,,,,,0,低,保留为Auto候选,,。具体情 况如下： 1、参与对象筛选标准 本次发行中， 战略配售投资者选择标准的制定， 充分考虑了投资者资质以及与发行 人战略合作关系等因素，主要标准包括： （1） 参与战略配售的投资者应具备良好的市场声誉和影响力， 具有较强资金实力； （2）认可发行人长期投资价值，并按照最终确定的发行价格认购其承诺认购的发 行人股票； （3） 最终战略配售投资者不超过 10 名。 2、参与规模与限售期 参与本次发行的战略配售投资者主要情况如下： 序 号 战略投资者名称 承诺认购股数 （万股） 限售期安排 1 平安证券宁新新材员工参与北交所战略配售集合资产 管理计划 153.0000 12 个月,https://www.bse.cn/disclosure/2023/2023-05-08/1683539772_634679.pdf,data/source_texts/920719_W3-2023-BSE005_920719.txt,,待人工回原文页确认
W13-920719-002,920719,宁新新材,capital_increase,增资认缴,63,增资,1,2015 年 8 月,720 万元,,5.13%,0,中,保留为Auto候选,,"简道、众利简道、简道众创 企巢简道、众利简道、简道众创的执行事 务合伙人均为简道创客 （四） 其他披露事项 1、发行人历史上存在的股权代持情况 2015 年 8 月， 宁新有限的注册资本由720 万元增加至 3,900 万元。 其中余雨霆认缴 200 万元， 价格为1 元/份出资额。 本次增资结束后， 余雨霆持有宁新有限5.13%的股权。 2015 年 9 月，余雨霆与自然人陈汝斌私下签订《共同入股协议书》，约定余雨霆 将其持有的宁新有限 80 万元出资额以 1.5 元/份出资额的价格转让给陈汝斌，并约定陈 汝斌的股权由余雨霆代为持有， 陈汝斌未来如有意退出， 则余雨霆承诺按同期股份价格 全额收购。 2018 年 7 月，陈汝斌向奉新县人民法院对余雨霆和宁新新材提起民事诉讼。根据 《民事诉状》 ， 宁新新材已于2016 年 11 月在全国中小企业股份转让系统挂牌， 陈汝斌 多次要求余雨霆出售其代持的股份， 而余雨霆均以宁新新材要求发起人股东不得随意转",https://www.bse.cn/disclosure/2023/2023-05-08/1683539772_634679.pdf,data/source_texts/920719_W3-2023-BSE005_920719.txt,,待人工回原文页确认
W13-920719-003,920719,宁新新材,capital_increase,增资认缴,21,认购,2,,,153.00 万股,6.57%,2,中,保留为Auto候选,,1-1-20 序 号 战略投资者名称 承诺认购股数 （万股） 限售期安排 2 上海驻点资产管理有限公司 —驻点数学家八号私募证 券投资基金 145.0000 6 个月 3 江西志道投资有限公司 67.4680 6 个月 4 诚泰（天津）资产管理有限公司—诚泰弘扬价值成长 3 号私募证券投资基金 40.0000 6 个月 5 厦门冠亚肆号投资合伙企业（有限合伙） 30.0000 6 个月 6 方正证券投资有限公司 20.0000 6 个月 7 嘉兴金长川贰号股权投资合伙企业（有限合伙） 10.0000 6 个月 合计 465.4680 - 注：上表中限售期自本次发行的股票在北交所上市之日起开始计算。 3、专项资产管理计划 （1）投资主体 发行人的高级管理人员及核心员工参与本次战略配售设立的专项资产管理计划为 平安证券宁新新材员工参与北交所战略配售集合资产管理计划 （以下简称 “宁新新材员 工资管计划” ） 。 （2）基本情况 宁新新材员工资管计划拟认购数量为 153.00 万股，占超额配售选择权行使前本次 发行总量的 6.57%，占超额配售选择权行使后本次发行数量的 5.72%，具体情况如下： 产品名称 平安证券宁新新材员工参与北交所战略,https://www.bse.cn/disclosure/2023/2023-05-08/1683539772_634679.pdf,data/source_texts/920719_W3-2023-BSE005_920719.txt,,待人工回原文页确认
W13-920719-004,920719,宁新新材,capital_increase,增资认缴,22,认购,2,,,,13.07%,0,低,保留为Auto候选,,"1-1-21 北交所上市战略配售的议案》 。参与本次战略配售的人员应当符合如下条件： （1）公司 的高级管理人员； （2）公司的核心员工。 经核查， 参与本次战略配售的人员均满足前述参与人员应当符合的条件， 实际认购 具体名单如下： 序号 姓名 职务 员工类别 实际缴款金 额（万元） 实际认购 比例 劳动关系 所属公司 1 邓达琴 董事长 核心员工 300.00 13.07% 宁新新材 2 李海航 董事、总经理 高管、核心员工 150.00 6.54% 宁新新材 3 李江标 董事、副总经理 高管、核心员工 300.00 13.07% 宁新新材 4 田家利 董事、 副总经理、 董事会秘书 高管、核心员工 330.00 14.38% 宁新新材 5 邓婷 董事 核心员工 270.00 11.76% 宁新新材 6 邓聪秀 财务总监 高管、核心员工 240.00 10.46% 宁新新材 7 刘春根 副总经理 高管、核心员工 150.00 6.54% 宁新新材 8 鞠国军 子公司总经理 核心员工 150.00 6.54% 宁和达 9 王忠伟 子公司副总经理 核心员工 150.00 6.54% 宁和达 10 梁琦 子公司国际贸易 经理 核心员工 255.00 11.11% 宁和达 合计 2,295.00 100.00% 七、 本次发行相关机构 （一） 保荐人、承销商 机构全称 方正证券承销保荐有限责任公司",https://www.bse.cn/disclosure/2023/2023-05-08/1683539772_634679.pdf,data/source_texts/920719_W3-2023-BSE005_920719.txt,,待人工回原文页确认
W13-920719-005,920719,宁新新材,capital_increase,增资认缴,50,认购,1,,,,,0,低,保留为Auto候选,,发行股票顺利通过北京证券交易所审核并取得中国证监会注 册， 将启动后续发行工作。 公司和主承销商自主协商选择直接定价、 合格投资者网上竞 价或网下询价等方式确定发行价格， 最终定价方式将由股东大会授权董事会与主承销商 根据具体情况及监管要求协商确定。 但是股票公开发行是充分市场化的经济行为， 存在 认购不足导致发行失败的风险。,https://www.bse.cn/disclosure/2023/2023-05-08/1683539772_634679.pdf,data/source_texts/920719_W3-2023-BSE005_920719.txt,,待人工回原文页确认
W13-920719-006,920719,宁新新材,equity_transfer,股权转让,179,股权转让,6,2020 年 12 月 8 日,57 万元,,11.6%,1,高,保留为Auto候选,,"辞去四川比特烯执行董事、总经理职务，不再担任其法定代表人。 注 3：江西华鹄企业管理有限责任公司已于 2020 年 12 月 8 日注销。 注 4：2021 年 6 月 11 日，孟庆桐不再担任品瑞医疗健康科技（上海）有限公司董事。 注 5：2020 年 6 月程雷将其持有的宁易邦 11.6%股权转让给发行人，现持股比例为 8%。 注 6：霍尔果斯市易道创业投资有限公司于 2019 年 6 月 4 日注销。 除此之外， 报告期前十二个月存在前述关联方情形之一的， 亦属于发行人报告期内 的关联方。 （二）关联交易情况 1、经常性关联交易 报告期内，公司向董事、 监事、 高级管理人员支付的薪酬总额及占公司各期利润总 额的比重如下表所示： 单位：万元 年度 2022 年度 2021 年度 2020 年度 薪酬总额 459.35 396.81 367.95 利润总额 11,116.63 8,889.07 5,245.19 占比 4.13% 4.46% 7.01% 2、偶发性关联交易 （1）关联方股权转让 2020 年 6 月 2 日，宁易邦召开股东会并作出决议，全体股东一致同意股东李纪彬 将其持有的宁易邦 11.4%的出资份额（认缴额为 57 万元）转让给发行人，程雷将其持 有的宁易邦 11.6%的出资份额（认缴额为 58 万元）转让给发行人。本次股权转让时， 李纪彬持有的 11.4%出资份额（认缴额为 57 万元）及程雷持有的 11.6%出资份额（认 缴额为 58 万元）尚未缴纳，因此本次转让",https://www.bse.cn/disclosure/2023/2023-05-08/1683539772_634679.pdf,data/source_texts/920719_W3-2023-BSE005_920719.txt,,待人工回原文页确认
W13-920719-007,920719,宁新新材,equity_transfer,股权转让,56,受让,4,,,,,0,低,保留为Auto候选,,时按照各方事先协调所达成的一致意见行使表决权。（4）协 议各方应当确保按照达成一致行动决定行使股东权利，承担股东义务。（5）若各方内 部无法达成一致意见， 各方应按照李海航的意向进行表决， 协议各方应当严格按照该决 定执行；（6）各方承诺，如其将所持有的公司的全部或部分股权对外转让，则该等转 让需以受让方同意承继本协议项下的义务并代替出让方重新签署本协议作为股权转让 的生效条件之一；（7）如果任何一方违反其作出的前述承诺（任何一条），必须按照 其他守约方的要求将其全部的权利与义务转让给其他守约方中的一方、 两方或多方， 其 他守约方也可共同要求将其全部的权利与义务转让给指定的第三方。 5、协议经各方签署后成立并生效，有效期至公司股票首次公开发行上市之日起第 36 个月的最后一日。在有效期内，本协议是不可撤销的。” 2、公司控股股东、实际控制人基本情况 李海航，中国国籍，无境外永久居留权，身份证号码为 3302261977********；李 海航现任公司董事、总经理，其简历参见招股说明书本节之“八、董事、监事、高级管 理人员情况”之“（一）董事、监事、高级管理人员的简要情况”之“1、公司董事情 况”。 邓达琴，中国国籍，无境外永久居留权，身份证号码为 3622261966********；邓 达琴现任公司董事长，其简历参见招股说明书本节之“八、董事、监事、高级管理人员 情况”之“（一）董事、监事、高级管理人员的简要情况”之“1、公司董事情况”。 李江标，中国国籍，无境外永久居留权，身份证号码为 3302261,https://www.bse.cn/disclosure/2023/2023-05-08/1683539772_634679.pdf,data/source_texts/920719_W3-2023-BSE005_920719.txt,,待人工回原文页确认
W13-920719-008,920719,宁新新材,equity_transfer,股权转让,63,转让给,2,2015 年 9 月,0 万元,,5.13%,0,中,保留为Auto候选,,"0 万元增加至 3,900 万元。 其中余雨霆认缴 200 万元， 价格为1 元/份出资额。 本次增资结束后， 余雨霆持有宁新有限5.13%的股权。 2015 年 9 月，余雨霆与自然人陈汝斌私下签订《共同入股协议书》，约定余雨霆 将其持有的宁新有限 80 万元出资额以 1.5 元/份出资额的价格转让给陈汝斌，并约定陈 汝斌的股权由余雨霆代为持有， 陈汝斌未来如有意退出， 则余雨霆承诺按同期股份价格 全额收购。 2018 年 7 月，陈汝斌向奉新县人民法院对余雨霆和宁新新材提起民事诉讼。根据 《民事诉状》 ， 宁新新材已于2016 年 11 月在全国中小企业股份转让系统挂牌， 陈汝斌 多次要求余雨霆出售其代持的股份， 而余雨霆均以宁新新材要求发起人股东不得随意转",https://www.bse.cn/disclosure/2023/2023-05-08/1683539772_634679.pdf,data/source_texts/920719_W3-2023-BSE005_920719.txt,,待人工回原文页确认
W13-920719-009,920719,宁新新材,equity_transfer,股权转让,13,股份转让,2,2020 年 12 月 31 日,,,,0,低,排除为转让系统语境,页面仅出现全国股转系统/公开转让，未出现明确转让方、受让方或回购主体,1-1-12 宁新新材料股份有限公司章程（草案） 》 本招股说明书 指 《江西宁新新材料股份有限公司招股说明书》 中国证监会 指 中国证券监督管理委员会 北交所 指 北京证券交易所 新三板、 股转系统、 全国股转 系统 指 全国中小企业股份转让系统 股转公司 指 全国中小企业股份转让系统有限责任公司 保荐机构、 保荐人、 方正承销 保荐 指 方正证券承销保荐有限责任公司 发行人律师 指 国浩律师（北京）事务所 会计师、大华事务所 指 大华会计师事务所（特殊普通合伙） 报告期、近三年 指 2020 年度、2021 年度、2022 年度 报告期各期末 指 2020 年 12 月 31 日、2021 年 12 月 31 日、2022 年 12 月 31 日 元、万元 指 人民币元、人民币万元 专业名词释义 碳 指 一种非金属元素，通常描述元素或者其化合物 炭 指 人工（工业）制成的、比如木炭、竹炭、焦炭等（行业内对 “碳”和“炭”的用法无明确区分， 一般按照行业通用惯例 进行使用） 特种石墨 指 具有高强度、 高密度、 高纯度等特殊物理化学性能的人造石 墨，又称“高纯石墨” 生坯 指 原材料经过磨粉、混捏程序，但未经过焙烧的在产品 石墨坯 指 生坯经过一次或多次焙烧或浸渍程序， 但未经过石墨化处理 的产品 二次料 指 特种石墨切割使用后留下的石墨块、掏心料 碳/碳复合材料 指 采用特殊工艺将两种不同特性的炭或石墨材料 （如炭纤维和,https://www.bse.cn/disclosure/2023/2023-05-08/1683539772_634679.pdf,data/source_texts/920719_W3-2023-BSE005_920719.txt,,待人工回原文页确认
W13-920719-010,920719,宁新新材,equity_transfer,股权转让,51,股份转让,2,2016 年 11 月 8 日,,,,0,低,排除为转让系统语境,页面仅出现全国股转系统/公开转让，未出现明确转让方、受让方或回购主体,进出口的商品和技术除外 （依法须经批准的项目， 经相关部门批准后方可开展经营活动） 主营业务 特种石墨及制品研发、生产和销售 主要产品与服务项目 特种石墨、石墨制品 二、 发行人挂牌期间的基本情况 （一） 挂牌时间 2016 年 11 月 8 日 （二） 挂牌地点 全国中小企业股份转让系统 （三） 挂牌期间受到处罚的情况 挂牌期间，公司未受到全国中小企业股份转让系统给予的纪律处分或自律监管措施。,https://www.bse.cn/disclosure/2023/2023-05-08/1683539772_634679.pdf,data/source_texts/920719_W3-2023-BSE005_920719.txt,,待人工回原文页确认
W13-920719-011,920719,宁新新材,equity_transfer,股权转让,52,股份转让,1,2016 年 11 月 8 日,,,,0,中,保留为Auto候选,,六） 报告期内年报审计机构及其变动情况 报告期内， 公司年报审计机构均为大华会计师事务所 （特殊普通合伙） ， 未发生变动。 （七） 股票交易方式及其变更情况 2016 年 11 月 8 日，公司在全国股转系统挂牌转让，转让方式为协议转让。 根据股转公司发布的 《关于发布 〈全国中小企业股份转让系统股票转让细则〉 的公 告》 ， 自2018 年 1 月 15 日起， 股票转让方式由原来协议转让自动变更为集合竞价方式。 （八） 报告期内发行融资情况 报告期内，公司未进行股票发行融资。 （九） 报告期内重大资产重组情况 报告期内，公司不存在重大资产重组情况。,https://www.bse.cn/disclosure/2023/2023-05-08/1683539772_634679.pdf,data/source_texts/920719_W3-2023-BSE005_920719.txt,,待人工回原文页确认
W13-920719-012,920719,宁新新材,equity_transfer,股权转让,75,股份转让,1,,,,1%,0,低,排除为转让系统语境,页面仅出现全国股转系统/公开转让，未出现明确转让方、受让方或回购主体,股份总数超过公司股份 总数 1%的，除按照第项规定履行披露义务外，还应当在首次卖出的 30 个交易日前 预先披露减持计划；在减持时间区间内，减持数量过半或减持时间过半时，披露减持 进展情况；在股份减持计划实施完毕或者披露的减持时间区间届满后及时公告具体减 持情况。 本人通过北交所和全国中小企业股份转让系统的竞价或做市交易买入公司股份 的，其减持不适用前款规定。 5）如相关法律、法规、规范性文件、中国证监会、北交所就股份减持出台了新的 规定或措施， 且上述承诺不能满足证券监管部门的相关要求时， 本人承诺届时将按照相 关规定出具补充承诺或重新出具新的承诺。 6）本人因未履行上述承诺而获得收入的，所得收入归公司所有，本人将在获得收 入的五日内将前述收入支付至公司指定账户。 如果因本人未履行上述承诺事项给公司或 者其他投资者造成损失的，本人将向公司或者其他投资者依法承担赔偿责任。 7）本人不会因职务变更、离职等原因而拒绝履行上述承诺。 8）若本人未履行上述承诺，本人将在公司股东大会及中国证监会指定报刊上就未 履行承诺向公司股东和社会公众投资者公开道歉， 在有关监管机关要求的期限内予以纠 正； 如果因本人未履行上述承诺事项给公司或者其他投资者造成损失的， 本人将向公司 或者其他投资者依法承担赔偿责任。,https://www.bse.cn/disclosure/2023/2023-05-08/1683539772_634679.pdf,data/source_texts/920719_W3-2023-BSE005_920719.txt,,待人工回原文页确认
W13-920719-013,920719,宁新新材,equity_transfer,股权转让,76,股份转让,1,,,,1%,0,低,排除为转让系统语境,页面仅出现全国股转系统/公开转让，未出现明确转让方、受让方或回购主体,股份总数超过公司股份 总数 1%的，除按照第项规定履行披露义务外，还应当在首次卖出的 30 个交易日前 预先披露减持计划；在减持时间区间内，减持数量过半或减持时间过半时，披露减持 进展情况；在股份减持计划实施完毕或者披露的减持时间区间届满后及时公告具体减 持情况。 本人通过北交所和全国中小企业股份转让系统的竞价或做市交易买入公司股份 的，其减持不适用前款规定。 4）如相关法律、法规、规范性文件、中国证监会、北交所就股份减持出台了新的 规定或措施，且上述承诺不能满足证券监管部门的相关要求时，本合伙企业 /本人承诺 届时将按照相关规定出具补充承诺或重新出具新的承诺。 5）本合伙企业/本人因未履行上述承诺而获得收入的，所得收入归公司所有，本合 伙企业/本人将在获得收入的五日内将前述收入支付至公司指定账户。如果因本合伙企 业/本人未履行上述承诺事项给公司或者其他投资者造成损 失的，本合伙企业将向公司 或者其他投资者依法承担赔偿责任。 （3）持有公司股份的监事承诺 1）自公司股票在北交所上市之日起十二个月内，本人不转让或者委托他人管理本 人已直接或间接持有的公司在北交所上市前已发行的股份， 也不提议由公司回购本人直 接或间接持有的该部分股份。 若因公司进行权益分派等导致本人直接持有公司股份发生 变化的，本人仍将遵守上述承诺。,https://www.bse.cn/disclosure/2023/2023-05-08/1683539772_634679.pdf,data/source_texts/920719_W3-2023-BSE005_920719.txt,,待人工回原文页确认
W13-920719-014,920719,宁新新材,equity_snapshot,股权快照,179,持股比例,1,2020 年 12 月 8 日,57 万元,,11.6%,1,高,保留为Auto候选,,"事、总经理职务，不再担任其法定代表人。 注 3：江西华鹄企业管理有限责任公司已于 2020 年 12 月 8 日注销。 注 4：2021 年 6 月 11 日，孟庆桐不再担任品瑞医疗健康科技（上海）有限公司董事。 注 5：2020 年 6 月程雷将其持有的宁易邦 11.6%股权转让给发行人，现持股比例为 8%。 注 6：霍尔果斯市易道创业投资有限公司于 2019 年 6 月 4 日注销。 除此之外， 报告期前十二个月存在前述关联方情形之一的， 亦属于发行人报告期内 的关联方。 （二）关联交易情况 1、经常性关联交易 报告期内，公司向董事、 监事、 高级管理人员支付的薪酬总额及占公司各期利润总 额的比重如下表所示： 单位：万元 年度 2022 年度 2021 年度 2020 年度 薪酬总额 459.35 396.81 367.95 利润总额 11,116.63 8,889.07 5,245.19 占比 4.13% 4.46% 7.01% 2、偶发性关联交易 （1）关联方股权转让 2020 年 6 月 2 日，宁易邦召开股东会并作出决议，全体股东一致同意股东李纪彬 将其持有的宁易邦 11.4%的出资份额（认缴额为 57 万元）转让给发行人，程雷将其持 有的宁易邦 11.6%的出资份额（认缴额为 58 万元）转让给发行人。本次股权转让时， 李纪彬持有的 11.4%出资份额（认缴额为 57 万元）及程雷持有的 11.6%出资份额（认 缴额为 58 万元）尚未缴纳，因此本次转让不涉及对价支付，由发",https://www.bse.cn/disclosure/2023/2023-05-08/1683539772_634679.pdf,data/source_texts/920719_W3-2023-BSE005_920719.txt,,待人工回原文页确认
W13-920719-015,920719,宁新新材,equity_snapshot,股权快照,63,前十名股东,2,,,,,0,低,保留为Auto候选,,"1-1-62 （二） 本次发行前公司前十名股东情况 序号 股东姓名/名称 担任职务 持股数量 （万股） 限售数量 （万股） 股权比例 （%） 1 李海航 董事、总经理 975.00 975.00 13.96 2 邓达琴 董事长 841.00 841.00 12.05 3 李江标 董事、副总经理 525.00 525.00 7.52 4 宜春发投（SS） - 500.00 0 0 5 奉新发投（SS） - 300.00 0 0 6 云和正奇 - 300.00 300.00 4.30 7 企巢简道 - 285.00 285.00 4.08 8 德源盛通 - 250.00 250.00 3.58 9 智禾投资 - 230.00 230.00 3.29 10 盛通合伙 - 222.40 222.40 3.19 11 现有其他股东 - 2,553.60 645.08 9.24 合计 - 6,982.00 4,273.48 61.21 （三） 主要股东间关联关系的具体情况 序号 关联方股东名称 关联关系描述 1 李海航、邓达琴、李江标、盛通合伙 一致行动人 2 企巢简道、众利简道、简道众创 企巢简道、众利简道、简道众创的执行事 务",https://www.bse.cn/disclosure/2023/2023-05-08/1683539772_634679.pdf,data/source_texts/920719_W3-2023-BSE005_920719.txt,,待人工回原文页确认
W13-920719-016,920719,宁新新材,equity_snapshot,股权快照,5,持股比例,1,,"3,911.62 万元",,,0,中,保留为Auto候选,,"行人经营与收益变化或 者股票价格变动引致的投资风险。 三、关于发行前滚存利润的分配安排 经公司 2022 年第四次临时股东大会审议通过， 若公司向不特定合格投资者公开发 行股票并在北京证券交易所上市方案经中国证监会注册并得以实施， 则本次发行前滚存 未分配利润由本次发行完成后的新老股东按发行后的持股比例共享。 四、特别风险提示 本公司提醒投资者认真阅读本招股说明书的“第三节 风险因素”部分，并特别注 意下列事项： （一）业绩下滑风险 报告期内，发行人扣除非经常性损益后归属于母公司所有者的净利润分别为 3,911.62 万元、7,213.14 万元和 9,066.22 万元。发行人盈利能力受到宏观经济波动、市 场环境、 产业政策、 行业竞争情况和公司管理经营情况等多种因素的影响。 如果未来前",https://www.bse.cn/disclosure/2023/2023-05-08/1683539772_634679.pdf,data/source_texts/920719_W3-2023-BSE005_920719.txt,,待人工回原文页确认
W13-920719-017,920719,宁新新材,equity_snapshot,股权快照,62,股本结构,3,,,"6,982 万股",25%,0,中,保留为Auto候选,,",848,700.00 - 2,224,000.00 - - 根据盛通合伙的合伙协议， 盛通合伙的合伙人的利润分配、 亏损承担不是按照盛通 合伙的出资额占比进行分配， 而是按照每个合伙人出资额对应宁新新材股份数量的占比 进行利润分配、亏损承担。 五、 发行人股本情况 （一） 本次发行前后的股本结构情况 截至本招股说明书签署日，公司本次公开发行前的总股本为 6,982 万股，本次公开 发行新股不超过 2,327.34 万股 （未考虑超额配售选择权） ， 占发行后总股本的比例不低 于 25%。 按发行 2,327.34 万股计算，本次发行前后，公司股本变化情况如下表所示： 序号 股东名称 发行前 发行后 所持股份 （万股） 持股比例 所持股份 （万股） 持股比例 1 李海航 975.00 13.96% 975.00 10.47% 2 邓达琴 841.00 12.05% 841.00 9.03% 3 李江标 525.00 7.52% 525.00 5.64% 4 宜春发投（SS） 500.00 7.16% 500.00 5.37% 5 奉新发投（SS） 300.00 4.30% 300.00 3.22% 6 云和正奇 300.00 4.30% 300.00 3.22% 7 企巢简道 285.00 4.08% 285.00 3.06% 8 德源盛通 250.00 3.58% 250.00 2.69% 9 智禾投资 230.00 3.29% 230.00 2.47% 10 盛通合伙 2",https://www.bse.cn/disclosure/2023/2023-05-08/1683539772_634679.pdf,data/source_texts/920719_W3-2023-BSE005_920719.txt,,待人工回原文页确认
W13-920719-018,920719,宁新新材,equity_snapshot,股权快照,89,持股比例,2,,,,13.96%,0,低,保留为Auto候选,,与其 他股东一样平等地行使股东权利、 履行股东义务， 不利用 主要股东的地位谋取不当的利益， 不损害公司及其他股东 的合法权益。 （三） 承诺具体内容 发行人本次发行前作出关于未来上市后股份锁定承诺的股东如下： 序号 股东名称/姓名 股东类别/身份 本次发行前持 股数量（万股） 本次发行前 持股比例 股份锁定承 诺内容 1 李海航 实际控制人之一、 董 事、总经理 975.00 13.96% 具体承诺内 容详见本招 股说明书 “第四节 发行人基本 情况”之 “九、重要 承诺”之 “（一）与 本次公开发 行有关的承 诺情况”部 分。 2 邓达琴 实际控制人之一、 董 事长 841.00 12.05% 3 李江标 实际控制人之一、 董 事、副总经理 525.00 7.52% 4 盛通合伙 实际控制人之一致 行动人 222.40 3.19% 5 田家利 董事、董事会秘书、 副总经理 15.10 0.22% 6 邓婷 董事 61.50 0.88% 7 企巢简道 合计持股比例 5%以 上股东 285.00 4.08% 8 众利简道 149.88 2.15% 9 简道众创 100.00 1.43% 10 云和正奇 持股 4.30%股东 300.00 4.30% 11 北京德源盛通创 业投资合伙企业 （有限合伙） 持股 3.58%股东 250.00 3.58% 12 北京智禾投资有 持股 3.29%股东 230.00 3.29%,https://www.bse.cn/disclosure/2023/2023-05-08/1683539772_634679.pdf,data/source_texts/920719_W3-2023-BSE005_920719.txt,,待人工回原文页确认
W13-920719-019,920719,宁新新材,equity_snapshot,股权快照,176,持股比例,1,,,,5%,0,低,保留为Auto候选,,1-1-175 人股东及实际控制人情况”之“（四） 控股股东、 实际控制人所控制的其他企业情况”。 3、除实际控制人外持有公司 5%以上股份的其他股东 序号 关联方名称 持股比例 关联关系 1 企巢简道 4.08% 执行事务合伙人均为简道创客，合计持有发行人 7.66%股份 2 众利简道 2.15% 3 简道众创 1.43% 4 宜春发投 7.16% 持股 5%以上股份股东 企巢简道、 众利简道、 简道众创， 宜春发投的基本情况参见本招股说明书“第四节 发行人基本情况”之“四、发行人股东及实际控制人情况”之“（二）持有发行人 5% 以上股份的其他主要股东”相关内容。 4、发行人的控股子公司 序号 关联方名称 与发行人关系 1 宁和达 发行人持股 60% 2 宁易邦 发行人持股 74% 3 宁昱鸿 发行人持股 100% 发行人的控股公司的基本情况参见本招股说明书“第四节 发行人基本情况”之“七、 发行人的分公司、控股子公司、参股公司情况”相关情况。 5、发行人现任董事、监事、高级管理人员 姓名 职务 邓达琴 董事长 李海航 董事、总经理 李江标 董事、副总经理 田家利 董事、副总经理、董事会秘书 邓婷 董事、财务经理 谢峰 独立董事 郭东 独立董事 李专 独立董事 邓永鸿 监事会主席 彭昭 监事 洪慧秀 职工监事 邓聪秀 财务总监 刘春根 副,https://www.bse.cn/disclosure/2023/2023-05-08/1683539772_634679.pdf,data/source_texts/920719_W3-2023-BSE005_920719.txt,,待人工回原文页确认
W13-920719-020,920719,宁新新材,fund_filing,基金备案,41,基金业协会,1,2016 年 7 月,1 亿元,,8%,2,高,保留为Auto候选,,"苏、浙江等地设有基金 和办公室。 约 9 亿左右 隆达金属 （688231）、八 维 通、燧原科技、星 恒电源 5 北 京 企 巢 简 道 科 技 发 展 中 心 及 关 联 公司 企巢简道基金是北京简道创投资有限公司管 理的有限合伙型股权投资基金， 已于2016 年 7 月在中国证券投资基金业协会备案。 约 1 亿左右 福信富通、海能技 术、基康仪器、成 大生物 6 北 京 华 清 坤 德 投 资 管 理 有限公司 北京华清坤德投资管理有限公司筹建于 2013 年 3 月，注册于 2014 年 5 月 30 日；公司依托 清华大学新三板投融资特训班，作为清华新三 板投融资联盟的投融资主体，集成学校、专家 老师及学员的各自优势， 积极参与全球的投融 资活动；旨在为企业提供上市、投融资及资源 整合服务。 1 亿元 西部超导 （688122） 综上所述，公司研发投入较高，具备成熟的研发团队和良好的创新基础；在技术和 产品方面具有较强的持续创新能力，形成了公司的核心竞争力，能够持续开发符合市场 需求的各类产品和提升产品性能，并且产品具备较高的市场占有率和品牌知名度。因此 公司具备较强的创新特征。 十、 发行人选择的具体上市标准及分析说明 公司系在全国股转系统连续挂牌满 12 个月的创新层挂牌公司，根据《北京证券交 易所股票上市规则（试行）》第 2.1.3 条，发行人选择第一套标准，即预计市值不低于 2 亿元，最近两年净利润均不低于 1,500 万元且加权平均净资产收益率平均不低于 8%，",https://www.bse.cn/disclosure/2023/2023-05-08/1683539772_634679.pdf,data/source_texts/920719_W3-2023-BSE005_920719.txt,,待人工回原文页确认
W13-920719-021,920719,宁新新材,fund_filing,基金备案,59,基金备案,2,2017 年 7 月 20 日,"200,000.00 万元",,20.00%,1,高,保留为Auto候选,,"出资比例 合伙人类型 1 北京简道创客投资有限公司 100.00 20.00% 普通合伙人 2 简道众创投资股份有限公司 400.00 80.00% 有限合伙人 合计 500.00 100.00% - （3）简道众创私募基金登记备案情况 简道众创已于 2017 年 7 月 20 日完成私募基金备案， 并取得由中国证券投资基金业 协会核发的《私募投资基金证明》（基金编号：SW1339）。 4、宜春发投 公司名称 宜春发展投资集团有限公司 注册资本 200,000.00 万元 实收资本 200,000.00 万元 成立时间 2014 年 12 月 30 日 统一社会信用代码 913609003225830694 注册地址和主要生产经 营地 江西省宜春市袁州区明月北路 1166 号商务中心 B 座发投大厦 经营范围 基础设施和公共服务设施的投资及管理；矿产、交通、旅游、金融、教 育、文化、体育、医疗、养老、新能源、环保、农业、林业项目及服务 业的投资及管理； 创业投资， 股权投资， 受托资产管理， 资产租赁。 （依 法须经批准的项目，经相关部门批准后方可开展经营活动） 宜春发投的股东情况如下表所示：",https://www.bse.cn/disclosure/2023/2023-05-08/1683539772_634679.pdf,data/source_texts/920719_W3-2023-BSE005_920719.txt,,待人工回原文页确认
W13-920719-022,920719,宁新新材,fund_filing,基金备案,57,基金备案,4,2016 年 7 月 21 日,,,2.40%,0,中,保留为Auto候选,,".00 2.40% 有限合伙人 9 解文燕 100.00 2.00% 有限合伙人 10 云家园在线（北京）科技有限公司 100.00 2.00% 有限合伙人 合计 5,000.00 100.00% - （3）企巢简道私募基金登记备案情况 企巢简道已于 2016 年 7 月 21 日完成私募基金备案， 并取得由中国证券投资基金业 协会核发的《私募投资基金证明》（基金编号：SL1751）。 企巢简道的私募基金管理人为简道创客。 简道创客已于2015 年 8 月 26 日完成基金 管理人的登记手续， 并取得由中国证券投资基金业协会核发的 《私募投资基金管理人登 记证明》（登记编号：P1021851）。",https://www.bse.cn/disclosure/2023/2023-05-08/1683539772_634679.pdf,data/source_texts/920719_W3-2023-BSE005_920719.txt,,待人工回原文页确认
W13-920719-023,920719,宁新新材,fund_filing,基金备案,58,基金备案,2,2017 年 1 月 20 日,,,2.94%,0,中,保留为Auto候选,,"12 沈小蕙 100.00 2.94% 有限合伙人 13 张志东 100.00 2.94% 有限合伙人 14 许常娥 100.00 2.94% 有限合伙人 合计 3,400.00 100.00% - （3）众利简道私募基金登记备案情况 众利简道已于 2017 年 1 月 20 日完成私募基金备案， 并取得由中国证券投资基金业 协会核发的《私募投资基金证明》（基金编号：SR5990）。",https://www.bse.cn/disclosure/2023/2023-05-08/1683539772_634679.pdf,data/source_texts/920719_W3-2023-BSE005_920719.txt,,待人工回原文页确认
W13-920719-024,920719,宁新新材,fund_filing,基金备案,156,备案号,1,,,,,0,低,保留为Auto候选,,加工用工装 实用 新型 宁和达 2022223373603 2022.09.02 2022.12.06 发行人及其子公司合法拥有上述专利，且不存在产权纠纷或潜在产权纠纷。 （4）域名 截至本招股说明书签署日， 发行人及其子公司依法拥有域名合计共1 项， 具体情况 如下表所示： 序号 ICP 备案号 网站网址 所有权人 专用期限 1 赣 ICP 备 15012017 号 http://www.jxningxin.com 宁新新材 2015.11.23- 2025.11.23 （四） 其他披露事项 截至报告期期末，公司签署的合同合法有效，合同履行不存在法律障碍。本公司已 履行、 正在履行或将要履行的对公司的生产经营活动、 财务状况和未来发展具有重要影 响的合同如下：,https://www.bse.cn/disclosure/2023/2023-05-08/1683539772_634679.pdf,data/source_texts/920719_W3-2023-BSE005_920719.txt,,待人工回原文页确认
W13-920719-025,920719,宁新新材,fund_filing,基金备案,165,备案号,2,,,,,0,低,保留为Auto候选,,23-2025.01.22 6 《报关单位注册登记证书》 （海关 注册编码：36089609ER） 发行人 宜春海关 2018.12.13 至长期 7 《对外贸易经营者备案登记表》 （编号：02406681） 发行人 - 2018.12.12 至长期 8 《出入境检验检疫报检企业备案 表》 （备案号:3605601727） 发行人 江西出入境检验检 疫局 2016.04.11 至长期 9 《高新技术企业证书》 （编号： GR202236000252） 发行人 江西省科学技术 厅、 江西省财政厅、 国家税务局江西省 税务局 2022.11.4-2025.11.3 10 两化融合管理体系评定证书 （证书编号： AIITRE-00220IIIMS0202801） 发行人 中国船级社质量认 证有限公司 2020.5.11-2023.5.11 11 诚信管理体系认证证书（编号： JY21SCCX003R0S） 发行人 江右认证集团有限 公司 2021.10.13-2024.10.12 12 武器装备质量管理体系认证证书 （注册号：02622J31767R1M） 发行人 北京天一正认证中 心有限公司 2022.9.30-2025.9.5 13 标准化等级认证证书（编号： JY21SCBZ003R0S） 发行人 江右认证集团有限 公司 2021.10.13-2024.10.12 14 《质量管理体系认证证书》(注册 号：07222Q30012R1S) 宁和达 河北英博认证有限 公司 2022.01.14-,https://www.bse.cn/disclosure/2023/2023-05-08/1683539772_634679.pdf,data/source_texts/920719_W3-2023-BSE005_920719.txt,,待人工回原文页确认
W13-920719-026,920719,宁新新材,special_rights,特殊投资条款,64,特殊投资约定,1,2017 年 7 月 20 日,500 万元,,60.00%,0,中,保留为Auto候选,,"全部拍卖。截至 2018 年底，余雨霆不再持有宁新新材的股份。 六、 股权激励等可能导致发行人股权结构变化的事项 截至本招股说明书签署日，公司不存在正在执行的对董事、监事、高级管理人员、 其他核心技术 （业务） 人员、 员工实行的股权激励及其他制度安排； 公司实际控制人不 存在与其他股东签署特殊投资约定等可能导致股权结构变化的事项的情形。 七、 发行人的分公司、控股子公司、参股公司情况 （一） 控股子公司情况 √适用 □不适用 1. 江西宁和达新材料有限公司 子公司名称 江西宁和达新材料有限公司 成立时间 2017 年 7 月 20 日 注册资本 500 万元 实收资本 500 万元 注册地 江西省宜春市奉新县高新技术产业园区天工南大道 966 号 主要生产经营地 江西省宜春市奉新县高新技术产业园区天工南大道 966 号 主要产品或服务 石墨制品 主营业务及其与发行人主营业 务的关系 特种石墨制品的研发、 生产和销售，与发行人主营业务处于同一 行业，属于发行人产业链的纵向延伸。 股东构成及控制情况 宁新新材持股 60.00%， 鞠国军持股15.00%， 王忠伟持股15.00%， 北京鑫三板管理咨询有限公司持股 10.00% 最近一年及一期末总资产 148,681,353.58 元 最近一年及一期末净资产 35,391,530.10 元",https://www.bse.cn/disclosure/2023/2023-05-08/1683539772_634679.pdf,data/source_texts/920719_W3-2023-BSE005_920719.txt,,待人工回原文页确认
W13-920522-001,920522,纳科诺尔,capital_increase,增资认缴,44,增资,6,2023 年 4 月 11 日,200.00 万元,40.00 万股,0.93%,0,中,保留为Auto候选,,"励对象名单及授予日的议案（修订稿） 》等相关议案，公司计划将2022 年 股权激励预留权益 40.00 万股授予 17 名公司核心员工。 预留权益授予日后 17 人完成缴款，本次实际授予权益人数为 17 人，实际授予的限制性股票数 量为 40 万股。2023 年 4 月 11 日，中兴财光华就本次增资事宜出具的“中兴财光华审验字（2023） 第 308002 号”《验资报告》 ，截至2023 年 4 月 10 日，公司已收到 17 位股权激励对象缴纳的 40.00 万股限制性股票认购款 200.00 万元，激励对象均以货币缴纳出资。 截至本招股说明书签署日，上述股权激励计划已全部授予完毕。 2023 年 8 月， 本次限制性股票股权激励计划首次授予部分达到第一个限售期解除限售条件， 公 司于 2023 年 8 月 22 日召开第三届董事会第二十九次会议、第三届监事会第十九次会议，审议通过 了《关于 2022 年股权激励计划限制性股票第一个限售期解除限售条件成就的议案》 ，本次可解除限 售数量为 105.60 万股,其中激励对象为董事、 高级管理人员的股份合计 40.05 万股，由于其关于本次 发行的承诺仍需继续限售，本次实际解除限售 65.55 万股，占公司总股本 0.93%，截止至本招股说 明书签署日已完成解除限售。 （二）控股股东、实际控制人与公司其他股东之间曾经存在的对赌协议等特殊协议或安排及解除情 况 发行人控股股东、实际控制人与投资者签署的对赌协议及其情况如下： 投资方 协议/承诺函 签署时间",https://www.bse.cn/disclosure/2023/2023-10-30/1698659303_685783.pdf,data/source_texts/920522_W3-2023-BSE009_920522.txt,,待人工回原文页确认
W13-920522-002,920522,纳科诺尔,capital_increase,增资认缴,33,认购,12,2023 年 2 月 13 日,人民币 5.00 元,32 股,,0,中,保留为Auto候选,,"1-2-4-32 股权激励对象缴纳的 352.00 万股限制性股票认购款，每股价格人民币 5.00 元，股权激励认购款合 计人民币 1,760.00 万元。 公司于 2023 年 2 月 13 日、2023 年 3 月 2 日分别召开第三届董事会第二十一次会议、2023 年 第二次临时股东大会，审议通过《关于拟定公司核心员工的议案（修订稿） 》 《关于2022 年股权激 励计划预留权益授予的激励对象名单及授予日的议案（修订稿） 》等相关议案，公司计划将2022 年 股权激励预留权益 40.00 万股授予 17 名公司核心员工。 预留权益授予日后 17 人完成缴款，本次实际授予权益人数为 17 人，实际授予的限制性股票数 量为 40 万股。2023 年 4 月 11 日，中兴财光华会计师事务所（特殊普通合伙）就本次增资事宜出具 “中兴财光华审验字（2023）第 308002 号”《验资报告》 ，截至2023 年 4 月 10 日，公司已收到 17 位股权激励对象缴纳的 40.00 万股限制性股票认购款 200.00 万元，激励对象均以货币缴纳出资。 截至本招股说明书签署日，上述股权激励计划已全部授予完毕。 3、2022 年第二次定向发行 公司于 2022 年 10 月 11 日、2",https://www.bse.cn/disclosure/2023/2023-10-30/1698659303_685783.pdf,data/source_texts/920522_W3-2023-BSE009_920522.txt,,待人工回原文页确认
W13-920522-003,920522,纳科诺尔,capital_increase,增资认缴,43,定向发行,9,2022 年 4 月 29 日,3.63 元,168.50 万股,,0,中,保留为Auto候选,,报告期内，公司实施的员工持股计划（已取消）和股权激励计划情况如下： 1、发行人的员工持股计划（已取消） 公司于 2022 年 4 月 29 日、2022 年 5 月 20 日分别召开第三届董事会第十二次会议、2022 年第 三次临时股东大会，审议通过了《关于邢台纳科诺尔精轧科技股份有限公司股票定向发行说明书的 议案》 、 《关于邢台纳科诺尔精轧科技股份有限公司2022 年员工持股计划（草案）的议案》等议案。 公司拟通过实施员工持股计划， 进一步完善公司的激励约束机制， 充分吸引和保留公司的优秀人才。 本次拟发行价格为每股 3.63 元，发行数量 168.50 万股，公司拟安排本次发行募集资金全部用于补 充流动资金，将全部用于支付原材料采购款。 公司于 2022 年 6 月 30 日、2022 年 7 月 19 日分别召开第三届董事会第十三次会议、2022 年第 四次临时股东大会，审议通过了《关于终止 2022 年第一次股票定向发行的议案》 、 《关于终止邢台 纳科诺尔精轧科技股份有限公司 2022 年员工持股计划的议案》等议案。公司经认真研究和审慎决 定，需要对员工持股计划方案进行调整，决定终止本次员工持股计划相关事项，包括终止员工持股 计划草案、员工持股计划管理办法、授予名单等。 公司于 2022 年 7 月 26 日向全国股转公司提交了终止本次股票定向发行的申请。全国股转公司 下发《关于终止邢台纳科诺尔精轧科技股份有限公司股票定向发行审查的决定》 （股转函[2022]1757 号） ，终止了公司股票定向发,https://www.bse.cn/disclosure/2023/2023-10-30/1698659303_685783.pdf,data/source_texts/920522_W3-2023-BSE009_920522.txt,,待人工回原文页确认
W13-920522-004,920522,纳科诺尔,capital_increase,增资认缴,32,定向发行,8,2016 年 4 月 5 日,3.63 元,168.50 万股,,0,中,保留为Auto候选,,。2016 年 4 月 5 日，公司召开 2016 年第一次临时股东大会审议通过《关于公司股票转让方式由协议转让 变更为做市转让方式的议案》 。经全国股转公司同意，公司股票自2016 年 8 月 26 日起由协议转让 方式变更为做市转让方式。 （八） 报告期内发行融资情况 1、2022 年第一次定向发行（已取消） 公司于 2022 年 4 月 29 日、2022 年 5 月 20 日分别召开第三届董事会第十二次会议、2022 年第 三次临时股东大会，审议通过了《关于邢台纳科诺尔精轧科技股份有限公司股票定向发行说明书的 议案》 、 《关于邢台纳科诺尔精轧科技股份有限公司 2022 年员工持股计划 （草案） 的议案》 等议案。 公司拟通过实施员工持股计划， 进一步完善公司的激励约束机制， 充分吸引和保留公司的优秀人才。 本次拟发行价格为每股 3.63 元，发行数量 168.50 万股，公司拟安排本次发行募集资金全部用于补 充流动资金，将全部用于支付原材料采购款。 公司于 2022 年 6 月 30 日、2022 年 7 月 19 日分别召开第三届董事会第十三次会议、2022 年第 四次临时股东大会，审议通过了《关于终止 2022 年第一次股票定向发行的议案》 、 《关于终止邢台 纳科诺尔精轧科技股份有限公司 2022 年员工持股计划的议案》等议案。公司经认真研究和审慎决 定，需要对员工持股计划方案进行调整，决定终止本次员工持股计划相关事项，包括终止员工持股 计划草案、员工持股计划管理办法、授予名单等。 公司于 2,https://www.bse.cn/disclosure/2023/2023-10-30/1698659303_685783.pdf,data/source_texts/920522_W3-2023-BSE009_920522.txt,,待人工回原文页确认
W13-920522-005,920522,纳科诺尔,capital_increase,增资认缴,29,认购,1,,,,,0,低,保留为Auto候选,,三人已采取相应 措施维持公司控制权稳定，但如果《一致行动协议》解除或失去效力，其他股东之间达成一致行动 协议，或第三方发起收购，公司将面临实际控制人及控制权发生变动的风险。 六、新股发行失败风险 本次新股发行会受到市场环境、投资者偏好、价值判断等诸多因素影响，具有不确定性。若本 次发行过程中出现认购数量不足、 发行后公司市值未达到上市条件等情形， 则将导致本次发行失败。,https://www.bse.cn/disclosure/2023/2023-10-30/1698659303_685783.pdf,data/source_texts/920522_W3-2023-BSE009_920522.txt,,待人工回原文页确认
W13-920522-006,920522,纳科诺尔,capital_increase,增资认缴,11,认购,1,,,,,0,低,保留为Auto候选,,公司、 本公司、 纳科 诺尔 指 邢台纳科诺尔精轧科技股份有限公司 纳科诺尔有限、有限公司 指 邢台纳科诺尔极片轧制设备有限公司 常州纳科 指 常州纳科诺尔精密轧制设备有限公司 深圳纳科 指 纳科诺尔智能装备（深圳）有限公司 A 股 指 在中国境内证券交易所上市，以人民币标明面值，以人民币 认购和交易的普通股股票 中国证监会 指 中国证券监督管理委员会 国家发改委 指 中国国家发展和改革委员会 北交所 指 北京证券交易所 全国股转系统 指 全国中小企业股份转让系统 全国股转公司 指 全国中小企业股份转让系统有限责任公司 保荐人、 保荐机构、 主承销商、 国泰君安 指 国泰君安证券股份有限公司 发行人律师、尚公 指 北京市尚公律师事务所 立信会计师、立信 指 立信会计师事务所（特殊普通合伙） 股东大会 指 邢台纳科诺尔精轧科技股份有限公司股东大会 董事会 指 邢台纳科诺尔精轧科技股份有限公司董事会 监事会 指 邢台纳科诺尔精轧科技股份有限公司监事会 《公司法》 指 《中华人民共和国公司法》 《证券法》 指 《中华人民共和国证券法》 《上市规则》 指 《北京证券交易所股票上市规则（试行）》 《公司章程》 指 《邢台纳科诺尔精轧科技股份有限公司章程》，公司现行有 效的公司章程 《公司章程（草案）》 指 《邢台纳科诺尔精轧科技股份有限公司章程（草案）》，发 行人上市后适用 本次发行、 本次公开发行、 本 次公开发行并上市 指 发行人本次向不特定合格投资者公开发行股票并在北京证券 交易所,https://www.bse.cn/disclosure/2023/2023-10-30/1698659303_685783.pdf,data/source_texts/920522_W3-2023-BSE009_920522.txt,,待人工回原文页确认
W13-920522-007,920522,纳科诺尔,capital_increase,增资认缴,19,认购,1,,,"90,370,000 股",,0,中,保留为Auto候选,,"择权）。 注： 上述发行费用均不含增值税金额，上述发行费用明细项目合 计数与总额不一致系四舍五入原因造成一；最终发行费用可能由 于金额四舍五入或最终发行结果而有所调整。 承销方式及承销期 承销方式： 余额包销； 承销期： 招股说明书在中国证监会、 北交 所指定报刊刊登之日至主承销商停止接受投资者认购款之日 询价对象范围及其他报价条件 不适用 优先配售对象及条件 不适用 注 1：行使超额配售选择权之前发行后总股本为 90,370,000 股，若全额行使超额配售选择权则发行 后总股本为 93,370,000 股； 注 2： 发行前市盈率为本次发行价格除以每股收益， 每股收益按2022 年度经审计扣除非经常性损益 后的归属于母公司股东的净利润除以本次发行前总股本计算； 注 3： 发行后市盈率为本次发行价格除以每股收益， 每股收益按2022 年度经审计扣除非经常性损益 前后孰低的归属于母公司股东的净利润除以本次发行后总股本计算；行使超额配售选择权前的发行 后市盈率为 12.50 倍，若全额行使超额配售选择权则发行后市盈率为 12.92 倍； 注 4：发行前市净率以本次发行价格除以发行前每股净资产计算； 注 5：发行后市净率以本次发行价格除以发行后每股净资产计算；行使超额配售选择权前的发行后 市净率为 2.30 倍，若全额行使超额配售选择权则发行后市净率为 2.21 倍； 注 6： 发行后基本每股收益以2022 年度经审计扣除非经常性损益前后孰低的归属于母公司股东的净 利润除以本次发行后总股本计算；行使超额配",https://www.bse.cn/disclosure/2023/2023-10-30/1698659303_685783.pdf,data/source_texts/920522_W3-2023-BSE009_920522.txt,,待人工回原文页确认
W13-920522-008,920522,纳科诺尔,equity_transfer,股权转让,44,股权转让,4,2018 年 11 月 26 日,,625 万股,,0,中,保留为Auto候选,,邢新基金 2018 年 11 月 26 日 《关于邢台 纳科诺尔精 轧科技股份 有限公司<投 资协议>之补 充协议》、 《关 于邢台纳科 诺尔精轧科 技股份有限 公司<投资协 议>之补充协 议（二）》 付建新、 穆 吉峰、 耿建 华 （1）上市计划；（2） 实际控制人回购条款； （3）对股权转让的限 制 2021 年 11 月 2 日至 2021 年 11 月 24 日， 邢新基金通过大宗交易方式 减持其持有的纳科诺尔的全部 625 万股股票，退出公司； 2021 年 12 月 22 日， 邢新基金与纳 科诺尔、付建新、穆吉峰、耿建华 签署 《解除协议》， 解除上述协议， 并终止协议中各方的一切权利义 务。 京津冀基金、 方正投资 2022 年 10 月 11 日 《定向发行 股票认购合 同之补充协 议》 付建新、 耿 建华 （1） 董事提名权； （2） 股份转让限制；（3） 清算补偿安排；（4） 股份回购安排；（5） 反稀释；（6）无优惠 承诺；（7）知情权； （8）股东保护；（9） 效力恢复条款 京津冀基金、方正投资与付建新、 耿建华分别于 2023 年 4 月 14 日、 2023 年 4 月 20 日签署《定向发行 股票认购合同之补充协议二》，约 定前述股东特殊权利自纳科诺尔 向北京证券交易所递交合格上市 的公开发行股票申请文件并取得 正式受理之日无条件不可撤销地 终止，不附恢复条件。 《承诺函》 穆吉峰 （1）股份处置限制； （2）无优惠承诺 京津冀基金、 方正投资与穆吉峰分,https://www.bse.cn/disclosure/2023/2023-10-30/1698659303_685783.pdf,data/source_texts/920522_W3-2023-BSE009_920522.txt,,待人工回原文页确认
W13-920522-009,920522,纳科诺尔,equity_transfer,股权转让,40,转让给,11,2013 年 12 月,1.03 元,,10%,0,中,保留为Auto候选,,付建新、穆吉峰、耿建华为一致行动人 3 耿建华 付建新、穆吉峰、耿建华为一致行动人 （四） 其他披露事项 发行人在新三板挂牌前曾存在股权代持，相关股权代持及代持解除情况如下： 时间 事项 股权变动内容 价格 说明 2013 年 12 月 股权 转让 许建颉将其持有的 400 万 元出资额转让给耿建华 1.03 元/出 资额 代持形成：耿建华代付建新持有 400 万元出资额 2014 年 4 月 股权 转让 耿建华将其持有的 280 万 元出资额转让给赵勇 1.20 元/出 资额 代持解除：耿建华将其代付建新 持有的 280 万元出资额解除代持 2014 年 10 月 股权 转让 耿建华将其持有的 90 万 元出资额中 30 万元、30 万元、15 万元和 15 万元 分别转让给李志刚、张进 修、郑立刚和张庆元 1.60 元/出 资额 代持解除：耿建华将其代付建新 持有的 90 万元出资额解除代持 2014 年 10 月 股权 转让 耿建华将其持有的 30 万 元出资额转让给李淑兰 2.00 元/出 资额 代持解除：耿建华将其代付建新 持有的 30 万元出资额解除代持。 至此，耿建华代付建新持有的 400 万元出资额已全部解除代 持，付建新与耿建华的股权代持 关系解除 （1）2013 年 12 月，许建颉向耿建华转让其所持纳科诺尔有限 400 万元出资额（占注册资本的 10%） ，股权代持形成 2013 年 12 月，有限公司原股东许建颉计划转让其持有的股份，经股东协商后同意,https://www.bse.cn/disclosure/2023/2023-10-30/1698659303_685783.pdf,data/source_texts/920522_W3-2023-BSE009_920522.txt,,待人工回原文页确认
W13-920522-010,920522,纳科诺尔,equity_transfer,股权转让,41,股权转让,11,2014 年 4 月,280 万元,,7%,0,中,保留为Auto候选,,"1-2-4-40 形成。 本次股权转让后，纳科诺尔有限名义持股与实际持股情况如下： 序号 登记的股东及股权结构 实际的股东及股权结构 股东姓名 出资额 （万元） 持股比例 （%） 股东姓名 出资额 （万元） 持股比例 （%） 1 付建新 1,600.00 40.00 付建新 2,000.00 50.00 2 穆吉峰 1,200.00 30.00 穆吉峰 1,200.00 30.00 3 耿建华 1,200.00 30.00 耿建华 800.00 20.00 合计 4,000.00 100.00 合计 4,000.00 100.00 （2）2014 年 4 月至 2014 年 10 月，付建新与耿建华股权代持解除 ①2014 年 4 月，付建新将其委托耿建华代持的 280 万元出资额（占注册资本的 7%）转让给赵 勇 2014 年 4 月， 经股东协商同意赵勇以336 万元的对价受让耿建华代付建新持有的公司 280 万元 出资额（占注册资本的 7%） ，付建新最终收取了相关股权转让款。 2014 年 4 月 25 日，纳科诺尔有限股东耿建华与赵勇签订《股权转让协议》 ，约定耿建华将其持 有的纳科诺尔有限 280 万元出资额（占",https://www.bse.cn/disclosure/2023/2023-10-30/1698659303_685783.pdf,data/source_texts/920522_W3-2023-BSE009_920522.txt,,待人工回原文页确认
W13-920522-011,920522,纳科诺尔,equity_transfer,股权转让,42,股权转让,13,2014 年 10 月 3 日,90 万元,,2.25%,0,中,保留为Auto候选,,"1-2-4-41 2014 年 10 月 3 日，耿建华与李志刚、张进修、郑立刚、张庆元签订《股权转让协议》 ，约定： 耿建华将其在纳科诺尔有限 90 万元出资额（占注册资本的 2.25%）分别转让给李志刚 30 万元，转 让给张进修 30 万元，转让给郑立刚 15 万元，转让给张庆元 15 万元，转让价格为每 1 元出资额 1.6 元。同日，纳科诺尔有限召开股东会会议并作出决议，同意上述股权转让事项并修改公司章程。 2014 年 10 月，公司办理了工商登记变更，本次股权转让完成后，纳科诺尔有限名义持股与实 际持股情况如下： 序号 登记的股东及股权结构 实际的股东及股权结构 股东姓名 出资额 （万元） 持股比例 （%） 股东姓名 出资额 （万元） 持股比例 （%） 1 付建新 1,600.00 40.00 付建新 1,630.00 40.75 2 穆吉峰 1,200.00 30.00 穆吉峰 1,200.00 30.00 3 耿建华 830.00 20.75 耿建华 800.00 20.00 4 赵勇 280.00 7.00 赵勇 280.00 7.00 5 李志刚 30.00 0.75 李志刚 30.00 0.75 6 张进修 30.00 0.75 张进修 30.00 0.75 7",https://www.bse.cn/disclosure/2023/2023-10-30/1698659303_685783.pdf,data/source_texts/920522_W3-2023-BSE009_920522.txt,,待人工回原文页确认
W13-920522-012,920522,纳科诺尔,equity_transfer,股权转让,51,股权转让,4,2020 年 5 月,40.00 万元,,8.00%,0,中,保留为Auto候选,,对外投资单位名称 投资金额 投资比例 付建新 董事长 北京晨赢科技有限公司 40.00 万元 8.00% 蔡军志 财务总监 邢台君信税务师事务所 9.50 万元 86.36% 邢台欣欣税务师事务所 有限公司 2.75 万元 5.00% 注 1：2020 年 5 月，付建新与何茂林签署了《股权转让协议》将其持有的北京晨赢科技有限公司40 万元出资额转让给何茂林，同日北京晨赢科技有限公司召开股东会并作出决议，同意该股权转让事 项，本次股权转让后，付建新不再持有北京晨赢科技有限持有公司股权，工商手续正在变更中。 注 2：邢台欣欣税务师事务所有限公司已于 2008 年 2 月被吊销。 注 3：邢台君信税务师事务所已于 2023 年 5 月注销。 （四） 其他披露事项 1、董事、监事及高级管理人员的兼职情况,https://www.bse.cn/disclosure/2023/2023-10-30/1698659303_685783.pdf,data/source_texts/920522_W3-2023-BSE009_920522.txt,,待人工回原文页确认
W13-920522-013,920522,纳科诺尔,equity_transfer,股权转让,115,大宗交易,2,2020 年 7 月,,,5%,0,中,保留为Auto候选,,公司财务总监，2020 年 7 月离任 7 任华 曾任公司董事，2021 年 12 月离任 8 楚叶飞 曾任公司监事，2020 年 8 月离任 9 孟祥聚 曾任公司副总经理，2020 年 7 月离任 10 邢新基金 报告期内，曾直接持有发行人 5%以上股份的股东。2021 年 11 月，通过大宗交易方式退出 11 亿禾兴业（北京）资产 管理有限公司 报告期内，曾通过 邢新基金间接持有公司 5%以上的股份。 2021 年 11 月，邢新基金通过大宗交易方式退出 12 邢台汇特金增材制造有 限公司（已注销） 实际控制人付建新配偶的妹妹范磊曾持汇特金 38%的股权， 并担任执行董事、 总经理兼法定代表人， 并于2019 年 9 月退 出。该公司于 2022 年 11 月注销 13 河北力滔电池材料有限 公司 实际控制人付建新的配偶曾担任该公司的董事， 2020 年 10 月离任 14 邢台富纳企业管理合伙 企业（有限合伙） 董事会秘书吴民强担任执行事务合伙人，该企业于 2023 年 3 月注销 15 邢台富良企业管理合伙 企业（有限合伙） 董事会秘书吴民强担任执行事务合伙人，该企业于 2023 年 3 月注销 16 邢台富虹企业管理合伙 企业（有限合伙） 董事会秘书吴民强担任执行事务合伙人，该企业于 2023 年 3 月注销 17 邢台智导机械制造有限 公司 公司前董事穆立巍前妻张丽红曾持有 70%的股权，担任执行 董事兼任法定代表人，双方于 2019 年 12 月离婚 18 邢台聚海商,https://www.bse.cn/disclosure/2023/2023-10-30/1698659303_685783.pdf,data/source_texts/920522_W3-2023-BSE009_920522.txt,,待人工回原文页确认
W13-920522-014,920522,纳科诺尔,equity_transfer,股权转让,45,股份回购,2,2023 年 1 月 11 日,,,,0,中,保留为Auto候选,,1-2-4-44 北京证券交易所递交合格上市的 公开发行股票申请文件并取得正 式受理之日无条件不可撤销地终 止，不附恢复条件。 发行人控股股东、实际控制人付建新、穆吉峰、耿建华与邢新基金签署过的投资协议包括其所 涉及的股份回购条款已经彻底终止，邢新基金已经通过大宗交易方式退出，发行人及其控股股东、 实际控制人不会承担任何合同义务；发行人控股股东、实际控制人付建新、耿建华和京津冀基金、 方正投资之间签署的协议中涉及特殊股东权利的条款自纳科诺尔向北京证券交易所递交合格上市 的公开发行股票申请文件并取得正式受理之日无条件不可撤销地终止，不附恢复条件；发行人控股 股东、实际控制人穆吉峰向京津冀基金、方正投资出具的《承诺函》所涉及的特殊权利条款自纳科 诺尔向北京证券交易所递交合格上市的公开发行股票申请文件并取得正式受理之日无条件不可撤 销地终止，不附恢复条件。 七、 发行人的分公司、控股子公司、参股公司情况 （一） 分公司情况 截至本招股说明书签署日，发行人共有 1 家分公司，该分公司的基本情况如下： 公司名称 常州纳科诺尔精密轧制设备有限公司分公司 统一社会信用代码 91320412MAC7PQ74XM 负责人 付博昂 成立时间 2023 年 1 月 11 日 注册地址 常州市武进区前黄镇谭庄村委大坟头 100 号 经营范围 一般项目：通用设备制造（不含特种设备制造）；专用设备制造 （不含许可类专业设备制造）；智能基础制造装备,https://www.bse.cn/disclosure/2023/2023-10-30/1698659303_685783.pdf,data/source_texts/920522_W3-2023-BSE009_920522.txt,,待人工回原文页确认
W13-920522-015,920522,纳科诺尔,equity_transfer,股权转让,110,股份转让,1,2023 年 4 月 4 日,,,,0,低,排除为转让系统语境,页面仅出现全国股转系统/公开转让，未出现明确转让方、受让方或回购主体,1-2-4-109 护公司和全体股东的合法权益。 （四）独立董事制度的建立健全及运行情况 为了进一步完善公司治理结构，根据《公司法》 《全国中小企业股份转让系统挂牌公司治理规 则》等有关规定，公司制定了《独立董事工作制度》 。截至本招股说明书签署日，公司独立董事人 数为 3 名，符合相关规定。公司独立董事自聘任以来严格按照法律、法规、规范性文件及《公司章 程》和《独立董事工作制度》的规定履行职责，积极出席董事会会议，为本公司的重大决策提供专 业及建设性的意见，认真监督管理层的工作，对本公司依照法人治理结构规范运作起到了积极的作 用。 （五）董事会秘书制度的建立健全及运行情况 公司设立董事会秘书 1 名， 作为信息披露事务负责人， 负责公司股东大会和董事会会议的筹备、 信息披露事务、投资者关系管理等事宜。 截至本招股说明书签署日，公司董事会秘书严格按照《公司章程》 《董事会秘书工作细则》等 有关规定积极履行职责， 保障了董事会各项工作的顺利开展， 在完善公司治理结构、 落实三会制度、 规范公司运作与中介机构的配合协调等方面发挥了重要作用。 （六）董事会专门委员会制度的建立健全及运行情况 2023 年 4 月 4 日，公司召开第三届董事会第二十四次会议，审议通过了《关于制定董事会专门 委员会工作细则的议案 》 ，并选举了董事会各专门委员会委员。目前，董事会专门委员,https://www.bse.cn/disclosure/2023/2023-10-30/1698659303_685783.pdf,data/source_texts/920522_W3-2023-BSE009_920522.txt,,待人工回原文页确认
W13-920522-016,920522,纳科诺尔,equity_snapshot,股权快照,40,持股数量,3,2013 年 12 月,1.03 元,,,0,中,保留为Auto候选,,1-2-4-39 尚未完成解除限售。 注 2：公司董事、总经理李志刚由激励计划授予的限制性股票第一个限售期届满，由于其关于本次 发行的承诺仍需继续限售。 注 3：公司前十名自然人股东赵勇及饶燕持股数量的变化系其通过二级市场自由交易。 （三） 主要股东间关联关系的具体情况 序号 关联方股东名称 关联关系描述 1 付建新 付建新、穆吉峰、耿建华为一致行动人 2 穆吉峰 付建新、穆吉峰、耿建华为一致行动人 3 耿建华 付建新、穆吉峰、耿建华为一致行动人 （四） 其他披露事项 发行人在新三板挂牌前曾存在股权代持，相关股权代持及代持解除情况如下： 时间 事项 股权变动内容 价格 说明 2013 年 12 月 股权 转让 许建颉将其持有的 400 万 元出资额转让给耿建华 1.03 元/出 资额 代持形成：耿建华代付建新持有 400 万元出资额 2014 年 4 月 股权 转让 耿建华将其持有的 280 万 元出资额转让给赵勇 1.20 元/出 资额 代持解除：耿建华将其代付建新 持有的 280 万元出资额解除代持 2014 年 10 月 股权 转让 耿建华将其持有的 90 万 元出资额中 30 万元、30 万元、15 万元和 15 万元 分别转让给李志刚、张进 修、郑立刚和张庆元 1.60 元/出 资额 代持解除：耿建华将其代付建新 持有的 90 万元出资额解除代持 2014 年,https://www.bse.cn/disclosure/2023/2023-10-30/1698659303_685783.pdf,data/source_texts/920522_W3-2023-BSE009_920522.txt,,待人工回原文页确认
W13-920522-017,920522,纳科诺尔,equity_snapshot,股权快照,41,持股比例,4,2014 年 4 月,280 万元,,7%,0,中,保留为Auto候选,,"1-2-4-40 形成。 本次股权转让后，纳科诺尔有限名义持股与实际持股情况如下： 序号 登记的股东及股权结构 实际的股东及股权结构 股东姓名 出资额 （万元） 持股比例 （%） 股东姓名 出资额 （万元） 持股比例 （%） 1 付建新 1,600.00 40.00 付建新 2,000.00 50.00 2 穆吉峰 1,200.00 30.00 穆吉峰 1,200.00 30.00 3 耿建华 1,200.00 30.00 耿建华 800.00 20.00 合计 4,000.00 100.00 合计 4,000.00 100.00 （2）2014 年 4 月至 2014 年 10 月，付建新与耿建华股权代持解除 ①2014 年 4 月，付建新将其委托耿建华代持的 280 万元出资额（占注册资本的 7%）转让给赵 勇 2014 年 4 月， 经股东协商同意赵勇以336 万元的对价受让耿建华代付建新持有的公司 280 万元 出资额（占注册资本的 7%） ，付建新最终收取了相关股权转让款。 2014 年 4 月 25 日，纳科诺尔有限股东耿建华与赵勇签订《股权转让协议》 ，约定耿建华将其持 有的纳科诺尔有限 280 万元出资额（占注册资本的 7%）转让给赵勇。同日，纳科诺尔有限召开股 东会会议并作出决议，同意上述股权转让事项并修改公司章程。 2014 年 5 月，公司",https://www.bse.cn/disclosure/2023/2023-10-30/1698659303_685783.pdf,data/source_texts/920522_W3-2023-BSE009_920522.txt,,待人工回原文页确认
W13-920522-018,920522,纳科诺尔,equity_snapshot,股权快照,42,持股比例,2,2014 年 10 月,1.6 元,,0.75%,0,中,保留为Auto候选,,"额 1.6 元。同日，纳科诺尔有限召开股东会会议并作出决议，同意上述股权转让事项并修改公司章程。 2014 年 10 月，公司办理了工商登记变更，本次股权转让完成后，纳科诺尔有限名义持股与实 际持股情况如下： 序号 登记的股东及股权结构 实际的股东及股权结构 股东姓名 出资额 （万元） 持股比例 （%） 股东姓名 出资额 （万元） 持股比例 （%） 1 付建新 1,600.00 40.00 付建新 1,630.00 40.75 2 穆吉峰 1,200.00 30.00 穆吉峰 1,200.00 30.00 3 耿建华 830.00 20.75 耿建华 800.00 20.00 4 赵勇 280.00 7.00 赵勇 280.00 7.00 5 李志刚 30.00 0.75 李志刚 30.00 0.75 6 张进修 30.00 0.75 张进修 30.00 0.75 7 郑立刚 15.00 0.375 郑立刚 15.00 0.375 8 张庆元 15.00 0.375 张庆元 15.00 0.375 合计 4,000.00 100.00 合计 4,000.00 100.00 ③2014 年 10 月，付建新将其委托耿建华代持的 30 万元出资额（占注册资本的 0.75%）转让给 李淑兰，股权代持解除 2014 年 10 月，经股东协商同意李淑兰以 60 万元的对价受让耿建华代付建新持有的公司 30 万 元出资额（占注册资本的 0.75%） ，付建新最终收取了相关股权转让款。 201",https://www.bse.cn/disclosure/2023/2023-10-30/1698659303_685783.pdf,data/source_texts/920522_W3-2023-BSE009_920522.txt,,待人工回原文页确认
W13-920522-019,920522,纳科诺尔,equity_snapshot,股权快照,29,持股比例,1,,,"2,000.00 万股",38.29%,0,中,保留为Auto候选,,"。根据付建新、穆吉峰及耿建华签署 的《一致行动人协议》 ，三人合计控制发行人 38.29%的股份。按本次拟公开发行 2,000.00 万股计算 （不考虑超额配售选择权） ，发行后付建新、穆吉峰及耿建华三人合计控制公司的股权比例将被进 一步稀释至 29.82%。 公开发行后付建新、 穆吉峰及耿建华三人持股比例较低， 虽然三人已采取相应 措施维持公司控制权稳定，但如果《一致行动协议》解除或失去效力，其他股东之间达成一致行动 协议，或第三方发起收购，公司将面临实际控制人及控制权发生变动的风险。 六、新股发行失败风险 本次新股发行会受到市场环境、投资者偏好、价值判断等诸多因素影响，具有不确定性。若本 次发行过程中出现认购数量不足、 发行后公司市值未达到上市条件等情形， 则将导致本次发行失败。",https://www.bse.cn/disclosure/2023/2023-10-30/1698659303_685783.pdf,data/source_texts/920522_W3-2023-BSE009_920522.txt,,待人工回原文页确认
W13-920522-020,920522,纳科诺尔,equity_snapshot,股权快照,8,持股比例,1,,,"2,000.00 万股",38.29%,0,中,保留为Auto候选,,"华。根据付建新、穆吉峰及耿建华签署 的《一致行动人协议》 ，三人合计控制发行人38.29%的股份。按本次拟公开发行 2,000.00 万股计算 （不考虑超额配售选择权） ，发行后付建新、穆吉峰及耿建华三人合计控制公司的股权比例将被进 一步稀释至 29.82%。 公开发行后付建新、 穆吉峰及耿建华三人持股比例较低， 虽然三人已采取相应 措施维持公司控制权稳定，但如果《一致行动协议》解除或失去效力，其他股东之间达成一致行动 协议，或第三方发起收购，公司将面临实际控制人及控制权发生变动的风险。",https://www.bse.cn/disclosure/2023/2023-10-30/1698659303_685783.pdf,data/source_texts/920522_W3-2023-BSE009_920522.txt,,待人工回原文页确认
W13-920522-021,920522,纳科诺尔,equity_snapshot,股权快照,34,持股数量,2,,,,5%,1,中,保留为Auto候选,,"公司控股股东、实际控制人情况详见本招股说明书 “第二节 概览”之“二、发行人及其控股 股东、实际控制人的情况”之“（二）发行人控股股东、实际控制人情况”。 （二） 持有发行人 5%以上股份的其他主要股东 截至本招股说明书签署日，持有发行人 5%以上股份的其他主要股东情况如下： 序号 名称 持股数量（股） 持股比例（%） 1 京津冀产业协同发展投资基金（有限合伙） 8,000,000 11.37 2 湾区产融投资（广州）有限公司 4,808,825 6.83 截至本招股说明书签署日，上述股东基本情况如下： 1、京津冀产业协同发展投资基金（有限合伙） 京津冀基金的基本情况如下： 名称 京津冀产业协同发展投资基金（有限合伙） 统一社会信用代码 91130600MA0939HK85 主要经营场所 中国 （河北） 自由贸易试验区雄安片区容城县雄安市民服务中心企业办",https://www.bse.cn/disclosure/2023/2023-10-30/1698659303_685783.pdf,data/source_texts/920522_W3-2023-BSE009_920522.txt,,待人工回原文页确认
W13-920522-022,920522,纳科诺尔,equity_snapshot,股权快照,37,持股比例,2,2018 年 1 月 17 日,"4,000,000 万元",,,2,高,保留为Auto候选,,"1-2-4-36 序号 股东名称 出资额（万元） 持股比例（%） 1 粤港澳大湾区产融投资有限公司 300,000.00 100.00 合计 300,000.00 100.00 粤港澳大湾区产融投资有限公司的基本登记信息如下： 名称 粤港澳大湾区产融投资有限公司 统一社会信用代码 91440101MA5APB7Y43 住所 广州市增城区新塘镇民营西一路 7 号 6 层 605 单元 注册资本 4,000,000 万元人民币 法定代表人 张大林 类型 有限责任公司（台港澳与境内合资） 经营范围 企业财务咨询服务；企业自有资金投资；项目投资（不含许可经营项目， 法律法规禁止经营的项目不得经营）；房地产投资（不含许可经营项目， 法律法规禁止经营的项目不得经营） 成立日期 2018 年 1 月 17 日 经营期限 2018 年 1 月 17 日至长期 粤港澳大湾区产融投资有限公司的股东出资情况如下： 序号 股东名称 出资额（万元） 持股比例（%） 1 广州产融协同投资发展合伙企业（有限合伙） 785,000.00 19.625 2 广州硕昊投资合伙企业（有限合伙） 300,000.00 7.50 3 国城控股集团有限公司 230,000.00 5",https://www.bse.cn/disclosure/2023/2023-10-30/1698659303_685783.pdf,data/source_texts/920522_W3-2023-BSE009_920522.txt,,待人工回原文页确认
W13-920522-023,920522,纳科诺尔,equity_snapshot,股权快照,39,持股数量,6,2023 年 9 月 13 日,,"20,000,000 股",22.13%,1,高,保留为Auto候选,,"占发行后总股本的22.13%。本次发行均为新股，不涉及股东公开发售股份。 根据 2023 年 9 月 13 日的《全体证券持有人名册》 ，按照本次发行20,000,000 股测算（不考虑 超额配售选择权） ，本次发行前后公司的股权结构变化如下表所示： 序号 股东名称 本次发行前 本次发行后 持股数量 持股比例 持股数量 持股比例 1 付建新 13,425,000 19.08% 13,425,000 14.86% 2 京津冀产业协同发展投资基金 （有 限合伙） 8,000,000 11.37% 8,000,000 8.85% 3 穆吉峰 7,540,000 10.71% 7,540,000 8.34% 4 耿建华 5,983,000 8.50% 5,983,000 6.62% 5 湾区产融投资（广州）有限公司 4,808,825 6.83% 4,808,825 5.32% 6 赵勇 2,673,398 3.80% 2,673,398 2.96% 7 方正证券投资有限公司 1,600,000 2.27% 1,600,000 1.77% 8 民生证券股份有限公司做市专用 证券账户 1,461,063 2.08% 1,461,063 1.62% 9 李志刚 1,141,000 1.62% 1,141,000 1.26% 10 饶燕 767,000 1.09% 767,000 0.85% 11 现有其他股东 22,970,714 32.64% 22,970,714 25.43% 12 拟发行社会公",https://www.bse.cn/disclosure/2023/2023-10-30/1698659303_685783.pdf,data/source_texts/920522_W3-2023-BSE009_920522.txt,,待人工回原文页确认
W13-920522-024,920522,纳科诺尔,fund_filing,基金备案,35,基金业协会,1,2017 年 9 月 20 日,,,0.11%,1,中,保留为Auto候选,,"中心（有限合伙） 1,000.00 0.11% 有限合伙人 18 中丽 （天津） 产城融合发展基金合伙企业 （有限合伙） 600.00 0.06% 有限合伙人 合计 932,000.00 100.00% - 京津冀基金于 2017 年 9 月 20 日成立，于 2018 年 11 月 9 日在基金业协会登记备案，基金编号 为 SED204，基金类型为股权投资基金，管理类型为受托管理，运作状态为正在运作。 京津冀基金的基金管理人为国投招商投资管理有限公司，该公司的基本情况如下： 名称 国投招商投资管理有限公司 统一社会 91130600MA094UG35F",https://www.bse.cn/disclosure/2023/2023-10-30/1698659303_685783.pdf,data/source_texts/920522_W3-2023-BSE009_920522.txt,,待人工回原文页确认
W13-920522-025,920522,纳科诺尔,fund_filing,基金备案,36,基金业协会,1,2017 年 9 月 29 日,"300,000 万元",,5.01%,2,高,保留为Auto候选,,"00 5.01% 北京水木华研投资管理有限公司 497.00 4.97% 菲仕绿能科技（北京）有限公司 497.00 4.97% 合计 10,000.00 100.00% 国投招商投资管理有限公司系私募基金管理人，其于 2017 年 9 月 29 日成立，于 2018 年 6 月 25 日在基金业协会办理了私募基金管理人登记，登记编号为 P1068478。 2、湾区产融投资（广州）有限公司 湾区产融投资（广州）有限公司的基本情况如下： 名称 湾区产融投资（广州）有限公司 统一社会信用代码 91440101MA5C3Q688B 住所 广州市增城区新塘镇民营西一路 7 号 2001 单元 注册资本 300,000 万元人民币 法定代表人 邓立新 类型 有限责任公司（外商投资企业法人独资） 经营范围 项目投资（不含许可经营项目，法律法规禁止经营的项目不得经营）；企 业财务咨询服务；投资咨询服务；企业自有资金投资；房地产投资（不含 许可经营项目，法律法规禁止经营的项目不得经营） 成立日期 2018 年 8 月 11 日 经营期限 2018 年 8 月 11 日至长期 湾区产融投资（广州）有限公司的股东出资情况如下：",https://www.bse.cn/disclosure/2023/2023-10-30/1698659303_685783.pdf,data/source_texts/920522_W3-2023-BSE009_920522.txt,,待人工回原文页确认
W13-920522-026,920522,纳科诺尔,special_rights,特殊投资条款,44,对赌,3,2018 年 11 月 26 日,,105.60 万股,0.93%,0,中,保留为Auto候选,,"限 售数量为 105.60 万股,其中激励对象为董事、 高级管理人员的股份合计 40.05 万股，由于其关于本次 发行的承诺仍需继续限售，本次实际解除限售 65.55 万股，占公司总股本 0.93%，截止至本招股说 明书签署日已完成解除限售。 （二）控股股东、实际控制人与公司其他股东之间曾经存在的对赌协议等特殊协议或安排及解除情 况 发行人控股股东、实际控制人与投资者签署的对赌协议及其情况如下： 投资方 协议/承诺函 签署时间 协议/ 承诺函名称 协议签署 方/承诺函 出具方 特殊权利条款 清理情况 邢新基金 2018 年 11 月 26 日 《关于邢台 纳科诺尔精 轧科技股份 有限公司<投 资协议>之补 充协议》、 《关 于邢台纳科 诺尔精轧科 技股份有限 公司<投资协 议>之补充协 议（二）》 付建新、 穆 吉峰、 耿建 华 （1）上市计划；（2） 实际控制人回购条款； （3）对股权转让的限 制 2021 年 11 月 2 日至 2021 年 11 月 24 日， 邢新基金通过大宗交易方式 减持其持有的纳科诺尔的全部 625 万股股票，退出公司； 2021 年 12 月 22 日， 邢新基金与纳 科诺尔、付建新、穆吉峰、耿建华 签署 《解除协议》， 解除上述协议， 并终止协议中各方的一切权利义 务。 京津冀基金、 方正投资 2022 年 10 月 11 日 《定向发行 股票认购合 同之补充协 议》 付建新、 耿 建华 （1） 董事提名权； （2） 股份转让限制；（3） 清算补",https://www.bse.cn/disclosure/2023/2023-10-30/1698659303_685783.pdf,data/source_texts/920522_W3-2023-BSE009_920522.txt,,待人工回原文页确认
W13-920099-001,920099,瑞华技术,capital_increase,增资认缴,34,定向发行,1,2020 年 7 月 28 日,,,,0,中,保留为Auto候选,,"2022 年、2023 年的年报 审计机构均为立信中联会计师事务所（特殊普通合伙）。 （七） 股票交易方式及其变更情况 公司股票自挂牌之日起至今，交易方式为集合竞价交易方式。 （八） 报告期内发行融资情况 报告期内， 发行人不存在发行股票融资情况。2020 年，发行人实施了一次 股票定向发行融资，具体情况如下： 单位：元/股、股、元 股东大会 决议日 发行对象 发行 价格 发行数量 募资总额 募资 用途 2020 年 7 月 28 日 中小企业发展基金（江苏 有限合伙） 17.14 1,166,666 99,412,000.00 补充 流动 资金 江苏省现代服务业发展创 1,166,666",https://www.bse.cn/disclosure/2024/2024-09-06/1725619244_825140.pdf,data/source_texts/920099_W3-2024-BSE014_920099.txt,,待人工回原文页确认
W13-920099-002,920099,瑞华技术,capital_increase,增资认缴,35,定向发行,1,2020 年 11 月 26 日,"9,291.20 万元","35,800,000 股",,1,高,保留为Auto候选,,"中小企业发展基金（有限合伙） 公司于 2020 年 11 月 26 日召开第一届董事会第十三次会议及第一届监事 会第八次会议、2020 年 12 月 15 日召开 2020 年第二次临时股东大会，审议通 过《关于变更募集资金用途》的议案，变更部分募集资金用途为购买资产。变 更后，公司 2020 年定向发行的募集资金用途为补充流动资金 9,291.20 万元、 购买资产 650 万元。除此之外，公司无其他募集资金用途变更情形。 截至 2021 年 12 月 31 日，本次募集资金已经使用完毕。 （九） 报告期内重大资产重组情况 报告期内，公司不存在重大资产重组情况。 （十） 报告期内控制权变动情况 公司控股股东、实际控制人为徐志刚。报告期内，公司未发生控制权变动 的情况。 （十一） 报告期内股利分配情况 报告期内，公司存在股利分配情况，具体如下： 2020 年 12 月 25 日， 公司召开2020 年第三次临时股东大会审议通过 2020 年半年度权益分派方案。以总股本 35,800,000 股为基数， 以资本公积向全体股 东每 10 股转增股本 6.759776 股，共计转增 24,199,998 股。 2023 年 5 月 19 日，公司召开 2022 年年度股东大会审议通过 2022 年年度 权益分派方案。 以总股本59,999,998 股为基数， 以未分配利润向全体股东每10",https://www.bse.cn/disclosure/2024/2024-09-06/1725619244_825140.pdf,data/source_texts/920099_W3-2024-BSE014_920099.txt,,待人工回原文页确认
W13-920099-003,920099,瑞华技术,equity_transfer,股权转让,43,转让给,13,2021 年 1 月,11.93 元,"1,676,445 股",2.794075%,0,中,保留为Auto候选,,"1-1-42 1、甲方（徐志刚）同意按照本协议约定的条件和方式将其持有的瑞华技 术 2.794075%的股份 （对应股数为1,676,445 股)转让给乙方 （中信建投投资） ， 乙方同意按照本协议约定的条件和方式受让。 2、本次股权受让乙方已经履行了必要的内部决策程序，取得其决策机构 的批准。 3、乙方与瑞华技术其他股东、董事、监事、高级管理人员不存在关联关 系、委托持股、信托持股或其他利益输送安排。 4、本次股份转让价格为 11.93 元/股，对应 1,676,445 股的交易对价为 19,999,988.85 元。 第二条 股份交割 1、 在本协议签署完成后的30 天内， 甲方及乙方通过新三板大宗交易的方 式完成约定的股份交易。 2、 交易完成后， 乙方成为瑞华技术股东， 享有受让股份的股东权利， 履行 相应的股东义务。 第三条 款项支付 1、乙方将前述股份转让价款通过全国股份转让系统大宗交易平台系统支 付给甲方，乙方承诺用于支付本次股权转让的资金为自有资金且来源合法。 第四条 所得税事项 甲方承诺，在收到本次股权转让价款项后 30 日内通过新三板大宗交易方 式完成股份转让变更事宜，甲方提供中登公司代扣税款截图。” 2021 年 1 月签署的补充协议主要条款如下： “第一条 股权回购条款 1.1 发生下列情形之一的，乙方有权要求甲方按照",https://www.bse.cn/disclosure/2024/2024-09-06/1725619244_825140.pdf,data/source_texts/920099_W3-2024-BSE014_920099.txt,,待人工回原文页确认
W13-920099-004,920099,瑞华技术,equity_transfer,股权转让,12,股份转让,2,,,,,0,低,排除为转让系统语境,页面仅出现全国股转系统/公开转让，未出现明确转让方、受让方或回购主体,上市规则》 指 《北京证券交易所股票上市规则（试行）》 招股说明书 指 《常州瑞华化工工程技术股份有限公司招股说明书》 本次发行、本次公开发行 指 发行人本次向不特定合格投资者公开发行股票并在 北京证券交易所上市 中国证监会、证监会 指 中国证券监督管理委员会 全国股转系统 指 全国中小企业股份转让系统 全国股转公司 指 全国中小企业股份转让系统有限责任公司 北交所 指 北京证券交易所 保荐机构、 保荐人、主承销 商、中信建投、 中信建投证 指 中信建投证券股份有限公司,https://www.bse.cn/disclosure/2024/2024-09-06/1725619244_825140.pdf,data/source_texts/920099_W3-2024-BSE014_920099.txt,,待人工回原文页确认
W13-920099-005,920099,瑞华技术,equity_transfer,股权转让,44,股权转让,5,2022 年 6 月 30 日,,,8%,0,中,保留为Auto候选,,1-1-43 （1）标的公司未能在 2022 年 6 月 30 日申报 IPO 审核材料并获得受理， 将触发回购条款。 1.2 乙方提出回购要求的，甲方承诺按照乙方实际已支付的转让价款加上 按照 8%年利率单利计算资金占用成本的总和，股权转让价格的具体计算公式 如下： 股权转让价格=乙方实际已支付的转让价款*（1+8%*N/365）-乙方取得的 股息红利。 其中：N 为从甲方收到乙方实际支付的转让价款之日起至乙方收到 全部股权转让价款之日止的天数。 1.3 如果乙方根据本条发出书面回购要求的，甲方应当在乙方书面通知发 出之日起 30 日内按照相关交易场所交易规则的规定，将上述股权转让价款通 过场内或场外支付至乙方指定账户。 乙方应同时依相关交易场所交易规则规定 配合办理股权转让的变更手续。” 2022 年 7 月 4 日、2023 年 1 月 5 日再次签署的补充协议分别是把对赌时 点（申报 IPO 审核材料并获得受理）修改为 2022 年 12 月 31 日、2023 年 3 月 31 日，其他条款不变。 上述对赌协议条款符合《监管规则适用指引——发行类第 4 号》4-3 关于 对赌协议的规定，具体分析如下：（1）对赌协议仅为公司股东之间的对赌安 排，公司不作为对赌协议当事人，符合发行人不作为对赌协议当事人的规定； （2）股权回购不会导致公司控制权发生变化，符合对赌协议不存在可能导致 公司控制权变化的规定；（3）对赌协议以公司未能在 2023,https://www.bse.cn/disclosure/2024/2024-09-06/1725619244_825140.pdf,data/source_texts/920099_W3-2024-BSE014_920099.txt,,待人工回原文页确认
W13-920099-006,920099,瑞华技术,equity_transfer,股权转让,42,大宗交易,6,2021 年 2 月,11.93 元,"1,676,445 股",2.79%,1,高,保留为Auto候选,,"金管理人为江苏毅达， 现 代创投的基金管理人为南京毅达，该等基金管理人由 南京毅达资本管理企业（有限合伙）的合伙人应文禄、 周春芳、尤劲柏、史云中、樊利平、黄韬实际控制 （四） 其他披露事项 1、实际控制人签订的对赌协议情况 2021 年 2 月，中信建投投资以 11.93 元/股价格通过大宗交易方式，从发 行人实际控制人徐志刚处受让 1,676,445 股股份，占比 2.79%。徐志刚与中信 建投投资于 2021 年 1 月签署了《徐志刚与中信建投投资有限公司关于常州瑞 华化工工程技术股份有限公司股份转让协议》（以下简称 “ 《股份转让协议》 ” ） 及补充协议，并于 2022 年 7 月 4 日、2023 年 1 月 5 日分别再次签署了补充协 议。 《股份转让协议》的主要条款如下： “第一条 股份转让",https://www.bse.cn/disclosure/2024/2024-09-06/1725619244_825140.pdf,data/source_texts/920099_W3-2024-BSE014_920099.txt,,待人工回原文页确认
W13-920099-007,920099,瑞华技术,equity_transfer,股权转让,62,大宗交易,2,,,,1%,2,中,保留为Auto候选,,1-1-61 3、 本人将采用集中竞价、 大宗交易、 协议转让等法律、 法规允许的方式转 让公司股票，在锁定期满后 24 个月内，本人计划通过证券交易所集中竞价交 易减持股份的， 应当及时通知发行人， 并按照下列规定履行信息披露义务： （1） 在首次卖出股份的 15 个交易日前预先披露减持计划，每次披露的减持时间区 间不得超过 6 个月；（2）拟在 3 个月内卖出股份总数超过公司股份总数 1% 的，除按照本条（1）之规定履行披露义务外，还应当在首次卖出的30 个交易 日前预先披露减持计划；（3）在减持时间区间内，减持数量过半或减持时间 过半时，披露减持进展情况；（4）在股份减持计划实施完毕或者披露的减持 时间区间届满后及时公告具体减持情况。若本人违反锁定期满后 24 个月内股 票减持意向的承诺，本人同意将实际减持股票所获收益归公司所有； 4、本承诺出具后，如有新的法律法规和规范性文件及北京证券交易所规 则的要求与本承诺内容不一致的，本人将按新的要求执行本承诺事项。” （2） 持股5%以上的股东奚慧克、 现代创投、 毅达创投、 中小企业基金承 诺 “1、本人/本单位除以自身名义持有发行人股份外，不存在接受他人委托 或委托他人持有发行人股份的情形， 包括但不限于通,https://www.bse.cn/disclosure/2024/2024-09-06/1725619244_825140.pdf,data/source_texts/920099_W3-2024-BSE014_920099.txt,,待人工回原文页确认
W13-920099-008,920099,瑞华技术,equity_transfer,股权转让,63,大宗交易,1,,,,25%,0,低,保留为Auto候选,,4 个月内若减持公司股票， 本人将严格遵守中国证监会、 证券交易所关于股东减 持的相关规定，每年减持数量不超过本人直接或间接持有公司股票总数的 25%，减持价格不低于发行价（若公司股份在该期间内发生派息、送股、资本 公积转增股本等除权除息事项的，发行价应相应调整） ； 3、 本人将采用集中竞价、 大宗交易、 协议转让等法律、 法规允许的方式转 让公司股票，在锁定期满后 24 个月内，本人计划通过证券交易所集中竞价交 易减持股份的， 应当及时通知发行人， 并按照下列规定履行信息披露义务： （1） 在首次卖出股份的 15 个交易日前预先披露减持计划，每次披露的减持时间区 间不得超过 6 个月； （2） 拟在3 个月内卖出股份总数超过公司股份总数 1%的， 除按照本条 （1） 之规定履行披露义务外， 还应当在首次卖出的30 个交易日前 预先披露减持计划； （3） 在减持时间区间内， 减持数量过半或减持时间过半时， 披露减持进展情况； （4） 在股份减持计划实施完毕或者披露的减持时间区间届 满后及时公告具体减持情况。若本人违反锁定期满后 24 个月内股票减持意向 的承诺，本人同意将实际减持股票所获收益归公司所有； 4、本承诺出具后，如有新的法律法规和规范性文件及北京证券交易所规,https://www.bse.cn/disclosure/2024/2024-09-06/1725619244_825140.pdf,data/source_texts/920099_W3-2024-BSE014_920099.txt,,待人工回原文页确认
W13-920099-009,920099,瑞华技术,equity_transfer,股权转让,33,股份转让,1,2018 年 7 月 31 日,,,,0,低,排除为转让系统语境,页面仅出现全国股转系统/公开转让，未出现明确转让方、受让方或回购主体,目，经相关 部门批准后方可开展经营活动） 主营业务 为石油化工企业提供基于化工工艺包技术的成 套技术综合解决方案。 主要产品与服务项目 化工工艺包、化工设备和催化剂 二、 发行人挂牌期间的基本情况 （一） 挂牌时间 2018 年 7 月 31 日 （二） 挂牌地点 全国中小企业股份转让系统,https://www.bse.cn/disclosure/2024/2024-09-06/1725619244_825140.pdf,data/source_texts/920099_W3-2024-BSE014_920099.txt,,待人工回原文页确认
W13-920099-010,920099,瑞华技术,equity_transfer,股权转让,72,转让给,1,,,,,0,低,保留为Auto候选,,1-1-71 能构成竞争的业务； （2）将相竞争的业务纳入到发行人来经营； （3）将相竞争 的业务转让给无关联的第三方； 4、本人如从任何第三方获得的商业机会与发行人及其子公司经营的业务 有竞争或可能竞争， 本人将立即通知发行人， 并将该商业机会让予发行人或其 子公司； 5、 本人承诺不利用任何方式从事影响或可能影响发行人及其子公司经营、 发展的业务或活动。” 5、减少及规范关联交易的承诺 （1）控股股东、实际控制人徐志刚承诺 “1、 本人将严格按照 《公司法》 等法律法规以及 《公司章程》 等有关规定 行使股东权利， 不利用股东的地位谋取不当的利益， 不损害公司及其中小股东 的合法权益； 2、在股东大会对有关涉及本人事项的关联交易进行表决时，履行回避表 决的义务； 3、在任何情况下，不要求公司向本人提供任何形式的担保 ，不占用公司 资源、资金； 4、在本人作为发行人控股股东、实际控制人期间，本人及附属企业尽量 避免与发行人之间不必要的关联交易发生； 5、对于无法避免或者有合理原因而发生的关联交易，将遵循市场公正、 公平、 公开的原则， 并依法签订协议， 履行合法程序， 按照 《公司章程》 、 有关 法律法规和证券交易所的有关规定履行信息披露义务， 保证不通过关联交易损 害公司及其他股东的合法权益；,https://www.bse.cn/disclosure/2024/2024-09-06/1725619244_825140.pdf,data/source_texts/920099_W3-2024-BSE014_920099.txt,,待人工回原文页确认
W13-920099-011,920099,瑞华技术,equity_snapshot,股权快照,37,持股数量,2,,,,3.26%,6,中,保留为Auto候选,,东还 包括江苏毅达成果创新创业投资基金 （有限合伙） 、 江苏省现代服务业发展创 业投资基金（有限合伙）、江苏中小企业发展基金（有限合伙）3 家私募股权 投资基金，分别持有公司 3.26%股份，合计持有公司 9.78%股份。上述持有本 公司 5%以上股份的主要股东的基本情况如下： 序号 股东名称 持股数量 （万股） 持股比例 （%） 1 奚慧克 341.40 5.69 2 江苏毅达成果创新创业投资基金（有限合伙） 195.53 3.26 3 江苏省现代服务业发展创业投资基金（有限合伙） 195.53 3.26 4 江苏中小企业发展基金（有限合伙） 195.53 3.26 1、奚慧克 截至本招股说明书签署日， 奚慧克直接持有公司 5.69%的股份， 中国国籍， 男，无境外永久居留权，身份证号为：320421196006******，住址为江苏省常 州市武进区******，未在公司担任职务。 2、合计持有发行人 5%以上股份的毅达创投、现代创投、中小企业基金 截至本招股说明书签署日，毅达创投、 现代创投、 中小企业基金分别持有 公司 3.26%的股份，合计持有公司 9.78%股份。其中，毅达创投、中小企业基 金的基金管理人为江苏毅达，现代创投的基金管理人为南京毅达， 该等基金管 理人由南京毅达资本管理企业 （有限合伙） 的合伙人应文禄、 周春芳、 尤劲柏、 史云中、樊利平、黄韬实际控制。毅达创投、现代创投、中小企业基金的基本 情况如下： （1）江苏毅达成果创新创业投资基金（有限合伙） 1）基本情况,https://www.bse.cn/disclosure/2024/2024-09-06/1725619244_825140.pdf,data/source_texts/920099_W3-2024-BSE014_920099.txt,,待人工回原文页确认
W13-920099-012,920099,瑞华技术,equity_snapshot,股权快照,41,股本结构,6,,,40 股,21.05%,2,中,保留为Auto候选,,"1-1-40 股份的主要股东的股份不存在涉诉、质押、冻结或其他有争议的情况。 （四） 控股股东、实际控制人所控制的其他企业情况 截至本招股说明书签署日，除发行人及其子公司外，公司控股股东、实际 控制人徐志刚没有控制其他企业。 五、 发行人股本情况 （一） 本次发行前后的股本结构情况 本次发行前公司总股本为 5,999.9998 万股，本次拟公开发行不超过 1,600 万股股票（ 含本数，未考虑超额配售选择权的情况下），占发行后总股本的 21.05%， 社会公众股东持有的股份占公司本次公开发行后股份总数的比例不低 于 25%。本次发行全部为新股发行，公司原股东不公开发售股份。 本次发行前后，公司股本结构如下： 序 号 股东 发行前 发行后 持股数 （股） 持股比例 （%） 持股数 （股） 持股比例 （%） 1 徐志刚 32,124,784 53.54 32,124,784 42.27 2 奚慧克 3,413,966 5.69 3,413,966 4.49 3 张晶 2,513,967 4.19 2,513,967 3.31 4 和成刚 2,152,500 3.59 2,152,500 2.83 5 毅达创投 1,955,306 3.26 1,955,306 2.57 6 现代创投 1,955,306 3.26 1,955,306 2.57 7 中小企业基金 1,955,306 3.26 1,955,306 2.57 8 中信建投投资 1,676,445 2.7",https://www.bse.cn/disclosure/2024/2024-09-06/1725619244_825140.pdf,data/source_texts/920099_W3-2024-BSE014_920099.txt,,待人工回原文页确认
W13-920099-013,920099,瑞华技术,equity_snapshot,股权快照,70,持股比例,2,,,,25.00%,0,低,保留为Auto候选,,众投资者道歉； 发行人有权将本人应该用于实施增持股票计划相等金额的 应付现金分红予以扣留或扣减； 本人持有的发行人股份将不得转让直至本人按 照承诺采取稳定股价措施并实施完毕时为止， 因继承、 被强制执行、 为履行保 护投资者利益承诺等必须转让股份的情形除外。’ 若公司本次公开发行股票后社会公众股东持股比例为 25.00%， 导致公司、 控股股东、 实际控制人、 在公司任职并领取薪酬的非独立董事、 高级管理人员 履行回购股份或增持公司股份时公司公众股东持股比例低于 25.00%，从而导 致公司不符合法定上市条件的，则公司、控股股东、实际控制人、在公司任职 并领取薪酬的非独立董事、高级管理人员无需履行增持或回购的承诺。” （2）发行人承诺 “1、本公司已了解并知悉《常州瑞华化工工程技术股份有限公司向不特 定合格投资者公开发行股票并在北京证券交易所上市后三年内稳定股价的预 案》的全部内容，并将努力保持公司股价稳定； 2、本公司将遵守和执行《常州瑞华化工工程技术股份有限公司向不特定 合格投资者公开发行股票并在北京证券交易所上市后三年内稳定股价的预案》 的内容， 根据该预案及相关法律、 法规及规范性文件的规定履行回购股票等相 关义务，并承担相应的法律责任。” （3）控股股东、实际控制人承诺 “1、本人已了解并知悉《常州瑞华化工工程技术股份有限公司向不特定,https://www.bse.cn/disclosure/2024/2024-09-06/1725619244_825140.pdf,data/source_texts/920099_W3-2024-BSE014_920099.txt,,待人工回原文页确认
W13-920099-014,920099,瑞华技术,equity_snapshot,股权快照,77,持股比例,1,,,,,0,低,保留为Auto候选,,补回报措施相关责任主体之一， 本人若违反上述承诺或拒不履行上 述承诺， 本人愿意按照中国证监会和北京证券交易所的有关规定承担相应的法 律责任。” 8、利润分配政策的承诺 （1）发行人承诺 “1、公司向不特定合格投资者公开发行股票并在北京证券交易所上市完 成前滚存的未分配利润由发行后新老股东按照持股比例共同享有，如因国家财 会政策调整而相应调整前述未分配利润数额，以调整后的数额为准； 2、为进一步细化股利分配政策，增加股利分配策略透明度和可操作性， 便于股东对公司经营和分配进行监督， 公司已制定适用于本公司实际情形的北 交所上市后利润分配政策， 并在北交所上市后适用的 《常州瑞华化工工程技术 股份有限公司章程 （草案） 》 《常州瑞华化工工程技术股份有限公司向不特定合 格投资者公开发行股票并在北京证券交易所上市后三年内股东分红回报规划》 中予以体现。 公司在北交所上市后将严格遵守并执行 《常州瑞华化工工程技术 股份有限公司章程 （草案） 》 《常州瑞华化工工程技术股份有限公司向不特定合 格投资者公开发行股票并在北京证券交易所上市后三年内股东分红回报规划》 规定的利润分配政策。” （2）控股股东、实际控制人徐志刚承诺,https://www.bse.cn/disclosure/2024/2024-09-06/1725619244_825140.pdf,data/source_texts/920099_W3-2024-BSE014_920099.txt,,待人工回原文页确认
W13-920099-015,920099,瑞华技术,equity_snapshot,股权快照,175,持股比例,1,,,,53.54%,0,低,保留为Auto候选,,"解、 聚苯乙烯等大型工业化项目 亦有技术创新贡献，作为主 要发明人申请技术领域专利 10 余项， 为公司技术研发做 出重要贡献。 （2）核心技术人员持有发行人的股份情况、对外投资情况及兼职情况 截至本招股说明书签署日，公司核心技术人员持有公司股份情况如下： 序号 姓名 持股方式 持股数（股） 持股比例 1 徐志刚 直接持股 32,124,784 53.54% 2 和成刚 直接持股 2,152,500 3.59% 3 吴非克 直接持股 1,005,587 1.68% 4 周海燕 直接持股 670,367 1.12% 截至本招股说明书签署日，除直接或间接持有公司及其下属子公司股份 外，公司核心技术人员没有直接对外投资及兼职情况。",https://www.bse.cn/disclosure/2024/2024-09-06/1725619244_825140.pdf,data/source_texts/920099_W3-2024-BSE014_920099.txt,,待人工回原文页确认
W13-920099-016,920099,瑞华技术,fund_filing,基金备案,38,基金备案,4,2015 年 8 月 17 日,,,2.57%,2,中,保留为Auto候选,,"2,573.03 2.57% 11 符冠华 有限合伙人 2,573.03 2.57% 12 谷俊 有限合伙人 2,573.03 2.57% 13 林敏 有限合伙人 2,573.03 2.57% 小计 77,272.44 77.27% 合计 100,000.00 100.00% 3）私募基金备案登记情况 毅达创投于 2015 年 8 月 17 日在中国证券投资基金业协会办理了私募投 资基金备案， 基金编号为S67953， 基金类型为创业投资基金， 管理人为江苏毅 达，于 2014 年 4 月 29 日在中国证券投资基金业协会完成了私募基金管理人登 记，登记编号为 P1001459。 （2）江苏省现代服务业发展创业投资基金（有限合伙） 1）基本情况",https://www.bse.cn/disclosure/2024/2024-09-06/1725619244_825140.pdf,data/source_texts/920099_W3-2024-BSE014_920099.txt,,待人工回原文页确认
W13-920099-017,920099,瑞华技术,fund_filing,基金备案,40,基金备案,4,2016 年 12 月 19 日,,,24.44%,1,中,保留为Auto候选,,"% 3 国家中小企业发展基金有限公司 有限合伙人 110,000.00 24.44% 4 江苏省政府投资基金（有限合伙） 有限合伙人 67,500.00 15.00% 5 太平财产保险有限公司 有限合伙人 24,000.00 5.33% 合计 450,000.00 100.00% 3）私募基金备案登记情况 中小企业基金于 2016 年 12 月 19 日在中国证券投资基金业协会办理了私 募投资基金备案，基金编号为 SR1700，基金类型为创业投资基金，管理人为 江苏毅达，于 2014 年 4 月 29 日在中国证券投资基金业协会完成了私募基金管 理人登记，登记编号为 P1001459。 （三） 发行人的股份存在涉诉、质押、冻结或其他有争议的情况 截至本招股说明书签署日，控股股东、实际控制人及持有发行人 5%以上",https://www.bse.cn/disclosure/2024/2024-09-06/1725619244_825140.pdf,data/source_texts/920099_W3-2024-BSE014_920099.txt,,待人工回原文页确认
W13-920099-018,920099,瑞华技术,fund_filing,基金备案,39,基金备案,4,2015 年 7 月 9 日,,,1.89%,1,中,保留为Auto候选,,"000.00 1.89% 11 姜红辉 有限合伙人 3,000.00 1.89% 12 蒋万建 有限合伙人 3,000.00 1.89% 13 朱鹏飞 有限合伙人 3,000.00 1.89% 小计 112,125.00 70.74% 合计 158,500.00 100.00% 3）私募基金备案登记情况 现代创投于 2015 年 7 月 9 日在中国证券投资基金业协会办理了私募投资 基金备案，基金编号为 S62435，基金类型为创业投资基金，管理人为南京毅 达，于 2016 年 8 月 15 日在中国证券投资基金业协会完成了私募基金管理人登",https://www.bse.cn/disclosure/2024/2024-09-06/1725619244_825140.pdf,data/source_texts/920099_W3-2024-BSE014_920099.txt,,待人工回原文页确认
W13-920099-019,920099,瑞华技术,special_rights,特殊投资条款,44,对赌,12,2022 年 7 月 4 日,,,,0,中,保留为Auto候选,,购要求的，甲方应当在乙方书面通知发 出之日起 30 日内按照相关交易场所交易规则的规定，将上述股权转让价款通 过场内或场外支付至乙方指定账户。 乙方应同时依相关交易场所交易规则规定 配合办理股权转让的变更手续。” 2022 年 7 月 4 日、2023 年 1 月 5 日再次签署的补充协议分别是把对赌时 点（申报 IPO 审核材料并获得受理）修改为 2022 年 12 月 31 日、2023 年 3 月 31 日，其他条款不变。 上述对赌协议条款符合《监管规则适用指引——发行类第 4 号》4-3 关于 对赌协议的规定，具体分析如下：（1）对赌协议仅为公司股东之间的对赌安 排，公司不作为对赌协议当事人，符合发行人不作为对赌协议当事人的规定； （2）股权回购不会导致公司控制权发生变化，符合对赌协议不存在可能导致 公司控制权变化的规定；（3）对赌协议以公司未能在 2023 年 3 月 31 日申报 IPO 审核材料并获得受理为实际控制人徐志刚回购义务触发条款， 符合对赌协 议不与市值挂钩的规定；（4）对赌协议未与公司盈利能力和业绩等与经营有 关的条件挂钩， 不存在严重影响发行人持续经营能力或者其他严重影响投资者 权益的情形。 2023 年 3 月 22 日，发行人已收到北京证券交易所出具的《受理通知书》 （编号：GF2023030003），对赌协议终止。 除上述情形外， 截至本招股说明书签署日， 公司不存在其他未披露的相关,https://www.bse.cn/disclosure/2024/2024-09-06/1725619244_825140.pdf,data/source_texts/920099_W3-2024-BSE014_920099.txt,,待人工回原文页确认
W13-920099-020,920099,瑞华技术,special_rights,特殊投资条款,42,对赌,1,2021 年 2 月,11.93 元,"1,676,445 股",2.79%,3,高,保留为Auto候选,,"系描述 1 毅达创投、现代创投、 中小企业基金 毅达创投、 中小企业基金的基金管理人为江苏毅达， 现 代创投的基金管理人为南京毅达，该等基金管理人由 南京毅达资本管理企业（有限合伙）的合伙人应文禄、 周春芳、尤劲柏、史云中、樊利平、黄韬实际控制 （四） 其他披露事项 1、实际控制人签订的对赌协议情况 2021 年 2 月，中信建投投资以 11.93 元/股价格通过大宗交易方式，从发 行人实际控制人徐志刚处受让 1,676,445 股股份，占比 2.79%。徐志刚与中信 建投投资于 2021 年 1 月签署了《徐志刚与中信建投投资有限公司关于常州瑞 华化工工程技术股份有限公司股份转让协议》（以下简称 “ 《股份转让协议》 ” ） 及补充协议，并于 2022 年 7 月 4 日、2023 年 1 月 5 日分别再次签署了补充协 议。 《股份转让协议》的主要条款如下： “第一条 股份转让",https://www.bse.cn/disclosure/2024/2024-09-06/1725619244_825140.pdf,data/source_texts/920099_W3-2024-BSE014_920099.txt,,待人工回原文页确认
W13-920099-021,920099,瑞华技术,special_rights,特殊投资条款,45,对赌,1,2014 年 2 月 27 日,"100,000,000.00 元",,100.00%,0,中,保留为Auto候选,,"1-1-44 对赌协议的安排。 六、 股权激励等可能导致发行人股权结构变化的事项 报告期内，公司不存在股权激励等可能导致发行人股权结构变化的事项。 七、 发行人的分公司、控股子公司、参股公司情况 （一） 控股子公司情况 √适用 □不适用 1. 常州瑞凯化工装备有限公司 子公司名称 常州瑞凯化工装备有限公司 成立时间 2014 年 2 月 27 日 注册资本 100,000,000.00 元 实收资本 100,000,000.00 元 注册地 常州市金坛区常瑞路 68 号 主要生产经营地 常州市金坛区常瑞路 68 号 主要产品或服务 主要产品包括脱氢反应器、氧化反应器、高温换热器、填 料函三联换热器、降隔膜蒸发器、激冷器等。 主营业务及其与发行人主 营业务的关系 针对瑞华技术 开发的工艺包所涉及的关键核心专利 专有 设备进行研发，并根据客户需求进行配套生产与销售。 股东构成及控制情况 瑞华技术持股 100.00% 最近一年及一期末总资产 2023 年末：40,002.27 万元 最近一年及一期末净资产 2023 年末：12,675.85 万元 最近一年及一期净利润 2023 年度：933.",https://www.bse.cn/disclosure/2024/2024-09-06/1725619244_825140.pdf,data/source_texts/920099_W3-2024-BSE014_920099.txt,,待人工回原文页确认
W13-920118-001,920118,太湖远大,capital_increase,增资认缴,42,增资,3,2022 年 4 月 20 日,,,,1,中,保留为Auto候选,,最低估值 2022 年 4 月 20 日，发行人、实 际控制人赵勇、俞丽琴、潘姝君 以及博创投资与凯路投资、成贤 投资、钱爱荣、俞华杰、徐琨、 于丽敏、 启诚慧投资、 惠畅投资、 冯越等 9 名股东（以下简称“外 部投资人” ） 签署了 《关于浙江太 湖远大新材料股份有限公司股权 转让补充协议 /增资补充协议之 终止协议》 （以下简称“ 《原终止 协议》 ” ）， 终止了原协议中的全部 特殊投资条款。 启诚慧投资、 惠畅投资、冯 越 公司、 赵勇、 俞 丽琴、潘姝君 2017 年 4 月 委派董事及监事、 资料提 供、后续增资及转让限 制、利润分红、业绩承诺 及补偿、赎回条款 成贤投资、钱 爱荣 公司、 赵勇、 俞 丽琴、潘姝君 2017 年 12 月 资料提供、 后续增资及转 让限制、利润分红、业绩 承诺及补偿、股份回购 凯路投资、成 贤投资、钱爱 荣、 俞华杰、 徐 琨、 于丽敏、 惠 畅投资、冯越 公司、 赵勇、 俞 丽琴、潘姝君、 博创投资 2022 年 4 月 股份回购条款 2022 年 8 月 28 日，太湖远大、 实际控制人赵勇、俞丽琴、潘姝 君以及博创投资与凯路投资、成 贤投资、 钱爱荣、 俞华杰、 徐琨、 于丽敏、惠畅投资、冯越等 8 名 股东签署了 《终止协议》 ， 解除了 《原终止协议》中关于股东之间 股份回购的约定，且不可恢复。,https://www.bse.cn/disclosure/2024/2024-08-09/1723199304_455800.pdf,data/source_texts/920118_W3-2024-BSE011_920118.txt,,待人工回原文页确认
W13-920118-002,920118,太湖远大,capital_increase,增资认缴,34,定向发行,4,2022 年 12 月 24 日,人民币 12.00 元,"1,976,400 股",,0,中,保留为Auto候选,,"，公司的股票交易方式为集合竞价，公司自股票挂牌之日起，股票 交易方式未发生过变更。 （八） 报告期内发行融资情况 报告期内，公司共有 1 次股票发行，具体情况如下： 2022 年 12 月 24 日， 公司2022 年第四次临时股东大会审议通过 《关于<浙江太湖远大新材料 股份有限公司股票定向发行说明书>的议案》 ， 同意公司发行股票不超过1,976,400 股 （含1,976,400 股），每股价格为人民币 12.00 元，募集资金不超过 23,716,800 元（含本数）。发行对象合计 67 名，其中公司董事、监事、高级管理人员 3 名，公司核心员工 52 名，合格投资者 12 名。 2023 年 1 月 13 日，本次定向发行取得全国中小企业股份转让系统有限责任公司出具的《关 于对浙江太湖远大新材料股份有限公司股票定向发行无异议的函》（股转函[2023]107 号）。 2023 年 2 月 23 日，公证天业会计师事务所（特殊普通合伙）出具《验资报告》（苏公 W[2023]B009 号），对上述定向发行情况进行了审验，确认公司收到货币出资2,371.68 万元，其 中新增股本 197.64 万股，扣除发行费用后的余额计入资本公积。 截至本招股说明书签署日，上述募集资金已使用完毕。 （九） 报告期内重大资产重组情况 报告期内，公司不存在重大资产重组情况。 （十） 报告期内控制权变动情况 公司控股股东及实际控制人均为赵勇、 俞丽琴及潘姝君。 报告期内， 公司控制权未发生变化。 （",https://www.bse.cn/disclosure/2024/2024-08-09/1723199304_455800.pdf,data/source_texts/920118_W3-2024-BSE011_920118.txt,,待人工回原文页确认
W13-920118-003,920118,太湖远大,capital_increase,增资认缴,33,定向发行,1,,"1,003.40 万元",,,0,中,保留为Auto候选,,"11 月 17 日，全国股转系统挂牌公司管理一部出具了《关于对浙江太湖远大新材料股 份有限公司及相关责任主体采取口头警示的送达通知》，因公司前次募集资金中 1,003.40 万元变 更用于偿还银行贷款，该变更募集资金用途行为发生时未履行审议程序并及时披露，公司违反了 《全国中小企业股份转让系统股票定向发行规则》，公司董事长俞丽琴、董事会秘书兼财务负责 人夏臣科违反了《全国中小企业股份转让系统业务规则（试行）》，对太湖远大、董事长俞丽琴、 董事会秘书兼财务负责人夏臣科采取口头警示的自律监管措施。 上述措施不属于行政处罚、公开谴责，不构成重大违法违规，不会导致发行人不符合发行上 市条件。 （四） 终止挂牌情况 □适用 √不适用 （五） 主办券商及其变动情况 公司主办券商为招商证券股份有限公司，公司挂牌至今未发生过主办券商变更的情况。 （六） 报告期内年报审计机构及其变动情况 报告期内，公司的年报审计机构为公证天业会计师事务所（特殊普通合伙），未发生变更。",https://www.bse.cn/disclosure/2024/2024-08-09/1723199304_455800.pdf,data/source_texts/920118_W3-2024-BSE011_920118.txt,,待人工回原文页确认
W13-920118-004,920118,太湖远大,capital_increase,增资认缴,30,认购,1,,,,,0,低,保留为Auto候选,,"1-1-30 本次发行过程中出现认购数量不足、发行后公司市值未达到上市条件等情形，则将导致本次发行 失败。 （二）募投项目实施不及预期风险、新增产能消化风险和收益不及预期风险 本次募集资金投资项目“特种线缆用环保型高分子材料产业化扩建项目 ”拟新增 4 套生产 线，其中 500kV 及以下过氧化物可交联电缆料生产线设备 1 套，35kV 及以下过氧化物可交联电 缆料生产线设备 1 套， 新能源特种材料生产线设备2 套。 项目达成后， 每年将新增500kV 及以下 过氧化物可交联电缆料 20,000 吨，35kV 及以下过氧化物可交联电缆料 12,000 吨，新能源特种材 料 38,000 吨的产能。 目前公司尚不具备 110kV、220kV、500kV 等高压及超高压过氧化物可交联电缆料的生产能 力，相关核心技术尚在研发之中，而该产品要求的技术水平较高，若公司未来无法按照计划成功 研发 110kV、220kV、500kV 等高压及超高压过氧化物可交联电缆料，或相关产品规模化生产不 及预期，或新产品市场开拓情况不及预期，则会导致上述项目无法实现预期收益。高压及超高压 过氧化物可交联电缆料要求绝缘材料必须具有较高的电气稳定性和可靠性， 即便是微小的杂质也",https://www.bse.cn/disclosure/2024/2024-08-09/1723199304_455800.pdf,data/source_texts/920118_W3-2024-BSE011_920118.txt,,待人工回原文页确认
W13-920118-005,920118,太湖远大,capital_increase,增资认缴,89,增资,1,,,,,0,低,保留为Auto候选,,》 全国人大 2021 年 优化国内能源结构，提高新能源的比重，建设智 慧电网和超远距离电力输送网。 3 《中国光电线缆及光器 件行业“十四五”发展 规划》 中国电子元件行 业协会光电线缆 及光器件分会 2021 年 “一带一路”“中国制造 2025”等政策带动绝缘 和护套材料市场需求增资；新基建、新能源、电 动汽车、核电装备等领域发展推动行业高端市场 持续增长。 4 《2030 年前碳达峰行 动方案》 国务院 2021 年 全面推进风电、太阳能发电大规模开发和高质量 发展，坚持集中式与分布式并举，加快建设风电 和光伏发电基地。 5 《中国电线电缆行业 “十四五”发展指导意 见》 中国电器工业协 会电线电缆分会 2021 年 随着国家构建清洁低碳以新能源为主的电力系 统、工业、建筑、交通等领域绿色环保战略的实 施，作为国民经济建设基础的电线电缆行业总体,https://www.bse.cn/disclosure/2024/2024-08-09/1723199304_455800.pdf,data/source_texts/920118_W3-2024-BSE011_920118.txt,,待人工回原文页确认
W13-920118-006,920118,太湖远大,equity_transfer,股权转让,42,股份回购,3,2017 年 4 月,,,,1,中,保留为Auto候选,,公司、 赵勇、 俞 丽琴、潘姝君 2017 年 4 月 委派董事及监事、 资料提 供、后续增资及转让限 制、利润分红、业绩承诺 及补偿、赎回条款 成贤投资、钱 爱荣 公司、 赵勇、 俞 丽琴、潘姝君 2017 年 12 月 资料提供、 后续增资及转 让限制、利润分红、业绩 承诺及补偿、股份回购 凯路投资、成 贤投资、钱爱 荣、 俞华杰、 徐 琨、 于丽敏、 惠 畅投资、冯越 公司、 赵勇、 俞 丽琴、潘姝君、 博创投资 2022 年 4 月 股份回购条款 2022 年 8 月 28 日，太湖远大、 实际控制人赵勇、俞丽琴、潘姝 君以及博创投资与凯路投资、成 贤投资、 钱爱荣、 俞华杰、 徐琨、 于丽敏、惠畅投资、冯越等 8 名 股东签署了 《终止协议》 ， 解除了 《原终止协议》中关于股东之间 股份回购的约定，且不可恢复。,https://www.bse.cn/disclosure/2024/2024-08-09/1723199304_455800.pdf,data/source_texts/920118_W3-2024-BSE011_920118.txt,,待人工回原文页确认
W13-920118-007,920118,太湖远大,equity_transfer,股权转让,11,股份转让,2,,,,,1,低,排除为转让系统语境,页面仅出现全国股转系统/公开转让，未出现明确转让方、受让方或回购主体,有限合伙）、成贤一期（海南） 创业投资合伙企业（有限合伙），系太湖远大股东 本次公开发行、本次发行 指 发行人向不特定合格投资者公开发行股票 本次发行上市 指 发行人向不特定合格投资者公开发行股票并在北京证券交易所 上市 中国证监会 指 中国证券监督管理委员会 全国股转公司 指 全国中小企业股份转让系统有限责任公司 全国股转系统、新三板 指 全国中小企业股份转让系统 中登北京 指 中国证券登记结算有限责任公司北京分公司 全国人大 指 中华人民共和国全国人民代表大会 国务院 指 中华人民共和国国务院 国家发改委 指 中华人民共和国国家发展和改革委员会 工信部 指 中华人民共和国工业和信息化部 科技部 指 中华人民共和国科学技术部 财政部 指 中华人民共和国财政部 统计局 指 中华人民共和国国家统计局 生态环境部 指 中华人民共和国生态环境部 应急管理部 指 中华人民共和国应急管理部 保荐机构、主承销商、招 商证券、保荐人 指 招商证券股份有限公司 发行人律师 指 北京大成律师事务所 审计机构、 会计师事务所、 公证天业 指 公证天业会计师事务所（特殊普通合伙） 《公司法》 指 《中华人民共和国公司法》 《证券法》 指 《中华人民共和国证券法》 《公司章程》 指 《浙江太湖远大新材料股份有限公司章程》 《公司章程（草案）》 指 《浙江太湖远大新材料股份有限公司章程（草案）》，发行人 本次发行上市后生效适用 《股东大会议事规则》 指 《浙江太湖远大新材料股份有限公司股东大会议事规,https://www.bse.cn/disclosure/2024/2024-08-09/1723199304_455800.pdf,data/source_texts/920118_W3-2024-BSE011_920118.txt,,待人工回原文页确认
W13-920118-008,920118,太湖远大,equity_transfer,股权转让,34,股份转让,1,2023 年 1 月 13 日,人民币 12.00 元,0 股,,0,低,排除为转让系统语境,页面仅出现全国股转系统/公开转让，未出现明确转让方、受让方或回购主体,"0 股 （含1,976,400 股），每股价格为人民币 12.00 元，募集资金不超过 23,716,800 元（含本数）。发行对象合计 67 名，其中公司董事、监事、高级管理人员 3 名，公司核心员工 52 名，合格投资者 12 名。 2023 年 1 月 13 日，本次定向发行取得全国中小企业股份转让系统有限责任公司出具的《关 于对浙江太湖远大新材料股份有限公司股票定向发行无异议的函》（股转函[2023]107 号）。 2023 年 2 月 23 日，公证天业会计师事务所（特殊普通合伙）出具《验资报告》（苏公 W[2023]B009 号），对上述定向发行情况进行了审验，确认公司收到货币出资2,371.68 万元，其 中新增股本 197.64 万股，扣除发行费用后的余额计入资本公积。 截至本招股说明书签署日，上述募集资金已使用完毕。 （九） 报告期内重大资产重组情况 报告期内，公司不存在重大资产重组情况。 （十） 报告期内控制权变动情况 公司控股股东及实际控制人均为赵勇、 俞丽琴及潘姝君。 报告期内， 公司控制权未发生变化。 （十一） 报告期内股利分配情况 2020 年 6 月 20 日， 太湖远大召开2019 年年度股东大会并作出决议， 审议通过了 《关于2019",https://www.bse.cn/disclosure/2024/2024-08-09/1723199304_455800.pdf,data/source_texts/920118_W3-2024-BSE011_920118.txt,,待人工回原文页确认
W13-920118-009,920118,太湖远大,equity_transfer,股权转让,43,股份回购,2,2022 年 4 月,"8,000,000 元",,,1,高,保留为Auto候选,,"1-1-43 启诚慧投资 公司、 赵勇、 俞 丽琴、潘姝君、 博创投资 2022 年 4 月 股份回购条款 2024 年 1 月 23 日，太湖远大、 实际控制人赵勇、俞丽琴、潘姝 君以及博创投资与启诚慧投资签 署了 《终止协议》 ， 解除了 《原终 止协议》中关于股东之间股份回 购的约定，且不可恢复。 如上表所示，博创投资与凯路投资、成贤投资、钱爱荣、俞华杰、徐琨、于丽敏、惠畅投资、 冯越等 8 名外部投资人均于 2022 年 8 月与公司实际控制人赵勇、俞丽琴、潘姝君终止了关于股 份回购的特殊权利约定，且不可恢复。启诚慧投资于 2024 年 1 月与公司实际控制人赵勇、俞丽 琴、潘姝君终止了关于股份回购的特殊权利约定，且不可恢复。 截至本招股说明书签署之日，公司、公司实际控制人与股东之间的特殊投资条款已全部彻底 终止且自始无效。 七、 发行人的分公司、控股子公司、参股公司情况 （一） 控股子公司情况 √适用 □不适用 1. 子公司名称 湖州远大复合材料有限责任公司 成立时间 2019 年 11 月 1 日 注册资本 8,000,000 元 实收资本 8,000,000 元 注册地 浙江省湖州市长兴县和平镇城南工业功能区 主要生产经营地 浙江省湖州市长兴县和平镇城南工业功能区 主",https://www.bse.cn/disclosure/2024/2024-08-09/1723199304_455800.pdf,data/source_texts/920118_W3-2024-BSE011_920118.txt,,待人工回原文页确认
W13-920118-010,920118,太湖远大,equity_transfer,股权转让,33,股份转让,2,2023 年 11 月 17 日,"1,003.40 万元",,,0,低,排除为转让系统语境,页面仅出现全国股转系统/公开转让，未出现明确转让方、受让方或回购主体,"2023 年 11 月 17 日，全国股转系统挂牌公司管理一部出具了《关于对浙江太湖远大新材料股 份有限公司及相关责任主体采取口头警示的送达通知》，因公司前次募集资金中 1,003.40 万元变 更用于偿还银行贷款，该变更募集资金用途行为发生时未履行审议程序并及时披露，公司违反了 《全国中小企业股份转让系统股票定向发行规则》，公司董事长俞丽琴、董事会秘书兼财务负责 人夏臣科违反了《全国中小企业股份转让系统业务规则（试行）》，对太湖远大、董事长俞丽琴、 董事会秘书兼财务负责人夏臣科采取口头警示的自律监管措施。 上述措施不属于行政处罚、公开谴责，不构成重大违法违规，不会导致发行人不符合发行上 市条件。 （四） 终止挂牌情况 □适用 √不适用 （五） 主办券商及其变动情况 公司主办券商为招商证券股份有限公司，公司挂牌至今未发生过主办券商变更的情况。 （六） 报告期内年报审计机构及其变动情况 报告期内，公司的年报审计机构为公证天业会计师事务所（特殊普通合伙），未发生变更。",https://www.bse.cn/disclosure/2024/2024-08-09/1723199304_455800.pdf,data/source_texts/920118_W3-2024-BSE011_920118.txt,,待人工回原文页确认
W13-920118-011,920118,太湖远大,equity_transfer,股权转让,59,大宗交易,1,,,,,0,低,保留为Auto候选,,际控制人承诺如下： “1、 在本人所持发行人股份的锁定期届满后， 如本人计划减持， 本人将严格遵守 《中华人民 共和国公司法》《中华人民共和国证券法》《北京证券交易所股票上市规则（试行）》等规范性 文件中关于股份减持的规定，具体方式如下： （1） 减持方式： 包括但不限于二级市场竞价交易方式、 大宗交易方式、 协议转让等监管机构 认可的方式； （2） 减持价格： 本人减持所持有的发行人股份的价格将结合当时的二级市场价格和交易方式 等确定；若本人持有的发行人股份在锁定期届满后2 年内减持的，本人承诺减持价格不低于本次 发行并上市的股票发行价格（如发生派息、送股、资本公积转增股本等除权除息事项的，则减持 价格应不低于经相应调整后的发行价格）； （3） 减持期限： 本人将根据届时证券市场情况、 本人资金需求、 投资安排等各方面因素确定 减持计划，择机进行减持； （4） 减持信息披露： 本人如减持发行人股份， 将严格遵守中国证券监督管理委员会、 北京证 券交易所的规则及时、准确地履行报告、预先披露及信息披露义务。 2、具有下列情形之一的，本人不减持所持有的发行人股份： （1） 发行人或本人因涉嫌证券期货违法犯罪， 在被中国证监会及其派出机构立案调查或者被 司法机关立案侦查期间，以及在行政处罚决定、刑事判决作出之后未满6 个月的； （2）本人因违反北京证券交易所业务规则，被公开谴责未满3 个月的； （3）中国证券监督管理委员会及北京证券交易所规定的其他情形。 本人通过北京证券交易所和全国股转系统的竞价或做市交,https://www.bse.cn/disclosure/2024/2024-08-09/1723199304_455800.pdf,data/source_texts/920118_W3-2024-BSE011_920118.txt,,待人工回原文页确认
W13-920118-012,920118,太湖远大,equity_transfer,股权转让,60,大宗交易,1,,,,,0,低,保留为Auto候选,,司股东俞华杰、于丽敏承诺如下： “1、 在公司本次发行并上市后， 如本人计划减持， 本人将严格遵守 《中华人民共和国公司法》 《中华人民共和国证券法》《北京证券交易所股票上市规则（试行）》等规范性文件中关于股份 减持的规定，具体方式如下： （1） 减持方式： 包括但不限于二级市场竞价交易方式、 大宗交易方式、 协议转让等监管机构 认可的方式； （2） 减持价格： 本人减持所持有的发行人股份的价格将结合当时的二级市场价格和交易方式 等确定； （3） 减持期限： 本人将根据届时证券市场情况、 本人资金需求、 投资安排等各方面因素确定 减持计划，择机进行减持； （4） 减持信息披露： 本人如减持发行人股份， 将严格遵守中国证券监督管理委员会、 北京证 券交易所的规则及时、准确地履行报告、预先披露及信息披露义务。 2、具有下列情形之一的，本人不减持所持有的发行人股份： （1） 发行人或本人因涉嫌证券期货违法犯罪， 在被中国证监会及其派出机构立案调查或者被 司法机关立案侦查期间，以及在行政处罚决定、刑事判决作出之后未满6 个月的； （2）本人因违反北京证券交易所业务规则，被公开谴责未满3 月的； （3）中国证券监督管理委员会及北京证券交易所规定的其他情形。 本人通过北京证券交易所和全国股转系统的竞价或做市交易买入发行人股份，不适用前款承 诺。 3、 本承诺出具后， 如有新的法律法规和规范性文件及北京证券交易所规则的要求与本承诺内 容不一致的，本人将按新的要求执行本承诺事项。”,https://www.bse.cn/disclosure/2024/2024-08-09/1723199304_455800.pdf,data/source_texts/920118_W3-2024-BSE011_920118.txt,,待人工回原文页确认
W13-920118-013,920118,太湖远大,equity_transfer,股权转让,61,大宗交易,1,,,,,0,低,保留为Auto候选,,创投资、成贤投资承诺如下： “1、 在公司本次发行并上市后， 如本企业计划减持， 本企业将严格遵守 《中华人民共和国公 司法》《中华人民共和国证券法》《北京证券交易所股票上市规则（试行）》等规范性文件中关 于股份减持的规定，具体方式如下： （1） 减持方式： 包括但不限于二级市场竞价交易方式、 大宗交易方式、 协议转让等监管机构 认可的方式； （2） 减持价格： 本企业减持所持有的发行人股份的价格将结合当时的二级市场价格和交易方 式等确定； （3） 减持期限： 本企业将根据届时证券市场情况、 本企业资金需求、 投资安排等各方面因素 确定减持计划，择机进行减持； （4） 减持信息披露： 本企业如减持发行人股份， 将严格遵守中国证券监督管理委员会、 北京 证券交易所的规则及时、准确地履行报告、预先披露及信息披露义务。 2、具有下列情形之一的，本企业不减持所持有的发行人股份： （1） 发行人或本企业因涉嫌证券期货违法犯罪， 在被中国证监会及其派出机构立案调查或者 被司法机关立案侦查期间，以及在行政处罚决定、刑事判决作出之后未满6 个月的； （2）本企业因违反北京证券交易所业务规则，被公开谴责未满3 月的； （3）中国证券监督管理委员会及北京证券交易所规定的其他情形。 本企业通过北京证券交易所和全国股转系统的竞价或做市交易买入发行人股份，不适用前款 承诺。 3、 本承诺出具后， 如有新的法律法规和规范性文件及北京证券交易所规则的要求与本承诺内 容不一致的，本企业将按新的要求执行本承诺事项。” （4）公司,https://www.bse.cn/disclosure/2024/2024-08-09/1723199304_455800.pdf,data/source_texts/920118_W3-2024-BSE011_920118.txt,,待人工回原文页确认
W13-920118-014,920118,太湖远大,equity_snapshot,股权快照,37,持股比例,3,2017 年 1 月 24 日,,"3,333,600 股",1.50%,2,高,保留为Auto候选,,"1,000,000 1.50% 合计 66,500,000 66,500,000 100.00% 3、 于丽敏女士与成贤投资： 于丽敏和成贤投资实际控制人于国庆为兄妹关系， 故于丽敏与成 贤投资为一致行动人， 截至本招股说明书签署日， 于丽敏女士与成贤投资合计持有公司3,333,600 股，合计持股比例为 7.65%。 （1）于丽敏女士：中国国籍，无境外永久居留权，身份证号码为 220211197812******，未 在公司任职。截至本招股说明书签署日，于丽敏直接持有公司 1,800,000 股，持股比例为 4.13%。 （2）成贤投资： 截至本招股说明书签署日， 成贤投资直接持有公司1,533,600 股， 持股比例为3.52%， 其基本 情况如下： 名称 南京成贤一期创业投资合伙企业（有限合伙） 成立时间 2017 年 1 月 24 日 类型 有限合伙企业 统一社会信用代码 91320594MA1NC5690D 法定代表人或执行事务合伙人 英豪（海南）创业投资有限公司（委派代表：张友芳）",https://www.bse.cn/disclosure/2024/2024-08-09/1723199304_455800.pdf,data/source_texts/920118_W3-2024-BSE011_920118.txt,,待人工回原文页确认
W13-920118-015,920118,太湖远大,equity_snapshot,股权快照,38,持股比例,1,,,"2,202,400 股",100.00%,1,中,保留为Auto候选,,",000,000 112,000,000 100.00% 4、 博创投资及夏臣科： 夏臣科为博创投资执行事务合伙人， 同时夏臣科及其配偶合计持有博 创投资 34.10%的份额，故夏臣科与博创投资为一致行动人， 截至本招股说明书签署日，夏臣科先 生与博创投资合计持有公司 2,202,400 股，合计持股比例为 5.05%。 （1）夏臣科先生：中国国籍，无境外永久居留权，身份证号码为 330702197310******，现 任公司董事、副总经理、财务负责人、董事会秘书。截至本招股说明书签署日，夏臣科直接持有",https://www.bse.cn/disclosure/2024/2024-08-09/1723199304_455800.pdf,data/source_texts/920118_W3-2024-BSE011_920118.txt,,待人工回原文页确认
W13-920118-016,920118,太湖远大,equity_snapshot,股权快照,36,持股比例,2,2015 年 10 月 10 日,,"5,400,000 股",5%,3,高,保留为Auto候选,,"、俞丽琴及潘姝君外，公司其他持 有发行人 5%以上股份的股东为俞华杰、凯路投资、于丽敏及成贤投资、博创投资及夏臣科。 1、俞华杰先生：中国国籍，无境外永久居留权，身份证号码为 330222196806******，未在 公司任职。截至本招股说明书签署日，俞华杰直接持有公司 5,400,000 股，持股比例为 12.39%。 2、凯路投资 截至本招股说明书签署日， 凯路投资直接持有公司3,600,000 股， 持股比例为8.26%， 其基本 情况如下： 名称 南京凯路一期股权投资合伙企业（有限合伙） 成立时间 2015 年 10 月 10 日 类型 有限合伙企业 统一社会信用代码 91320100MA1M9A0N3J 法定代表人或执行事务合伙人 江苏鑫泽创业投资有限公司（委派代表：彭海柱） 住所或主要经营场所 南京市溧水区和凤镇凤翔路 11 号 2 幢 C106 室 经营范围 一般项目： 以私募基金从事股权投资、 投资管理、 资产管",https://www.bse.cn/disclosure/2024/2024-08-09/1723199304_455800.pdf,data/source_texts/920118_W3-2024-BSE011_920118.txt,,待人工回原文页确认
W13-920118-017,920118,太湖远大,equity_snapshot,股权快照,5,持股比例,1,,"8,594.89 元",,,0,中,保留为Auto候选,,"人及 证券服务机构等作出的重要承诺以及未能履行承诺的约束措施，具体承诺事项详见本招股说明书 “第四节 发行人基本情况”之“九、重要承诺”相关内容。 三、本次发行前滚存未分配利润的分配安排 根据公司 2023 年第一次临时股东大会决议，公司公开发行股票前滚存的未分配利润由发行 完成后的新老股东按其持股比例共享。 四、特别风险提示 本公司提醒投资者认真阅读本招股说明书的“第三节 风险因素”部分，并特别注意下列事 项： （一）原材料价格波动风险 公司生产环保型线缆用高分子材料所需的主要原材料包括主材和辅材，主材包括 PE 树脂、 EV A树脂等， 辅材包括阻燃剂、 偶联剂、 抗氧剂等， 公司主要原材料价格与石油价格相关度较高， 受到国际热点事件、宏观经济周期、市场需求和汇率波动等因素的影响，价格存在一定波动。以 线性低密度聚乙烯为例，报告期各期市场算术平均价格（含税）分别为 8,594.89 元/吨、8,657.97 元/吨和 8,251.76 元/吨，波动较大。",https://www.bse.cn/disclosure/2024/2024-08-09/1723199304_455800.pdf,data/source_texts/920118_W3-2024-BSE011_920118.txt,,待人工回原文页确认
W13-920118-018,920118,太湖远大,equity_snapshot,股权快照,39,持股比例,2,2015 年 11 月 24 日,,"91,000 股",0.21%,5,高,保留为Auto候选,,"1-1-39 公司 91,000 股，持股比例为 0.21%。 （2）博创投资： 截至本招股说明书签署日，博创投资直接持有公司 2,111,400 股， 持股比例为4.84%， 其基本 情况如下： 名称 湖州博创投资管理中心（有限合伙） 成立时间 2015 年 11 月 24 日 类型 有限合伙企业 统一社会信用代码 91330522MA28C1YM28 法定代表人或执行事务合伙人 夏臣科 住所或主要经营场所 长兴县和平镇和平大道 1 号 经营范围 投资管理与咨询。 （除金融、 证券、 期货等国家控制类信 息及需前置审批的项目） 截至本招股说明书签署日，博创投资股权结构如下： 序号 股东（出资人） 认缴资本（元） 实缴资本（元） 持股（出资）比 例 1 夏臣科 16,000 16,000 0.43% 2 张月 2,000,000 2,000,000 53.28% 3 周燮君 1,264,000 1,264,000 33.67% 4 潘恒山 96,000 96,000 2.56% 5 莫建双 96,000 96,000 2.56% 6 陈瑞霞 48,000 48,000 1.28% 7 蒋佳鹏 32,000 32,000 0.8",https://www.bse.cn/disclosure/2024/2024-08-09/1723199304_455800.pdf,data/source_texts/920118_W3-2024-BSE011_920118.txt,,待人工回原文页确认
W13-920118-019,920118,太湖远大,equity_snapshot,股权快照,40,股本结构,6,2024 年 4 月 16 日,,"43,596,000 股",22.51%,0,中,保留为Auto候选,,"%以上股份或表决权的主 要股东直接或间接持有发行人的股份不存在涉诉、质押、冻结或其他有争议的情况。 （四） 控股股东、实际控制人所控制的其他企业情况 截至本招股说明书签署日，除发行人及其控股子公司外，控股股东、实际控制人未控制其他 企业。 五、 发行人股本情况 （一） 本次发行前后的股本结构情况 本次发行前公司股份总数为 43,596,000 股，本次拟公开发行股票不超过 7,300,000 股（未考 虑超额配售选择权的情况，含本数）。 根据中登北京出具的权益登记日为 2024 年 4 月 16 日的《前 200 名全体排名证券持有人名 册》，截至 2024 年 4 月 16 日，公司共有 149 名股东，本次发行前后的股本结构如下（未考虑超 额配售选择权的情况）： 序号 股东名称 本次发行前 本次发行后 持股数量 持股比例 持股数量 持股比例 1 赵勇 9,813,600 22.51% 9,813,600 19.28% 2 俞丽琴 7,875,000 18.06% 7,875,000 15.47% 3 俞华杰 5,400,000 12.39% 5,400,000 10.61% 4 凯路投资 3,600,000 8.26% 3,600,000 7.07% 5 博创投资 2,111,400 4.84% 2,111,400 4.15%",https://www.bse.cn/disclosure/2024/2024-08-09/1723199304_455800.pdf,data/source_texts/920118_W3-2024-BSE011_920118.txt,,待人工回原文页确认
W13-920118-020,920118,太湖远大,equity_snapshot,股权快照,41,前十名股东,2,,,,2.37%,0,低,保留为Auto候选,,"8,700 2.37% 11 现有其他股东 6,653,700 15.26% 6,653,700 13.07% 12 拟发行社会公众股东 - - 7,300,000 14.34% 合计 43,596,000 100.00% 50,896,000 100.00% （二） 本次发行前公司前十名股东情况 序号 股东姓名/名称 担任职务 持股数量（万 股） 限售数量（万 股） 股权比例 （%） 1 赵勇 董事、总经理 981.36 981.36 22.51 2 俞丽琴 董事长 787.50 787.50 18.06 3 俞华杰 - 540.00 540.00 12.39 4 凯路投资 - 360.00 - 8.26 5 博创投资 - 211.14 211.14 4.84 6 潘姝君 董事 180.00 180.00 4.13 7 于丽敏 - 180.00 - 4.13 8 徐琨 - 180.00 - 4.13 9 成贤投资 - 153.36 - 3.52 10 惠畅投资 - 120.87 - 2.77 11 现有其他股东 - 665.37 67.74 15.26 合计 - 4,359.60 2,767.74 100.00 （三） 主要股东间关联关系的具体情况 序号 关联方股东名称 关联关系描述 1 赵勇、俞丽琴、潘姝君 赵勇与俞丽琴系夫妻关系，赵勇与潘姝君系父 女关系，赵勇、俞丽琴及潘姝君系一致行动人 2 俞华杰、成贤投资 俞华杰和成贤投资合伙人俞国平为兄弟关系 3",https://www.bse.cn/disclosure/2024/2024-08-09/1723199304_455800.pdf,data/source_texts/920118_W3-2024-BSE011_920118.txt,,待人工回原文页确认
W13-920118-021,920118,太湖远大,equity_snapshot,股权快照,178,持股比例,1,2019 年 11 月 1 日,,,100%,0,中,保留为Auto候选,,1-1-178 序 号 子公司名称 注册资本 （万元） 持股比例 业务性质 取得方式 取得日期 1 湖州远大复合材 料有限责任公司 800.00 100% 制造业 投资设立 2019 年 11 月 1 日 报告期内，公司合并财务报表范围未发生变化。 四、 会计政策、估计 （一） 会计政策和会计估计 具体会计政策和会计估计提示： √适用 □不适用 披露内容已涵盖公司根据实际生产经营特点制定的具体会计政策和会计估计。 1. 金融工具 √适用 □不适用 金融工具是指形成一方的金融资产，并形成其他方的金融负债或权益工具的合同。 （1）金融工具的确认和终止确认 本公司于成为金融工具合同的一方时确认一项金融资产或金融负债。 金融资产满足下列条件之一的，予以终止确认： ①收取该金融资产现金流量的合同权利终止； ②该金融资产已转移，且本公司将金融资产所有权上几乎所有的风险和报酬转移给转入方； ③该金融资产已转移， 虽然本公司既没有转移也没有保留金融资产所有权上几乎所有的风险 和报酬，但是放弃了对该金融资产控制。 金融负债的现时义务全部或部分已经解除的，终止确认该金融负债或其一部分。本公司（债 务人）与债权人之间签订协议，以承担新金融负债方式替换现,https://www.bse.cn/disclosure/2024/2024-08-09/1723199304_455800.pdf,data/source_texts/920118_W3-2024-BSE011_920118.txt,,待人工回原文页确认
W13-920118-022,920118,太湖远大,fund_filing,基金备案,37,基金业协会,1,,,"3,333,600 股",60.15%,3,中,保留为Auto候选,,"1-1-37 理等活动（须在中国证券投资基金业协会完成登记备案 后方可从事经营活动） 截至本招股说明书签署日，凯路投资股权结构如下： 序号 股东（出资人） 认缴资本 （元） 实缴资本 （元） 持股（出资） 比例 1 杨锡久 40,000,000 40,000,000 60.15% 2 刘啸 12,000,000 12,000,000 18.05% 3 裴守刚 5,000,000 5,000,000 7.52% 4 深圳市青檬电子商务有限公司 5,000,000 5,000,000 7.52% 5 陈林趾 1,500,000 1,500,000 2.26% 6 毛明华 1,000,000 1,000,000 1.50% 7 肖玲 1,000,000 1,000,000 1.50% 8 江苏鑫泽创业投资有限公司 1,000,000 1,000,000 1.50% 合计 66,500,000 66,500,000 100.00% 3、 于丽敏女士与成贤投资： 于丽敏和成贤投资实际控制人于国庆为兄妹关系， 故于丽敏与成 贤投资为一致行动人， 截至本招股说明书签署日， 于丽敏女士与成贤投资合计持有公司3,333,600 股，合计持股比例为 7.6",https://www.bse.cn/disclosure/2024/2024-08-09/1723199304_455800.pdf,data/source_texts/920118_W3-2024-BSE011_920118.txt,,待人工回原文页确认
W13-920118-023,920118,太湖远大,special_rights,特殊投资条款,42,特殊投资条款,3,2015 年 11 月,,,,1,中,保留为Auto候选,,股说明书签署日，公司无其他披露事项。 六、 股权激励等可能导致发行人股权结构变化的事项 （一）公司本次公开发行申报前已经制定或实施的股权激励及相关安排情况 截至本招股说明书签署日，发行人不存在可能导致股权结构变化的已经制定或实施的股权激 励及相关安排等可能导致股权结构变化的事项。 （二）特殊投资条款协议及相关事项 发行人控股股东、实际控制人与投资者签署的特殊投资条款协议情况如下： 特殊权利享有 方 合同签署方 签署时间 涉及特殊条款情形 清理情况 钱爱荣、徐琨、 俞华杰、于丽 敏、凯路投资 公司、 赵勇、 俞 丽琴 2015 年 11 月 业绩承诺及补偿、 回购条 款、 赎回条款、 委派董事、 重大事项同意权、 优先购 买及股权出售、防稀释、 提供资料、最低估值 2022 年 4 月 20 日，发行人、实 际控制人赵勇、俞丽琴、潘姝君 以及博创投资与凯路投资、成贤 投资、钱爱荣、俞华杰、徐琨、 于丽敏、 启诚慧投资、 惠畅投资、 冯越等 9 名股东（以下简称“外 部投资人” ） 签署了 《关于浙江太 湖远大新材料股份有限公司股权 转让补充协议 /增资补充协议之 终止协议》 （以下简称“ 《原终止 协议》 ” ）， 终止了原协议中的全部 特殊投资条款。 启诚慧投资、 惠畅投资、冯 越 公司、 赵勇、 俞 丽琴、潘姝君 2017 年 4 月 委派董事及监事、 资料提 供、后续增资及转让限 制、利润分红、业绩承诺 及补偿、赎回条款 成贤投资、钱 爱荣 公司、 赵勇、 俞 丽琴、潘姝君,https://www.bse.cn/disclosure/2024/2024-08-09/1723199304_455800.pdf,data/source_texts/920118_W3-2024-BSE011_920118.txt,,待人工回原文页确认
W13-920118-024,920118,太湖远大,special_rights,特殊投资条款,43,特殊投资条款,1,2022 年 8 月,"8,000,000 元",,100%,0,中,保留为Auto候选,,"外部投资人均于 2022 年 8 月与公司实际控制人赵勇、俞丽琴、潘姝君终止了关于股 份回购的特殊权利约定，且不可恢复。启诚慧投资于 2024 年 1 月与公司实际控制人赵勇、俞丽 琴、潘姝君终止了关于股份回购的特殊权利约定，且不可恢复。 截至本招股说明书签署之日，公司、公司实际控制人与股东之间的特殊投资条款已全部彻底 终止且自始无效。 七、 发行人的分公司、控股子公司、参股公司情况 （一） 控股子公司情况 √适用 □不适用 1. 子公司名称 湖州远大复合材料有限责任公司 成立时间 2019 年 11 月 1 日 注册资本 8,000,000 元 实收资本 8,000,000 元 注册地 浙江省湖州市长兴县和平镇城南工业功能区 主要生产经营地 浙江省湖州市长兴县和平镇城南工业功能区 主要产品或服务 线缆用高分子材料 主营业务及其与发行人主营业 务的关系 与发行人主营业务一致 股东构成及控制情况 发行人持股 100% 最近一年及一期末总资产 2023 年末，总资产为 404.24 万元 最近一年及一期末净资产 2023 年末，净资产为 144.10 万元 最近一年及一期净利润 2023 年度，净利润为 12.10 万元 是否经过审计 否 审计机构名称 无 （二） 参股公司情况 □适用 √不适用 八、 董事、监事、高级管理人员情况",https://www.bse.cn/disclosure/2024/2024-08-09/1723199304_455800.pdf,data/source_texts/920118_W3-2024-BSE011_920118.txt,,待人工回原文页确认
W13-920249-001,920249,利尔达,capital_increase,增资认缴,85,定向发行,9,2021 年 7 月 8 日,"3,837 万元","3,949万股",,0,中,保留为Auto候选,,"前 述内部限售期内，参与员工持股计划的员工所持的相关权益转让退出的，在符合 员工持股计划约定的条件下， 可以将财产份额转让给员工持股计划内的其他员工 或经员工持股计划管理委员会认定的其他符合员工持股计划资格的员工。 2021 年 7 月 8 日，中国证监会印发《关于核准利尔达科技集团股份有限公 司定向发行股票的批复》（证监许可[2021]2322 号），核准公司定向发行不超过 3,949万股新股，自批复核准发行之日起 12 个月内有效。 2021 年 8 月 23 日，公司发布《股票定向发行认购结果公告》，确认本次股 权激励实际激励对象为上述 5 名为开展员工持股计划设立的合伙企业 （包括内部 董事、监事、高级管理人员、公司员工），实际认购的股票总股本为3,837 万元， 认购金额为 6,139.20 万元。 截至本招股说明书签署日， 上述员工持股计划已实施完成， 且尚在锁定期内， 不存在对公司股权结构造成影响的情况。 （二）特殊投资约定 1、2013 年 12 月，特殊投资约定事项 ①特殊投资约定的形成及内容 截至本招股说明书签署日,公司不存在特殊投资约定事项。公司及其控股股 东、实际控制人与公司其他股东之间历史上曾经存在对赌协议等特殊协议或安 排，具体情况如下： 2013 年 12 月，公司进行增资扩股，注册资本从 7,000 万元增加至 7,500 万 元，股份总数从 7,000 万股增加至 7,500 万股，新增股份由田永强、曾凤云、陈 忠献、马利敏、魏春全（以下简称“5 名外部投资人”）以现金",https://www.bse.cn/disclosure/2023/2023-01-30/1675066930_267828.pdf,data/source_texts/920249_W3-2023-BSE002_920249.txt,,待人工回原文页确认
W13-920249-002,920249,利尔达,capital_increase,增资认缴,60,定向发行,8,2021 年 7 月 8 日,1.6 元,"3,949 万股",,0,中,保留为Auto候选,,"1-1-59 开展员工持股计划设立的合伙企业（包括内部董事、监事、高级管理人员、公司 员工共计 236 人）预计发行股票不超过 3,949 万股，发行价格为 1.6 元/股。 2021 年 7 月 8 日，中国证监会印发《关于核准利尔达科技集团股份有限公 司定向发行股票的批复》（证监许可[2021]2322 号），核准公司定向发行不超过 3,949万股新股，自批复核准发行之日起 12 个月内有效。 2021 年 8 月 23 日，公司发布《股票定向发行认购结果公告》，确认本次股 权激励实际激励对象为 5 名为开展员工持股计划设立的合伙企业， 实际认购的股 票总股本为 3,837 万元，认购金额为 6,139.20 万元。同日，天健会计师出具《验 资报告》（天健验[2021] 462号），经审验确认，截至 2021 年 8 月 20 日，公司 己收到认购人缴存的股份认购款 6,139.20 万元整。 2021 年 9 月 24 日，杭州市市场监督管理局向公司核发了变更后的《营业执 照》，公司注册资本变更为 39,886 万元。 （六） 报告期内重大资产重组情况 报告期内，公司未进行过重大资产重组。 （七） 报告期内控制权变动情况 报告期内，公司控股股东为利尔达控股，实际控制人为陈凯、叶文光、陈云， 不存在控制权变动情况。 （八） 报告期内股利分配情况 报告期内，公司存在股利分配情况，具体如下： 2020 年 5 月 25 日，公司召开 2019 年年",https://www.bse.cn/disclosure/2023/2023-01-30/1675066930_267828.pdf,data/source_texts/920249_W3-2023-BSE002_920249.txt,,待人工回原文页确认
W13-920249-003,920249,利尔达,capital_increase,增资认缴,86,认购,13,2013 年 12 月 12 日,,,,0,中,保留为Auto候选,,1-1-85 2013 年 12 月 12 日，5 名外部投资人与公司、利尔达控股、实际控制人之一 陈凯签署了《关于利尔达科技集团股份有限公司之股份认购及增资协议》，其中 约定了对赌回购条款，主要内容为“5.1当出现以下任何情况时，投资方有权要求 目标公司和/或原大股东回购投资方所持有的全部公司股份； 5.1.1 不论任何主观或客观原因，目标公司不能在 2017 年 6 月 30 日前实现 首次公开发行股票并上市， 该等原因包括但不限于目标公司经营业绩方面不具备 上市条件，或由于公司历史沿革方面的不规范未能实现上市目标，或由于参与公 司经营的原大股东存在重大过错、经营失误等原因造成公司无法上市等； 5.1.2 在 2017 年 6 月 30 日前的任何时间，原大股东或公司明示放弃本协议 项下的目标公司上市安排或工作； 5.1.3 当目标公司年度净利润出现亏损。” ②特殊投资约定的解除 2014 年，因公司筹备在全国股转系统挂牌转让，为符合挂牌要求，公司、 股东利尔达控股、陈凯与 5 名外部投资人协商一致，签署了《关于利尔达科技集 团股份有限公司之股份认购及增资协议之补充协议》，解除了公司的上述对赌回 购义务，具体内容如下： “本补充协议的签署各方已于 2013 年 12 月 12 日签订《关于利尔达科技集 团股份有限公司之股份认购及增资协议》（以下简称‘,https://www.bse.cn/disclosure/2023/2023-01-30/1675066930_267828.pdf,data/source_texts/920249_W3-2023-BSE002_920249.txt,,待人工回原文页确认
W13-920249-004,920249,利尔达,capital_increase,增资认缴,74,认购,2,2021 年 4 月 21 日,,,30.89%,0,中,保留为Auto候选,,-3 室，合伙期限为 2021 年 4 月 21 日至 2041 年 4 月 20 日， 经营范围为“一般项目：企业管理；企业管理咨询；信息咨询服务（不含许可类 信息咨询服务）（除依法须经批准的项目外，凭营业执照依法自主开展经营活 动）”。 截至本招股说明书签署日，牛势冲冲的出资人及出资情况、对应认购公司股 份数等如下表所示： 序 号 姓名 用于认购发行人股份 的出资金额（万元） 份额占比 对应发行人股 份（万股） 人员类别 1 陈凯 432.00 30.89% 270 董事、 总经理 2 金仲照 56.00 4.00% 35 监事,https://www.bse.cn/disclosure/2023/2023-01-30/1675066930_267828.pdf,data/source_texts/920249_W3-2023-BSE002_920249.txt,,待人工回原文页确认
W13-920249-005,920249,利尔达,capital_increase,增资认缴,88,增资,1,2019 年 8 月,,100 万股,60%,0,中,保留为Auto候选,,1-1-87 魏春 全 增资取得 100 万股股 份经两次派发股票股 利，为 470万股 根据回购条款，利 尔达控股介绍孟国 庆 购买其持 有的 280万股股份， 剩余 190万股 根据回购条款，利尔 达控股介绍孙光辉购 买其持有的 190 万股 股份，至此其不再持 有发行人股份 未持股 如上表所示，2019 年 8 月至 9 月，利尔达控股及其介绍的第三方回购上述5 名投资人所持有的部分发行人股份 （占5 名投资人当时各自持有发行人股份的约 60%）；2019 年 3 月至 4 月，利尔达控股及其介绍的第三方回购上述5 名投资人 所持有的剩余发行人股份 （田永强、 陈忠献和马利敏放弃该次要求回购的权利） ， 实际履行或经介绍履行回购义务的受让方为利尔达控股、孟国庆、孙光辉和成都 牛斗。 2、2019 年 9 月，特殊协议约定事项 ①特殊投资约定的形成及内容 成都牛斗受让陈忠献以及朱红影所持的发行人合计 560万股股份， 并于2019 年 9 月 12 日与利尔达控股、陈贤兴、夏永玉、陈凯、包雨霄签署了《杭州利尔 达控股集团有限公司、陈贤兴、夏永玉、陈凯、包雨霄与成都牛斗网络科技有限 公司之协议》，其中含有对赌条款如下“1、利尔达集团,https://www.bse.cn/disclosure/2023/2023-01-30/1675066930_267828.pdf,data/source_texts/920249_W3-2023-BSE002_920249.txt,,待人工回原文页确认
W13-920249-006,920249,利尔达,capital_increase,增资认缴,84,定向发行,3,2021 年 5 月 20 日,,,100.00%,2,中,保留为Auto候选,,"1-1-83 合计 1,147.20 100.00% 717 -- 根据《利尔达科技集团股份有限公司 2021 年员工持股计划（草案）》《利 尔达科技集团股份有限公司股票定向发行说明书》 《利尔达科技集团股份有限公 司员工持股计划管理办法》的规定，上述持股平台系发行人为实施员工持股计划 而设立的有限合伙企业， 其执行事务合伙人应根据员工持股计划的方案和管理办 法， 依照持股计划持有人会议及管理委员会的决议执行合伙事务。 陈凯、 叶文光、 陈静静、段焕春、孙瑶已出具承诺：除依照员工持股计划的安排享有分红、收益 的权利外，其放弃作为员工持股计划持有人的其他所有权利，包括表决权、选举 权及被选举权等，并承诺在公司 2021 年员工持股计划存续期间，不担任员工持 股计划管理委员会的任何职务。 上述持股平台系发行人为实施员工持股计划而设立的有限合伙企业， 其执行 事务合伙人执行合伙事务应依照持股计划持有人会议及管理委员会的决议执行， 且持股平台的各执行事务合伙人均出具承诺， 放弃作为员工持股计划持有人的表 决权、选举权及被选举权，不担任管理委员会的任何职务，因此该等持股平台不 属于上述自然人控制的企业， 不属于发行人实际控制人的一致行动人或发行人董 事、监事、高级管理人员的一致行动人。 六、 股权激励等可能导致发行人股权结构变化的事项 （一）股权激励事项 2021 年 5 月 20 日，公",https://www.bse.cn/disclosure/2023/2023-01-30/1675066930_267828.pdf,data/source_texts/920249_W3-2023-BSE002_920249.txt,,待人工回原文页确认
W13-920249-007,920249,利尔达,capital_increase,增资认缴,87,增资,4,,,100 万股,,0,中,保留为Auto候选,,东收购其持有的目标公司 股份。 三、投资方除作为目标公司的股东享有法律法规所规定的股东权利之外，与 原大股东及/或目标公司不存在任何其他权利义务。” 5 名外部投资人退出具体过程如下： 股东 2017/12 2019/8-2019/9 2020/3-2020/4 2021/12 田永 强 增资取得 100 万股股 份经两次派发股票股 利，以及个人在二级 市场抛售部分股份， 剩余 347.565万股 根据回购条款，由 利尔达控股回购其 持有的 210 万股股 份， 剩余137.565万 股 未安排回购，且签署 协议解除利尔达控 股、陈凯的回购义务 在二级市场 抛售，剩余 11.105万股 曾凤 云 增资取得 100 万股股 份经两次派发股票股 利，为 470万股 根据回购条款，利 尔达控股介绍孟国 庆 购买其持 有的 280万股股份， 剩余 190万股 根据回购条款，利尔 达控股介绍孙光辉购 买其持有的 190 万股 股份，至此其不再持 有发行人股份 未持股 陈忠 献 增资取得 100 万股股 份经两次派发股票股 利，为 470万股 根据回购条款，利 尔达控股介绍成都 牛斗购买其持有的 280万股股份， 剩余 190万股 未安排回购，且签署 协议解除利尔达控 股、陈凯的回购义务 在二级市场 全部抛售， 不再持有发 行人股份 马利 敏 增资取得 100 万股股 份经两次派发股票股 利，以及个人在二级 市场抛售部分股份， 剩余 468.12万股 根据回购条款，由 利尔达控股回购其 持,https://www.bse.cn/disclosure/2023/2023-01-30/1675066930_267828.pdf,data/source_texts/920249_W3-2023-BSE002_920249.txt,,待人工回原文页确认
W13-920249-008,920249,利尔达,capital_increase,增资认缴,70,定向发行,1,2022 年 6 月 30日,,"39,886 万股",,1,高,保留为Auto候选,,"1-1-69 实际控制人陈凯、 叶文光虽分别担任牛势冲冲、 气壮似牛的执行事务合伙人， 但根据公司《2021 年员工持股计划（草案）》《股票定向发行说明书》《员工 持股计划管理办法》的规定，牛势冲冲、气壮似牛系发行人为实施员工持股计划 而设立的有限合伙企业， 其执行事务合伙人应根据员工持股计划的方案和管理办 法，依照持股计划持有人会议及管理委员会的决议执行合伙事务。陈凯、叶文光 已出具承诺：除依照员工持股计划的安排享有分红、收益的权利外，其放弃作为 员工持股计划持有人的其他所有权利，包括表决权、选举权及被选举权等，并承 诺在公司 2021 年员工持股计划存续期间，不担任员工持股计划管理委员会的任 何职务。因此，牛势冲冲、气壮似牛不属于实际控制人陈凯、叶文光控制的企业。 五、 发行人股本情况 （一） 本次发行前后的股本结构情况 发行人本次发行前总股本为 39,886 万股，本次拟公开发行1,980 万股（含本 数，不含超额配售选择权）。本次发行股份均为公开发行的新股，公司原有股东 不公开发售股份。 本次发行前后的股本结构如下（发行前的股本结构截至停牌日 2022 年 6 月 30日，以本次发行 1,980 万股计算）： 序号 股东姓名/名称 发行前 发行后 持股数量 （万股） 持股比例 （%） 持股数量 （万股） 持股比例 （%） 1 利",https://www.bse.cn/disclosure/2023/2023-01-30/1675066930_267828.pdf,data/source_texts/920249_W3-2023-BSE002_920249.txt,,待人工回原文页确认
W13-920249-009,920249,利尔达,equity_transfer,股权转让,85,转让给,1,2021 年 7 月 8 日,"3,837 万元",5 万股,,0,中,保留为Auto候选,,"的部分，内部限售期 为 4 年；b.员工间接持有的公司股票超过 5 万股的部分，内部限售期为 5 年。② 员工间接持有的公司股票数量为 5 万股以下的，内部限售期为 4 年。（4）在前 述内部限售期内，参与员工持股计划的员工所持的相关权益转让退出的，在符合 员工持股计划约定的条件下， 可以将财产份额转让给员工持股计划内的其他员工 或经员工持股计划管理委员会认定的其他符合员工持股计划资格的员工。 2021 年 7 月 8 日，中国证监会印发《关于核准利尔达科技集团股份有限公 司定向发行股票的批复》（证监许可[2021]2322 号），核准公司定向发行不超过 3,949万股新股，自批复核准发行之日起 12 个月内有效。 2021 年 8 月 23 日，公司发布《股票定向发行认购结果公告》，确认本次股 权激励实际激励对象为上述 5 名为开展员工持股计划设立的合伙企业 （包括内部 董事、监事、高级管理人员、公司员工），实际认购的股票总股本为3,837 万元， 认购金额为 6,139.20 万元。 截至本招股说明书签署日， 上述员工持股计划已实施完成， 且尚在锁定期内， 不存在对公司股权结构造成影响的情况。 （二）特殊投资约定 1、2013 年 12 月，特殊投资约定事项 ①特殊投资约定的形成及内容 截至本招股说明书签署日,公司不存在特殊投资约定事项。公司及其控股股 东、实际控制人与公司其他股东之间历史上曾经存在对赌协议等特殊协议或安 排，具体情况如下： 2013 年 12 月，公司进行增资扩股，注册资本从 7,",https://www.bse.cn/disclosure/2023/2023-01-30/1675066930_267828.pdf,data/source_texts/920249_W3-2023-BSE002_920249.txt,,待人工回原文页确认
W13-920249-010,920249,利尔达,equity_transfer,股权转让,86,股份回购,1,2019 年 8 月,,,,0,中,保留为Auto候选,,增资协议》签订如下补充协议，以兹共同遵守： 一、各方确认：自原《增资协议》签订至今，各方均严格遵守原《增资协议》 的内容，均不存在违约行为；各方在履行原《增资协议》的过程中不存在任何纠 纷或潜在纠纷，不存在影响目标公司股权清晰稳定的事项或情形。 二、经各方协商一致，解除原《增资协议》第 5 条‘股份回购及转让’中关于 要求目标公司参与特定情况回购的义务。” 2019 年 8 月、2020 年 3-4 月，5 名外部投资人向控股股东利尔达控股及其介,https://www.bse.cn/disclosure/2023/2023-01-30/1675066930_267828.pdf,data/source_texts/920249_W3-2023-BSE002_920249.txt,,待人工回原文页确认
W13-920249-011,920249,利尔达,equity_transfer,股权转让,74,股权转让,4,2021 年 4 月 21 日,,874 万股,50%,0,中,保留为Auto候选,,达 有限在浙江地区的销售负责人，且为残障人士，叶文光认为由陈建民控股的企业 在运营过程中可以依据残障人士优惠政策享受一定的税费优惠， 故安排陈建民代 其持有的利尔达有限 50%的股权。代持关系持续1 年后，利尔达有限并未实际享 受相应的税收优惠政策，故叶文光认为该股权代持关系无须继续存在，且其拟将 股权转让给陈贤兴，故通过前述转让过程与陈建民解除的股权代持关系。 ②股权代持行为的影响 根据对陈建民、叶文光的访谈，上述股权代持事项系真实情况，上述代持形 成及解除时，陈建民均未实际支付或收受股权转让款，陈贤兴系向叶文光实际支 付股权转让款。陈建民、叶文光确认就上述股权代持及还原相关事宜不存在异议 或纠纷。综上，上述股份代持行为已经清理完毕，各方无异议或纠纷，不会对利 尔达本次发行上市构成实质性障碍。 2、员工持股平台 （1）牛势冲冲 牛势冲冲系公司部分员工成立的入股发行人的持股平台。 截至本招股说明书 签署日，牛势冲冲持有公司 874 万股股份，占公司股份总数的 2.19%。 牛势冲冲持有杭州市余杭区市场监督管理局核发的统一社会信用代码为 91330110MA2KFN0F6E 的《营业执照》，牛势冲冲成立于 2021 年 4 月 21 日， 执行事务合伙人为陈凯， 主要经营场所为浙江省杭州市余杭区仓前街道文一西路 1326号 1 号楼 1802-3 室，合伙期限为 2021 年 4 月 21 日至 2041 年 4 月 20 日， 经营范围为“一般项目：企业管理；企业管理咨询；信息咨询服务（不含许可类 信息咨询,https://www.bse.cn/disclosure/2023/2023-01-30/1675066930_267828.pdf,data/source_texts/920249_W3-2023-BSE002_920249.txt,,待人工回原文页确认
W13-920249-012,920249,利尔达,equity_transfer,股权转让,88,受让,3,2019 年 3 月,,560万股,60%,0,中,保留为Auto候选,,介绍的第三方回购上述5 名投资人所持有的部分发行人股份 （占5 名投资人当时各自持有发行人股份的约 60%）；2019 年 3 月至 4 月，利尔达控股及其介绍的第三方回购上述5 名投资人 所持有的剩余发行人股份 （田永强、 陈忠献和马利敏放弃该次要求回购的权利） ， 实际履行或经介绍履行回购义务的受让方为利尔达控股、孟国庆、孙光辉和成都 牛斗。 2、2019 年 9 月，特殊协议约定事项 ①特殊投资约定的形成及内容 成都牛斗受让陈忠献以及朱红影所持的发行人合计 560万股股份， 并于2019 年 9 月 12 日与利尔达控股、陈贤兴、夏永玉、陈凯、包雨霄签署了《杭州利尔 达控股集团有限公司、陈贤兴、夏永玉、陈凯、包雨霄与成都牛斗网络科技有限 公司之协议》，其中含有对赌条款如下“1、利尔达集团及保证人承诺，将尽其 最大努力促使目标公司在本协议签订之日起三年内，成功在 A 股市场（包括上 海证券交易所、深圳证券交易所在内的主板、中小板、创业板、科创板）或成都 牛斗认可的其他证券交易所挂牌上市。2、如目标公司未能按照本协议第 1 条约 定成功上市， 则成都牛斗有权要求利尔达集团按照如下要求收购成都牛斗持有的 目标公司部分或全部股权。” ②特殊投资约定的解除 2021 年 9 月 28 日，上述各方签署《关于〈杭州利尔达控股集团有限公司、 陈贤兴、夏永玉、陈凯、包雨霄与成都牛斗网络科技有限公司之协议〉的解除协 议》，各方同意解除上述协议并终止协议中的特殊投资约定全部条款。 成都牛斗持有的发行人股份系于 2021,https://www.bse.cn/disclosure/2023/2023-01-30/1675066930_267828.pdf,data/source_texts/920249_W3-2023-BSE002_920249.txt,,待人工回原文页确认
W13-920249-013,920249,利尔达,equity_transfer,股权转让,73,股权转让,11,2003 年 7 月,,,45%,0,中,保留为Auto候选,,1-1-72 2003 年 7 月，蒋建龙将所持公司 45%的股权转让给叶文光，孙克利将所持 公司 30%的股权转让给陈丽云，蒋忠权将所持公司 25%的股权转让给张缦。本 次股权转让实际为代持股权的还原，叶文光与蒋建龙、陈丽云与孙克利、张缦与 蒋忠权之间的股权代持关系得以解除。 ②股权代持行为的影响 根据对蒋建龙、蒋忠权、孙克利以及叶文光、张缦、陈丽云的访谈，上述股 权代持事项系真实情况， 上述代持解除时的股权转让各方均未支付对价， 蒋建龙、 蒋忠权、孙克利、叶文光、张缦、陈丽云确认就上述股权代持及还原相关事宜不 存在异议或纠纷。 上述股权代持形成期间，叶文光、张缦、陈丽云系不存在《中华人民共和国 公务员法》《中共中央、国务院关于严禁党政机关和党政干部经商、办企业的决 定》《中共中央、国务院关于进一步制止党政机关和党政干部经商、办企业的规 定》《关于“不准在领导干部管辖的业务范围内个人从事可能与公共利益发生冲 突的经商办企业活动”的解释》 《中共中央办公厅、国务院办公厅印发<国有企业 导人员廉洁从业若干规定>的通知》等文件规定的公务员、党政机关干部、职工、 县级以上党和国家机关退（离）休干部、现役军人、参照公务员管理的人员、国 有企业领导人员及其配偶、子女等禁止、限制对外投资持有,https://www.bse.cn/disclosure/2023/2023-01-30/1675066930_267828.pdf,data/source_texts/920249_W3-2023-BSE002_920249.txt,,待人工回原文页确认
W13-920249-014,920249,利尔达,equity_transfer,股权转让,134,股权转让,2,2022年 6月 13 日,,,,0,中,保留为Auto候选,,人的股东均 具备持有本公司股份的主体 资格，不存在法律法规禁止 持股的主体直接或间接持有 发行人股份的情形；4、本次 发行的中介机构或其负责 人、高级管理人员、经办人 员不存在直接或间接持有发 行人股份或其他权益的情 形；5、发行人股东不存在以 本发行人股权进行不当利益 输送的情形。 历史沿革中 股权转让曾 涉及代持情 形的股东 2022年 6月 13 日 - 关于股东信 息披露的专 项承诺 1、本人已向发行人真实、准 确、完整地披露了本人的信 息，本人在发行人的历史沿 革中的代持情况已向发行人 完整披露，不存在任何隐瞒 或遗漏，亦不存在关于本人 持有发行人股份的任何纠 纷；2、 截至本承诺出具之日， 本人具备持有发行人股份的 主体资格，不存在法律法规 禁止本人直接或间接持有发 行人股份的情形；3、本人不 存在以发行人股权进行不当 利益输送的情形。 历史沿革中 股权转让未 曾涉及代持 情形的股东 2022年 6月 13 日 - 关于股东信 息披露的专 项承诺 1、本人已向发行人真实、准 确、完整地披露了本人的信 息，本人在发行人的历史沿 革中不存在任何代持或被代 持的事项，不存在关于本人,https://www.bse.cn/disclosure/2023/2023-01-30/1675066930_267828.pdf,data/source_texts/920249_W3-2023-BSE002_920249.txt,,待人工回原文页确认
W13-920249-015,920249,利尔达,equity_transfer,股权转让,59,股份转让,2,2015 年 2 月 12 日,,,,0,中,保留为Auto候选,,1-1-58 （一） 挂牌日期和目前所属层级 2015 年 2 月 12 日，全国股转公司出具《关于同意利尔达科技集团股份有限 公司股票在全国中小企业股份转让系统挂牌的函》（股转系统函[2015]549号）， 同意公司股票在全国中小企业股份转让系统挂牌公开转让。 2015 年 3 月 24 日，公司股票正式在全国股转系统挂牌并公开转让，证券代 码为 832149，证券简称为“利尔达”。 截至本招股说明书签署日，公司所属层级为创新层。 （二） 主办券商及其变动情况 公司主办券商为国信证券股份有限公司，挂牌至今主办券商未发生过变更。 （三） 报告期内年报审计机构及其变动情况 报告期内，公司的年报审计机构为天健会计师事务所（特殊普通合伙），未 发生过变更。 （四） 股票交易方式及其变更情况 2015 年 3 月 24 日，公司股票在全国股转系统挂牌公开转让，股票交易方式 为协议转让方式。 2015 年 7 月 17 日，经全国股转公司同意，公司股票交易方式由协议转让方 式变更为做市转让方式。 （五） 报告期内发行融资情况 报告期内，公司总共进行过 1 次股票发行融资，具体如下： 2021 年 5 月 20 日，公司召开了 2020 年年度股东大会，审议通过了《利尔 达科技集团股份有限公司 2021 年员工持股计划（草案）》，同意公司向,https://www.bse.cn/disclosure/2023/2023-01-30/1675066930_267828.pdf,data/source_texts/920249_W3-2023-BSE002_920249.txt,,待人工回原文页确认
W13-920249-016,920249,利尔达,equity_transfer,股权转让,139,股份转让,1,2015 年 3 月 24 日,,,,0,中,保留为Auto候选,,际控制人 或控股股东 2015 年 3 月 24 日 - 同业竞争承诺 控股股东利尔达控 股集团， 实际控制人 及其一致行动人出 具了 《避免同业竞争 承诺函》。 实际控制人 或控股股东 2021 年 3 月 8 日 - 限售承诺 实际控制人或控股 股东及其亲属应当 按照 《全国中小企业 股份转让系统挂牌 公司股票限售及解 除限售业务指南》 相 关规定， 自股权登记 日次日起两个交易 日内， 通过申请人披 露自愿限售的公告， 承诺自股权登记日,https://www.bse.cn/disclosure/2023/2023-01-30/1675066930_267828.pdf,data/source_texts/920249_W3-2023-BSE002_920249.txt,,待人工回原文页确认
W13-920249-017,920249,利尔达,equity_snapshot,股权快照,85,持股数量,1,2021 年 7 月 8 日,"3,837 万元",5 万股,,0,中,保留为Auto候选,,"1-1-84 量而定）内部限售期届满之日起再行延长 24 个月。（3）员工间接持有的公司股 票的内部限售期根据其间接持股数量有所区分： ①员工间接持有的公司股票数量 为 5 万股及 5 万股以上的：a.员工间接持有的不超过 5 万股的部分，内部限售期 为 4 年；b.员工间接持有的公司股票超过 5 万股的部分，内部限售期为 5 年。② 员工间接持有的公司股票数量为 5 万股以下的，内部限售期为 4 年。（4）在前 述内部限售期内，参与员工持股计划的员工所持的相关权益转让退出的，在符合 员工持股计划约定的条件下， 可以将财产份额转让给员工持股计划内的其他员工 或经员工持股计划管理委员会认定的其他符合员工持股计划资格的员工。 2021 年 7 月 8 日，中国证监会印发《关于核准利尔达科技集团股份有限公 司定向发行股票的批复》（证监许可[2021]2322 号），核准公司定向发行不超过 3,949万股新股，自批复核准发行之日起 12 个月内有效。 2021 年 8 月 23 日，公司发布《股票定向发行认购结果公告》，确认本次股 权激励实际激励对象为上述 5 名为开展员工持股计划设立的合伙企业 （包括内部 董事、监事、高级管理人员、公司员工），实际认购的股票总股本为3,837 万元， 认购金额为 6,139.20 万元。 截至本招股说明书",https://www.bse.cn/disclosure/2023/2023-01-30/1675066930_267828.pdf,data/source_texts/920249_W3-2023-BSE002_920249.txt,,待人工回原文页确认
W13-920249-018,920249,利尔达,equity_snapshot,股权快照,70,股本结构,7,2022 年 6 月 30日,,"39,886 万股",,0,中,保留为Auto候选,,"益的权利外，其放弃作为 员工持股计划持有人的其他所有权利，包括表决权、选举权及被选举权等，并承 诺在公司 2021 年员工持股计划存续期间，不担任员工持股计划管理委员会的任 何职务。因此，牛势冲冲、气壮似牛不属于实际控制人陈凯、叶文光控制的企业。 五、 发行人股本情况 （一） 本次发行前后的股本结构情况 发行人本次发行前总股本为 39,886 万股，本次拟公开发行1,980 万股（含本 数，不含超额配售选择权）。本次发行股份均为公开发行的新股，公司原有股东 不公开发售股份。 本次发行前后的股本结构如下（发行前的股本结构截至停牌日 2022 年 6 月 30日，以本次发行 1,980 万股计算）： 序号 股东姓名/名称 发行前 发行后 持股数量 （万股） 持股比例 （%） 持股数量 （万股） 持股比例 （%） 1 利尔达控股 17,926.37 44.94 17,926.37 42.82 2 陈凯 4,832.29 12.12 4,832.29 11.54 3 叶文光 1,801.92 4.52 1,801.92 4.30 4 牛势冲冲 874.00 2.19 874.00 2.09 5 陈云 789.36 1.98 789.36 1.89 6 牛气十足 760.00 1.91 760.00 1.82 7 才如牛毛 751.00 1.88 751.00 1.79 8 孟国庆[注] 750.00 1.88 750.00 1.79 9 气壮似牛 735.00 1.84",https://www.bse.cn/disclosure/2023/2023-01-30/1675066930_267828.pdf,data/source_texts/920249_W3-2023-BSE002_920249.txt,,待人工回原文页确认
W13-920249-019,920249,利尔达,equity_snapshot,股权快照,5,持股比例,1,,,,60.16%,1,中,保留为Auto候选,,发行人控股股东、发行人全体董事、监事、高级管理人员等相关主 体作出的重要承诺，参见本招股说明书“第四节发行人基本情况”之“九、重要 承诺”。 二、本次发行前滚存未分配利润的安排 经公司 2022 年第二次临时股东大会审议通过，本次发行前公司形成的滚存 未分配利润，由本次股票发行后的新老股东按各自持股比例共同享有。 三、特别风险提示 投资者应充分了解资本市场的投资风险及公司所披露的风险因素，公司报告 期内主要收入和利润来源来自于 IC 增值分销业务，公司研发投入主要用于物联 网模块业务，但物联网模块业务收入及利润占比相对较低，因此提醒投资者关注 本招股说明书 “第三节 风险因素” 的下列风险且重点阅读 “第五节 业务与技术” 中的相关内容： （一）经营业绩大幅下滑的风险 2021 年度，公司营业收入以及归属于母公司所有者的扣除非经常性损益后 的净利润较 2020 年度分别增长 60.16%和 290.70%；2022 年 1-9 月，公司营业收 入较 2021 年同期增长 22.71%，但归属于母公司所有者的扣除非经常性损益后的 净利润较 2021 年同期减少 30.91%，并预计公司 2022 年的净利润同比存在进一 步下降的风险。报告期内，由于公司主要收入和利润来源于 IC 增值分销业务， 因此公司上述经营业绩的大幅波动主要与公司 IC 增值分销业务所处的电子元器 件行业的持续发展及变化有关。具体如下： 1、IC 增值分销业务业绩波动,https://www.bse.cn/disclosure/2023/2023-01-30/1675066930_267828.pdf,data/source_texts/920249_W3-2023-BSE002_920249.txt,,待人工回原文页确认
W13-920249-020,920249,利尔达,equity_snapshot,股权快照,67,持股比例,1,2022 年 6 月 30 日,"3,700万元",,,0,中,保留为Auto候选,,"实收资本 3,700万元 注册地和主要生产经营地 浙江省杭州市余杭区仓前街道文一西路 1324号 2幢 201室 经营范围 网络及电气工程技术的研发、设计、安装、咨询、技术服务； 房屋租赁 主营业务及其与发行人主 营业务的关系 房屋租赁，与公司主营业务不存在重合 股权结构 股东名称/姓名 持股比例（%） 利尔达控股 77.50 张国宝 8.00 汪峰贤 7.50 王荣昌 4.00 陈杰 1.00 张小艳 1.00 韩冰 0.50 周震宇 0.50 合计 100.00 截至 2022 年 6 月 30 日，利合达工程总资产为 18,413.99 万元，净资产为 2,919.06万元，2022 年 1-6 月净利润为 436.55 万元。（以上数据未经审计） 截至 2021 年末，利合达工程总资产为18,694.62 万元，净资产为2,482.51 万 元，2021 年度净利润为 589.40 万元。（以上数据已经浙江敬业会计师事务所有 限公司审计） 4、八杯水科技 公司名称 杭州八杯水智能净水科技有限公司 成立时间 2015年 11月 6日 统一社会信用代码 91330127MA27W7G37X 法定代表人 陈贤兴",https://www.bse.cn/disclosure/2023/2023-01-30/1675066930_267828.pdf,data/source_texts/920249_W3-2023-BSE002_920249.txt,,待人工回原文页确认
W13-920249-021,920249,利尔达,equity_snapshot,股权快照,68,持股比例,2,2022 年 6 月 30 日,263.10 万元,,,0,中,保留为Auto候选,,"楼 经营范围 生产：智能净水器过滤芯；研发、销售、技术服务：智能净 水过滤设备、智能净水龙头，智能净水系统平台，节水节能 设备、阀门、水暖五金、家用电器、加热设备（除专控）* 主营业务及其与发行人主 营业务的关系 净水器等产品的生产销售，与公司主营业务不存在重合 股权结构 股东名称/姓名 持股比例（%） 利尔达控股 51.52 卓冰杰 28.92 李建法 8.70 梁志航 7.25 黄敬园 3.62 合计 100.00 截至 2022 年 6 月 30 日，八杯水科技总资产为 263.10 万元，净资产为-49.92 万元，2022 年 1-6 月净利润为-24.16 万元。（以上数据未经审计） 截至 2021 年末，八杯水科技总资产为 273.84 万元，净资产为-25.75 万元， 2021年度净利润为-51.62 万元。（以上数据未经审计） 5、利尔达小贷 公司名称 杭州市拱墅区利尔达小额贷款有限公司 成立时间 2013年 3月 21日 统一社会信用代码 9133010006395651XQ 法定代表人 陈贤兴 注册资本及实收资本 10,000万元 注册地和主要生产经营地 浙江省杭州市拱墅区银泰城 7幢 1003室 经营范围 在拱墅区范围内依法办理各项小额贷款、小企业发展、管理、 财务等咨询业务及其他经批准的业务 主营业务及其与发行人主 营业务的关系 办理小额贷款业务，与公司主营业务不存在重合 股权结构 股东名称/姓名 持股比例（%） 利尔达控股 21.00 夏",https://www.bse.cn/disclosure/2023/2023-01-30/1675066930_267828.pdf,data/source_texts/920249_W3-2023-BSE002_920249.txt,,待人工回原文页确认
W13-920249-022,920249,利尔达,equity_snapshot,股权快照,71,股本结构,7,,,297 万股,15%,0,中,保留为Auto候选,,"超额配售选择权， 采用超额 配售选择权发行的股票数量不超过本次发行股票数量的 15%， 即不超过297 万股 （含本数），包含采用超额配售选择权发行的股票数量在内，公司本次拟向不特 定合格投资者发行股票数量不超过 2,277 万股（含本数），因此在考虑全额采用 超额配售选择权的情况下，本次发行前后的股本结构如下： 序号 股东姓名/名称 发行前 发行后 持股数量 （万股） 持股比例 （%） 持股数量 （万股） 持股比例 （%） 1 利尔达控股 17,926.37 44.94 17,926.37 42.52 2 陈凯 4,832.29 12.12 4,832.29 11.46 3 叶文光 1,801.92 4.52 1,801.92 4.27 4 牛势冲冲 874.00 2.19 874.00 2.07 5 陈云 789.36 1.98 789.36 1.87 6 牛气十足 760.00 1.91 760.00 1.80 7 才如牛毛 751.00 1.88 751.00 1.78 8 孟国庆 750.00 1.88 750.00 1.78 9 气壮似牛 735.00 1.84 735.00 1.74 10 牛刀小试 717.00 1.80 717.00 1.70 11 现有其他股东 9,949.06 24.94 9,949.06 23.60 12 本次公开发行股份 -- -- 2,277.00 5.40 总计 39,886.00 100.00 42,163.0",https://www.bse.cn/disclosure/2023/2023-01-30/1675066930_267828.pdf,data/source_texts/920249_W3-2023-BSE002_920249.txt,,待人工回原文页确认
W13-920249-023,920249,利尔达,equity_snapshot,股权快照,72,股东持股情况,1,2001年 12月 19日,100 万元,,100.00%,0,中,保留为Auto候选,,"-- 合计 39,886.00 100.00% -- -- （三） 其他披露事项 1、发行人历史沿革股权代持情况 （1）2001 年公司设立之初股权代持情况 ①股权代持的形成、原因及解除 公司于 2001年 12月 19日在杭州市工商行政管理局注册成立， 注册资本100 万元，设立时股东持股情况为蒋建龙以货币方式出资45 万元（出资比例45%）、 孙克利以货币方式出资 30 万元（出资比例 30%）、蒋忠权以货币方式出资 25 万元（出资比例 25%）。蒋建龙、蒋忠权、孙克利对利尔达有限的出资实际由叶 文光、张缦、陈丽云缴纳，蒋建龙与叶文光、蒋忠权与张缦、孙克利与陈丽云之 间系股权代持关系。 利尔达有限股东在设立企业时采取股权代持的原因：利尔达有限设立时，主 要股东叶文光、陈丽云的亲属陈贤兴创办的同行业企业尚在运营。为避免亲属间 经营同行业有竞争关系的企业给客户、供应商带来的不良印象，叶文光等利尔达 有限的股东决定由蒋建龙、蒋忠权、孙克利代持股权。2003 年，相关企业已停 止经营，上述事由不再存在，故利尔达有限的股东通过变更市场主体登记信息解 除了股权代持关系。",https://www.bse.cn/disclosure/2023/2023-01-30/1675066930_267828.pdf,data/source_texts/920249_W3-2023-BSE002_920249.txt,,待人工回原文页确认
W13-920249-024,920249,利尔达,equity_snapshot,股权快照,109,持股数量,4,,,,,0,低,保留为Auto候选,,"高级管理人员情况”之“（一） 董事、监事、高级管理人员的简要情况”之“1、董事会成员”。 （二） 直接或间接持有发行人股份的情况 截至本招股说明书签署日，公司现任董事、监事、高级管理人员及其近亲属 直接或间接持有发行人股份的情况如下： 序 号 姓名 身份及 职务 直接持股 间接持股 持股数量 （万股） 持股比例 （%） 间接持股 主体 持股数量 （万股） 持股比例 （%） 1 叶文 董事长 1,801.92 4.52 利尔达控 3,095.52 7.76",https://www.bse.cn/disclosure/2023/2023-01-30/1675066930_267828.pdf,data/source_texts/920249_W3-2023-BSE002_920249.txt,,待人工回原文页确认
W13-920249-025,920249,利尔达,fund_filing,基金备案,39,备案号,1,,,,,0,低,保留为Auto候选,,"、 募集资金运用 根据公司第三届董事会第十七次会议、第四届董事会第五次会议、第四届董 事会第七次会议和 2021 年第三次临时股东大会、2022 年第三次临时股东大会会 议决议，本次募集资金扣除发行费用后的净额拟全部用于如下用途。 单位：万元 序 号 项目名称 项目总投入 拟投入募集资金 项目备案号 1 先芯三期物联网模 块扩产项目 12,000.00 11,900.00 2108-330127-04-01-761868",https://www.bse.cn/disclosure/2023/2023-01-30/1675066930_267828.pdf,data/source_texts/920249_W3-2023-BSE002_920249.txt,,待人工回原文页确认
W13-920249-026,920249,利尔达,special_rights,特殊投资条款,85,特殊投资约定,5,2013 年 12 月,"3,837 万元","7,000 万股",,0,中,保留为Auto候选,,"为上述 5 名为开展员工持股计划设立的合伙企业 （包括内部 董事、监事、高级管理人员、公司员工），实际认购的股票总股本为3,837 万元， 认购金额为 6,139.20 万元。 截至本招股说明书签署日， 上述员工持股计划已实施完成， 且尚在锁定期内， 不存在对公司股权结构造成影响的情况。 （二）特殊投资约定 1、2013 年 12 月，特殊投资约定事项 ①特殊投资约定的形成及内容 截至本招股说明书签署日,公司不存在特殊投资约定事项。公司及其控股股 东、实际控制人与公司其他股东之间历史上曾经存在对赌协议等特殊协议或安 排，具体情况如下： 2013 年 12 月，公司进行增资扩股，注册资本从 7,000 万元增加至 7,500 万 元，股份总数从 7,000 万股增加至 7,500 万股，新增股份由田永强、曾凤云、陈 忠献、马利敏、魏春全（以下简称“5 名外部投资人”）以现金方式各认购 100 万股，认购价格为 11.5 元/股。",https://www.bse.cn/disclosure/2023/2023-01-30/1675066930_267828.pdf,data/source_texts/920249_W3-2023-BSE002_920249.txt,,待人工回原文页确认
W13-920249-027,920249,利尔达,special_rights,特殊投资条款,86,对赌,3,2013 年 12 月 12 日,,,,0,中,保留为Auto候选,,1-1-85 2013 年 12 月 12 日，5 名外部投资人与公司、利尔达控股、实际控制人之一 陈凯签署了《关于利尔达科技集团股份有限公司之股份认购及增资协议》，其中 约定了对赌回购条款，主要内容为“5.1当出现以下任何情况时，投资方有权要求 目标公司和/或原大股东回购投资方所持有的全部公司股份； 5.1.1 不论任何主观或客观原因，目标公司不能在 2017 年 6 月 30 日前实现 首次公开发行股票并上市， 该等原因包括但不限于目标公司经营业绩方面不具备 上市条件，或由于公司历史沿革方面的不规范未能实现上市目标，或由于参与公 司经营的原大股东存在重大过错、经营失误等原因造成公司无法上市等； 5.1.2 在 2017 年 6 月 30 日前的任何时间，原大股东或公司明示放弃本协议 项下的目标公司上市安排或工作； 5.1.3 当目标公司年度净利润出现亏损。” ②特殊投资约定的解除 2014 年，因公司筹备在全国股转系统挂牌转让，为符合挂牌要求，公司、 股东利尔达控股、陈凯与 5 名外部投资人协商一致，签署了《关于利尔达科技集 团股份有限公司之股份认购及增资协议之补充协议》，解除了公司的上述对赌回 购义务，具体内容如下： “本补充协议的签署各方已于 2013 年 12 月 12 日签订《关于利尔达科技集 团股份有限公司之股份认购及增资协议》（以下简称‘原《增资协议》’），该协 议对,https://www.bse.cn/disclosure/2023/2023-01-30/1675066930_267828.pdf,data/source_texts/920249_W3-2023-BSE002_920249.txt,,待人工回原文页确认
W13-920249-028,920249,利尔达,special_rights,特殊投资条款,88,特殊投资约定,4,2019 年 3 月,,560万股,60%,0,中,保留为Auto候选,,60%）；2019 年 3 月至 4 月，利尔达控股及其介绍的第三方回购上述5 名投资人 所持有的剩余发行人股份 （田永强、 陈忠献和马利敏放弃该次要求回购的权利） ， 实际履行或经介绍履行回购义务的受让方为利尔达控股、孟国庆、孙光辉和成都 牛斗。 2、2019 年 9 月，特殊协议约定事项 ①特殊投资约定的形成及内容 成都牛斗受让陈忠献以及朱红影所持的发行人合计 560万股股份， 并于2019 年 9 月 12 日与利尔达控股、陈贤兴、夏永玉、陈凯、包雨霄签署了《杭州利尔 达控股集团有限公司、陈贤兴、夏永玉、陈凯、包雨霄与成都牛斗网络科技有限 公司之协议》，其中含有对赌条款如下“1、利尔达集团及保证人承诺，将尽其 最大努力促使目标公司在本协议签订之日起三年内，成功在 A 股市场（包括上 海证券交易所、深圳证券交易所在内的主板、中小板、创业板、科创板）或成都 牛斗认可的其他证券交易所挂牌上市。2、如目标公司未能按照本协议第 1 条约 定成功上市， 则成都牛斗有权要求利尔达集团按照如下要求收购成都牛斗持有的 目标公司部分或全部股权。” ②特殊投资约定的解除 2021 年 9 月 28 日，上述各方签署《关于〈杭州利尔达控股集团有限公司、 陈贤兴、夏永玉、陈凯、包雨霄与成都牛斗网络科技有限公司之协议〉的解除协 议》，各方同意解除上述协议并终止协议中的特殊投资约定全部条款。 成都牛斗持有的发行人股份系于 2021 年 11 月至 2022 年 2 月陆续通过大宗 交易和竞价交易出售，且受让方并非发行人的控股股东、,https://www.bse.cn/disclosure/2023/2023-01-30/1675066930_267828.pdf,data/source_texts/920249_W3-2023-BSE002_920249.txt,,待人工回原文页确认
W13-920249-029,920249,利尔达,special_rights,特殊投资条款,87,对赌,1,,,100 万股,,0,中,保留为Auto候选,,1-1-86 绍的其他第三方成都牛斗网络科技有限公司（以下简称“成都牛斗”）、孟国庆、 孙光辉出售所持的发行人部分或全部股份， 并与股东利尔达控股、 陈凯签署了 《关 于解除利尔达科技集团股份有限公司股份收购安排协议》，解除了利尔达控股、 陈凯的上述对赌回购义务，具体内容如下： “一、投资方与原大股东就已发生的股份收购事宜无任何异议。 二、自本协议签署之日起，原大股东不再对投资方所持有的目标公司股份承 担任何收购义务， 在任何情况下投资方不得要求原大股东收购其持有的目标公司 股份。 三、投资方除作为目标公司的股东享有法律法规所规定的股东权利之外，与 原大股东及/或目标公司不存在任何其他权利义务。” 5 名外部投资人退出具体过程如下： 股东 2017/12 2019/8-2019/9 2020/3-2020/4 2021/12 田永 强 增资取得 100 万股股 份经两次派发股票股 利，以及个人在二级 市场抛售部分股份， 剩余 347.565万股 根据回购条款，由 利尔达控股回购其 持有的 210 万股股 份， 剩余137.565万 股 未安排回购，且签署 协议解除利尔达控 股、陈凯的回购义务 在二级市场 抛售，剩余 11.105万股 曾凤 云 增资取得 100 万股股 份经两次派发股票股 利，为 470万股 根据回购条款，利 尔达控股介绍孟国 庆 购买其持 有的 280万股股份， 剩余 190万股 根据回购条款，利尔 达控股介绍孙光辉购 买其,https://www.bse.cn/disclosure/2023/2023-01-30/1675066930_267828.pdf,data/source_texts/920249_W3-2023-BSE002_920249.txt,,待人工回原文页确认
W13-920249-030,920249,利尔达,special_rights,特殊投资条款,89,对赌,1,2006年 7月 11日,"5,000万元",,100%,0,中,保留为Auto候选,,"1-1-88 截至本招股说明书签署日，5 名外部投资人、成都牛斗、利尔达控股、孟国 庆、孙光辉等相关方对上述协议的履行及解除不存在任何异议，各方不存在任何 争议或纠纷，亦不存在任何未解除的对赌义务。 七、 发行人的分公司、控股子公司、参股公司情况 截至本招股说明书签署日，发行人拥有 10 家控股子公司，6 家参股公司，发 行人及其控股子公司共拥有 6 家下属分公司，具体情况如下： （一）子公司情况 1、先芯科技 （1）基本情况 公司名称 浙江先芯科技有限公司 成立时间 2006年 7月 11日 统一社会信用代码 913301277909050148 法定代表人 陈云 注册资本及实收资本 5,000万元 注册地和主要生产经营地 浙江省杭州市淳安县千岛湖镇珍珠五路 199号 1幢 经营范围 生产、销售：物联网系统新产品、仪器仪表、电子产品、LCD 显示模组、平板电脑、手机模块、无线通信设备及以上产品 的技术研发、技术推广、技术服务，货物进出口 主营业务及其与发行人主 营业务的关系 物联网通信模块、应用模块、仪器仪表、电子产品的生产制 造以及货物进出口，系公司主营业务的重要组成部分 股权结构及控制情况 发行人持股 100%，为发行人全资子公司 （2）主要财务数据 截至 2022年 6月 30日， 先芯科技总资产为17,484.48万元， 净资产为8,671.62 万元，202",https://www.bse.cn/disclosure/2023/2023-01-30/1675066930_267828.pdf,data/source_texts/920249_W3-2023-BSE002_920249.txt,,待人工回原文页确认
W13-920438-001,920438,戈碧迦,capital_increase,增资认缴,37,认购,3,,,,,0,低,保留为Auto候选,,不力、光学玻璃 和特种功能玻璃 需求增长不如预期或行业产能扩张过 快导致市场竞争加剧可能，从而产生公司新增产能不能完全达产、及时消化的风险。 七、其他风险 （一）发行失败的风险 本次向不特定合格投资者公开发行股票并在北交所上市发行过程中，受到证券市 场整体情况、投资者对公司的价值判断、投资者的认购意愿等因素的影响，可能出现 因认购不足、未能达到预计市值条件或触发相关法律法规规定的其他发行失败情形。 公司将采用证券监管部门认可的发行方式进行发行，但是股票公开发行是充分市场化 的经济行为，存在认购不足等因素导致发行失败的风险。 （二）股价波动的风险 公司股票发行上市后，股票价格不仅取决于公司的经营业绩，国内外经济形势、,https://www.bse.cn/disclosure/2024/2024-03-11/1710153861_037009.pdf,data/source_texts/920438_W3-2024-BSE007_920438.txt,,待人工回原文页确认
W13-920438-002,920438,戈碧迦,equity_transfer,股权转让,73,大宗交易,1,,,,,0,低,保留为Auto候选,,市场情况、本人资金需求、投资 安排等各方面因素确定减持计划，择机进行减持。3、本人减持发行人股票将严格遵守 中国证监会《上市公司股东、董监高减持股份的若干规定》 《北京证券交易所股票上市 规则（试行） 》等法律法规和规范性文件及证券交易所规则的规定，具体方式包括但不 限于证券交易所集中竞价交易方式、大宗交易方式、协议转让等监管机构认可的方 式。4、若本人通过交易所集中竞价交易减持股份的，将在首次卖出的十五个交易日前 通知发行人并预先披露减持计划。同时，本人承诺减持将严格遵守中国证券监督管理 委员会、北京证券交易所届时适用的规则及时、准确地履行报告、预先披露及信息披 露义务。5、在本人所持发行人股票锁定期满后两年内，本人拟减持发行人股票的，减,https://www.bse.cn/disclosure/2024/2024-03-11/1710153861_037009.pdf,data/source_texts/920438_W3-2024-BSE007_920438.txt,,待人工回原文页确认
W13-920438-003,920438,戈碧迦,equity_transfer,股权转让,74,大宗交易,1,,,,25%,0,低,保留为Auto候选,,运作的需要， 审慎制定股票减持计划，在股票锁定期满后逐步减持。2、本人减持发行人股票将会严 格遵守中国证监会《上市公司股东、董监高减持股份的若干规定》 《北京证券交易所股 票上市规则（试行） 》等法律法规和规范性文件及证券交易所规则的规定。本人减持具 体方式包括但不 限于证券交易所集中竞价交易方式、大宗交易方式、协议转让方式监 管机构认可的方式。3、若本人通过交易所集中竞价交易减持股份的，将在首次卖出的 十五个交易日前通知发行人并预先披露减持计划。同时，本人承诺减持将严格遵守中 国证券监督管理委员会、北京证券交易所届时适用的规则及时、准确地履行报告、预 先披露及信息披露义务。4、在本人所持发行人股票锁定期满后两年内，本人拟减持发 行人股票的，减持价格不低于经除权除息等因素调整后的本次发行的发行价。在本人 担任发行人董事、监事或高级管理人员期间，每年转让的股份数量不超过本人持有的 发行人股份总数的 25%；在本人离职后半年内，不转让本人持有的发行人股份；本人,https://www.bse.cn/disclosure/2024/2024-03-11/1710153861_037009.pdf,data/source_texts/920438_W3-2024-BSE007_920438.txt,,待人工回原文页确认
W13-920438-004,920438,戈碧迦,equity_transfer,股权转让,75,大宗交易,1,,,,,0,低,保留为Auto候选,,作 的需要，审慎制定股票减持计划，在股票锁定期满后逐步减持。2、本企业减持发行人 股票将会严格遵守中国证监会《上市公司股东、董监高减持股份的若干规定》 《北京证 券交易所股票上市规则（试行） 》等法律法规和规范性文件及证券交易所规则的规定。 本企业减持具体方式包括但不限于证券交易所集中竞价交易方式、大宗交易方式、协 议转让方式监管机构认可的方式。3、若本企业通过交易所集中竞价交易减持股份的， 将在首次卖出的十五个交易日前通知发行人并预先披 露减持计划。同时，本企业承诺 减持将严格遵守中国证券监督管理委员会、北京证券交易所届时适用的规则及时、准 确地履行报告、预先披露及信息披露义务。4、在本企业所持发行人股票锁定期满后两 年内，本企业拟减持发行人股票的，减持价格不低于经除权除息等因素调整后的本次 发行的发行价。5、如果未履行上述承诺事项，本企业将在发行人股东大会及中国证监 会指定报刊上公开说明未履行承诺的具体原因并向发行人其他股东和社会公众投资者 道歉，同时本企业持有的发行人股票的锁定期限自动延长六个月；如因本公司未履行 相关承诺导致发行人或其投资者遭受经济 损失的，本企业将向发行人或其投资者依法 予以赔偿；如本企业因未履行相关承诺而取得不当收益的，则该等收益全部归发行人,https://www.bse.cn/disclosure/2024/2024-03-11/1710153861_037009.pdf,data/source_texts/920438_W3-2024-BSE007_920438.txt,,待人工回原文页确认
W13-920438-005,920438,戈碧迦,equity_transfer,股权转让,14,股份转让,2,,,,,0,低,排除为转让系统语境,页面仅出现全国股转系统/公开转让，未出现明确转让方、受让方或回购主体,《证券法》 指 《中华人民共和国证券法》 《上市规则》 指 《北京证券交易所股票上市规则（试行）》 本次公开发行 指 发行人本次向不特定合格投资者公开发行股票并在北京证 券交易所上市 招股说明书、本招股说明书 指 《湖北戈碧迦光电科技股份有限公司招股说明书》 全国股转系统 指 全国中小企业股份转让系统 全国股转公司 指 全国中小企业股份转让系统有限责任公司 北交所 指 北京证券交易所 中国证监会、证监会 指 中国证券监督管理委员会 发改委 指 中华人民共和国国家发展和改革委员会 工信部、工业和信息化部 指 中华人民共和国工业和信息化部 保荐人、保荐机构、主承销 商、中信建投 指 中信建投证券股份有限公司 会计师事务所、大华 指 大华会计师事务所（特殊普通合伙） 律师事务所、竞天公诚 指 北京市竞天公诚律师事务所 登记公司、登记机构 指 中国证券登记结算有限责任公司北京分公司 新收入准则 指 《企业会计准则第 14 号——收入》 新租赁准则 指 《企业会计准则第 21 号——租赁》 解释 14 号 指 《企业会计准则解释第 14 号》 解释 15 号 指 《企业会计准则解释第 15 号》 报告期，报告期各期 指 2021 年、2022 年和 2023 年 报告期各期末 指 2021 年末、2022 年末和 2023 年末 报告期末 指 2023 年末 元、万元、亿元 指 人民币元、人民币万元、人民币亿元 专业名词释义 中国光学光电子行业协 会 指 于 1987 年初经国,https://www.bse.cn/disclosure/2024/2024-03-11/1710153861_037009.pdf,data/source_texts/920438_W3-2024-BSE007_920438.txt,,待人工回原文页确认
W13-920438-006,920438,戈碧迦,equity_transfer,股权转让,39,股份转让,3,2016 年 1 月 19 日,,,,0,低,排除为转让系统语境,页面仅出现全国股转系统/公开转让，未出现明确转让方、受让方或回购主体,经相关部门批准后方可开展经营活动） 主营业务 光学玻璃和特种功能玻璃的研发、生产与销售 主要产品与服务项目 光学玻璃和特种功能玻璃 二、 发行人挂牌期间的基本情况 （一） 挂牌时间 2016 年 1 月 19 日 （二） 挂牌地点 2015 年 12 月 22 日，全国中小企业股份转让系统有限责任公司出具《关于同意湖 北戈碧迦光电科技股份有限公司股票在全国中小企业股份转让系统挂牌的函》 （股转系 统函[2015]8951 号）。2016 年 1 月 19 日，公司股票开始在全国股份转让系统挂牌公开,https://www.bse.cn/disclosure/2024/2024-03-11/1710153861_037009.pdf,data/source_texts/920438_W3-2024-BSE007_920438.txt,,待人工回原文页确认
W13-920438-007,920438,戈碧迦,equity_transfer,股权转让,40,股份转让,1,2018 年 1 月 15 日,,,,0,中,保留为Auto候选,,券股份有限公司，公司挂牌至今未发生过主办券商变 更的情况。 （六） 报告期内年报审计机构及其变动情况 报告期内，公司审计机构为大华会计师事务所（特殊普通合伙），无变动。 （七） 股票交易方式及其变更情况 公司挂牌时交易方式为协议转让。 根据全国股转系统 发布的《关于实施全国中小企业股份转让系统股票转让方式确 定及变更指引》及其过渡期间有关事项的问答，公司普通股股票转让方式于 2018 年 1 月 15 日由协议转让方式自动变更为集合竞价交易方式。 截至本招股说明书签署日，公司的股票交易方式为集合竞价交易方式。 （八） 报告期内发行融资情况 无。 （九） 报告期内重大资产重组情况 报告期内，公司未发生重大资产重组。,https://www.bse.cn/disclosure/2024/2024-03-11/1710153861_037009.pdf,data/source_texts/920438_W3-2024-BSE007_920438.txt,,待人工回原文页确认
W13-920438-008,920438,戈碧迦,equity_transfer,股权转让,82,转让给,1,2022 年 10 月 22 日,,,,0,中,保留为Auto候选,,、如发行人进一步拓展其业务范围，本人及本人 控制的其他企业将不与发行人拓展后的业务相竞争；可能与发行人拓展 后的业务产生 竞争的，本人及本人控制的其他企业将按照如下方式退出与发行人的竞争： A.停止与 发行人构成竞争或可能构成竞争的业务； B.将相竞争的业务纳入到发行人来经营； C. 将相竞争的业务转让给无关联的第三方。4、如本人及本人控制的其他企业有任何商业 机会可从事、参与任何可能与发行人的经营运作构成竞争的业务或活动，则立即将上 述商业机会通知发行人，在通知中所指定的合理期间内，发行人作出愿意利用该商业 机会的肯定答复的，则尽力将该商业机会给予发行人。5、在本人作为发行人实际控制 人期间，本承诺为有效之承诺。如本人或本人控制的 其他企业违反以上承诺，与发行 人产生有关同业竞争情形的，由此所得的收益归发行人。如发行人因同业竞争情形遭 受损失的，本人愿意承担由此产生的全部责任，充分赔偿或补偿由此给发行人造成的 损失。发行人将有权暂扣本人持有的发行人股份对应之应付而未付的现金分红，直至 违反本承诺的事项消除。如本人未能及时赔偿发行人因此而发生的损失或开支，发行 人有权在暂扣现金分红的范围内取得该等赔偿。6、本人确认本函所载的每一项承诺均 为可独立执行之承诺。任何一项承诺若被视为无效或终止将不影响其它各项承诺的有 效性。” 8、关于减少及规范关联交易的承诺 公司于 2022 年 10 月 22 日出具了《关于减少及规范关联交易的承诺函》 ，具体承 诺内容如下： “1、在今后的公司经营活动中，公司将尽量避免、减少与关,https://www.bse.cn/disclosure/2024/2024-03-11/1710153861_037009.pdf,data/source_texts/920438_W3-2024-BSE007_920438.txt,,待人工回原文页确认
W13-920438-009,920438,戈碧迦,equity_transfer,股权转让,87,股份回购,1,,,,,0,低,保留为Auto候选,,份有限公司向不特定合 格投资者公开发行股票并在北京证券交易所上市后三年内稳定股价措施的预案 》的内 容并承担相应的法律责任。 （2）在启动股价稳定措施的前提条件满足时，本公司将按 照经股东大会审议通过的稳定股价的预案回购本公司股票，同时本公司也将遵照《北 京证券交易所上市公司持续监管指引第 4 号—股份回购》等法律法规的条件下回购股 份，不导致本公司股权分布不符合在北京证券交易所上市条件。 （3）在启动股价稳定 措施的前提条件满足时，如本公司未采取上述稳定股价的具体措施，本公司将在股东 大会及中国证券监督管理委员会指定媒体上公开说明未采取稳 定股价措施的具体原因 并向股东和社会公众投资者道歉。如非因不可抗力导致，给投资者造成损失的，本公 司将向投资者依法承担赔偿责任，并按照法律、法规及相关监管机构的要求承担相应 的责任；如因不可抗力导致，应尽快研究将投资者利益损失降低到最小的处理方案， 并提交股东大会审议，尽可能地保护公司投资者利益。 （4）自本公司股票在北京证券 交易所上市之日起三年内，若本公司新聘任董事、高级管理人员的，本公司将要求该 等新聘任的董事、高级管理人员履行本公司在北京证券交易所上市之日时董事、高级,https://www.bse.cn/disclosure/2024/2024-03-11/1710153861_037009.pdf,data/source_texts/920438_W3-2024-BSE007_920438.txt,,待人工回原文页确认
W13-920438-010,920438,戈碧迦,equity_snapshot,股权快照,45,持股比例,1,,,,87.57%,3,中,保留为Auto候选,,"设立创业投资企业与企业投资管理顾问 机构。（依法须经批准的项目，经相关部门批准后方可开展经营活动） 截至本招股说明书签署日，武汉潜龙创业投资中心（有限合伙）共有 4 名合伙 人，其中孙弘哲为普通合伙人，其余均为有限合伙人，其出资的具体情况如下所示： 序号 合伙人名称 合伙人类别 出资额（万元） 持股比例 1 孙道文 有限合伙人 1,585.00 87.57% 2 孙弘哲 普通合伙人 111.00 6.13%",https://www.bse.cn/disclosure/2024/2024-03-11/1710153861_037009.pdf,data/source_texts/920438_W3-2024-BSE007_920438.txt,,待人工回原文页确认
W13-920438-011,920438,戈碧迦,equity_snapshot,股权快照,55,前十名股东,2,,,,,3,中,保留为Auto候选,,"200.00 1.69 200.00 1.45 12 现有其他股东 3,260.28 27.57 3,260.28 23.58 13 本次发行新股 - - 2,000.00 14.47 合计 11,825.00 100.00 13,825.00 100.00 （二） 本次发行前公司前十名股东情况 序号 股东姓名/名称 担任职务 持股数量 （万股） 限售数量 （万股） 股权比例（%） 1 虞顺积 无 2,994.29 2,994.29 25.32 2 秭归紫昕 集团 有限责任公司 （“SS”） 无 2,000.00 2,000.00 16.91 3 秭归桐碧迦企业管理咨询中 心（有限合伙） 无 882.00 882.00 7.46 4 武汉潜龙创业投资中心（有 限合伙） 无 606.80 545.00 5.13 5 深圳市西博光学材料创投合 伙企业（有限合伙） 无 500.00 - 4.23 6 季阔 无 334.17 270.00 2.83 7 柯剑 无 300.00 300.00 2.54 8 上海怀德投资管理有限公司 无 300.00 300.00 2.54 9 吴林海 董事、总 经理 247.46 247.46 2.09 10 深圳光峰科技股份有限公司 无 200.00 - 1.69 11 长江证券股份有限公司做市 专用证券账户 无 200.00 - 1.69 合计 - 8,564.72 7,538.75 72.43",https://www.bse.cn/disclosure/2024/2024-03-11/1710153861_037009.pdf,data/source_texts/920438_W3-2024-BSE007_920438.txt,,待人工回原文页确认
W13-920438-012,920438,戈碧迦,equity_snapshot,股权快照,43,持股比例,1,,,,5%,2,中,保留为Auto候选,,"际控制人的具体认定依据 详见“第二节概览”之“二、发行人及其控股股东、 实际控制人的情况”。 报告期内，公司的控股股东和实际控制人未发生变化。 （二） 持有发行人 5%以上股份的其他主要股东 截至本招股说明书签署日，公司持股 5%以上的股东如下所示： 序号 股东姓名/名称 持股数（股） 持股比例 1 虞顺积 29,942,900 25.32% 2 秭归紫昕集团有限责任公司（“SS”） 20,000,000 16.91% 3 秭归桐碧迦企业管理咨询中心（有限合伙） 8,820,000 7.46% 4 武汉潜龙创业投资中心（有限合伙） 6,068,000 5.13% 合计 64,830,900 54.82% 1、虞顺积 虞顺积，具体情况详见本节之“四、发行人股东及实际控制人情况”之“（一）控 股股东、实际控制人情况”之“1、控股股东的基本情况”之相关内容。",https://www.bse.cn/disclosure/2024/2024-03-11/1710153861_037009.pdf,data/source_texts/920438_W3-2024-BSE007_920438.txt,,待人工回原文页确认
W13-920438-013,920438,戈碧迦,equity_snapshot,股权快照,44,持股比例,1,,,,31.12%,1,中,保留为Auto候选,,须经批准的项目，经相关部门批准 后方可开展经营活动） 与发行人主营业务的关系 不存在竞争关系 截至本招股说明书签署日，秭归桐碧迦企业管理咨询中心（有限合伙）共有 17 名 合伙人，其中虞国强为普通合伙人，其余均为有限合伙人，其出资的具体情况如下： 序号 合伙人名称 合伙人类别 出资额（万元） 持股比例 1 虞顺积 有限合伙人 274.50 31.12%,https://www.bse.cn/disclosure/2024/2024-03-11/1710153861_037009.pdf,data/source_texts/920438_W3-2024-BSE007_920438.txt,,待人工回原文页确认
W13-920438-014,920438,戈碧迦,equity_snapshot,股权快照,47,持股比例,1,2020 年 4 月 2 日,70 万元,,95.10%,1,高,保留为Auto候选,,"23 年度 1,359.00 - - 注：最近一年财务数据未经审计。 截至本招股说明书签署日，秭归弘毅企业管理咨询中心（有限合伙） 共有 2 名合 伙人，其中秭归嘉鑫 装饰工程有限公司为普通合伙人，虞国强为有限合伙人，其出资 的具体情况如下所示： 序号 合伙人名称 合伙人类别 出资额（万元） 持股比例 1 虞国强 有限合伙人 1,360.00 95.10% 2 秭归嘉鑫装饰工程有限公司 普通合伙人 70.00 4.90% 合计 - 1,430.00 100.00% （3）秭归嘉鑫装饰工程有限公司 秭归嘉鑫装饰工程有限公司的基本信息如下： 企业名称 秭归嘉鑫装饰工程有限公司 统一社会信用代码 91420527MA49ETHM6Q 成立日期 2020 年 4 月 2 日 注册资本 70 万元人民币 法定代表人 鲁邦国 注册地址 秭归县茅坪镇归州二街 34 号 经营范围 室内外装饰装修工程、水电安装工程、绿化景观工程设计、施工； 建筑材料、装饰材料、玻璃制品、塑料制品、工艺品（象牙、犀角 及其制品除外）、五金交电、日用百货、照明器具、家居饰品、安 防监控设备、光学仪器（不含国家限制、禁止与需许可事项）销售 （涉及许可经营项目，应取得相关部门许可后方可经营） 与发行人主营业务的关系 不存在竞争关系",https://www.bse.cn/disclosure/2024/2024-03-11/1710153861_037009.pdf,data/source_texts/920438_W3-2024-BSE007_920438.txt,,待人工回原文页确认
W13-920438-015,920438,戈碧迦,equity_snapshot,股权快照,48,持股比例,2,2023 年 12 月 31 日,"1,360 万元",,85.71%,1,高,保留为Auto候选,,"1-47 最近一年主要财务数据（单位：万元） 日期 总资产 净资产 净利润 2023 年 12 月 31 日/2023 年度 70.00 70.00 - 注：最近一年财务数据未经审计。 截至本招股说明书签署日，秭归嘉鑫装饰工程有限公司的股权结构如下所示： 序号 股东名称 出资额（万元） 持股比例 1 虞国强 60.00 85.71% 2 鲁邦国 10.00 14.29% 合计 70.00 100.00% （4）秭归县金碧辉煌置业有限公司 秭归县金碧辉煌置业有限公司的基本信息如下： 企业名称 秭归县金碧辉煌置业有限公司 统一社会信用代码 91420527068404511A 成立日期 2013 年 5 月 10 日 注册资本 1,360 万元人民币 法定代表人 虞国强 注册地址 秭归县茅坪镇韩家坝 188 号 经营范围 房地产开发、经营；物业管理。（以上均不得从事国家限制、禁止 及需前置许可项目；依法须经批准的项目，经相关部门批准后方可 开展经营活动 与发行人主营业务的关系 不存在竞争关系 最近一年主要财务数据（单位：万元） 日期 总资产 净资产 净利润 2023 年 12 月 31 日/2023 年度 3,690.67 673.93 721.93 注：最近一年财务数据未经审计。 截至本招股说明书签署日，秭归县金碧辉煌置业有限公司的股权结构如下所示： 序号 股东名称 出资额（万元） 持股比例 1 秭归弘毅企业管理咨询中心（有限合伙） 1,359.00 99.93%",https://www.bse.cn/disclosure/2024/2024-03-11/1710153861_037009.pdf,data/source_texts/920438_W3-2024-BSE007_920438.txt,,待人工回原文页确认
W13-920438-016,920438,戈碧迦,equity_snapshot,股权快照,49,持股比例,1,2023 年 12 月 31 日,50 万元,,85.00%,0,中,保留为Auto候选,,最近一年主要财务数据（单位：万元） 日期 总资产 净资产 净利润 2023 年 12 月 31 日/2023 年度 26.05 -2.94 -2.94 注：最近一年财务数据未经审计。 截至本招股说明书签署日，秭归县梓怡物业管理有限公司的股权结构如下所示： 序号 股东名称 出资额（万元） 持股比例 1 虞国强 17.00 85.00% 2 鲁邦国 3.00 15.00% 合计 20.00 100.00% （6）浦江县中怡工贸有限公司 浦江县中怡工贸有限公司由虞顺积 100%持股，其基本信息如下： 企业名称 浦江县中怡工贸有限公司 统一社会信用代码 91330726733223287R 成立日期 2014 年 8 月 20 日 注册资本 50 万元人民币 法定代表人 虞顺积 注册地址 浙江省浦江县浦阳街道水晶路 177-1 号 经营范围 一般项目：服装制造、服装服饰零售、工艺美术品及礼仪用品销售 （象牙及其制品除外）；照明器具销售（除依法须经批准的项目 外，凭营业执照依法自主开展经营活动） 与发行人主营业务的关系 不存在竞争关系 最近一年主要财务数据（单位：万元） 日期 总资产 净资产 净利润 2023 年 12 月 31 日/2023 年度 253.59 53.59 -1.06 注：最近一年财务数据未经审计。,https://www.bse.cn/disclosure/2024/2024-03-11/1710153861_037009.pdf,data/source_texts/920438_W3-2024-BSE007_920438.txt,,待人工回原文页确认
W13-920438-017,920438,戈碧迦,equity_snapshot,股权快照,50,持股比例,1,2023 年 12 月 31 日,,,75.00%,0,中,保留为Auto候选,,"一年主要财务数据（单位：万元） 日期 总资产 净资产 净利润 2023 年 12 月 31 日/2023 年度 2,021.93 154.29 -37.50 注：最近一年财务数据未经审计。 截至本招股说明书签署日，浦江晶凯隆工贸有限公司的股权结构如下所示： 序号 股东名称 出资额（万元） 持股比例 1 虞顺积 13.50 75.00% 2 吴其洪 4.50 25.00% 合计 18.00 100.00% 2、已注销的企业情况 报告期内，发行人控股股东、实际控制人所控制的企业中有 6 家企业已经注销： 序号 企业名称 控制情况 1 秭归玖诚企业管理咨询中心（有 限合伙） 虞顺积直接持有份额 52.87%，担任执行事务合伙 人；虞国强曾担任执行事务合伙人；已于 2022 年 4 月注销 2 杭州中意光学玻璃有限公司 虞国强直接持股 100%，曾担任经理，执行董事；已 于 2021 年 8 月注销 3 秭归诚拓商贸有限公司 虞顺积直接持股 62.5%，曾任执行董事；已于 2020 年 12 月注销 4 浦江县虞宅乡中怡玻璃棒料店 发行人实际控制人虞顺积报告期内曾经营的个体工 商户，已于 2022 年 8 月 5 日注销 5 杭州玖行贸易有限公司 发行人确认实际控制人间接控制的其他公司；已于 2022 年 4 月注销",https://www.bse.cn/disclosure/2024/2024-03-11/1710153861_037009.pdf,data/source_texts/920438_W3-2024-BSE007_920438.txt,,待人工回原文页确认
W13-920438-018,920438,戈碧迦,fund_filing,基金备案,28,备案号,2,,,"2,300.00 万股",,0,中,保留为Auto候选,,"情况 下）人民币普通股，本次实际公开发行 2,300.00 万股（全额行使本次股票发行的超额 配售选择权的情况下）人民币普通股 ，其中本次公开发行新股的募集资金扣除发行费 用后，拟投资于以下项目： 单位：万元 项目名称 项目 总投资 募集资金 投入额 建设期 项目备案证号 环保批复文号/ 备案号 特种高清成像 光学玻璃材料 扩产项目 21,841.23 12,500.00 24 个月 2201-420527- 04-02-596531 秭环审[2022]3 号 光电材料研发 中心建设项目 8,394.66 5,000.00 36 个月 2202-420527- 04-01-998351 《环境影响登记表》 备案号： 202242052700000005 补充流动资金 4,500.00 2,500.00 - 不适用 不适用 合计 34,735.90 20,000.00 - - - 在本次募集资金到位前，公司将根据项目实际进度，通过自有资金及银行贷款先 期支付上述项目款项。公司本次发行实际募集资金扣除发行费用后，将用于支付项目 剩余款项及置换先期投入。 若本次公开发行实际募集资金净额不能满足上述项目全部资金需求，不足部分将 由公司自筹解决。若本次公开发行实际募集资金净额超过上述项目全部资金需求，则 剩余部分将用于与公司主营业务相关的营运资金。 上述募集资金投资项目的具体情况，请详见本招股说明书 “第九节 募集资金运 用”之相关内容。 十三、 其他事项 截至本招股说明书签署日，不存在需",https://www.bse.cn/disclosure/2024/2024-03-11/1710153861_037009.pdf,data/source_texts/920438_W3-2024-BSE007_920438.txt,,待人工回原文页确认
W13-920438-019,920438,戈碧迦,special_rights,特殊投资条款,57,特殊投资约定,2,2021 年 11 月,"30,000,000 元",,100.00%,0,中,保留为Auto候选,,"控制人和张小瑞（已退休）外，均为与发行 人签订劳动合同或劳务合同并领取薪酬的员工，包括董事（不包含独立董事） 、监事、 管理人员及员工，不存在外部股东。 3、员工持股平台不存在纠纷或潜在纠纷 桐碧迦合伙人持有的合伙企业出资权属清晰，不存在纠纷及潜在纠纷。 （三）发行人控股股东、实际控制人签署的特殊投资约定事项 截至本招股说明书签署日，不存在发行人控股股东、实际控制人与其他股东签署 的特殊投资约定等可能导致股权结构变化的事项。 七、 发行人的分公司、控股子公司、参股公司情况 （一） 控股子公司情况 √适用 □不适用 截至本招股说明书签署日，发行人拥有 3 家全资子公司，无分公司，无控股子公 司，无参股公司。报告期内，发行人于 2021 年 11 月和 12 月注销了 2 家分公司，后于 2022 年 9 月新设 2 家分公司，并于 2024 年 1 月注销。 1. 宜昌戈碧迦精密器件有限公司 子公司名称 宜昌戈碧迦精密器件有限公司 成立时间 2021 年 1 月 12 日 注册资本 30,000,000 元 实收资本 30,000,000 元 注册地 秭归县茅坪镇九里工业园区凤仪大道 1 号 主要生产经营地 秭归县茅坪镇九里工业园区凤仪大道 1 号 主要产品或服务 光学玻璃型件产品 主营业务及其与发行人主营业务 的关系 主要从事光学玻璃型件的研发、生产和销售；是发行人主营业 务的组成部分 股东构成及控制情况 发行人 100.00%控股子公司",https://www.bse.cn/disclosure/2024/2024-03-11/1710153861_037009.pdf,data/source_texts/920438_W3-2024-BSE007_920438.txt,,待人工回原文页确认
W13-920016-001,920016,中草香料,capital_increase,增资认缴,38,定向发行,8,2021 年 1 月 25 日,"2,008,860.40 元",,,1,高,保留为Auto候选,,"1-1-38 （一）股权激励事项 公司 2021 年 1 月 25 日召开 2021 年第一次临时股东大会，审议通过了中草香料 2021 年度第一次股票定向发行方案及相关议案， 具体情况详见本节“二、 发行人挂牌期间的基本 情况”之“（五）报告期内发行融资情况”之“1、挂牌后第一次定增”。除股东怀远县中 小企业融资担保有限公司外， 公司原股东及核心员工参与了本次发行认购， 本次定向发行确 认了股份支付费用 2,008,860.40 元。本次定向发行未设置服务期、业绩条件等行权条件，不 会影响发行人的股权结构。 公司 2022 年 4 月 29 日召开 2022 年第二次临时股东大会，审议通过了中草香料 2022 年第一次股票定向发行方案及相关议案， 具体情况详见本节“二、 发行人挂牌期间的基本情 况”之“（五）报告期内发行融资情况”之“2、挂牌后第二次定增”。公司员工持股计划 亿达康参与了此次发行认购， 本次定向发行未设置服务期、 业绩条件等行权条件， 不会影响 发行人的股权结构。 截至本招股说明书签署日，公司不存在已经制定或正在实施的股权激励及相关安排。 （二）特殊投资条款约定 公司 2022 年第一次股票定向发行时，公司控股股东、实际控制人李莉与蚌埠市成长型 中小企业基金有限公司、 蚌埠市天使投资基金 （有限合伙） 、 铜陵高投毅达专精特新创业投 资基金合伙企业",https://www.bse.cn/disclosure/2024/2024-08-30/1725017664_266165.pdf,data/source_texts/920016_W3-2024-BSE013_920016.txt,,待人工回原文页确认
W13-920016-002,920016,中草香料,capital_increase,增资认缴,32,定向发行,12,2021 年 2 月 18 日,6.98 元,995.00 万股,,0,中,保留为Auto候选,,"00.00 货币 16 胡杰 100,000 200,000.00 货币 17 叶兵 100,000 200,000.00 货币 合计 9,950,000 19,900,000.00 - 全国中小企业股份转让系统于 2021 年 2 月 18 日出具了 《关于对安徽中草香料股份有限 公司股票定向发行无异议的函》（股转系统函[2021]340 号），本次定向发行不超过 995.00 万股新股。2021 年 3 月 15 日，公证天业会计师事务所（特殊普通合伙）出具验资报告（苏 公 W[2021]B022 号），对本次增资情况进行审验。 2、挂牌后第二次定增 公司于 2022 年 4 月 12 日召开第二届董事会第二十八次会议、2022 年 4 月 29 日召开 2022 年第二次临时股东大会，审议通过了中草香料 2022 年第一次股票定向发行，向 5 名认购对 象发行股份，发行数量 11,044,929 股，发行价为 6.98 元/股，共募集资金 77,039,981.07 元。 此次发行对象及认购数量情况如下： 序号 发行对象 发行对象类型 认购数量（股） 认购金额（元） 认购方式 1 亿达康 员工持股计划 1,726,129 12,040,000.00 现金 2 铜陵高投毅达 私募基金 2,867,323 19,999,993.69 现金 3 蚌埠中小基金 私募基金 2,867,323 19,999,993.69 现金 4 蚌埠天使基金 私募基金 2,867,323 19,999,993.69",https://www.bse.cn/disclosure/2024/2024-08-30/1725017664_266165.pdf,data/source_texts/920016_W3-2024-BSE013_920016.txt,,待人工回原文页确认
W13-920016-003,920016,中草香料,capital_increase,增资认缴,42,认购,2,2022 年 4 月 12 日,,,,1,中,保留为Auto候选,,的所有权利 和利益，同时协助甲方办理相应的股份转让手续。” 3、与铜陵高投毅达专精特新创业投资基金合伙企业（有限合伙）签订的补充协议 2022 年 4 月 12 日，铜陵高投毅达专精特新创业投资基金合伙企业（有限合伙）（简称 “投资方”、“高投毅达”）与李莉签订《关于安徽中草香料股份有限公司股份认购协议之 补充协议》。2022 年 4 月 20 日，高投毅达与李莉签署《<关于安徽中草香料股份有限公司 股份认购协议之补充协议>之补充约定》。上述协议及约定主要条款如下： “3 投资方权利 3.1 限制出售、优先购买权和优先出售权 3.1.1 在投资方持有公司股权期间，未经投资方事先书面同意，实际控制人不得转让其 直接或间接持有的公司股权，经公司有权机构批准的公司员工持股计划不受本条款限制。 3.1.2 在投资方持有公司股权期间，经投资方事先书面同意，实际控制人如转让其所持 有的公司股权，则： （1）如实际控制人转让其所持有的公司股权，则在不影响 3.2.2（1）约定权利的前提 下， 投资方享有在同样条款优于实际控制人出售股权的权利， 实际控制人应当促使预期买方 同意该等优先出售。 如果预期买方不同意该等优先出售， 则实际控制人不得单独向预期买方 转让拟出售股权，除非投资方事先书面同意。 3.1.3 实际控制人不得在其持有的公司股权上创设或允许存在任何留置权、抵押权、质 押权或其他任何担保权益（为公司担保除外）。 3.1.4 实际控制人如未能履行上述约定， 则应按第3.2 条款计算的投资方所得收益受让投,https://www.bse.cn/disclosure/2024/2024-08-30/1725017664_266165.pdf,data/source_texts/920016_W3-2024-BSE013_920016.txt,,待人工回原文页确认
W13-920016-004,920016,中草香料,capital_increase,增资认缴,16,认购,1,,,299.00 万股,20.00%,0,中,保留为Auto候选,,配售股份限售期均为 12 个月， 限售期自本次公开发行的股票在北交所上市之日起开 始计算。 发行方式 本次发行采用向战略投资者定向配售和网上向开通北 交所交易权限的合格投资者定价发行相结合的方式进 行 发行对象 已开通北京证券交易所上市公司股票交易权限的合格 投资者，法律、法规和规范性文件禁止认购的除外。 战略配售情况 本次发行战略配售发行数量为 299.00 万股，占超额配 售选择权全额行使前本次发行数量的 20.00%，占超额 配售选择权全额行使后本次发行总股数的 17.39%。,https://www.bse.cn/disclosure/2024/2024-08-30/1725017664_266165.pdf,data/source_texts/920016_W3-2024-BSE013_920016.txt,,待人工回原文页确认
W13-920016-005,920016,中草香料,capital_increase,增资认缴,31,定向发行,7,2018 年 1 月 15 日,2.00 元,995 万股,,0,中,保留为Auto候选,,"方式为协议转让。 2018 年 1 月 15 日，根据《全国中小企业股份转让系统股票转让方式确定及变更指引》 的规定，公司股票交易方式由协议转让方式变更为集合竞价转让方式。 截至本招股说明书签署日，公司股票转让方式为集合竞价交易方式。 （八） 报告期内发行融资情况 报告期内，公司存在两次定向发行股票融资的情形，具体情况如下： 1、挂牌后第一次定增 公司于 2020 年 12 月 31 日召开第二届董事会第十六次会议、2021 年 1 月 25 日召开 2021 年第一次临时股东大会， 审议通过了中草香料2021 年度第一次股票定向发行， 向17 名认购 对象发行股份，发行数量为 995 万股，发行价为 2.00 元/股，共募集资金 1,990.00 万元。此 次发行对象及认购数量情况如下： 序号 发行对象 认购数量（股） 认购金额（元） 认购方式 1 李莉 3,700,000 7,400,000.00 货币 2 李淑清 2,500,000 5,000,000.00 货币 3 范金材 950,000 1,900,000.00 货币 4 杨登林 350,000 700,000.00 货币 5 葛树辉 325,000 650,000.00 货币 6 赵娅 300,000 600,000.00 货币 7 张亚楠 300,000 600,000.00 货币 8 张坤 300,000 600,000.00 货币 9 周金妹 200,000 400,000.00 货币 10 党亚 200,000",https://www.bse.cn/disclosure/2024/2024-08-30/1725017664_266165.pdf,data/source_texts/920016_W3-2024-BSE013_920016.txt,,待人工回原文页确认
W13-920016-006,920016,中草香料,capital_increase,增资认缴,46,认购,1,2022 年 4 月 12 日,,1.1 股,8%,2,高,保留为Auto候选,,1-1-46 持不变，实际控制人应投有效赞成票并签署相关决议等文件保证股权转让的实现。” 4、与陈颖签订的补充协议 2022 年 4 月 12 日，陈颖（甲方）与李莉（乙方）签订股份认购协议之补充协议。主要 条款如下： “1.甲方的权利 1.1 股权回购 1.1.1 当出现下列事项时， 甲方有权要求乙方按年单利8%回购甲方持有的公司全部或部 分股权： （I）公司未能在 2026 年底前完成在主板、中小板、创业板、科创板或北交所成功上市 （包括并购上市）。 回购价款=投资款金额× （1+8%×投资款到账日至回购价款支付日的天数/365）-现金分 红。” 5、补充协议的解除情况 2022 年 8 月 26 日至 2022 年 9 月 27 日期间， 公司实际控制人李莉与蚌埠市成长型中小 企业基金有限公司、 蚌埠市天使投资基金 （有限合伙） 、 铜陵高投毅达专精特新创业投资基 金合伙企业 （有限合伙） 、 陈颖分别签署了相关对赌条款的解除协议。 解除协议的主要条款 如下： “一、甲、乙双方同意解除《补充协议》的全部内容，双方确认关于《补充协议》的履 行互不承担违约责任； 二、自本协议生效之日起， 《补充协议》自动解除， 《补充协议》中的约定即时完全终 止，各方均不再享有《补充协议》项下的任何权利，亦不再承担《补充协议》项下的任何义 务，双方均不得就《补充协议》解除所产生的任何事宜提出任何赔偿,https://www.bse.cn/disclosure/2024/2024-08-30/1725017664_266165.pdf,data/source_texts/920016_W3-2024-BSE013_920016.txt,,待人工回原文页确认
W13-920016-007,920016,中草香料,capital_increase,增资认缴,40,认购,1,2022 年 4 月 12 日,"人民币 3,800 万元",,,1,高,保留为Auto候选,,"本协议所享有 的所有权利和利 益，同时协助甲方办理相应的股份转让手续。” 2、与蚌埠市天使投资基金（有限合伙）签订的补充协议 2022 年 4 月 12 日， 蚌埠市天使投资基金 （有限合伙） （甲方） 与李莉 （乙方） 签订 《关 于安徽中草香料股份有限公司与蚌埠市天使投资基金（有限合伙）股份认购协议之补充协 议》，主要内容如下： “1.业绩承诺 1.1 乙方承诺公司 2022-2024 年 3 年平均净利润不低于人民币 3,800 万元 （净利润是指归 属于公司股东的扣除非经常性损益的净利润，下同）。 1.2 以甲方认可的会计师事务所出具的审计报告结果作为对公司业绩承诺的考核依据， 乙方应配合会计师事务所对公司的审计工作。 2.规范经营的承诺 2.1 乙方承诺在自本协议签订之日起严格规范关联交易行为，督促公司在实际经营中切 实遵守相关制度，严格杜绝不必要的关联交易，严格杜绝不规范的资金拆借。",https://www.bse.cn/disclosure/2024/2024-08-30/1725017664_266165.pdf,data/source_texts/920016_W3-2024-BSE013_920016.txt,,待人工回原文页确认
W13-920016-008,920016,中草香料,capital_increase,增资认缴,28,认购,1,,,,,0,低,保留为Auto候选,,、 重要人事安排等进行不当控制， 从而存在给公司的生 产经营及其他股东的利益带来损失的可能。 五、发行失败风险 本次向不特定合格投资者公开发行股票并在北交所上市， 公司新股估值定价结果受到公 司业务与财务状况等内在因素以及市场流动性、 投资者偏好、 新股供给情况等外部因素的影 响。若公司发行新股认购不足，则会存在发行失败的风险。,https://www.bse.cn/disclosure/2024/2024-08-30/1725017664_266165.pdf,data/source_texts/920016_W3-2024-BSE013_920016.txt,,待人工回原文页确认
W13-920016-009,920016,中草香料,equity_transfer,股权转让,32,股份转让,2,2021 年 2 月 18 日,6.98 元,995.00 万股,,0,低,排除为转让系统语境,页面仅出现全国股转系统/公开转让，未出现明确转让方、受让方或回购主体,"方润 100,000 200,000.00 货币 15 李雷 100,000 200,000.00 货币 16 胡杰 100,000 200,000.00 货币 17 叶兵 100,000 200,000.00 货币 合计 9,950,000 19,900,000.00 - 全国中小企业股份转让系统于 2021 年 2 月 18 日出具了 《关于对安徽中草香料股份有限 公司股票定向发行无异议的函》（股转系统函[2021]340 号），本次定向发行不超过 995.00 万股新股。2021 年 3 月 15 日，公证天业会计师事务所（特殊普通合伙）出具验资报告（苏 公 W[2021]B022 号），对本次增资情况进行审验。 2、挂牌后第二次定增 公司于 2022 年 4 月 12 日召开第二届董事会第二十八次会议、2022 年 4 月 29 日召开 2022 年第二次临时股东大会，审议通过了中草香料 2022 年第一次股票定向发行，向 5 名认购对 象发行股份，发行数量 11,044,929 股，发行价为 6.98 元/股，共募集资金 77,039,981.07 元。 此次发行对象及认购数量情况如下： 序号 发行对象 发行对象类型 认购数量（股） 认购金额（元） 认购方式 1 亿达康 员工持股计划 1,726,129 12,040,000.00 现金 2 铜陵高投毅达 私募基金 2,867,323 19,999,993.69 现金 3 蚌埠中小基金 私募基金 2,867,323 19,999,993",https://www.bse.cn/disclosure/2024/2024-08-30/1725017664_266165.pdf,data/source_texts/920016_W3-2024-BSE013_920016.txt,,待人工回原文页确认
W13-920016-010,920016,中草香料,equity_transfer,股权转让,42,受让,4,2022 年 4 月 12 日,,,8%,3,中,保留为Auto候选,,1-1-42 公司不存在同业竞争关系。 若该第三方拒绝受让甲方持有的股份，则“股份出售方”也不能出售其持有的股份。 3.3 优先于乙方的清算权 3.3.1 乙方确认并承诺，公司进行清算时，甲方有权优于乙方获得其全部投资本金及投 资期间的基本收益 （基本收益=投资款本金×8%×投资款到账之日 （含） 至回购价款支付之 日（不含）的天数÷365）。在甲方获得投资本金及基本收益后，乙方才能参与分配剩余的 公司可分配财产。 3.4 转让便利 3.4.1 甲方有权向任意第三方转让其所持公司股份，同等条件下，包括乙方在内的其他 股东有优先购买权， 乙方保证受让甲方股份的第三方享有甲方按照本协议所享有的所有权利 和利益，同时协助甲方办理相应的股份转让手续。” 3、与铜陵高投毅达专精特新创业投资基金合伙企业（有限合伙）签订的补充协议 2022 年 4 月 12 日，铜陵高投毅达专精特新创业投资基金合伙企业（有限合伙）（简称 “投资方”、“高投毅达”）与李莉签订《关于安徽中草香料股份有限公司股份认购协议之 补充协议》。2022 年 4 月 20 日，高投毅达与李莉签署《<关于安徽中草香料股份有限公司 股份认购协议之补充协议>之补充约定》。上述协议及约定主要条款如下： “3 投资方权,https://www.bse.cn/disclosure/2024/2024-08-30/1725017664_266165.pdf,data/source_texts/920016_W3-2024-BSE013_920016.txt,,待人工回原文页确认
W13-920016-011,920016,中草香料,equity_transfer,股权转让,31,股份转让,1,2017 年 2 月 22 日,2.00 元,995 万股,,0,中,保留为Auto候选,,"》 ， 公司2023 年度及 2024 年半年度 （如需） 审计机构为中汇会计师事务所 （特殊普通合伙）。 （七） 股票交易方式及其变更情况 公司股票自 2017 年 2 月 22 日起在全国股转系统挂牌并公开转让， 转让方式为协议转让。 2018 年 1 月 15 日，根据《全国中小企业股份转让系统股票转让方式确定及变更指引》 的规定，公司股票交易方式由协议转让方式变更为集合竞价转让方式。 截至本招股说明书签署日，公司股票转让方式为集合竞价交易方式。 （八） 报告期内发行融资情况 报告期内，公司存在两次定向发行股票融资的情形，具体情况如下： 1、挂牌后第一次定增 公司于 2020 年 12 月 31 日召开第二届董事会第十六次会议、2021 年 1 月 25 日召开 2021 年第一次临时股东大会， 审议通过了中草香料2021 年度第一次股票定向发行， 向17 名认购 对象发行股份，发行数量为 995 万股，发行价为 2.00 元/股，共募集资金 1,990.00 万元。此 次发行对象及认购数量情况如下： 序号 发行对象 认购数量（股） 认购金额（元） 认购方式 1 李莉 3,700,000 7,400,000.00 货币 2 李淑清 2,500,000 5,000,000.00 货币 3 范金材 950,000 1,900,000.00 货币 4 杨登林 350,000 700,000.00 货币 5 葛树辉 325,000 650,000.00 货币 6 赵娅 300,000",https://www.bse.cn/disclosure/2024/2024-08-30/1725017664_266165.pdf,data/source_texts/920016_W3-2024-BSE013_920016.txt,,待人工回原文页确认
W13-920016-012,920016,中草香料,equity_transfer,股权转让,46,股权转让,1,2022 年 4 月 12 日,,1.1 股,8%,2,高,保留为Auto候选,,1-1-46 持不变，实际控制人应投有效赞成票并签署相关决议等文件保证股权转让的实现。” 4、与陈颖签订的补充协议 2022 年 4 月 12 日，陈颖（甲方）与李莉（乙方）签订股份认购协议之补充协议。主要 条款如下： “1.甲方的权利 1.1 股权回购 1.1.1 当出现下列事项时， 甲方有权要求乙方按年单利8%回购甲方持有的公司全部或部 分股权： （I）公司未能在 2026 年底前完成在主板、中小板、创业板、科创板或北交所成功上市 （包括并购上市）。 回购价款=投资款金额× （1+8%×投资款到账日至回购价款支付日的天数/365）-现金分 红。” 5、补充协议的解除情况 2022 年 8 月 26 日至 2022 年 9 月 27 日期间， 公司实际控制人李莉与蚌埠市成长型中小 企业基金有限公司、 蚌埠市天使投资基金 （有限合伙） 、 铜陵高投毅达专精特新创业投资基 金合伙企业 （有限合伙） 、 陈颖分别签署了相关对赌条款的解除协议。 解除协议的主要条款 如下： “一、甲、乙双方同意解除《补充协议》的全部内容，双方确认关于《补充协议》的履 行互不承担违约责任； 二、自本协议生效之日起， 《补充协议》自动解除， 《补充协议》中的约定即时完全终 止，各方均不再享有《补充协,https://www.bse.cn/disclosure/2024/2024-08-30/1725017664_266165.pdf,data/source_texts/920016_W3-2024-BSE013_920016.txt,,待人工回原文页确认
W13-920016-013,920016,中草香料,equity_transfer,股权转让,43,受让,5,2026 年 12 月 31 日,"3,800 万元",3.2 股,8%,0,中,保留为Auto候选,,"1-1-43 资方所持股权。 3.2 股权赎回 3.2.1 本次投资法定登记完成之日起，如发生下列情形之一，则投资方有权要求实际控 制人购买其股权，并按下述 3.2.2 条受让价格和 3.2.3 条支付时间执行： （1）公司或实际控制人违反本协议陈述保证事项或出现欺诈等重大诚信问题（如向投 资方提供的财务资料等相关信息存在虚假或重大遗漏情形，或公司出现账外销售等）； （2）公司直至 2026 年 12 月 31 日未能实现合格 IPO 或在 2026 年 12 月 31 日前按有效 的合格 IPO 发行规则公司已不可能在前述时间（即 2026 年 12 月 31 日）内实现合格 IPO； （3）公司或李莉、李淑清遭受刑事立案侦查或影响公司合格 IPO 的行政处罚； （4）公司核心人员李莉、李淑清离职； （5）实际控制人承诺公司 2022 年、2023 年、2024 年三年经审计的平均净利润不低于 3,800 万元； （6）任一年度经投资方认可的有证券业务从业资格（于最近一年承办过 A 股上市公司 年报审计工作的会计师事务所）的审计机构对公司未出具标准无保留意见审计报告； （7）其他投资方提出/行使/执行回购的； （8）本协议规定的其他情形。 3.2.2 受让价格按以下二者孰高者确定： （1） 受让价格按投资方的投资款项加上按每年8%年化收益率所计算的收益 （扣除已经 支付给",https://www.bse.cn/disclosure/2024/2024-08-30/1725017664_266165.pdf,data/source_texts/920016_W3-2024-BSE013_920016.txt,,待人工回原文页确认
W13-920016-014,920016,中草香料,equity_transfer,股权转让,40,受让,4,2022 年 4 月 12 日,,,8%,3,中,保留为Auto候选,,1-1-40 权优先于“股份出售方”以相同的条件 （指每股单价和支付方式） 向该第三方出售甲方持有 的全部或部分公司股份，但向下列受让人转让的除外： （1）合格的股权激励计划的激励对象；或 （2）经投资人事先书面同意的、且经董事会或股东会表决通过的重组行为中向公司股 东发行股份购买资产的上市公司；或 （3）实际控制人或控股股东控制的关联第三方，但须经投资人事先书面认可的、且与 公司不存在同业竞争关系。 若该第三方拒绝受让甲方持有的股份，则“股份出售方”也不能出售其持有的股份。 4.3 优先于乙方的清算权 乙方确认并承诺， 公司进行清算时， 甲方有权优于乙方获得其全部投资本金及投资期间 的基本收益（基本收益=出资款本金×8%×出资款到账之日（含）至回购价款支付之日（不 含）的天数÷365）。在甲方获得投资本金及基本收益后，乙方才能参与分配剩余的公司可 分配财产。 4.4 转让便利 甲方有权向任意第三方转让其所持公司股份， 同等条件下， 包括乙方在内的其他股东有 优先购买权，乙方保证受让甲方股份的第三方享有甲方按照本协议所享有 的所有权利和利 益，同时协助甲方办理相应的股份转让手续。” 2、与蚌埠市天使投资基金（有限合伙）签订的补充协议 2022 年 4 月 12 日， 蚌埠市天使投资基金 （有限合伙） （甲方） 与李莉 （乙方） 签订,https://www.bse.cn/disclosure/2024/2024-08-30/1725017664_266165.pdf,data/source_texts/920016_W3-2024-BSE013_920016.txt,,待人工回原文页确认
W13-920016-015,920016,中草香料,equity_transfer,股权转让,41,股权转让,2,,,,8%,0,低,保留为Auto候选,,II）公司实际控制人发生转移。 （Ⅳ） 公司、 公司原股东或公司管理层出现重大诚信问题， 如： 公司出现投资方不知情 的财产转移、高管同业兼职、未经审批的重大关联交易等。 3.1.2 在达到回购的条件后，甲方有权要求乙方在收到“股权回购”的书面通知当日起 120 日内付清全部回购款项，配合相关的股权转让事宜并及时以现金形式支付股权回购款 项，按如下方式计算乙方应向甲方支付的股权回购款金额： 回购价款=投资款金额× （1+8%×投资款到账日至回购价款支付日的天数/365）-现金分 红 若乙方未能在 120 日内向甲方支付全部回购价款， 从该120 日届满之日起乙方应按甲方 投资款本金的 0.5%/日计算的金额向甲方支付资金占用费，直至乙方支付完全部回购价款。 3.2 共同出售权及优先出售权 3.2.1 乙方（简称“股份出售方”）拟向第三方出售其所直接或间接持有的公司股份时 （除员工股权激励外）必须首先提前 30 个工作日书面通知甲方。甲方有权按照相同的出售 条件（指每股单价和支付方式），根据届时其和“股份出售方”对公司的持股比例同比例向 该第三方出售其持有的公司股份。 3.2.2“股份出售方”向第三方转让公司股份的行为将导致公司的控制权发生变更时， 甲 方有权优先于“股份出售方”以相同的条件 （指每股单价和支付方式） 向该第三方出售甲方 持有的全部或部分公司股份，但向下列受让人转让的除外： （1）合格的股权激励计划的激励对象；或 （2）经投资人事先书面同意的、且经董事会或股东会表决通过的重组行为中向公司,https://www.bse.cn/disclosure/2024/2024-08-30/1725017664_266165.pdf,data/source_texts/920016_W3-2024-BSE013_920016.txt,,待人工回原文页确认
W13-920016-016,920016,中草香料,equity_transfer,股权转让,10,股份转让,1,2022 年 5 月 7 日,,,5%,0,低,排除为转让系统语境,页面仅出现全国股转系统/公开转让，未出现明确转让方、受让方或回购主体,"021 年 2 月 18 日注 销 贝利化工 指 怀远县贝利化工商贸有限公司， 发行人前员工何青实际 控制的企业，已于 2022 年 5 月 7 日注销 安徽仙奇 指 安徽仙奇生物工程技术有限公司，发行人持股 5%以上 的其他股东、董事、副总经理李淑清控制的公司 公司治理规则 指 全国中小企业股份转让系统挂牌公司治理规则 REACH 指 欧盟法规《化学品的注册、评估、授权和限制》 （REGULATION concerning the Registration, Evaluation，Authorization and Restriction of Chemicals） 的简称，是欧盟建立并于 2007 年 6 月 1 日起实施的化 学品监管体系 KOSHER 指 符合犹太教规的、 清洁的、 可食的， 泛指与犹太饮食相 关的产品 HALAL 指 符合穆斯林生活习惯和需求的食品、 药品、 化妆品以及 食品、药品、化妆品添加剂 FDA 指 Food and Drug Administration，即美国食品药品监督管 理局 德之馨、SYMRISE 指 SYMRISE AG，全球前十大香精香料公司之一 奇华顿、Givaudan 指 Givaudan International SA，全球前十大香精香料公司之 一 爱普股份 指 爱普香料集团股份有限公司，股票代码：603020 口味王 指 湖南口味王集团有限责任公司 银丰药业 指 安徽银丰药业股份有限公司 亚香股份 指 昆山亚香香料股份有限公司，股票",https://www.bse.cn/disclosure/2024/2024-08-30/1725017664_266165.pdf,data/source_texts/920016_W3-2024-BSE013_920016.txt,,待人工回原文页确认
W13-920016-017,920016,中草香料,equity_snapshot,股权快照,41,持股比例,1,,,,,0,低,保留为Auto候选,,直至乙方支付完全部回购价款。 3.2 共同出售权及优先出售权 3.2.1 乙方（简称“股份出售方”）拟向第三方出售其所直接或间接持有的公司股份时 （除员工股权激励外）必须首先提前 30 个工作日书面通知甲方。甲方有权按照相同的出售 条件（指每股单价和支付方式），根据届时其和“股份出售方”对公司的持股比例同比例向 该第三方出售其持有的公司股份。 3.2.2“股份出售方”向第三方转让公司股份的行为将导致公司的控制权发生变更时， 甲 方有权优先于“股份出售方”以相同的条件 （指每股单价和支付方式） 向该第三方出售甲方 持有的全部或部分公司股份，但向下列受让人转让的除外： （1）合格的股权激励计划的激励对象；或 （2）经投资人事先书面同意的、且经董事会或股东会表决通过的重组行为中向公司股 东发行股份购买资产的上市公司；或 （3）实际控制人或控股股东控制的关联第三方，但须经投资人事先书面认可的、且与,https://www.bse.cn/disclosure/2024/2024-08-30/1725017664_266165.pdf,data/source_texts/920016_W3-2024-BSE013_920016.txt,,待人工回原文页确认
W13-920016-018,920016,中草香料,equity_snapshot,股权快照,36,持股数量,1,2023 年 12 月 31 日,,"1,726,129 股",2.89%,2,高,保留为Auto候选,,"关联关系描述 1 李莉 - 2 亿达康 李莉为执行事务合伙人 （四） 其他披露事项 1、私募基金 根据中国证券登记结算有限责任公司北京分公司提供的截至 2023 年 12 月 31 日的发行 人证券持有人名册，发行人共有 3 名私募基金股东，其基本情况如下： 序号 股东 基金管理人 持股数量 （万股） 私募基金备 案编号 基金管理人 登记编号 1 蚌埠中小基金 安徽省创业投资 有限公司 286.7323 SNF826 P1001943 2 蚌埠天使基金 蚌埠中城创业投 资有限公司 286.7323 SCA372 P1033532 3 铜陵高投毅达 安徽毅达汇承股 权投资管理企业 （有限合伙） 286.7323 STQ973 P1031235 上述私募基金股东均依法设立并有效存续； 上述私募基金及其管理人已纳入国家金融监 管部门有效监督，并已按照规定履行审批、备案或报告程序。 2、员工持股计划 怀远亿达康企业管理咨询合伙企业 （有限合伙） 系发行人员工持股计划载体， 截至2023 年 12 月 31 日，亿达康持有公司 1,726,129 股股份，占公司股份总数的 2.89%。亿达康的基 本情况如下： 名称 怀远亿达康企业管理咨询合伙企业（有限合伙） 统一社会信用代码 91340321MA8NWW7C7F 成立时间 2022 年 4 月 2 日 企业类型 有限合伙企业 执行事务合伙人 李莉 注册地址 安徽省蚌埠市怀远县经济开发区乳泉大道 7 号 经营范围 一般项目：企业",https://www.bse.cn/disclosure/2024/2024-08-30/1725017664_266165.pdf,data/source_texts/920016_W3-2024-BSE013_920016.txt,,待人工回原文页确认
W13-920016-019,920016,中草香料,equity_snapshot,股权快照,39,持股比例,1,,,,,0,低,保留为Auto候选,,合提供其他重大生产经营相关信息。 4.2 共同出售权及优先出售权 乙方（简称“股份出售方”）拟向第三方出售其所直接或间接持有的公司股份时（除员 工股权激励外） 必须首先提前30 个工作日书面通知甲方。 甲方有权按照相同的出售条件 （指 每股单价和支付方式） ， 根据届时其和“股份出售方”对公司的持股比例同比例向该第三方 出售其持有的公司股份。 “股份出售方”向第三方转让公司股份的行为将导致公司的控制权发生变更时， 甲方有,https://www.bse.cn/disclosure/2024/2024-08-30/1725017664_266165.pdf,data/source_texts/920016_W3-2024-BSE013_920016.txt,,待人工回原文页确认
W13-920016-020,920016,中草香料,equity_snapshot,股权快照,45,持股比例,1,2022 年 3 月 7 日,,,,0,中,保留为Auto候选,,决议、监事会会议决议、财务会计报告。 3.6 利润分配权 投资方自公司在取得全国中小企业股份转让系统有限责任公司股份登记函， 并在中国证 券登记结算有限责任公司办理完成股份登记之日起享有股东权利， 承担股东义务。 公司以前 年度累积未分配利润和投资后实现的净利润由本次投资后全体股东按本次投资后持股比例 共同享有。 投资方已知晓公司于 2022 年 3 月 7 日在全国中小企业股份转让系统公告的《安徽中草 香料股份有限公司 2021 年年度权益分派预案公告》的具体内容，投资方同意不参与本次权 益分派，不享有本次利润分配的权利。 3.7 投资方有权将其持有的公司股权转让给其体系内的其它基金， 本协议的所有权利保,https://www.bse.cn/disclosure/2024/2024-08-30/1725017664_266165.pdf,data/source_texts/920016_W3-2024-BSE013_920016.txt,,待人工回原文页确认
W13-920016-021,920016,中草香料,equity_snapshot,股权快照,5,持股比例,1,,,,88.21%,0,低,保留为Auto候选,,招股说明书“第四节 发行人基本情况”之“九、重要承诺”。 二、本次公开发行完成前滚存利润的分配安排和已履行的决策程序 公司 2022 年第六次临时股东大会通过了《关于公司向不特定合格投资者公开发行股票 前滚存利润分配政策的议案》 ， 本次公开发行股票完成后， 滚存的未分配利润将由公司新老 股东按持股比例共同享有。 三、重大风险提示 本公司特别提醒投资者注意“第三节风险因素”中的下列特别风险 （一）主要原材料价格波动的风险 报告期内直接材料占主营业务成本的比例分别为 88.21%、86.82%和 86.39%，直接材料 占主营业务成本比重较大。 香料生产的原材料主要来源于香料植物或基础化工产品。 香料植 物容易受自然气候影响， 年产出不均衡， 造成原材料供应量和价格不稳定， 基础化工产品受 原油价格波动等因素影响， 导致报告期内公司原材料采购价格有所波动。 若未来原材料价格 波动过大，将影响公司的生产成本、加大存货管理难度，进而影响公司的盈利能力。 假设公司主要原材料价格上升 1%，其他因素维持不变，将导致报告期各期公司主营业 务成本分别上升 0.88%、0.87%和 0.86%，利润总额分别下降 3.22%、2.47%和 2.46%，毛利 率分别下降 0.58%、0.56%和 0.56%。 假设公司主要原材料价格上升5%， 其他因素维持不变， 将导致报告期各期公司主营业务成本分别上升 4.41%、4.34%和 4.32%，利润总额分别下降 16.10%、12.36%和 12.32%，毛利率分别下降 2.8,https://www.bse.cn/disclosure/2024/2024-08-30/1725017664_266165.pdf,data/source_texts/920016_W3-2024-BSE013_920016.txt,,待人工回原文页确认
W13-920016-022,920016,中草香料,equity_snapshot,股权快照,34,股本结构,1,,,"59,789,429 股",,0,中,保留为Auto候选,,"司控股股东、 实际控制人李莉为 公司员工持股计划载体亿达康的执行事务合伙人， 亿达康的基本情况详见本节之“五、 发行 人股本情况”之“（三）其他披露事项”之“2、员工持股计划”。 除上述情况外，公司控股股东、实际控制人李莉不存在控制的其他企业。 五、 发行人股本情况 （一） 本次发行前后的股本结构情况 截至本招股说明书签署日， 公司总股本为59,789,429 股， 本次拟公开发行人民币普通股 14,950,000 股（不考虑超额配售选择权的情况下），发行后公众股东占本次发行后总股本的",https://www.bse.cn/disclosure/2024/2024-08-30/1725017664_266165.pdf,data/source_texts/920016_W3-2024-BSE013_920016.txt,,待人工回原文页确认
W13-920016-023,920016,中草香料,equity_snapshot,股权快照,35,股本结构,5,,,"14,950,000 股",25%,0,中,保留为Auto候选,,"1-1-35 比例不低于 25%。 若本次公开发行 14,950,000 股，本次发行前后公司股本结构变动如下： 序号 股东名称 本次发行前 本次发行后 持股数（股） 持股比例 持股数（股） 持股比例 1 李莉 31,438,274 52.58% 31,438,274 42.06% 2 李淑清 10,750,833 17.98% 10,750,833 14.38% 3 蚌埠中小基金 2,867,323 4.80% 2,867,323 3.84% 4 蚌埠天使基金 2,867,323 4.80% 2,867,323 3.84% 5 铜陵高投毅达 2,867,323 4.80% 2,867,323 3.84% 6 范金材 2,121,572 3.55% 2,121,572 2.84% 7 亿达康 1,726,129 2.89% 1,726,129 2.31% 8 杨登林 1,103,900 1.85% 1,103,900 1.48% 9 陈颖 716,831 1.20% 716,831 0.96% 10 葛树辉 432,250 0.72% 432,250 0.58% 11 现有其他股东 2,897,671 4.85% 2,897,671 3.88% 12 本次发行数量 - - 14,950,",https://www.bse.cn/disclosure/2024/2024-08-30/1725017664_266165.pdf,data/source_texts/920016_W3-2024-BSE013_920016.txt,,待人工回原文页确认
W13-920016-024,920016,中草香料,equity_snapshot,股权快照,51,持股数量,1,2015 年 6 月,,,,0,中,保留为Auto候选,,"月，任安徽柳工起重机有限公司财务经理；2015 年 6 月至 2016 年 5 月，任中草有限财 务经理；2016 年 5 月至 2017 年 8 月，任中草香料董事、财务总监；2017 年 8 月至今，任中 草香料财务总监。 （二） 直接或间接持有发行人股份的情况 姓名 职位 关系 直接持股数量 （股） 间接持股数 量（股） 无限售股数量 （股） 其中被质押 或冻结股数 李莉 董事长、 总经理 - 31,438,274 311,105 - 0 李淑清 董事、 副 总经理 - 10,750,833 100,356 - 0 范金材 董事、 副 总经理 - 2,121,572 351,247 - 0 赵娅 董事、 董 事会秘 书 - 399,000 53,189 - 0 葛树辉 董事 - 432,250 72,257 - 0 赵宝 监事 - 199,500 10,036 - 0 方润 监事 - 133,000 - - 0 赵慧 财务总 监 - 166,250 - - 0 党亚 副总经 理 - 266,000 100,356 - 0 （三） 对外投资情况",https://www.bse.cn/disclosure/2024/2024-08-30/1725017664_266165.pdf,data/source_texts/920016_W3-2024-BSE013_920016.txt,,待人工回原文页确认
W13-920016-025,920016,中草香料,special_rights,特殊投资条款,38,特殊投资条款,2,2022 年 4 月 12 日,"人民币 3,800 万元",,,2,高,保留为Auto候选,,"发行人挂牌期间的基本情 况”之“（五）报告期内发行融资情况”之“2、挂牌后第二次定增”。公司员工持股计划 亿达康参与了此次发行认购， 本次定向发行未设置服务期、 业绩条件等行权条件， 不会影响 发行人的股权结构。 截至本招股说明书签署日，公司不存在已经制定或正在实施的股权激励及相关安排。 （二）特殊投资条款约定 公司 2022 年第一次股票定向发行时，公司控股股东、实际控制人李莉与蚌埠市成长型 中小企业基金有限公司、 蚌埠市天使投资基金 （有限合伙） 、 铜陵高投毅达专精特新创业投 资基金合伙企业（有限合伙）、陈颖存在特殊投资约定，该等约定的签署及解除情况如下： 1、与蚌埠市成长型中小企业基金有限公司签订的补充协议 2022 年 4 月 12 日，李莉与蚌埠中小基金签订补充协议。主要内容如下： “1.业绩承诺 1.1 乙方承诺公司 2022-2024 年 3 年平均净利润不低于人民币 3,800 万元 （净利润是指归 属于公司股东的扣除非经常性损益的净利润，下同）。 1.2 以甲方认可的会计师事务所出具的审计报告结果作为对公司业绩承诺的考核依据， 乙方应配合会计师事务所对公司的审计工作。 2.其他承诺 2.1 乙方承诺在自本协议签订之日起严格规范关联交易行为，督促公司应在实际经营中 切实遵守相关制度，严格杜绝不必要的关联交易，严格杜绝不规范的资金拆借。",https://www.bse.cn/disclosure/2024/2024-08-30/1725017664_266165.pdf,data/source_texts/920016_W3-2024-BSE013_920016.txt,,待人工回原文页确认
W13-920016-026,920016,中草香料,special_rights,特殊投资条款,42,优先购买权,2,2022 年 4 月 12 日,,,8%,2,中,保留为Auto候选,,间的基本收益 （基本收益=投资款本金×8%×投资款到账之日 （含） 至回购价款支付之 日（不含）的天数÷365）。在甲方获得投资本金及基本收益后，乙方才能参与分配剩余的 公司可分配财产。 3.4 转让便利 3.4.1 甲方有权向任意第三方转让其所持公司股份，同等条件下，包括乙方在内的其他 股东有优先购买权， 乙方保证受让甲方股份的第三方享有甲方按照本协议所享有的所有权利 和利益，同时协助甲方办理相应的股份转让手续。” 3、与铜陵高投毅达专精特新创业投资基金合伙企业（有限合伙）签订的补充协议 2022 年 4 月 12 日，铜陵高投毅达专精特新创业投资基金合伙企业（有限合伙）（简称 “投资方”、“高投毅达”）与李莉签订《关于安徽中草香料股份有限公司股份认购协议之 补充协议》。2022 年 4 月 20 日，高投毅达与李莉签署《<关于安徽中草香料股份有限公司 股份认购协议之补充协议>之补充约定》。上述协议及约定主要条款如下： “3 投资方权利 3.1 限制出售、优先购买权和优先出售权 3.1.1 在投资方持有公司股权期间，未经投资方事先书面同意，实际控制人不得转让其 直接或间接持有的公司股权，经公司有权机构批准的公司员工持股计划不受本条款限制。 3.1.2 在投资方持有公司股权期间，经投资方事先书面同意，实际控制人如转让其所持 有的公司股权，则： （1）如实际控制人转让其所持有的公司股权，则在不影响 3.2.2（1）约定权利的前提 下， 投资方享有在同样条款优于实际控制人出售股权的权利， 实际控制人应当促,https://www.bse.cn/disclosure/2024/2024-08-30/1725017664_266165.pdf,data/source_texts/920016_W3-2024-BSE013_920016.txt,,待人工回原文页确认
W13-920016-027,920016,中草香料,special_rights,特殊投资条款,46,对赌,2,2022 年 8 月 26 日,,,,2,中,保留为Auto候选,,65）-现金分 红。” 5、补充协议的解除情况 2022 年 8 月 26 日至 2022 年 9 月 27 日期间， 公司实际控制人李莉与蚌埠市成长型中小 企业基金有限公司、 蚌埠市天使投资基金 （有限合伙） 、 铜陵高投毅达专精特新创业投资基 金合伙企业 （有限合伙） 、 陈颖分别签署了相关对赌条款的解除协议。 解除协议的主要条款 如下： “一、甲、乙双方同意解除《补充协议》的全部内容，双方确认关于《补充协议》的履 行互不承担违约责任； 二、自本协议生效之日起， 《补充协议》自动解除， 《补充协议》中的约定即时完全终 止，各方均不再享有《补充协议》项下的任何权利，亦不再承担《补充协议》项下的任何义 务，双方均不得就《补充协议》解除所产生的任何事宜提出任何赔偿或补偿请求； 三、自本协议生效之日起， 《补充协议》即自始不再具有法律效力，对各方均不再具有 任何法律约束力，在任何情况下均不会恢复执行，亦不会被视为自动恢复执行。” 各方确认上述协议已解除完毕， 不存在纠纷或潜在纠纷， 也不存在对赌协议等特殊协议 或安排，不会对发行人的股权产生不利影响。 七、 发行人的分公司、控股子公司、参股公司情况 （一） 控股子公司情况,https://www.bse.cn/disclosure/2024/2024-08-30/1725017664_266165.pdf,data/source_texts/920016_W3-2024-BSE013_920016.txt,,待人工回原文页确认
W13-920016-028,920016,中草香料,special_rights,特殊投资条款,40,优先购买权,1,2022 年 4 月 12 日,"人民币 3,800 万元",,8%,2,高,保留为Auto候选,,"本金及投资期间 的基本收益（基本收益=出资款本金×8%×出资款到账之日（含）至回购价款支付之日（不 含）的天数÷365）。在甲方获得投资本金及基本收益后，乙方才能参与分配剩余的公司可 分配财产。 4.4 转让便利 甲方有权向任意第三方转让其所持公司股份， 同等条件下， 包括乙方在内的其他股东有 优先购买权，乙方保证受让甲方股份的第三方享有甲方按照本协议所享有 的所有权利和利 益，同时协助甲方办理相应的股份转让手续。” 2、与蚌埠市天使投资基金（有限合伙）签订的补充协议 2022 年 4 月 12 日， 蚌埠市天使投资基金 （有限合伙） （甲方） 与李莉 （乙方） 签订 《关 于安徽中草香料股份有限公司与蚌埠市天使投资基金（有限合伙）股份认购协议之补充协 议》，主要内容如下： “1.业绩承诺 1.1 乙方承诺公司 2022-2024 年 3 年平均净利润不低于人民币 3,800 万元 （净利润是指归 属于公司股东的扣除非经常性损益的净利润，下同）。 1.2 以甲方认可的会计师事务所出具的审计报告结果作为对公司业绩承诺的考核依据， 乙方应配合会计师事务所对公司的审计工作。 2.规范经营的承诺 2.1 乙方承诺在自本协议签订之日起严格规范关联交易行为，督促公司在实际经营中切 实遵守相关制度，严格杜绝不必要的关联交易，严格杜绝不规范的资金拆借。",https://www.bse.cn/disclosure/2024/2024-08-30/1725017664_266165.pdf,data/source_texts/920016_W3-2024-BSE013_920016.txt,,待人工回原文页确认
W13-920016-029,920016,中草香料,special_rights,特殊投资条款,41,共同出售权,1,,,,8%,0,低,保留为Auto候选,,回购款金额： 回购价款=投资款金额× （1+8%×投资款到账日至回购价款支付日的天数/365）-现金分 红 若乙方未能在 120 日内向甲方支付全部回购价款， 从该120 日届满之日起乙方应按甲方 投资款本金的 0.5%/日计算的金额向甲方支付资金占用费，直至乙方支付完全部回购价款。 3.2 共同出售权及优先出售权 3.2.1 乙方（简称“股份出售方”）拟向第三方出售其所直接或间接持有的公司股份时 （除员工股权激励外）必须首先提前 30 个工作日书面通知甲方。甲方有权按照相同的出售 条件（指每股单价和支付方式），根据届时其和“股份出售方”对公司的持股比例同比例向 该第三方出售其持有的公司股份。 3.2.2“股份出售方”向第三方转让公司股份的行为将导致公司的控制权发生变更时， 甲 方有权优先于“股份出售方”以相同的条件 （指每股单价和支付方式） 向该第三方出售甲方 持有的全部或部分公司股份，但向下列受让人转让的除外： （1）合格的股权激励计划的激励对象；或 （2）经投资人事先书面同意的、且经董事会或股东会表决通过的重组行为中向公司股 东发行股份购买资产的上市公司；或 （3）实际控制人或控股股东控制的关联第三方，但须经投资人事先书面认可的、且与,https://www.bse.cn/disclosure/2024/2024-08-30/1725017664_266165.pdf,data/source_texts/920016_W3-2024-BSE013_920016.txt,,待人工回原文页确认
W13-920016-030,920016,中草香料,special_rights,特殊投资条款,39,共同出售权,1,,,,,0,低,保留为Auto候选,,日内提 供公司的审计报告； 乙方应督促公司确保财务报表编制根据中国会计准则， 审计按照中国审 计准则，并且由具有证券从业资格的会计师事务所执行。 如有需要， 在不干扰公司正常生产经营以及符合信息披露要求的前提下， 乙方应当督促 公司根据甲方合理要求，配合提供其他重大生产经营相关信息。 4.2 共同出售权及优先出售权 乙方（简称“股份出售方”）拟向第三方出售其所直接或间接持有的公司股份时（除员 工股权激励外） 必须首先提前30 个工作日书面通知甲方。 甲方有权按照相同的出售条件 （指 每股单价和支付方式） ， 根据届时其和“股份出售方”对公司的持股比例同比例向该第三方 出售其持有的公司股份。 “股份出售方”向第三方转让公司股份的行为将导致公司的控制权发生变更时， 甲方有,https://www.bse.cn/disclosure/2024/2024-08-30/1725017664_266165.pdf,data/source_texts/920016_W3-2024-BSE013_920016.txt,,待人工回原文页确认
W13-920304-001,920304,迪尔化工,capital_increase,增资认缴,27,定向发行,4,2014 年 11 月 10 日,1.35 元,"1,500.00 万股",,0,中,保留为Auto候选,,"公司目前股票交易方式为集合竞价交易。公司挂牌期间股票交易方式及其变更情况如下： 期间 股票交易方式 2014 年 11 月 10 日至 2018 年 1 月 14 日 协议转让 2018 年 1 月 15 日至今 集合竞价交易 （五） 报告期内发行融资情况 报告期内，公司进行过一次定向发行股票的行为，具体情况如下： 2021 年 4 月 28 日公司第三届董事会第五次会议及 2021 年 5 月 15 日公司 2021 年第一次临时 股东大会审议通过《关于公司股票定向发行说明书的议案》，公司最终以每股 1.35 元的价格向 19 名认购人发行股票 1,500.00 万股， 发行对象以现金认购， 实际募集资金2,025.00 万元。 本次发行募 集资金主要用于补充公司流动资金。 （六） 报告期内重大资产重组情况 报告期内，公司未发生重大资产重组。 （七） 报告期内控制权变动情况 报告期内， 因公司实际控制人之一郑秀红去世， 公司实际控制人由刘西玉、 郑秀红夫妇两人减 少至刘西玉一人。 （八） 报告期内股利分配情况 报告期内，公司共进行了三次股利分配，具体情况如下： 年度 股利分配预案 股利分配实施 情况 决策程序 2019 公司总股本为 86,760,000 股， 拟以权 益分派实施时股权登记日应分配股 数为基数， 以未分配利润向全体股东 每 10 股送红股 3 股 共计派送红股 26,028,000 股 2020 年 1 月 18 日召开的第二 届董事会第十二次会议",https://www.bse.cn/disclosure/2023/2023-03-30/1680171127_157748.pdf,data/source_texts/920304_W3-2023-BSE004_920304.txt,,待人工回原文页确认
W13-920304-002,920304,迪尔化工,capital_increase,增资认缴,144,增资,2,,,,,0,低,保留为Auto候选,,"2．提取一般风 险准备 3 ． 对所有者 （或股东）的 分配 -23,001,840.00 -23,001,840.00 4．其他 （四） 所有者 权益内部结转 1．资本公积转 增资本（或股 本） 2．盈余公积转 增资本（或股 本） 3．盈余公积弥 补亏损 4．设定受益计 划变动额结转 留存收益 5. 其他综合收 益结转留存收 益 6．其他 （五） 专项储 备 2,239,315.90 2,239,315.90 1．本期提取 3,195,290.62 3,195,290.62 2．本期使用 955,974.72 955,974.72 （六）其他 四、 本年期末 余额 127,788,000.00 11,720,483.55 23,842,919.11 11,499,008.58 35,400,104.90 210,250,516.14 单位：元 项目 2021 年度 归属于母公司所有者权益 少 数 股 东 权 益 所有者权益合计 股本 其他权益工 具 资本公积 减： 库存 股 其 他 综 合",https://www.bse.cn/disclosure/2023/2023-03-30/1680171127_157748.pdf,data/source_texts/920304_W3-2023-BSE004_920304.txt,,待人工回原文页确认
W13-920304-003,920304,迪尔化工,capital_increase,增资认缴,145,增资,2,,,,,0,低,保留为Auto候选,,"2,127.78 2．提取一般风险准 备 3．对所有者（或股 东）的分配 -20,301,840.00 -20,301,840.00 4．其他 （四）所有者权益内 部结转 1．资本公积转增资 本（或股本） 2．盈余公积转增资 本（或股本） 3．盈余公积弥补亏 损 4．设定受益计划变 动额结转留存收益",https://www.bse.cn/disclosure/2023/2023-03-30/1680171127_157748.pdf,data/source_texts/920304_W3-2023-BSE004_920304.txt,,待人工回原文页确认
W13-920304-004,920304,迪尔化工,capital_increase,增资认缴,147,增资,2,,,,,1,中,保留为Auto候选,,"339,147.66 2．提取一般风险准备 3．对所有者（或股东） 的分配 4．其他 （四）所有者权益内部结 转 26,028,000.00 -26,028,000.00 1．资本公积转增资本 （或 股本） 2．盈余公积转增资本 （或 股本） 3．盈余公积弥补亏损 4．设定受益计划变动额 结转留存收益 5. 其他综合收益 结转 留 存收益 6．其他 26,028,000.00 -26,028,000.00 （五）专项储备 1,867,793.07 1,867,793.07 1．本期提取 3,432,283.68 3,432,283.68 2．本期使用 1,564,490.61 1,564,490.61 （六）其他 四、本年期末余额 112,788,000.00 126,143.93 20,432,615.63 8,446,880.80 23,662,387.62 165,456,027.98 单位：元 项目 2019 年度 归属于母公司所有者权益 少 数 股 东 权 益 所有者权益合计 股本 其他权益工 具 资本公",https://www.bse.cn/disclosure/2023/2023-03-30/1680171127_157748.pdf,data/source_texts/920304_W3-2023-BSE004_920304.txt,,待人工回原文页确认
W13-920304-005,920304,迪尔化工,capital_increase,增资认缴,148,增资,2,,,,,1,中,保留为Auto候选,,"27,431.57 2．提取一般风险准备 3．对所有者（或股东） 的 分配 -13,014,000.00 -13,014,000.00 4．其他 （四）所有者权益内部结转 1．资本公积转增资本（或 股本） 2．盈余公积转增资本（ 或 股本） 3．盈余公积弥补亏损 4．设定受益计划变动额结 转留存收益 5.其 他 综合 收 益结转留 存 收益 6．其他 （五）专项储备 2,057,108.63 2,057,108.63 1．本期提取 3,186,247.80 3,186,247.80 2．本期使用 1,129,139.17 1,129,139.17",https://www.bse.cn/disclosure/2023/2023-03-30/1680171127_157748.pdf,data/source_texts/920304_W3-2023-BSE004_920304.txt,,待人工回原文页确认
W13-920304-006,920304,迪尔化工,capital_increase,增资认缴,150,增资,2,,,,,1,中,保留为Auto候选,,"1-1-149 4．其他 （四）所有者权益内部结转 1．资本公积转增资本（或股本） 2．盈余公积转增资本（或股本） 3．盈余公积弥补亏损 4．设定受益计划变动额结转留存收 益 5. 其他综合收益结转留存收益 6．其他 （五）专项储备 1,060,898.61 1,060,898.61 1．本期提取 1,735,767.60 1,735,767.60 2．本期使用 674,868.99 674,868.99 （六）其他 四、本年期末余额 127,788,000.00 11,720,483.55 13,860,567.80 11,499,008.58 19,361,924.84 184,229,984.77 单位：元 项目 2021 年度 股本 其他权益工具 资本公积 减： 库存 股 其 他 综 合 收 益 专项储备 盈余公积 一 般 风 险 准 备 未分配利润 所有者权益合计 优 先 股 永 续 债 其 他",https://www.bse.cn/disclosure/2023/2023-03-30/1680171127_157748.pdf,data/source_texts/920304_W3-2023-BSE004_920304.txt,,待人工回原文页确认
W13-920304-007,920304,迪尔化工,capital_increase,增资认缴,151,增资,2,,,,,1,中,保留为Auto候选,,"-3,052,127.78 2. 提取一般风险准备 3．对所有者（或股东）的分配 -20,301,840.00 -20,301,840.00 4．其他 （四）所有者权益内部结转 1．资本公积转增资本（或股本） 2．盈余公积转增资本（或股本） 3．盈余公积弥补亏损 4．设定受益计划变动额结转留存收 益 5. 其他综合收益结转留存收益 6．其他 （五）专项储备 -615,336.70 -615,336.70 1．本期提取 865,029.96 865,029.96 2．本期使用 1,480,366.66 1,480,366.66 （六）其他 四、本年期末余额 127,788,000.00 11,720,483.55 12,799,669.19 11,499,008.58 27,476,484.77 191,283,646.09 单位：元 项目 2020 年度 股本 其他权益工具 资本公积 减： 库存 股 其他 综合 收益 专项储备 盈余公积 一般 风险 准备 未分配利润 所有者权益合计 优 先 股 永续 债 其 他 一、上年期末余",https://www.bse.cn/disclosure/2023/2023-03-30/1680171127_157748.pdf,data/source_texts/920304_W3-2023-BSE004_920304.txt,,待人工回原文页确认
W13-920304-008,920304,迪尔化工,capital_increase,增资认缴,152,增资,2,,,,,1,中,保留为Auto候选,,"6 -2,339,147.66 2. 提取一般风险准备 3．对所有者（或股东）的分配 4．其他 （四）所有者权益内部结转 26,028,000.00 -26,028,000.00 1．资本公积转增资本（或股本） 2．盈余公积转增资本（或股本） 3．盈余公积弥补亏损 4．设定受益计划变动额结转留存收益 5. 其他综合收益结转留存收益 6．其他 26,028,000.00 -26,028,000.00 （五）专项储备 -349,380.65 -349,380.65 1．本期提取 922,871.76 922,871.76 2．本期使用 1,272,252.41 1,272,252.41 （六）其他 四、本年期末余额 112,788,000.00 126,143.93 13,415,005.89 8,446,880.80 20,309,174.83 155,085,205.45 单位：元 项目 2019 年度",https://www.bse.cn/disclosure/2023/2023-03-30/1680171127_157748.pdf,data/source_texts/920304_W3-2023-BSE004_920304.txt,,待人工回原文页确认
W13-920304-009,920304,迪尔化工,equity_transfer,股权转让,126,转让给,1,2017 年 3 月,,,100.00%,0,中,保留为Auto候选,,股份的股东，2017 年 3 月至 2018 年 3 月任公司董事长）将其实际控制的山东华鸿化工有限公司对外处置， 自2019 年 10 月起， 公司 与山东华鸿化工有限公司之间不再存在关联关系，公司上表中披露数据为 2019 年 1-9 月的数据。 山东华鸿化工有限公司全部资产、 人员均随股权一并转让给上市公司中化国际 （600500） 下属子公 司泰安圣奥化工有限公司，成为泰安圣奥化工有限公司的全资子公司。 根据《关于股东信息核查中“最终持有人”的理解与适用》，截至 2023 年 2 月 24 日，泰安圣奥 化工有限公司股权结构穿透后情况如下： 公司 第一层股东及 持股比例 第二层股东及持股 比例 第三层股东及持股比例 第四层股东及持 股比例 泰安圣奥 化工有限 公司 圣奥化学科技 有限公司 （100.00%） 中化国际（香港）化 工投资有限公司 （60.976%） 中化国际（600500.SH） （100.00%） 中国中化股份有 限公司 （54.23%），其 他股东 45.77%,https://www.bse.cn/disclosure/2023/2023-03-30/1680171127_157748.pdf,data/source_texts/920304_W3-2023-BSE004_920304.txt,,待人工回原文页确认
W13-920304-010,920304,迪尔化工,equity_transfer,股权转让,10,股份转让,2,2022 年 1 月,,,,0,低,排除为转让系统语境,页面仅出现全国股转系统/公开转让，未出现明确转让方、受让方或回购主体,法》 指 《中华人民共和国证券法》 公司章程 指 山东华阳迪尔化工股份有限公司章程 公司章程（草案） 指 北交所上市后适用的《山东华阳迪尔化工股份有限公司章程 （草案）》 中国证监会、证监会 指 中国证券监督管理委员会 北交所 指 北京证券交易所有限责任公司 全国股转系统 指 全国中小企业股份转让系统 全国股转公司 指 全国中小企业股份转让系统有限责任公司 保荐机构、 主办券商、 中泰 证券 指 中泰证券股份有限公司 会计师事务所 指 中天运会计师事务所（特殊普通合伙） 律师事务所 指 北京浩天（济南）律师事务所 招股说明书 指 山东华阳迪尔化工股份有限公司向不特定合格投资者公开发 行股票并在北京证券交易所上市招股说明书 报告期 指 2019 年度、2020 年度、2021 年度、2022 年 1 月-6 月 报告期各期末 指 2019 年 12 月 31 日、2020 年 12 月 31 日、2021 年 12 月 31 日、 2022 年 6 月 30 日 元、万元 指 人民币元、人民币万元 专业名词释义 液氨 指 以液态方式贮存和运输的氨称为液氨； 在化肥行业视氨为中间 产品或半成品，通常称为合成氨 氯化钾 指 一种无机化合物，可从钾石盐、 光卤石、 含氯化钾的盐湖卤水 和晶间卤水中提取 氧化镁 指 镁的氧化物，以方镁石的形式存在于自然界中 TDI 指 甲苯二异氰酸酯， 用于有机合成、 生产泡沫塑料、 涂料和用作 化学试剂 MDI 指 即甲撑二苯基二异氰酸酯， 又名二苯甲烷二,https://www.bse.cn/disclosure/2023/2023-03-30/1680171127_157748.pdf,data/source_texts/920304_W3-2023-BSE004_920304.txt,,待人工回原文页确认
W13-920304-011,920304,迪尔化工,equity_transfer,股权转让,20,股份转让,1,,2 亿元,,8%,0,低,排除为转让系统语境,页面仅出现全国股转系统/公开转让，未出现明确转让方、受让方或回购主体,"据《北京证券交易所股票上市规则（试行）》相关规定，公司选择的上市标准为：市值不低 于 2 亿元，最近两年净利润均不低于 1,500.00 万元且加权平均净资产收益率平均不低于 8%，或者 最近一年净利润不低于 2,500.00 万元且加权平均净资产收益率不低于 8%。 根据发行人股票在全国中小企业股份转让系统交易情况、 同行业公司的市盈率情况及发行人最 近一次融资情况， 预计发行人向不特定合格投资者公开发行股票后市值不低于2 亿元； 发行人2020 年、2021 年净利润（以扣除非经常性损益前后孰低者为计算依据）分别为 2,551.85 万元、3,116.74 万元，均不低于 1,500.00 万元，且最近一年净利润不低于 2,500.00 万元；2020 年、2021 年加权平 均净资产收益率（以扣除非经常性损益前后孰低者为计算依据）分别为 16.83%、17.34%，均不低 于 8%，符合上述标准。 十一、 发行人公司治理特殊安排等重要事项 截至本招股说明书签署之日，公司不存在公司治理特殊安排等重要事项。 十二、 募集资金运用 本次发行后，募集资金将投入以下项目： 单位：万元 序号 实施项目 投资总额 募集资金投入金额 1 年产 20 万吨熔盐储能项目（一期） 32,744.99 15,000.00 募投项目计划总投资为 32,744.99 万元， 其中， 拟用公开发行股票募集资金15,000.00 万元， 剩 余部分为自筹资金。 若本次发行股票的实际募集资金少于计划募集资金， 缺口部分将",https://www.bse.cn/disclosure/2023/2023-03-30/1680171127_157748.pdf,data/source_texts/920304_W3-2023-BSE004_920304.txt,,待人工回原文页确认
W13-920304-012,920304,迪尔化工,equity_transfer,股权转让,26,股份转让,1,2014 年 10 月 28 日,,,,0,低,排除为转让系统语境,页面仅出现全国股转系统/公开转让，未出现明确转让方、受让方或回购主体,下游硝酸钾、硝酸镁、硝基水溶肥 等产品 的研发、生产和销售 主要产品与服务项目 硝酸、硝酸钾、硝酸镁、硝基水溶肥等 二、 发行人挂牌期间的基本情况 （一） 挂牌日期和目前所属层级 2014 年 10 月 28 日，全国股转公司出具《关于同意山东华阳迪尔化工股份有限公司股票在全 国中小企业股份转让系统挂牌的函》（股转系统函〔 2014〕1103 号），同意公司股票在全国股转 系统挂牌。2014 年 11 月 10 日，公司股票正式在全国股转系统挂牌并公开转让，公司目前所属层 级为创新层。 （二） 主办券商及其变动情况 公司主办券商为中泰证券，自挂牌以来，公司主办券商未发生变动。,https://www.bse.cn/disclosure/2023/2023-03-30/1680171127_157748.pdf,data/source_texts/920304_W3-2023-BSE004_920304.txt,,待人工回原文页确认
W13-920304-013,920304,迪尔化工,equity_transfer,股权转让,49,股份回购,5,,,,50%,0,低,保留为Auto候选,,人员增持公司股份后，公司股票仍触及稳定股 价预案启动的条件，公司以法律法规允许的交易方式向不 特定合格投资者回购股份（以下简称 “公司回购股份”）满 足启动股价稳定措施条件后，公司应在 5 个交易日内召开 董事会，讨论公司向不特定合格投资者回购公司股份的方 案，并提交股东大会审议。在股东大会审议通过股份回购 方案后，公司依法通知债权人，向证券监督管理部门、北 交所等主管部门报送相关材料，办理审批或备案手续。在 完成必需的审批、备案、信息披露等程序后，公司方可实 施相应的股份回购方案。 公司回购股份的资金为自有资金， 回购股份的价格不高于本次发行价格（适用于公司股票在 北交所上市之日起的前三个月内）或公司上一个会计年度 经审计的每股净资产值（适用于公司股票在北交所上市之 日起的第四个月至三年内），回购股份的方式为 以法律法 规允许的交易方式向社会公众股东回购股份。公司用于回 购股份的资金金额不超过上一个会计年度归属于母公司所 有者净利润的 50%。如果公司股价已经不满足启动稳定公 司股价措施的条件的，公司可不再实施向不特定合格投资 者回购股份。回购股份后，公司的股权分布应当符合北交 所上市条件。公司以法律法规允许的交易方式向不特定合 格投资者回购公司股份应符合《中华人民共和国公司法》 《中华人民共和国证券法》《全国中小企业股份转让系统 股票交易规则》等法律、法规、规范性文件的规定。三、 应启动而未启动股价稳定措施的约束措施在启动股价稳定 措施的条件满足时， 如实际控制人及其一致行动人、 公司、 董事（独立董事除外）、高级,https://www.bse.cn/disclosure/2023/2023-03-30/1680171127_157748.pdf,data/source_texts/920304_W3-2023-BSE004_920304.txt,,待人工回原文页确认
W13-920304-014,920304,迪尔化工,equity_transfer,股权转让,50,股份回购,1,2023 年 1 月 13 日,,,,0,中,保留为Auto候选,,1-1-49 义务相应金额的应付实际控制人及其一致行动人现金分红 予以截留用于下次股份回购计划，实际控制人及其一致行 动人丧失对相应金额现金分红的追索权。（三）如果董事 （独立董事除外）、高级管理人员未采取上述稳定股价的 具体措施的， 将在前述事项发生之日起10 个交易日内， 公 司停止发放未履行承诺董事（独立董事除外）、高级管理 人员的薪酬及现金分红，同时该等董事（独立董事除外）、 高级管理人员持有的公司股份不得转让， 直至该等董事 （独 立董事除外）、高级管理人员按本预案的规定采取相应的 股价稳定措施并实施完毕。 董监高 2023 年 1 月 13 日 稳定股价 措施 一、稳定股价措施的启动和停止条件（一）稳定股价措施 的启动条件 （1） 自公司股票正式在北交所上市之日起前三 个月内， 若公司股票出现连续10 个交易日的收盘价 （如果 因派发现金红利、送股、转增股本、增发新股等原因进行 除权、除息的，须按照北交所的有关规定作相应调整，下 同）均低于本次发行价格，且同时满足相关回购、增持公 司股份等行为的法律、法规和规范性文件的规定的，则触 发实际控制人、董事（不含独立董事）及高级管理人员、 公司履行稳定公司股价措施； （2）自公司股票正式在北交 所上市之日起第四个月至三年内， 若公司股票连,https://www.bse.cn/disclosure/2023/2023-03-30/1680171127_157748.pdf,data/source_texts/920304_W3-2023-BSE004_920304.txt,,待人工回原文页确认
W13-920304-015,920304,迪尔化工,equity_transfer,股权转让,51,股份回购,2,,,,,0,低,保留为Auto候选,,员增持公司股份后，公司股票仍触及稳定股 价预案启动的条件，公司以法律法规允许的交 易方式向不 特定合格投资者回购股份（以下简称 “公司回购股份”）满 足启动股价稳定措施条件后，公司应在 5 个交易日内召开 董事会，讨论公司向不特定合格投资者回购公司股份的方 案，并提交股东大会审议。在股东大会审议通过股份回购 方案后，公司依法通知债权人，向证券监督管理部门、北 交所等主管部门报送相关材料，办理审批或备案手续。在 完成必需的审批、备案、信息披露等程序后，公司方可实 施相应的股份回购方案。 公司回购股份的资金为自有资金，,https://www.bse.cn/disclosure/2023/2023-03-30/1680171127_157748.pdf,data/source_texts/920304_W3-2023-BSE004_920304.txt,,待人工回原文页确认
W13-920304-016,920304,迪尔化工,equity_transfer,股权转让,52,股份转让,4,,,,50%,0,低,保留为Auto候选,,者净利润的 50%。如果公司股价已经不满足启动稳定公 司股价措施的条件的，公司可不再实施向不特定合格投资 者回购股份。回购股份后，公司的股权分布应当符合北交 所上市条件。公司以法律法规允许的交易方式向不特定合 格投资者回购公司股份应符合《中华人民共和国公司法》 《中华人民共和国证券法》《全国中小企业股份转让系统 股票交易规则》等法律、法规、规范性文件的规定。三、 应启动而未启动股价稳定措施的约束措施在启动股价稳定 措施的条件满足时， 如实际控制人及其一致行动人、 公司、 董事（独立董事除外）、高级管理人员未采取上述稳定股 价的具体措施，实际控制人及其一致行动人、公司、董事 （独立董事除外） 、 高级管理人员承诺接受以下约束措施： （一）实际控制人及其一致行动人、公司、董事（独立董 事除外） 、 高级管理人员将在公司股东大会及中国证监会、 北交所指定报刊上公开说明未采取上述稳定股价措施的具 体原因并向公司股东和社会公众投资者道歉。（二）如果 实际控制人及其一致行动人未采取上述稳定股价的具体措 施的，则实际控制人及其一致行动人持有的公司股份不得 转让，直至其按本预案的规定采取相应的稳定股价措施并 实施完毕。如实际控制人及其一致行动人已公告增持具体 计划但由于主观原因不能实际履行，则公司应将与实际控 制人及其一致行动人履行增持义务相应金额（用于增持股 份的资金金额不低于最近一个会计年度从公司分得的现金 股利）的应付实际控制人及其一致行动人现金分红予以截 留，直至实际控制人及其一致行动人履行其增持义务；如 已经连续两次触发增持,https://www.bse.cn/disclosure/2023/2023-03-30/1680171127_157748.pdf,data/source_texts/920304_W3-2023-BSE004_920304.txt,,待人工回原文页确认
W13-920304-017,920304,迪尔化工,equity_snapshot,股权快照,12,持股比例,1,2001 年 5 月 21 日,,,30%,0,中,保留为Auto候选,,控制人的情况 （一）发行人情况 发行人成立于 2001 年 5 月 21 日，自成立以来，一直从事硝酸及其下游硝酸钾、硝酸镁、硝基 水溶肥的研发、生产和销售，产品广泛应用于光热发电及储能、化工、化肥、军工、电子元件制造 等领域。 （二）控股股东情况 截至本招股说明书签署日， 发行人不存在单一持股比例超过30%或能够对股东大会决议施加重 大影响的单一股东，发行人无控股股东。 （三）实际控制人情况 发行人实际控制人系刘西玉。发行人的第一大股东为兴迪尔，占发行人总股本的 24.95%；刘 西玉持有兴迪尔 61.00%股份，为兴迪尔控股股东、实际控制人，刘西玉通过控制兴迪尔间接控制 发行人 24.95%股份； 另， 刘西玉直接持有发行人6.01%股份（刘西玉所持有的发行人 6.01%股份为 其从其配偶郑秀红处继承而来），刘西玉合计控制发行人 30.96%股份，为发行人实际控制人。为 保证公司实际控制人在发行后的稳定性，第二大股东华阳集团于 2022 年 9 月 7 日与刘西玉签署一 致行动协议， 在重大事项上与刘西玉保持一致。刘西玉通过直接、 间接及签署一致行动协议的方式 合计控制公司 47.04%的股份。 公司实际控制人的简历参见本招股说明书 “第四节 发行人基本情况”之“四、 发行人股东及 实际控制人情况”之“（一）控股股东、实际控制人情况”。,https://www.bse.cn/disclosure/2023/2023-03-30/1680171127_157748.pdf,data/source_texts/920304_W3-2023-BSE004_920304.txt,,待人工回原文页确认
W13-920304-018,920304,迪尔化工,equity_snapshot,股权快照,28,持股比例,1,2022 年 9 月 30 日,,,30%,0,中,保留为Auto候选,,年 5 月 15 日召开的 2021 年年度股东大会审议通 过 三、 发行人的股权结构 截至 2022 年 9 月 30 日，发行人股权结构如下： 四、 发行人股东及实际控制人情况 （一） 控股股东、实际控制人情况 1、控股股东情况 截至本招股说明书签署日， 发行人不存在单一持股比例超过30%或对股东大会的决议产生重大 影响的单一股东，发行人无控股股东。 2、实际控制人情况,https://www.bse.cn/disclosure/2023/2023-03-30/1680171127_157748.pdf,data/source_texts/920304_W3-2023-BSE004_920304.txt,,待人工回原文页确认
W13-920304-019,920304,迪尔化工,equity_snapshot,股权快照,30,持股比例,2,2022 年 6 月 30 日,,"20,552,480 股",61.00%,0,中,保留为Auto候选,,"9 室 经营范围 实业投资、投资管理、房地产开发、化工产品（除危险化学品、易制 毒化学品、烟花爆竹制品）。（依法须经批准的项目，经相关部门批 准后方可开展经营活动） 主营业务与发行人业务 之间的关系 主要从事投资、房地产开发等业务，与发行人的主营业务不相关。 截至本招股说明书签署之日，该公司持股比例和股本如下： 序号 股东名称 持股比例 股本(万元) 1 刘西玉 61.00% 4,066.48 2 李玉龙 4.500% 300.00 3 曹学银 4.02% 268.00 4 王国良 3.00% 199.98 5 周建伟 3.00% 199.98 6 侯立伟 3.00% 199.98 7 黄贵勇 3.00% 199.98 8 郝天金 3.00% 199.98 9 史延胜 3.00% 199.98 10 孙奎业 3.00% 199.98 11 沈舟 3.00% 199.98 12 李书平 3.00% 199.98 13 韩欣师 2.73% 182.00 14 黄启永 0.75% 49.70 合计 100.00% 6,666.00 2、山东华阳农药化工集团有限公司 截至 2022 年 6 月 30 日， 山东华阳农药化工集团有限公司持有发行人股份20,552,480 股， 持股 比例为 16.08%，具体情况如下： 公司名称 山东华阳农药化工集团有限公司 公司类型 其他有限责任公司 统一社会信用代码 91370921166560841D 法定代表人 刘勇 成立日期 199",https://www.bse.cn/disclosure/2023/2023-03-30/1680171127_157748.pdf,data/source_texts/920304_W3-2023-BSE004_920304.txt,,待人工回原文页确认
W13-920304-020,920304,迪尔化工,equity_snapshot,股权快照,31,持股比例,4,2022 年 6 月 30 日,,"13,095,940 股",34.0004%,3,高,保留为Auto候选,,"相关技术的服务；进出口业务（进出口国营贸易管理货物除 外）；（以下限分公司经营）化学肥料生产销售。（依法须经批准的 项目，经相关部门批准后方可开展经营活动） 主营业务与发行人业务 之间的关系 主要从事农药、精细化工等业务，发行人的主要产品稀硝酸为其原料 之一。 截至本招股说明书签署之日，该公司持股比例和股本如下： 序号 股东名称 持股比例 股本(万元) 1 山东兴宁招商投资集团有限公司 34.0004% 6,847.00 2 泰安市道和投资合伙企业（有限合伙） 24.38177% 4,910.00 3 济南泽惠股权投资合伙企业（有限合伙） 16.16347% 3,255.00 4 泰安市众城企业管理咨询合伙企业（有限合伙） 14.52975% 2,926.00 5 杭州逸农化工有限公司 9.93147% 2,000.00 6 李伟 0.99315% 200.00 合计 100.00% 20,138.00 3、孙立辉 截至 2022 年 6 月 30 日，孙立辉持有发行人股份 13,095,940 股，持股比例为 10.25%，具体情 况如下： 孙立辉，男，1969 年 1 月出生，中国国籍，无境外永久居留权，专科学历。1988 年 10 月至 2003 年 1 月， 山东省济南化肥厂生产经理；2003 年 2 月至 2014 年 5 月， 历任济南双硝技术开发有 限公司职员、执行董事兼总经理；2004 年 11 月至 2019 年 3 月，历任公司董事、董事兼总经理； 2006 年 4 月至",https://www.bse.cn/disclosure/2023/2023-03-30/1680171127_157748.pdf,data/source_texts/920304_W3-2023-BSE004_920304.txt,,待人工回原文页确认
W13-920304-021,920304,迪尔化工,equity_snapshot,股权快照,34,股本结构,3,2022 年 9 月 1 日,,"12,778.80 万股",100.00%,0,中,保留为Auto候选,,"东迪兴检测科技有 限公司（迪尔集团持 股 100.00%） - - 注：济宁山安工贸有限公司已于 2022 年 9 月 1 日注销、泗水万紫千红菌业科技示范有限公司 已于 2022 年 8 月 29 日注销，该两公司已完成税务注销、工商注销。 五、 发行人股本情况 （一） 本次发行前后的股本结构情况 本次发行前，公司总股本为 12,778.80 万股，本次拟公开发行股份不超过 3,450.00 万股，发行 后社会公众股占发行后总股本的比例不低 25%。发行后，发行人总股本不超过 16,228.80 万股。 本次发行股份均为公开发行的新股，公司原有股东不涉及公开发售股份。假设本次发行新股 3,450.00 万股，则本次公开发行股票数量占发行后总股本的比例为 21.26%。 （二） 本次发行前公司前十名股东情况 序号 股东姓名/名称 持股数量 （万股） 股权比例（%） 股份性质 限售情况 1 兴迪尔 3,187.8811 24.95% 境内非国有法人 3,187.8811 2 华阳集团 2,055.248 16.08% 国有法人 2,055.248 3 孙立辉 1,309.594 10.25% 境内自然人 1,309.594 4 刘西玉 767.961 6.01% 境内自然人 767.961 5 葛秀美 500.00 3.91% 境内自然人 - 6 李志 408.965 3.20% 境内自然人 408.965 7 高斌 407.66 3.19% 境内自然人 407.66 8 王俊峰",https://www.bse.cn/disclosure/2023/2023-03-30/1680171127_157748.pdf,data/source_texts/920304_W3-2023-BSE004_920304.txt,,待人工回原文页确认
W13-920304-022,920304,迪尔化工,equity_snapshot,股权快照,40,持股数量,4,2004 年 4 月,,,,0,中,保留为Auto候选,,"员；2004 年 4 月至今，历 任公司技术员、生产部经理、工艺总监、副总经理。 （二） 直接或间接持有发行人股份的情况 1、公司董事、监事、高级管理人员直接或间接持股情况 截至 2022 年 6 月 30 日，公司董事、监事、高级管理人员直接或间接持股情况如下： 姓名 职务 持股方式 持股数量（股） 持股比例（%） 孙立辉 董事长 直接持股 13,095,940 10.25 刘西玉 董事 直接持股 7,679,610 6.01 间接持股 19,447,127 15.22 刘勇 董事 间接持股 331,874 0.26 侯立伟 董事 间接持股 956,364 0.75 王俊峰 董事、副总经理 直接持股 3,718,700 2.91 曹学银 监事会主席 间接持股 1,281,656 1.00 李西东 监事 间接持股 135,397 0.11 邱刚 监事 直接持股 500,699 0.39 高斌 总经理 直接持股 4,076,600 3.19 卢英华 副总经理、财务负责 人、董事会秘书 直接持股 2,766,500 2.16 李志 副总经理 直接持股 4,089,650 3.20 胡安宇 副总经理 直接持股 3,393,100 2.66 刘国洪 副总经理 直接持股 1,950,000 1.53 注：刘西玉、侯立伟、曹学银通过兴迪尔间接持有公司股份；刘勇、李西东通过华阳集团间接 持有公司股份。 2、近亲属持股情况 截至 2022 年 6 月 30 日，公司董事、监事、高级管理人员",https://www.bse.cn/disclosure/2023/2023-03-30/1680171127_157748.pdf,data/source_texts/920304_W3-2023-BSE004_920304.txt,,待人工回原文页确认
W13-920304-023,920304,迪尔化工,equity_snapshot,股权快照,41,持股比例,1,,,,,1,中,保留为Auto候选,,"1-1-40 姓名 职务 被投资企业名称 投资金额（万元） 持股比例（%） 刘西玉 董事 兴迪尔 4,066.48 61.00 山东兴迪尔置业集团有限 公司 1,080.00 10.80 山东高新迪尔投资有限公 司 1,676.09 27.93 山东万紫园旅游开发有限 公司 450.00 2.81 曲阜东方圣城文化传播有 限公司 30.00 2.98 刘勇 董事 泰安市华懋投资合伙企业 （有限合伙） 500.00 15.46 宁阳县华懋企业管理有限 公司 3.00 6.00 李西东 监事 泰安市华懋投资合伙企业 （有限合伙） 200.0 6.18 宁阳县华懋企业管理有限 公司 3.00 6.00 侯立伟 董事 迪尔集团 660.00 2.20 兴迪尔 199.98 3.00 珠海横琴福丰二号投资合 伙企业（有限合伙） 1,000.00 8.70 曹学银 监事会主席 迪尔集团 460.00 1.53 兴迪尔 268.00 4.02 山东高新迪尔投资有限公 司 150.00 2.50 刘学生 独立董事 山东立德税务师事务所有 限公司 30.00 10.00 大华会计师事务所（特殊 普通合伙） 10.00 0.36 公司董事、 监事、 高级管",https://www.bse.cn/disclosure/2023/2023-03-30/1680171127_157748.pdf,data/source_texts/920304_W3-2023-BSE004_920304.txt,,待人工回原文页确认
W13-920304-024,920304,迪尔化工,equity_snapshot,股权快照,105,持股数量,2,,,,3.19%,0,低,保留为Auto候选,,"装置等工作， 为实现装置安 全稳定运行、降低生产装置运行成本，做出了突出贡献。 （3）核心技术人员持股情况、对外投资及兼职情况 公司核心技术人员专职在公司工作多年， 除持有发行人股份外， 均不存在对外投资及在外兼职 情况。 截至本说明书签署日，核心技术人员持有公司股份情况如下表所示： 姓名 持股数量（股） 持股比例 高斌 4,076,600 3.19% 王俊峰 3,718,700 2.91% 邱刚 500,100 0.39% 胡安宇 3,393,100 2.66% 刘国洪 1,950,000 1.53%",https://www.bse.cn/disclosure/2023/2023-03-30/1680171127_157748.pdf,data/source_texts/920304_W3-2023-BSE004_920304.txt,,待人工回原文页确认
W13-920304-025,920304,迪尔化工,special_rights,特殊投资条款,46,对赌,1,2022 年 8 月 18 日,,,,0,中,保留为Auto候选,,2、截至本声明出具之日，本人所持股 份不存在质押、查封、冻结等权利受限情况，不在该部分 股份之上设定担保或其他足以影响本人充分行使基于该部 分股份所产生之权益的限制，亦不存在其他导致权属纠纷 和潜在纠纷的情形。3、截至本声明出具之日，本人与公司 及公司其他股东、董事、监事、高级管理人员之间均不存 在对赌协议等特殊协议或特殊利益安排，亦不存在纠纷或 潜在纠纷；除已披露的情形外，本人与 公司其他股东之间 不存在未披露的关联关系。4、2019 年至今， 本人不存在任 何重大违法违规行为，也未受到任何部门的处罚；截至本 声明出具之日， 本人不存在尚未了结或可预见的重大诉讼、 仲裁及行政处罚。 董监高 2022 年 8 月 18 日 所持股份 无权利限 制的声明 1、 本人系完全民事行为能力自然人， 以合法自有资金向公 司投资，本人所持公司股份权属清晰，不存在委托持股、 信托持股的情形（包括本人委托他人持股、本人接受他人 委托持股、本人以信托方式持股等），亦不存在通过协议、 信托或任何其他安排将本人持有的 股份所对应的表决权授 予他人行使的情形。2、截至本声明出具之日，本人所持股 份不存在质押、查封、冻结等权利受限情况，不在该部分 股份之上设定担保或其他足以影响本人充分行使基于该部 分股份所产生之权益的限制，亦不存在其他导致权属纠纷 和潜在纠纷的情形。3、截至本声明出具之日，本人与公司,https://www.bse.cn/disclosure/2023/2023-03-30/1680171127_157748.pdf,data/source_texts/920304_W3-2023-BSE004_920304.txt,,待人工回原文页确认
W13-920304-026,920304,迪尔化工,special_rights,特殊投资条款,47,对赌,1,2022 年 8 月 18 日,,,,0,中,保留为Auto候选,,1-1-46 及公司其他股东、实际控制人、董事、监事、高级管理人 员之间均不存在对赌协议等特殊协议或特殊利益安排，亦 不存在纠纷或潜在纠纷；除已披露的情形外，本人与公司 其他股东之间不存在未披露的关联关系。4、2019 年至今， 本人不存在任何重大违法违规行为， 也未受到任何部门的 处罚；截至本声明出具之日，本人不存在尚未了结或可预 见的重大诉讼、仲裁及行政处罚。 兴迪尔、 华阳集 团 2022 年 8 月 18 日 所持股份 无权利限 制的声明 1、本企业为根据中华人民共和国（非港、澳、台地区）法 律设立并合法存续的企业。2、 本企业系以合法自有资金向 发行人投资，本企业所持发行人股份权属清晰，不存在委 托持股、信托持股的情形（包括本企业委托他人持股、本 企业接受他人委托持股、本企业以信托方式持股等），亦 不存在通过协议、信托或任何其他安排将本企业持有的股 份所对应的表决权授予他人行使或任何一致行动安排的情 形。3、 截至本声明出具之日， 本企业所持股份不存在质押、 查封、冻结等权利受限情况，不存在在该部分股份之上设 定担保或其他足以影响本企业充分行使基于该部分股份所 产生之权益的限制，亦不存在其他导致权属纠纷和潜在纠 纷的情形。4、截至本声明出具之日，本企业与发行人及其 实际控制人、董,https://www.bse.cn/disclosure/2023/2023-03-30/1680171127_157748.pdf,data/source_texts/920304_W3-2023-BSE004_920304.txt,,待人工回原文页确认
W13-920008-001,920008,成电光信,equity_transfer,股权转让,40,股权转让,2,2017 年 10 月 26 日,6.00 元,"1,000,000 股",,0,中,保留为Auto候选,,"第八条关于“本轮的优先转让权”之约定， 终止 《投资协议》 第10.2 条关于“反稀释约定”之约定，终止《投资协议》第 10.3 条关于“优先购买权”之约定。 2、2017 年隼睿投资减持涉及的对赌情况 2017 年 10 月 26 日， 隼睿投资与自然人王梁签订 《成都成电光信科技股份有限公司股权转让协 议》，隼睿投资拟向王梁转让股份 1,000,000 股，交易价格为 6.00 元/股。同日，隼睿投资与自然人 鲍永明签订《成都成电光信科技股份有限公司股权转让协议》，隼睿投资拟向鲍永明转让股份",https://www.bse.cn/disclosure/2024/2024-08-16/1723796660_838279.pdf,data/source_texts/920008_W3-2024-BSE012_920008.txt,,待人工回原文页确认
W13-920008-002,920008,成电光信,equity_transfer,股权转让,38,股份转让,5,2011 年 5 月 28 日,160 万元,,,0,中,保留为Auto候选,,（三） 主要股东间关联关系的具体情况 序号 关联方股东名称 关联关系描述 1 付美与付彬 姐弟关系 （四） 其他披露事项 公司历史上曾存在股权代持的情况，具体情况如下： 1、有限公司阶段 公司在有限公司阶段曾存在股权代持情况，但股权代持已经解除，公司已在 2014 年申请股票 在全国股份转让系统挂牌并公开转让时，披露前述股权代持的形成和解除情况，基本情况如下： （1）股权代持的形成 2011 年 5 月 28 日，代持人邱昆分别与被代持人胡钢、许渤、凌云、张崇富、武保剑、易兴文、 刘秀英、张传亮和李悦绮签署了《股权代持证书》，各方确认代持人邱昆与上述被代持人的股权代 持关系，具体代持情形如下： 代持人 被代持人 代持金额（万元） 代持比例（%） 邱昆 胡钢 40.00 5.00 张传亮 32.00 4.00 李悦绮 32.00 4.00 许渤 16.00 2.00 凌云 16.00 2.00 武保剑 8.00 1.00 张崇富 8.00 1.00 易兴文 5.60 0.70 刘秀英 2.40 0.30 合计 160.00 20.00 （2）股权代持的解除 2014 年 1 月 6 日， 有限公司召开股东会， 全体股东一致同意邱昆将其持有的160 万元股权分别 转让给胡钢 40 万元、张传亮 32 万元、李悦绮 32 万元、许渤 16 万元、凌云 16 万元、武保剑 8 万 元、张崇富 8 万元、易兴文 5.6 万元、刘秀英 2.4 万元，并相应修订章程。 2014 年,https://www.bse.cn/disclosure/2024/2024-08-16/1723796660_838279.pdf,data/source_texts/920008_W3-2024-BSE012_920008.txt,,待人工回原文页确认
W13-920008-003,920008,成电光信,equity_transfer,股权转让,41,股权转让,2,2017 年 10 月 26 日,6.00 元,"5,000,000 股",,0,中,保留为Auto候选,,"1-1-40 5,000,000 股，交易价格为 6.00 元/股。 2017 年 10 月 26 日，公司实际控制人邱昆、解军和付美三人与上述两位投资人分别签订了《成 都成电光信科技股份有限公司股权转让协议之补充协议》，协议各方对于利润承诺、补偿安排等进 行了约定，详见公司 2017 年 10 月 30 日披露的《关于第一大股东拟转让股份的提示性公告》（公 告编号：2017-030）。 2023 年 5 月 27 日，公司实际控制人邱昆、解军和付美三人与上述两位投资人分别签订了《成 都成电光信科技股份有限公司股权转让协议之补充协议之终止协议》，各方在协议中确认：原补充 协议的全部内容自始无效，且在任何条件下不再恢复其法律效力；除原补充协议外，各方不存在其 他任何关于股东特殊权利及回购的约定（包括但不限于口头、书面等任何约定）；各方对公司的投 资及持股、曾作出的承诺及原补充协议的履行等事项均不存在任何尚未解决的争议、纠纷，或潜在 的争议、纠纷。 综上，公司及其股东签署的对赌协议已彻底终止，各方不存在纠纷或潜在纠纷；截至本招股说 明书签署日，公司、实际控制人或主要股东与其他股东不存在其他签署对赌协议的情形。 七、 发行人的分公司、控股子公司、参股公司情况 （一） 控股子公司情况 □适用 √不适用 （二） 参股公司情况 □适用 √不适用 八、 董事、监事、高级管理人员情况 （一） 董事、监事、高",https://www.bse.cn/disclosure/2024/2024-08-16/1723796660_838279.pdf,data/source_texts/920008_W3-2024-BSE012_920008.txt,,待人工回原文页确认
W13-920008-004,920008,成电光信,equity_transfer,股权转让,12,股份转让,3,,,,,0,低,排除为转让系统语境,页面仅出现全国股转系统/公开转让，未出现明确转让方、受让方或回购主体,京全信传输科技股份有限公司 旋极信息 指 北京旋极信息技术股份有限公司 利亚德 指 利亚德光电股份有限公司 智明达 指 成都智明达电子股份有限公司 工信部 指 中华人民共和国工业和信息化部 国家发改委 指 中华人民共和国国家发展和改革委员会 国防科工局 指 国家国防科技工业局 全国股份转让系统 指 全国中小企业股份转让系统 全国股转公司 指 全国中小企业股份转让系统有限责任公司 北交所 指 北京证券交易所 中国证监会 指 中国证券监督管理委员会 广发证券、 保荐人、保荐机构、 主承销商 指 广发证券股份有限公司 发行人律师 指 北京国枫律师事务所 信永中和 指 信永中和会计师事务所（特殊普通合伙） 本次发行 指 成都成电光信科技股份有限公司向不特定合格投资者公开 发行股票并在北京证券交易所上市 报告期 指 2021 年度、2022 年度及 2023 年度 元、万元 指 人民币元、人民币万元 《公司法》 指 《中华人民共和国公司法》 《公司章程》 指 《成都成电光信科技股份有限公司章程》 《证券法》 指 《中华人民共和国证券法》 三会 指 成都成电光信科技股份有限公司股东大会、 董事会、 监事会 “三会”议事规则 指 成都成电光信科技股份有限公司《股东大会议事规则》 《董 事会议事规则》 《监事会议事规则》,https://www.bse.cn/disclosure/2024/2024-08-16/1723796660_838279.pdf,data/source_texts/920008_W3-2024-BSE012_920008.txt,,待人工回原文页确认
W13-920008-005,920008,成电光信,equity_transfer,股权转让,39,股份转让,3,,,,,0,低,保留为Auto候选,,1-1-38 电光信有限股权代持解除。 2、挂牌期间的股份代持及清理 公司股票在全国股份转让系统挂牌期间，由于部分被代持人不具备新三板开户资格及出于交易 便利性等原因考虑，被代持人范勤、冯军、黄本川、李莉、刘兴利、瓢莉蓉、乔玉萍、饶茜、王满 霞委托代持人在二级市场购买公司股份。上述股份代持的形成及清理过程如下： 代持人 被代持人 代持形成 时间 代持股数 （万股） 规范日期 规范方式 付丽 饶茜 2021.7.29 7 2023.3.13 付丽通过新三板交易平台将 相 应股份转让给饶茜、 冯军， 并向 饶茜、冯军退还相应资金。 冯军 2021.7.29 4 2023.3.13 李莉 2021.7.29 4 2023.8.7 付丽按指定价格在新三板交易 平台公开对外转让， 相应股份实 际由被代持人自己买入。付丽向 相关人员返还本金及收益。 刘兴利 2021.7.29 8 2023.8.7 瓢莉蓉 2021.7.29 4 2023.8.7 王满霞 2021.7.29 6 2023.8.7 黄本川 2021.7.29 6 2023.8.7 范勤 2021.7.29 5 2023.8.7 付丽按指定价格在新三板交易 平台公开对外转让， 向范勤、 乔 玉萍返还本金及收益。 乔玉萍 2021.7.,https://www.bse.cn/disclosure/2024/2024-08-16/1723796660_838279.pdf,data/source_texts/920008_W3-2024-BSE012_920008.txt,,待人工回原文页确认
W13-920008-006,920008,成电光信,equity_transfer,股权转让,53,大宗交易,1,,,,5%,0,低,保留为Auto候选,,持有的发行人全部股份在锁定期满后 24 个月内减持的，减持价格不低于 发行价（如果因派发现金红利、送股、转增股本、增发新股等原因进行除权、除息的，减持底价作 相应调整） 。 六、本人于本次向不特定合格投资者公开发行股票前所持有的公司股票，在股票锁定期满后， 将通过包括但不限于二级市场集中竞价交易、大宗交易方式、协议转让等北京证券交易所认可的合 法方式按照届时的二级市场价格和交易方式确定的价格进行减持。本人如减持发行人股份，将严格 遵守中国证券监督管理委员会、北京证券交易所届时所适用的规则及时、准确地履行报告、预先披 露及信息披露义务。 具有下列情形之一的，本人不减持所持有的发行人股份： （一）发行人或持股 5%以上的股东、实际控制人因涉嫌证券期货违法犯罪，在被中国证监会 立案调查或者被司法机关立案侦查期间，以及在行政处罚决定、刑事判决作出之后未满 6 个月的。 （二）持股 5%以上的股东、实际控制人因违反北京证券交易所规则，被公开谴责未满 3 个月 的。 （三）中国证券监督管理委员会及北京证券交易所规定的其他情形。 七、 本人将严格遵守我国法律、 法规及规范性文件关于上市公司实际控制人、 控股股东、 董事、 监事及高级管理人员持股及股份变动的有关规定，规范、诚信履行相关义务；如我国法律、法规及 规范性文件修订上市公司实际控制人、控股股东、董事、监事及高级管理人员持股及股份变动的有 关规定，本人将及时根据法律、法规及规范性文件规定对上述承诺予以调整。 八、本人因未履行上述承诺而获得收入的，所得收入归发行人所,https://www.bse.cn/disclosure/2024/2024-08-16/1723796660_838279.pdf,data/source_texts/920008_W3-2024-BSE012_920008.txt,,待人工回原文页确认
W13-920008-007,920008,成电光信,equity_transfer,股权转让,54,大宗交易,1,,,,,0,低,保留为Auto候选,,锁定期满后 2 年内减持的，减持价格不低于发行 价（如果因派发现金红利、送股、转增股本、增发新股等原因进行除权、除息的，须按照北京证券 交易所的有关规定作相应价格调整） 。 五、本人于本次向不特定合格投资者公开发行股票前所持有的公司股票，在股票锁定期满后， 将通过包括但不限于二级市场集中竞价交易、大宗交易方式、协议转让等北京证券交易所认可的合 法方式按照届时的二级市场价格和交易方式确定的价格进行减持。本人如减持发行人股份，将严格 遵守中国证券监督管理委员会、北京证券交易所届时所适用的规则及时、准确地履行报告、预先披 露及信息披露义务。 具有下列情形之一的，本人不减持所持有的发行人股份： （一）因涉嫌证券期货违法犯罪，在被中国证监会及其派出机构立案调查或者被司法机关立案 侦查期间，以及在行政处罚决定、刑事判决作出之后未满 6 个月的； （二）因违反北京证券交易所规则，被北京证券交易所公开谴责未满 3 个月的； （三）中国证监会及本所规定的其他情形。,https://www.bse.cn/disclosure/2024/2024-08-16/1723796660_838279.pdf,data/source_texts/920008_W3-2024-BSE012_920008.txt,,待人工回原文页确认
W13-920008-008,920008,成电光信,equity_transfer,股权转让,55,大宗交易,1,,,,25%,0,低,保留为Auto候选,,满后，如本人担任发行人董事、监事或高级管理人员职务，则在任职期间每 年转让的股份不超过本人持有的发行人股份总数的 25%；离职后 6 个月内，不转让本人持有的发行 人股份。 三、本人于本次向不特定合格投资者公开发行股票前所持有的公司股票，在股票锁定期满后， 将通过包括但不限于二级市场集中竞价交易、大宗交易方式、协议转让等北京证券交易所认可的合 法方式按照届时的二级市场价格和交易方式确定的价格进行减持。本人如减持发行人股份，将严格 遵守中国证券监督管理委员会、北京证券交易所届时所适用的规则及时、准确地履行报告、预先披 露及信息披露义务。 具有下列情形之一的，本人不减持所持有的发行人股份： （一）因涉嫌证券期货违法犯罪，在被中国证监会及其派出机构立案调查或者被司法机关立案 侦查期间，以及在行政处罚决定、刑事判决作出之后未满 6 个月的； （二）因违反北京证券交易所规则，被北京证券交易所公开谴责未满 3 个月的； （三）中国证监会及本所规定的其他情形。 四、本人将严格遵守我国法律、法规及规范性文件关于上市公司监事持股及股份变动的有关规 定，规范、诚信履行相关义务；如我国法律、法规及规范性文件修订上市公司监事持股及股份变动 的有关规定，本人将及时根据法律、法规及规范性文件规定对上述承诺予以调整。 五、本人因未履行上述承诺而获得收入的，所得收入归发行人所有，本人将在获得收入的五日 内将前述收入支付至发行人指定账户。如果因本人未履行上述承诺事项给发行人或者其他投资者造,https://www.bse.cn/disclosure/2024/2024-08-16/1723796660_838279.pdf,data/source_texts/920008_W3-2024-BSE012_920008.txt,,待人工回原文页确认
W13-920008-009,920008,成电光信,equity_snapshot,股权快照,40,持股比例,2,2014 年 7 月,,"1,055,000 股",1.98%,3,高,保留为Auto候选,,"致股本 和股票价格变动的影响）回购其尚未解除限售的股票；对于激励对象在锁定期内离职的，公司有权 按照授予价格回购其尚未解除限售的股票。 因此，如有激励对象未完成绩效考核或离职，将会造成公司股权结构变动。截至本招股说明书 签署日，上述 13 名激励对象合计持有公司限制性股票 1,055,000 股，持股比例为 1.98%，激励对象 持股较为分散且持股比例较低，个别员工未完成绩效考核或离职不会对公司股权结构造成重大影 响。 （二）发行人、控股股东、实际控制人或主要股东与其他股东签署的特殊投资约定 1、2014 年股票发行涉及的特殊投资约定 2014 年 7 月，公司及公司实际控制人与成都高投创业投资有限公司、成都技术转移（集团）有 限公司（简称“投资方”）签订的《关于成都成电光信科技股份有限公司之股权投资协议书》（以 下简称“《投资协议》”）中，约定自本轮投资之日起两年内，投资方拥有优先转让权、回赎权等 特殊权利，详见公司 2014 年 12 月 9 日披露的《股票发行方案》“（四）合同附带的任何保留条款、 前置条件”部分。 2016 年 9 月， 上述协议各方签订 《成都成电光信科技股份有限公司股权投资协议书之补充协议》 ， 各方一致同意终止 《投资协议》 第八条关于“本轮的优先转让权”之约定， 终止 《投资协议》 第10.2 条关于“反稀释约定”之约定，终止《投资协议》第 10.3 条关于“优先购买权”之约定。 2、2017 年隼睿投资减持涉及的对赌情况 2017 年 10 月 26 日， 隼睿投资与自然",https://www.bse.cn/disclosure/2024/2024-08-16/1723796660_838279.pdf,data/source_texts/920008_W3-2024-BSE012_920008.txt,,待人工回原文页确认
W13-920008-010,920008,成电光信,equity_snapshot,股权快照,5,持股比例,1,,,,,0,低,保留为Auto候选,,承诺、关于招股说明书不存在虚假记载、误导性陈述或 者重大遗漏的声明与承诺以及相关责任主体承诺事项的约束措施等， 详见本招股说明书“第四节 发 行人基本情况”之“九、重要承诺”。 二、关于发行前滚存利润的分配安排 为兼顾新老股东的利益，公司在本次公开发行股票完成后，滚存的未分配利润将由新老股东按 持股比例共同享有。 三、特别风险提示 公司提醒投资者认真阅读本招股说明书的“第三节 风险因素”部分，并特别注意以下事项： （一）经营风险 1、军工行业特有模式可能导致业绩下滑的风险 军工行业特殊的业务模式，可能在以下方面导致公司出现业绩下滑情形： （1）军品市场需求变化以及竞争加剧风险 报告期内，公司主要客户为国内大型国有企业下属单位，最终用户为军方。因为军工产品涉及 国防安全的特殊性，国家对军品采购实行了严格的控制，军品采购具有高度的计划性，公司产品的 需求整体上受我国军费预算和装备采购计划影响，相关安排直接决定市场需求。因此，军费预算和 装备采购计划的波动对公司业绩有重大影响。 此外，一方面，公司网络总线以及特种显示产品应用了行业较为前沿的技术，市场应用方向尚 在陆续扩展，市场空间的增长速度存在不确定性。另一方面，公司主要产品目前面临的行业竞争对 手相对较少，现有竞争对手如果在交付时效性、产品质量、产品售后保障、市场拓展能力等方面优 于公司，则将导致公司市场份额出现下滑，且随着市场空间的增长，可能吸引更多新进入者，公司 面临市场竞争加剧的风险。 （2）客户集中度较高风险 报告期内，公司主要客户为中航工,https://www.bse.cn/disclosure/2024/2024-08-16/1723796660_838279.pdf,data/source_texts/920008_W3-2024-BSE012_920008.txt,,待人工回原文页确认
W13-920008-011,920008,成电光信,equity_snapshot,股权快照,29,持股比例,1,,,,46.53%,0,低,保留为Auto候选,,，若行业竞争格局或技术 路线发生重大不利变化、客户扩展不及预期、竞争加剧导致单价下行或销量不及预期等原因，可能 导致公司未来存在一定的产能消化风险。 六、发行失败风险 公司目前股东人数较少，股票市值以及交易活跃度较低。如果公司本次公开发行出现发行股份 数量、发行对象人数、发行后股东人数、公众股东持股比例等不符合北交所上市条件或者北交所规 定的其他条件的情形，则可能导致发行失败。公司提请投资者注意，如果发行失败，公司将继续在 创新层挂牌。 七、其他风险 （一）军工企业信息披露限制风险 报告期内，公司主要客户均为军工单位。本次发行相关信息中对军工单位的名称、合同内容、 军品业务的规模、军品产品的名称和型号等涉密信息，通过代称、定性说明、合并等方式进行了模 糊披露，此种信息披露方式符合国家保密规定和涉密信息公开披露的相关规定，且符合军工企业信 息披露的行业惯例，但可能影响投资者的精确判断。 （二）实际控制人不当控制的风险 截至本招股说明签署日， 实际控制人邱昆、 解军和付美合计持有公司46.53%的股份。 本次发行 后，该三名自然人仍为公司实际控制人。该三名自然人能够通过股东大会和董事会行使表决权对公 司实施控制或重大影响，有能力按照其意愿实施选举董事和间接挑选高级管理人员、确定股利分配,https://www.bse.cn/disclosure/2024/2024-08-16/1723796660_838279.pdf,data/source_texts/920008_W3-2024-BSE012_920008.txt,,待人工回原文页确认
W13-920008-012,920008,成电光信,equity_snapshot,股权快照,35,持股数量,2,2007 年 12 月 3 日,"5,000 万元",,5%,0,中,保留为Auto候选,,"；若任何一 方向其他方书面提出终止一致行动关系， 则自 《一致行动协议》 有效期限届满且经公司发布公告后， 一致行动关系终止。 （二） 持有发行人 5%以上股份的其他主要股东 截至本招股说明书签署日，除实际控制人外，公司其他持股 5%以上股份或表决权的股东基本 情况如下： 序号 股东名称 持股数量（股） 持股比例 1 鲍永明 5,300,000 9.97% 2 四川省国投 3,534,300 6.65% 1、鲍永明 鲍永明， 男，1963 年出生， 中国国籍， 无境外永久居留权， 身份证号码为：3306021963********。 鲍永明委派金钰担任公司董事，其本人未在公司担任任何职务。 2、四川省国投 公司名称 四川省国投资产托管有限责任公司 统一社会信用代码 91510000669563809U 成立日期 2007 年 12 月 3 日 法定代表人 王勇 注册资本 5,000 万元 实收资本 5,000 万元 注册地址 中国（四川）自由贸易试验区成都市高新区天府二街 266 号 1 栋 1 单元 9 层 912-913 号 主要生产经营地 中国（四川）自由贸易试验区成都市高新区天府二街 266 号 1 栋 1 单元 9 层 912-913 号 经营范围 对托管的企业和托管的资产进行管理；受托对企业进行破产、清 算服务； 商务服务业。 （以上项目不含前置许可项目， 后置许可项 目凭许可证或审批文件经营） （依法须经批准的项目， 经相关部门 批准后方可开展经营活动） 主营业务",https://www.bse.cn/disclosure/2024/2024-08-16/1723796660_838279.pdf,data/source_texts/920008_W3-2024-BSE012_920008.txt,,待人工回原文页确认
W13-920008-013,920008,成电光信,equity_snapshot,股权快照,37,股本结构,4,,,"53,170,000 股",99.76%,0,中,保留为Auto候选,,"不得从事非法集资、吸收 公众资金等金融活动） 。 与发行人主营业务关系 与发行人主营业务不存在相同或相近的情形 控制关系说明 四川信托有限公司持有 99.76%的合伙份额，隼睿咨询持有 0.24%的 合伙份额。隼睿咨询担任执行事务合伙人。 五、 发行人股本情况 （一） 本次发行前后的股本结构情况 本次公开发行前，公司的股份总数为 53,170,000 股，本次拟向不特定合格投资者公开发行不超 过 9,200,000 股普通股股票（未考虑超额配售选择权的情况下），或不超过 10,580,000 股（全额行 使本次股票发行超额配售选择权的情况下），发行后公众股东持股比例不低于公司发行后股本总额 的 25%。 （二） 本次发行前公司前十名股东情况 序号 股东姓名/名称 担任职务 持股数量 （万股） 限售数量 （万股） 股权比例 （%） 1 邱昆 董事长 1,087.8430 1,087.8430 20.46 2 解军 董事、总经理 716.4459 716.4459 13.47 3 付美 董事、副总经理、财务负 责人、董事会秘书 669.6260 669.6260 12.59 4 鲍永明 - 530.0000 265.0000 9.97 5 四川省国投 - 353.4300 176.7150 6.65 6 付彬 董事、副总经理 177.7070 177.7070 3.34 7 胡钢 董事、副总经理 169.7651 169.7651 3.19 8 张传亮 - 141.3720 7",https://www.bse.cn/disclosure/2024/2024-08-16/1723796660_838279.pdf,data/source_texts/920008_W3-2024-BSE012_920008.txt,,待人工回原文页确认
W13-920008-014,920008,成电光信,equity_snapshot,股权快照,56,持股比例,1,,,,,0,低,保留为Auto候选,,（2）如非因不可抗力致使投资者遭受损失的，公司将依法承担赔偿责任，并按照法律、法规 及相关监管机构的要求承担相应的责任； （3）如因不可抗力导致，应尽快研究将投资者利益损失降低到最小的处理方案，并提交股东 大会审议，尽可能地保护公司投资者利益； （4）如因相关法律、法规对于社会公众股股东最低持股比例的规定导致公司在一定时期内无 法履行回购义务的，公司可免于前述惩罚，但亦应积极采取其他措施稳定股价。 3.在未来聘任新的董事（在公司任职并领取薪酬的非独立董事） 、高级管理人员前，将要求其签 署承诺书，保证其履行公司本次公开发行上市时董事、高级管理人员已作出的相应承诺。” 6、实际控制人关于上市后稳定公司股价的承诺 公司实际控制人承诺： “1.本人将严格按照稳定股价预案的相关要求，全面履行在稳定股价预案项下的各项义务和责 任。 2.如本人届时持有公司的股票，本人将在审议股份回购议案的股东大会中就相关股份回购议案 投赞成票。 3.在启动股价稳定措施的前提条件满足时，如本人未按照上述预案采取稳定股价的具体措施， 本人同意采取下列约束措施： （1）本人将在公司股东大会及中国证券监督管理委员会指定报刊上公开说明未采取上述稳定 股价措施的具体原因并向公司股东和社会公众投资者道歉； （2）本人将在前述事项发生之日起，停止在公司处领取薪酬（如有）及现金分红（如有） ，同,https://www.bse.cn/disclosure/2024/2024-08-16/1723796660_838279.pdf,data/source_texts/920008_W3-2024-BSE012_920008.txt,,待人工回原文页确认
W13-920008-015,920008,成电光信,equity_snapshot,股权快照,137,持股数量,4,,,,2.10%,0,低,保留为Auto候选,,"大学信息与通信工 程硕士 主要负责公司网络总线类研发项 目的具体实施 - 伍建彬 电子科技大学电子工程 本科 主要负责公司特种显示类、 网络总 线类研发项目的具体实施 - （2）核心技术人员持有发行人股份情况 公司核心技术人员直接或间接持有公司股份情况如下： 单位：股 序号 姓名 直接持股数量 直接持股比例 间接持股数量 间接持股比例 1 王继岷 1,117,500 2.10% - - 2 龚国伟 50,000 0.09% - - 3 李吉庆 50,000 0.09% - - 4 伍建彬 40,000 0.08% - - 邱昆、解军、胡钢、王琳持有公司股份情况请参见“第四节 发行人基本情况”之“八、董事、 监事、高级管理人员情况”之“（二）直接或间接持有发行人股份的情况”。 （3）核心技术人员对外投资情况 姓名 对外投资企业 投资金额（万元） 投资比例",https://www.bse.cn/disclosure/2024/2024-08-16/1723796660_838279.pdf,data/source_texts/920008_W3-2024-BSE012_920008.txt,,待人工回原文页确认
W13-920008-016,920008,成电光信,equity_snapshot,股权快照,146,持股比例,2,,,,100%,0,低,保留为Auto候选,,规定，公 司的关联方及关联关系如下： 1、公司实际控制人 公司实际控制人为邱昆、解军和付美，具体情况详见本招股说明书“第四节 发行人基本情况” 之“四、发行人股东及实际控制人情况”。 2、公司实际控制人控制的其他企业 序号 名称 关联关系 1 隼睿咨询 邱昆、 解军和付美控制的公司， 三人持股比例合计为100% 2 隼睿投资 隼睿咨询担任其执行事务合伙人 3 金鹰科技 解军和付美控制的公司，二人持股比例合计为 80%,https://www.bse.cn/disclosure/2024/2024-08-16/1723796660_838279.pdf,data/source_texts/920008_W3-2024-BSE012_920008.txt,,待人工回原文页确认
W13-920008-017,920008,成电光信,special_rights,特殊投资条款,40,特殊投资约定,5,2014 年 7 月,6.00 元,"1,055,000 股",1.98%,3,高,保留为Auto候选,,"司股权结构变动。截至本招股说明书 签署日，上述 13 名激励对象合计持有公司限制性股票 1,055,000 股，持股比例为 1.98%，激励对象 持股较为分散且持股比例较低，个别员工未完成绩效考核或离职不会对公司股权结构造成重大影 响。 （二）发行人、控股股东、实际控制人或主要股东与其他股东签署的特殊投资约定 1、2014 年股票发行涉及的特殊投资约定 2014 年 7 月，公司及公司实际控制人与成都高投创业投资有限公司、成都技术转移（集团）有 限公司（简称“投资方”）签订的《关于成都成电光信科技股份有限公司之股权投资协议书》（以 下简称“《投资协议》”）中，约定自本轮投资之日起两年内，投资方拥有优先转让权、回赎权等 特殊权利，详见公司 2014 年 12 月 9 日披露的《股票发行方案》“（四）合同附带的任何保留条款、 前置条件”部分。 2016 年 9 月， 上述协议各方签订 《成都成电光信科技股份有限公司股权投资协议书之补充协议》 ， 各方一致同意终止 《投资协议》 第八条关于“本轮的优先转让权”之约定， 终止 《投资协议》 第10.2 条关于“反稀释约定”之约定，终止《投资协议》第 10.3 条关于“优先购买权”之约定。 2、2017 年隼睿投资减持涉及的对赌情况 2017 年 10 月 26 日， 隼睿投资与自然人王梁签订 《成都成电光信科技股份有限公司股权转让协 议》，隼睿投资拟向王梁转让股份 1,000,000 股，交易价格为 6.00 元/股。同日，隼睿投资与自然人 鲍永明签订《成都成电光信",https://www.bse.cn/disclosure/2024/2024-08-16/1723796660_838279.pdf,data/source_texts/920008_W3-2024-BSE012_920008.txt,,待人工回原文页确认
W13-920008-018,920008,成电光信,special_rights,特殊投资条款,41,对赌,2,,,,,0,低,保留为Auto候选,,全部内容自始无效，且在任何条件下不再恢复其法律效力；除原补充协议外，各方不存在其 他任何关于股东特殊权利及回购的约定（包括但不限于口头、书面等任何约定）；各方对公司的投 资及持股、曾作出的承诺及原补充协议的履行等事项均不存在任何尚未解决的争议、纠纷，或潜在 的争议、纠纷。 综上，公司及其股东签署的对赌协议已彻底终止，各方不存在纠纷或潜在纠纷；截至本招股说 明书签署日，公司、实际控制人或主要股东与其他股东不存在其他签署对赌协议的情形。 七、 发行人的分公司、控股子公司、参股公司情况 （一） 控股子公司情况 □适用 √不适用 （二） 参股公司情况 □适用 √不适用 八、 董事、监事、高级管理人员情况 （一） 董事、监事、高级管理人员的简要情况 1、董事会成员 截至本招股说明书签署日，公司董事会由 9 名董事组成，具体情况如下： 序号 姓名 职务 本届任期 1 邱昆 董事长 2023.4.17-2026.4.16 2 解军 董事 2023.4.17-2026.4.16 3 付美 董事 2023.4.17-2026.4.16 4 付彬 董事 2023.4.17-2026.4.16 5 金钰 董事 2023.4.17-2026.4.16 6 胡钢 董事 2024.1.31-2026.4.16 7 陈磊 独立董事 2023.4.17-2026.4.16 8 邓波 独立董事 2023.4.17-2026.4.16 9 丁锋 独立董事 2024.1.31-2026.4.16 邱昆，男，,https://www.bse.cn/disclosure/2024/2024-08-16/1723796660_838279.pdf,data/source_texts/920008_W3-2024-BSE012_920008.txt,,待人工回原文页确认
W13-920950-001,920950,迅安科技,capital_increase,增资认缴,37,定向发行,6,2021 年 12 月 31 日,10.50 元,"1,150,000 股",,0,中,保留为Auto候选,,"1-1-37 于关于<常州迅安科技股份有限公司股票定向发行说明书 >的议案》《关于公司 在册股东不享有本次股票发行优先认购权的议案》《关于签署附生效条件的<股 份认购合同>的议案》等与本次发行有关议案。公司董事长高为人配偶的舅舅朱 景寿、董事李德明的妹妹李慧明参与本次股票发行，高为人、李德明 2 位董事 与本议案均存在关联关系，回避表决。 2021 年 12 月 31 日，发行人召开 2021 年第五次临时股东大会，会议审议通 过了上述议案，同意发行人进行本次股票定向发行。 2022 年 3 月 2 日，全国股转公司出具了《关于对常州迅安科技股份有限公 司股票定向发行无异议的函》（股转系统函[2022]471 号），对公司本次定向发 行无异议。本次发行股票发行股数为 1,150,000 股，发行价格为每股 10.50 元， 募集资金总额为 12,075,000.00 元。发行对象为陈燕玉等 17 名合格投资者，募 集资金用途为补充流动资金。立信会计师已就本次募集资金进行审验，并出具 “信会师报字[2022]第 ZF10159 号”验资报告。本次定向发行新增股份于 2022 年 4 月 8 日起在全国中小企业股份转让系统挂牌并公开转让。 （六） 报告期内重大资产重组情况",https://www.bse.cn/disclosure/2022/2022-12-22/1671694441_779022.pdf,data/source_texts/920950_W3-2023-BSE001_920950.txt,,待人工回原文页确认
W13-920950-002,920950,迅安科技,capital_increase,增资认缴,9,认购,1,,,,,0,低,保留为Auto候选,,定压力。 （十）发行失败的风险 公司本次发行上市相关文件需经过北交所审核，并报送中国证监会履行注 册程序。本次发行能否通过交易所的审核并取得中国证监会同意注册存在一定 的不确定性。同时，本次发行还将受到国内外宏观经济环境、资本市场的波 动、投资者对于公司的预期等多种内、外部因素的影响，存在因发行认购不足 或其他情形导致发行中止甚至发行失败的风险。,https://www.bse.cn/disclosure/2022/2022-12-22/1671694441_779022.pdf,data/source_texts/920950_W3-2023-BSE001_920950.txt,,待人工回原文页确认
W13-920950-003,920950,迅安科技,capital_increase,增资认缴,34,认购,1,,,,,0,低,保留为Auto候选,,的风 险。 五、发行失败的风险 公司本次发行上市相关文件需经过北交所审核，并报送中国证监会履行注 册程序。本次发行能否通过交易所的审核并取得中国证监会同意注册存在一定 的不确定性。同时，本次发行还将受到国内外宏观经济环境、资本市场的波 动、投资者对于公司的预期等多种内、外部因素的影响，存在因发行认购不足 或其他情形导致发行中止甚至发行失败的风险。,https://www.bse.cn/disclosure/2022/2022-12-22/1671694441_779022.pdf,data/source_texts/920950_W3-2023-BSE001_920950.txt,,待人工回原文页确认
W13-920950-004,920950,迅安科技,equity_transfer,股权转让,37,股份转让,1,2022 年 4 月 8 日,50 元,10 股,,0,低,排除为转让系统语境,页面仅出现全国股转系统/公开转让，未出现明确转让方、受让方或回购主体,"50 元， 募集资金总额为 12,075,000.00 元。发行对象为陈燕玉等 17 名合格投资者，募 集资金用途为补充流动资金。立信会计师已就本次募集资金进行审验，并出具 “信会师报字[2022]第 ZF10159 号”验资报告。本次定向发行新增股份于 2022 年 4 月 8 日起在全国中小企业股份转让系统挂牌并公开转让。 （六） 报告期内重大资产重组情况 报告期内，发行人未发生重大资产重组情况。 （七） 报告期内控制权变动情况 报告期内，公司控股股东、实际控制人为高为人，公司的控制权未发生变 动。 （八） 报告期内股利分配情况 报告期内，公司股利分配情况如下： 项目 权益分配方案 权益登记日 权益除息日 现金分红金额 （万元） 实施情况 2018 年权 益分派 每 10 股派 5.00 元人民币现金 2019 年 5 月 15 日 2019 年 5 月 16 日 1,750.00 已完成 2019 年权 益分派 每 10 股派 5.00 元人民币现金 2020 年 5 月 21 日 2020 年 5 月 22 日 1,750.00 已完成",https://www.bse.cn/disclosure/2022/2022-12-22/1671694441_779022.pdf,data/source_texts/920950_W3-2023-BSE001_920950.txt,,待人工回原文页确认
W13-920950-005,920950,迅安科技,equity_transfer,股权转让,162,受让,1,2022 年 9 月,55 万元,,,0,中,保留为Auto候选,,发行人条件的 经营用地 38.9 亩，同时就发行人开工建设时间、税收总额等作出约定。具体条 款如下： 事项 具体内容 用地位置 项目用地位于常州经济开发区潞横路北侧、园东路西侧、潞横北路南侧， 规划面积约 38.9 亩，土地面积最终确定以国土资源局实际测量为准。 土地价格 甲方、丙方同意乙方受让上述工业地块土地使用权，项目土地出让基准价 格 55 万元/亩（其中含耕地占补平衡调节金 15 万元/亩） 。本价格不含契税 及办理土地证等过程中乙方需承担的相关费用。 乙方陈 述、承诺 和保证 1、乙方承诺项目投资强度不低于 450 万元/亩。 2、乙方承诺项目容积率不低于 2.0。 3、乙方承诺在取得项目用地后 6 个月内开工建设，并在开工建设后 18 个 月内整体竣工。厂房一次性开工建设，建成后未经经开区管委会同意不得 对外出租。 4、乙方承诺自投产后，最迟至第三个完整财务年度，以乙方取得土地的 上一年实际缴纳的各项税收总额为税收基数，乙方年度税收增量【 （年度 实际缴纳的各项税收总额-企业税收基数）/新取得的土地面积】 ，不得低于 20 万元/亩。 备注：本协议中提及的各项税收指：增值税、企业所得税、个人所得税及 印花税等税收。 5、乙方承诺自项目投产后的第三个完整年度，实际缴纳的各项税收总额 增量仍低于上述 20 万元/亩的要求，则乙方须以现金形式一次性缴纳 50 万 元/亩的补偿费至经开区指定财政账户。 6、乙方承诺原则上应于 2022 年 9 月底前启动上市申报。 7、乙方应履行本投资协议,https://www.bse.cn/disclosure/2022/2022-12-22/1671694441_779022.pdf,data/source_texts/920950_W3-2023-BSE001_920950.txt,,待人工回原文页确认
W13-920950-006,920950,迅安科技,equity_transfer,股权转让,12,股份转让,2,,,,,0,低,排除为转让系统语境,页面仅出现全国股转系统/公开转让，未出现明确转让方、受让方或回购主体,公司，股票代码 603131 凯尔达 指 杭州凯尔达焊接机器人股份有限公司，股票代码 688255 北交所 指 北京证券交易所 国务院 指 中华人民共和国国务院 发改委 指 中华人民共和国国家发展和改革委员会 中国证监会、证监会 指 中国证券监督管理委员会 全国股转系统 指 全国中小企业股份转让系统 全国股转公司 指 全国中小企业股份转让系统有限责任公司 股票登记机构 指 中国证券登记结算有限责任公司北京分公司 保荐人、保荐机构、主承 指 光大证券股份有限公司,https://www.bse.cn/disclosure/2022/2022-12-22/1671694441_779022.pdf,data/source_texts/920950_W3-2023-BSE001_920950.txt,,待人工回原文页确认
W13-920950-007,920950,迅安科技,equity_transfer,股权转让,13,股份转让,1,2022 年 6 月,,,,0,低,排除为转让系统语境,页面仅出现全国股转系统/公开转让，未出现明确转让方、受让方或回购主体,计师事务所（特殊普通合伙） 《公司法》 指 《中华人民共和国公司法》 《证券法》 指 《中华人民共和国证券法》 《公司章程》 指 《常州迅安科技股份有限公司章程》 《公司章程（草案）》 指 《常州迅安科技股份有限公司章程（草案）》（北交 所上市后适用） 《分层管理办法》 指 《全国中小企业股份转让系统分层管理办法》 《注册管理办法（试 行）》 指 《北京证券交易所向不特定合格投资者公开发行股票 注册管理办法（试行）》 《上市规则（试行）》 指 《北京证券交易所股票上市规则（试行）》 本次发行 指 公司本次向不特定合格投资者公开发行股票的行为 本招股说明书、本说明书 指 《常州迅安科技股份有限公司招股说明书》 募投项目 指 拟使用本次发行募集资金进行投资的项目 报告期各期、报告期内 指 2019 年度、2020 年度、2021 年度、2022 年 1-6 月 报告期各期末 指 2019 年末、2020 年末、2021 年末、2022 年 6 月末 元、万元、亿元 指 人民币元、人民币万元、人民币亿元 专业名词释义 集成电路 指 Integrated Circuit ， 指 集 成 电 路 ， 通 常 也 叫 芯 片 （Chip），是一种微型电子器件或部件；采用半导体 制造工艺，把一个电路中所需的晶体管、电阻、电容 和电感等元件及它们之间的连接导线全部制作在一小 块半导体晶片如硅片或介质基片上，然后焊接封装在 一个管壳内，成为具有所需电路功能的电子器件 PCB 指 Printed Cir,https://www.bse.cn/disclosure/2022/2022-12-22/1671694441_779022.pdf,data/source_texts/920950_W3-2023-BSE001_920950.txt,,待人工回原文页确认
W13-920950-008,920950,迅安科技,equity_transfer,股权转让,35,股份转让,1,2015 年 11 月 30 日,,,,0,低,排除为转让系统语境,页面仅出现全国股转系统/公开转让，未出现明确转让方、受让方或回购主体,罩、电动送风过滤式呼吸器及相关配 件的研发、生产和销售 主要产品与服务项目 电焊防护面罩、电动送风过滤式呼吸器及相关配 件 二、 发行人挂牌期间的基本情况 （一） 挂牌日期和目前所属层级 2015 年 11 月 30 日，全国股转公司出具《关于同意常州迅安科技股份有限 公司股票在全国中小企业股份转让系统挂牌的函》（股转系统函 [2015]7943,https://www.bse.cn/disclosure/2022/2022-12-22/1671694441_779022.pdf,data/source_texts/920950_W3-2023-BSE001_920950.txt,,待人工回原文页确认
W13-920950-009,920950,迅安科技,equity_transfer,股权转让,36,股份转让,4,2015 年 12 月 16 日,,,,0,中,保留为Auto候选,,1-1-36 号），同意发行人股票在全国中小企业股份转让系统挂牌公开转让。 2015 年 12 月 16 日起，发行人股票在全国中小企业股份转让系统挂牌公开 转让，证券简称为“迅安科技”，证券代码为“834950”。 公司自挂牌之日至 2022 年 5 月 22 日为基础层企业；根据全国中小企业股 份转让系统下发的《关于发布 2022 年第二次创新层进层决定的公告》（股转系 统公告[2022]189 号）及《2022 年第二次创新层进层挂牌公司正式名单》（股转 系统公告[2022]189 号附件 1），公司自 2022 年 5 月 23 日起由基础层调为创新 层。截至本招股说明书签署日，公司为创新层企业。 （二） 主办券商及其变动情况 发行人的主办券商为光大证券股份有限公司，挂牌至今未发生变更。 （三） 报告期内年报审计机构及其变动情况 报告期内，发行人的年报审计机构为立信会计师事务所（特殊普通合 伙），挂牌至今未发生变更。 （四） 股票交易方式及其变更情况 自挂牌之日起，发行人股票转让方式为协议转让。 根据全国股转公司于 2017 年 12 月 22 日发布的《全国中小企业股份转让系统股票转让细则》《全国 中小企业股份转让系统股票转让方式确定及变更指引》,https://www.bse.cn/disclosure/2022/2022-12-22/1671694441_779022.pdf,data/source_texts/920950_W3-2023-BSE001_920950.txt,,待人工回原文页确认
W13-920950-010,920950,迅安科技,equity_transfer,股权转让,62,股份回购,1,,,,,0,低,保留为Auto候选,,价措施的启动程序 （一）公司回购股票 1）公司董事会应在回购股份启动条件触发之日起的 10 个交易日内，作出 公司回购股份的决议； 2）公司董事会应在作出公司回购股份之决议后的 2 个交易日内，公开披露 董事会决议及回购股份预案等相关公告； 3）公司应在股东大会对公司回购股份作出决议后，并在股份回购符合证券,https://www.bse.cn/disclosure/2022/2022-12-22/1671694441_779022.pdf,data/source_texts/920950_W3-2023-BSE001_920950.txt,,待人工回原文页确认
W13-920950-011,920950,迅安科技,equity_transfer,股权转让,66,股份回购,2,,,,,0,低,保留为Auto候选,,性和完整性承担法律责任。 2、因发行人招股说明书有虚假记载、误导性陈述或者重大遗漏，对判断发 行人是否符合法律规定的发行条件构成重大、实质影响，在该等违法事实被中 国证监会、证券交易所或司法机关等有权机关认定后，发行人将依法回购公开 发行的全部新股。发行人将在上述情形发生之日起 5 个工作日内启动股份回购 程序（包括但不限于制定股份回购方案、召开董事会及股东大会、履行相关信 息披露义务等）。回购价格不低于发行人本次向不特定合投资者公开发行股票 的发行价（如果 发行人上市后因派发现金红利、送股、转增股本、增发新股等 原因进行除权、除息的，应按照有关规定作相应价格调整）与股票公开发行完 成日至股票回购公告日期间的银行同期活期存款利息之和。 3、因发行人招股说明书有虚假记载、误导性陈述或者重大遗漏，致使投资 者在证券交易中遭受损失的，发行人将依法赔偿投资者损失。有权获得赔偿的 投资者资格、投资者损失的范围认定、赔偿主体之间的责任划分和免责事由等 按照届时有效的法律法规的规定执行。” 控股股东、实际控制人高为人承诺： “1、发行人本次向不特定合格投资者公开发行股票并在北京证券交易 所上 市的招股说明书（以下简称 “招股说明书”）不存在虚假记载、误导性陈述或 者重大遗漏，承诺人对招股说明书的真实性、准确性和完整性承担法律责任。 2、因发行人招股说明书有虚假记载、误导性陈述或者重大遗漏，对判断发 行人是否符合法律规定的发行条件构成重大、实质影响，在该等违法事实被中 国证监会、证券交易所或司法机关等有权机关认定后，承诺人将,https://www.bse.cn/disclosure/2022/2022-12-22/1671694441_779022.pdf,data/source_texts/920950_W3-2023-BSE001_920950.txt,,待人工回原文页确认
W13-920950-012,920950,迅安科技,equity_snapshot,股权快照,5,持股比例,1,2022 年 6 月 30 日,,,,0,中,保留为Auto候选,,保荐人及证券服务机构等作出的重要承诺以及未能履行承诺的约 束措施，具体承诺事项请参见本招股说明书 “第四节 发行人基本情况 ”之 “九、重要承诺”之相关内容。 二、本次发行前滚存利润的分配方案 根据公司 2022 年第三次临时股东大会决议，本次发行前的滚存未分配利润 由股票发行后的新老股东按照持股比例共同享有。 三、本次发行上市后公司的利润分配政策 根据公司 2022 年第三次临时股东大会决议审议通过的《公司章程（草 案）》，上市后公司的股利分配政策详见本招股说明书 “第十一节 投资者保 护”之“二、本次发行上市后的股利分配政策和决策程序”。 四、财务报告审计截止后的主要财务信息及经营情况 公司财务报告审计截止日为 2022 年 6 月 30 日。 立信会计师事务所（特殊普通合伙）对公司 2022 年 1-9 月财务报告进行了 审阅，并出具了信会师报字 [2022]第 ZF11347 号审阅报告。公司已披露经审阅 的 2022 年 1-9 月主要财务信息及经营状况，具体信息参见本招股说明书“第八 节 管理层讨论与分析”之“八、发行人资产负债表日后事项、或有事项及其他 重要事项”之相关内容。 五、特别风险提示 本公司提醒投资者认真阅读本招股说明书的“第三节 风险因素”部分，并 特别注意以下事项：,https://www.bse.cn/disclosure/2022/2022-12-22/1671694441_779022.pdf,data/source_texts/920950_W3-2023-BSE001_920950.txt,,待人工回原文页确认
W13-920950-013,920950,迅安科技,equity_snapshot,股权快照,15,持股比例,2,,,"1,767 万股",48.88%,0,中,保留为Auto候选,,"管理型行业分类 制造业（C） 计 算 机 、 通 信 和 其 他 电 子 设 制造业（C39） C399 其他电子 设备制造 C3990 其他电子 设备制造 二、 发行人及其控股股东、实际控制人的情况 发行人控股股东、实际控制人为高为人。 高为人直接持有发行人 1,767 万股股份，持股比例为 48.88%；迅和管理直 接持有发行人 400 万股股份，持股比例为 11.07%，高为人持有迅和管理 29.57% 的份额并担任执行事务合伙人，因此高为人直接和间接合计支配发行人 2,167 万股股份，直接和间接合计支配发行人 59.94%股份的表决权。 此外，报告期内，高为人担任发行人董事长兼总经理，对公司的生产经 营、重大决策具有实际的控制力，故高为人为发行人的控股股东、实际控制 人。 高为人的基本情况参见本招股说明书 “第四节 发行人基本情况”之“四、 发行人股东及实际控制人情况”之“（一）控股股东、实际控制人情况”。",https://www.bse.cn/disclosure/2022/2022-12-22/1671694441_779022.pdf,data/source_texts/920950_W3-2023-BSE001_920950.txt,,待人工回原文页确认
W13-920950-014,920950,迅安科技,equity_snapshot,股权快照,30,持股比例,1,,"2,451.23 万元","1,767 万股",48.88%,0,中,保留为Auto候选,,"要求。如果公司不能建立与规 模相适应的高效经营管理体系和经营管理团队，则将给公司稳定、健康、可持 续发展带来一定的风险。 （十一）公司实际控制人不当控制的风险 截至报告期末实际控制人高为人直接持有发行人 1,767 万股股份，持股比 例为 48.88%；迅和管理直接持有发行人 400 万股股份，持股比例为 11.07%，高 为人持有迅和管理 29.57%的份额并担任执行事务合伙人，高为人直接和间接合 计支配发行人 2,167 万股股份，直接和间接合计支配发行人 59.94%股份的表决 权。 公司控股股东、实际控制人利用其控股地位，通过行使表决权影响公司战 略和重大决策，若权利行使不当可能给公司及公司中小股东利益造成不利影 响。 二、财务风险 （一）应收账款无法收回的风险 报告期各期末，公司应收账款账面价值分别为 2,451.23 万元、3,343.07 万 元、 3,595.58 万 元 和 3,868.70 万元 ， 占 流 动 资 产 的 比 例 分 别 为27.47% 、 25.38%、29.19%和 32.42%，金额呈上升趋势。虽然公司主要客户国际知名的焊 接设备生产集团、专业工具连锁超市、专业焊接设备个人防护贸易商等，信用 情况良好，但若在未来经营发展中部分客户信用不佳或财务状况出现恶化导致 支付困难或者无法支付公司应收款项，公司应收账款存在无法及时收回或无法 全部收回的风险，进而对公司经营业绩产生不利影响。 （二）营业收入和经营业绩变动的风险",https://www.bse.cn/disclosure/2022/2022-12-22/1671694441_779022.pdf,data/source_texts/920950_W3-2023-BSE001_920950.txt,,待人工回原文页确认
W13-920950-015,920950,迅安科技,equity_snapshot,股权快照,38,持股比例,2,,,"1,767 万股",48.88%,0,中,保留为Auto候选,,"、不存在纠纷。 三、 发行人的股权结构 截至本招股说明书签署日，发行人的股权结构如下所示： 四、 发行人股东及实际控制人情况 （一） 控股股东、实际控制人情况 发行人控股股东、实际控制人为高为人。报告期内，公司实际控制人未发 生变化。 高为人直接持有发行人 1,767 万股股份，持股比例为 48.88%；迅和管理直 接持有发行人 400 万股股份，持股比例为 11.07%，高为人持有迅和管理 29.57% 的份额并担任执行事务合伙人，因此高为人直接和间接合计支配发行人 2,167",https://www.bse.cn/disclosure/2022/2022-12-22/1671694441_779022.pdf,data/source_texts/920950_W3-2023-BSE001_920950.txt,,待人工回原文页确认
W13-920950-016,920950,迅安科技,equity_snapshot,股权快照,39,持股数量,2,2017 年 8 月,,,5%,0,中,保留为Auto候选,,管理执行事务合 伙人；2017 年 8 月至今任迅赛贸易执行董事；2015 年 8 月至今任公司董事长兼 总经理。 （二） 持有发行人 5%以上股份的其他主要股东 除控股股东、实际控制人外，其他持有公司 5%以上股份的股东分别瞿劲、 李德明、吴雨兴和迅和管理，其基本情况如下： 序号 股东名称 持股数量（万股） 持股比例（%） 1 瞿劲 651.00 18.01 2 李德明 341.00 9.43 3 吴雨兴 341.00 9.43 4 迅和管理 400.00 11.07 1、瞿劲 瞿劲先生，1969 年 9 月出生，中国国籍，无境外永久居留权，身份证号码 为 32040219690922****，工程师，本科学历。1992 年毕业于河海大学机械学院 工业电气自动化专业，获得学士学位。1992 年 7 月至 1996 年 1 月任职铁道部戚 墅堰机车车辆工艺研究所；1996 年 1 月至 2001 年 4 月任常州铁马科技实业有限,https://www.bse.cn/disclosure/2022/2022-12-22/1671694441_779022.pdf,data/source_texts/920950_W3-2023-BSE001_920950.txt,,待人工回原文页确认
W13-920950-017,920950,迅安科技,equity_snapshot,股权快照,42,股本结构,5,2022 年 5 月 26 日,,"3,615.00 万股",25%,0,中,保留为Auto候选,,"或其他有争议的情况 截至本招股说明书签署日，发行人股份不存在涉诉、质押、冻结或其他有 争议的情况。 （四） 控股股东、实际控制人所控制的其他企业情况 截至本招股说明书签署日，除发行人和迅和管理外，控股股东、实际控制 人不存在控制其他企业的情况。 五、 发行人股本情况 （一） 本次发行前后的股本结构情况 本次发行前，发行人总股本为 3,615.00 万股；本次拟公开发行不超过 1,085.00 万股（未考虑超额配售选择权）；不超过 1,247.75 万股（含行使超额 配售选择权）；且发行后社会公众股东持股比例不低于发行后总股本的 25%。 假设本次发行新股 1,085.00 万股，则本次公开发行的股份数量占发行后总股本 的比例为 23.09%。 （二） 本次发行前公司前十名股东情况 根据中国证券登记结算有限责任公司北京分公司出具的截至 2022 年 5 月 26 日（审议上市相关议案股东大会权益登记日）《前 200 名全体排名证券持有 人名册》，公司前十名股东情况如下： 序 号 股东姓名/名称 持股数量 （万股） 股权比例 （%） 股份性质 限售情况 1 高为人 1,767.00 48.88% 境内自然人 限售",https://www.bse.cn/disclosure/2022/2022-12-22/1671694441_779022.pdf,data/source_texts/920950_W3-2023-BSE001_920950.txt,,待人工回原文页确认
W13-920950-018,920950,迅安科技,equity_snapshot,股权快照,53,持股数量,4,,,,,0,低,保留为Auto候选,,"经 理、董事会秘书李德明和财务负责人顾珂。 综上，报告期内，公司董事、监事、高级管理人员未出现重大变动。 （二） 直接或间接持有发行人股份的情况 1、直接持股情况 截至本招股说明书签署日，发行人董事、监事、高级管理人员及其近亲属 直接持有发行人股份的情况如下： 序号 姓名 职务/亲属关系 持股数量 （万股） 持股比例 （%） 1 高为人 董事长、总经理 1,767.00 48.88 2 朱景寿 高为人配偶舅舅 7.00 0.19 3 瞿劲 董事、副总经理 651.00 18.01 4 李德明 董事、董事会秘书、副总经理 341.00 9.43 5 李慧明 李德明妹妹 8.00 0.22 6 吴雨兴 监事会主席 341.00 9.43 7 吴文兴 吴雨兴弟弟 8.00 0.22 小计 3,123.00 86.39 2、间接持股情况 截至本招股说明书签署日，发行人董事、监事、高级管理人员及其近亲属 间接持有发行人股份的情况如下： 序号 姓名 职务 间接持股主体 持股数量 （万股） 持股比例 （%） 1 高为人 董事长、总经理 迅和管理 118.28 3.27 2 瞿劲 董事、副总经理 迅和管理 43.58 1.21 3 李德明 董事、董事会秘 书、副总经理 迅和管理 22.83 0.63 4 唐毓国 董事 迅和管理 15.50 0.43",https://www.bse.cn/disclosure/2022/2022-12-22/1671694441_779022.pdf,data/source_texts/920950_W3-2023-BSE001_920950.txt,,待人工回原文页确认
W13-920950-019,920950,迅安科技,fund_filing,基金备案,41,私募投资基金,4,,,,,2,中,保留为Auto候选,,管 理；信息咨询服务（不含许可类信息咨询服务）（除依法须经 批准的项目外，凭营业执照依法自主开展经营活动） 主营业务及其与发行 人主营业务的关系 主营业务为对外投资，与发行人主营业务无关 迅和管理系发行人的员工持股平台，不存在以非公开方式向合格投资者募 集资金的情形，其本身亦未募集设立或参与管理私募投资基金，不属于《私募 投资基金监督管理暂行办法》及《私募投资基金管理人登记和基金备案办法 （试行）》中规定的私募投资基金或私募基金管理人，无需履行登记备案程 序。截至本招股说明书签署日，迅和管理合伙人及出资情况如下： 序号 合伙人名称 出资额（万元） 出资比例（%） 合伙人类型 1 高为人 119.46 29.57 普通合伙人 2 瞿劲 44.01 10.89 有限合伙人 3 钱红莉 23.23 5.75 有限合伙人 4 李德明 23.05 5.71 有限合伙人 5 吴雨兴 23.05 5.71 有限合伙人 6 刘粉珍 17.17 4.25 有限合伙人 7 唐毓国 15.66 3.88 有限合伙人 8 殷九凤 14.65 3.63 有限合伙人 9 王义元 14.65 3.63 有限合伙人 10 陈良 13.64 3.38 有限合伙人 11 吴爱香 13.13 3.25 有限合伙人 12 杨桂秀 12.12 3.00 有限合伙人 13 樊杰 11.62 2.88 有限合伙人 14 顾珂 8.08 2.00 有限合伙人 15 王青松 7.58 1.88 有限合伙人 16 沈寅 6.57 1,https://www.bse.cn/disclosure/2022/2022-12-22/1671694441_779022.pdf,data/source_texts/920950_W3-2023-BSE001_920950.txt,,待人工回原文页确认
W13-920950-020,920950,迅安科技,fund_filing,基金备案,177,备案号,1,2022 年 6 月 30 日,,,11.05%,0,中,保留为Auto候选,,1-1-177 序号 证号 标识 注册日期 权利人 注册地 区 取得方 式 1 CI-446872056 2022.01.08 发行人 欧盟 原始取 得 （5）域名 截至 2022 年 6 月 30 日，公司共拥有 1 项网络域名，具体情况如下： 序号 域名 备案号 网站名称 有效期 1 shine-xunan.com 苏 ICP 备 18068815 号-1 常州迅安科技股份 有限公司 至 2025.09.03 （六）公司员工情况 1、员工基本情况 截至 2022 年 6 月 30 日，公司共有员工人数 190 人。报告期内，公司员工 人数的变化情况如下： 项目 2022 年 6 月 30 日 2021 年 12 月 31 日 2020 年 12 月 31 日 2019 年 12 月 31 日 员工人数 190 183 164 155 （1）员工岗位构成 截至 2022 年 6 月 30 日，公司员工岗位构成情况如下： 岗位 员工人数 比例 管理人员 21 11.05% 销售人员 12 6.32% 技术人员 25 13.16% 财务人员 5 2.63% 生产人员 127 66.84% 合计 190 100.00% （2）员工学历构成 截至 2022 年 6 月 30 日，公司员工学历构成情况如下： 岗位 员工人数 比例 硕士及以上 3 1.58%,https://www.bse.cn/disclosure/2022/2022-12-22/1671694441_779022.pdf,data/source_texts/920950_W3-2023-BSE001_920950.txt,,待人工回原文页确认
W13-920950-021,920950,迅安科技,special_rights,特殊投资条款,43,特殊投资约定,1,,,,11.07%,0,低,保留为Auto候选,,股，持 股比例为 11.07%。迅和管理无实质经营活动，其执行事务合伙人为发行人控股 股东、实际控制人高为人。迅和管理具体 情况及股权结构详见本节之 “四、发 行人股东及实际控制人情况”之“（二）持有发行人 5%以上股份的其他主要股 东”之“4、迅和管理”。 （二）发行人控股股东、实际控制人签署的特殊投资约定事项 截至本招股说明书签署日，发行人控股股东、实际控制人与其他股东之间,https://www.bse.cn/disclosure/2022/2022-12-22/1671694441_779022.pdf,data/source_texts/920950_W3-2023-BSE001_920950.txt,,待人工回原文页确认
W13-920950-022,920950,迅安科技,special_rights,特殊投资条款,44,特殊投资约定,1,2017 年 8 月 23 日,20.00 万元,,,0,中,保留为Auto候选,,1-1-44 不存在特殊投资约定等可能导致股权结构变化的事项。 七、 发行人的分公司、控股子公司、参股公司情况 截至本招股说明书签署之日，发行人拥有 1 家控股子公司、 1 家参股公 司，具体情况如下： 1、控股子公司：迅赛贸易 截至本招股说明书签署日，迅赛贸易的基本情况如下： 公司名称 常州迅赛贸易有限公司 成立日期 2017 年 8 月 23 日 统一社会信用代码 91320412MA1Q4JYW4W 公司类型 有限责任公司（非自然人投资或控股的法人独资） 注册地和主要经营场所 江苏省常州市常州经济开发区五一路 318 号 法定代表人 高为人 注册资本 20.00 万元人民币 实收资本 0 元 经营范围 光学、电气及一体化产品、焊割产品、各类防护产品及零部 件、塑料制品、机电设备及配件、包装材料、金属制品、百 货的销售；商务信息咨询服务；自营和代理各类商品及技术 的进出口业务。（依法须经批准的项目，经相关部门批准后 方可开展经营活动） 主营业务 光学、电气及一体化产品、焊割产品、各类防护产品及零部 件的销售 主要产品 无 主营业务与发行人主营 业务的关系 尚未实际开展业务，未来拟为发行人的进出口业务提供支持,https://www.bse.cn/disclosure/2022/2022-12-22/1671694441_779022.pdf,data/source_texts/920950_W3-2023-BSE001_920950.txt,,待人工回原文页确认
W13-920950-023,920950,迅安科技,special_rights,特殊投资条款,72,优先购买权,1,,,,,0,低,保留为Auto候选,,规、盈利能力不低于同行业上市公司同类资产等公司认为可以 注入的条件后 6 个月内，将竞争性业务及资产注入公司，或（3）在不超过 6 个 月内或公司要 求的其他期限内向无关联关系的第三方转让竞争性业务及资产， 或其他合法方式避免直至消除同业竞争；如果本人及本人控制的企业对外转让 竞争性业务，则公司享有优先购买权。 五、上述承诺在本人作为公司控股股东、实际控制人期间持续有效，除经,https://www.bse.cn/disclosure/2022/2022-12-22/1671694441_779022.pdf,data/source_texts/920950_W3-2023-BSE001_920950.txt,,待人工回原文页确认
