company_key,source_group,sample_id,stock_code,company_name,company_short,exchange,board,listing_date,ipo_year,prospectus_date,source_platform,source_page_url,prospectus_url,local_pdf_path,local_text_path,source_status,source_level,page_count,file_size_mb,keyword_hit_count,keyword_hit_summary,week12_role,recommended_action
BASE-603072,week1_public_baseline,MB001,603072,包头天和磁材科技股份有限公司,包头天和磁材科技股份有限公司,SSE,主板,2025-01-03,2025,2024-12-26,新浪财经公告库,https://money.finance.sina.com.cn/corp/view/vCB_AllBulletinDetail.php?stockid=603072&id=10671447,http://file.finance.sina.com.cn/211.154.219.97:9494/MRGG/CNSESH_STOCK/2024/2024-12/2024-12-26/10671447.PDF,,team-star/outputs/week1_parsed_texts/MB001_603072.txt,已在前期完成抽取,A-URL+解析文本+前期Final,564,,151,创业投资:6；私募:2；增资:77；股权转让:21；备案:45,基线样本复用,承接第十一周Final/数据库结果，继续补基金AMAC/GP/LP来源。
BASE-603418,week1_public_baseline,MB002,603418,上海友升铝业股份有限公司,上海友升铝业股份有限公司,SSE,主板,2025-09-23,2025,2025-09-18,新浪财经公告库,https://money.finance.sina.com.cn/corp/view/vCB_AllBulletinDetail.php?stockid=603418&id=11465918,http://file.finance.sina.com.cn/211.154.219.97:9494/MRGG/CNSESH_STOCK/2025/2025-9/2025-09-18/11465918.PDF,,team-star/outputs/week1_parsed_texts/MB002_603418.txt,已在前期完成抽取,A-URL+解析文本+前期Final,398,,147,创业投资:57；私募:31；增资:20；股权转让:8；备案:31,基线样本复用,承接第十一周Final/数据库结果，继续补基金AMAC/GP/LP来源。
BASE-301581,week1_public_baseline,GEM001,301581,黄山谷捷股份有限公司,黄山谷捷股份有限公司,SZSE,创业板,2025-01-03,2025,2024-12-19,新浪财经公告库,https://money.finance.sina.com.cn/corp/view/vCB_AllBulletinDetail.php?stockid=301581&id=10657969,http://file.finance.sina.com.cn/211.154.219.97:9494/MRGG/CNSESZ_STOCK/2024/2024-12/2024-12-19/10657969.PDF,,team-star/outputs/week1_parsed_texts/GEM001_301581.txt,已在前期完成抽取,A-URL+解析文本+前期Final,343,,106,创业投资:2；私募:8；增资:60；股权转让:22；备案:14,基线样本复用,承接第十一周Final/数据库结果，继续补基金AMAC/GP/LP来源。
BASE-301563,week1_public_baseline,GEM002,301563,云汉芯城（上海）互联网科技股份有限公司,云汉芯城（上海）互联网科技股份有限公司,SZSE,创业板,2025-09-30,2025,2025-09-25,新浪财经公告库,https://money.finance.sina.com.cn/corp/view/vCB_AllBulletinDetail.php?stockid=301563&id=11479032,http://file.finance.sina.com.cn/211.154.219.97:9494/MRGG/CNSESZ_STOCK/2025/2025-9/2025-09-25/11479032.PDF,,team-star/outputs/week1_parsed_texts/GEM002_301563.txt,已在前期完成抽取,A-URL+解析文本+前期Final,443,,351,创业投资:45；私募:133；增资:22；股权转让:12；备案:139,基线样本复用,承接第十一周Final/数据库结果，继续补基金AMAC/GP/LP来源。
BASE-688758,week1_public_baseline,STAR001,688758,苏州赛分科技股份有限公司,苏州赛分科技股份有限公司,SSE,科创板,2025-01-10,2025,2025-01-06,新浪财经公告库,https://money.finance.sina.com.cn/corp/view/vCB_AllBulletinDetail.php?stockid=688758&id=10694381,http://file.finance.sina.com.cn/211.154.219.97:9494/MRGG/CNSESH_STOCK/2025/2025-1/2025-01-06/10694381.PDF,,team-star/outputs/week1_parsed_texts/STAR001_688758.txt,已在前期完成抽取,A-URL+解析文本+前期Final,468,,149,创业投资:13；私募:11；增资:31；股权转让:16；备案:78,基线样本复用,承接第十一周Final/数据库结果，继续补基金AMAC/GP/LP来源。
BASE-688775,week1_public_baseline,STAR002,688775,影石创新科技股份有限公司,影石创新科技股份有限公司,SSE,科创板,2025-06-11,2025,2025-06-06,新浪财经公告库,https://money.finance.sina.com.cn/corp/view/vCB_AllBulletinDetail.php?stockid=688775&id=11164575,http://file.finance.sina.com.cn/211.154.219.97:9494/MRGG/CNSESH_STOCK/2025/2025-6/2025-06-06/11164575.PDF,,team-star/outputs/week1_parsed_texts/STAR002_688775.txt,已在前期完成抽取,A-URL+解析文本+前期Final,555,,181,创业投资:53；私募:45；增资:10；股权转让:20；备案:53,基线样本复用,承接第十一周Final/数据库结果，继续补基金AMAC/GP/LP来源。
BASE-920100,week1_public_baseline,BSE001,920100,常州三协电机股份有限公司,常州三协电机股份有限公司,BSE,北交所,2025-09-08,2025,2025-08-22,新浪财经公告库,https://money.finance.sina.com.cn/corp/view/vCB_AllBulletinDetail.php?stockid=920100&id=11341298,http://file.finance.sina.com.cn/211.154.219.97:9494/MRGG/CNSEBJ_STOCK/2025/2025-8/2025-08-22/11341298.PDF,,team-star/outputs/week1_parsed_texts/BSE001_920100.txt,已在前期完成抽取,A-URL+解析文本+前期Final,382,,96,创业投资:23；私募:6；增资:8；股权转让:34；备案:25,基线样本复用,承接第十一周Final/数据库结果，继续补基金AMAC/GP/LP来源。
BASE-920091,week1_public_baseline,BSE002,920091,哈尔滨岛田大鹏工业股份有限公司,哈尔滨岛田大鹏工业股份有限公司,BSE,北交所,2025-11-21,2025,2025-11-03,新浪财经公告库,https://money.finance.sina.com.cn/corp/view/vCB_AllBulletinDetail.php?stockid=920091&id=11582676,http://file.finance.sina.com.cn/211.154.219.97:9494/MRGG/CNSEBJ_STOCK/2025/2025-11/2025-11-03/11582676.PDF,,team-star/outputs/week1_parsed_texts/BSE002_920091.txt,已在前期完成抽取,A-URL+解析文本+前期Final,391,,36,创业投资:2；增资:3；股权转让:20；备案:11,基线样本复用,承接第十一周Final/数据库结果，继续补基金AMAC/GP/LP来源。
BSE-920690,bse_week3_extended_text,W3-2024-BSE001,920690,捷众科技,捷众科技,BSE,北交所,2024-01-05,2024,2023-12-22,北京证券交易所股票列表/相关公告,https://www.bse.cn/products/neeq_listed_companies/related_announcement.html?companyCode=920690,https://www.bse.cn/disclosure/2023/2023-12-22/1703230612_357298.pdf,,team-star/outputs/week3_sample_outputs/parsed_texts/W3-2024-BSE001_920690.txt,已有页码化解析文本,A-官方URL+页码化文本,180,,4,创业投资:1；增资:1；备案:2,北交所优先扩样,直接从页码化文本定位历史沿革、股本形成和股东情况章节。
BSE-920806,bse_week3_extended_text,W3-2024-BSE002,920806,云星宇,云星宇,BSE,北交所,2024-01-11,2024,2023-12-28,北京证券交易所股票列表/相关公告,https://www.bse.cn/products/neeq_listed_companies/related_announcement.html?companyCode=920806,https://www.bse.cn/disclosure/2023/2023-12-28/1703750060_680484.pdf,,team-star/outputs/week3_sample_outputs/parsed_texts/W3-2024-BSE002_920806.txt,已有页码化解析文本,A-官方URL+页码化文本,180,,23,创业投资:2；增资:8；股权转让:9；备案:4,北交所优先扩样,直接从页码化文本定位历史沿革、股本形成和股东情况章节。
BSE-920403,bse_week3_extended_text,W3-2024-BSE003,920403,康农种业,康农种业,BSE,北交所,2024-01-18,2024,2024-01-04,北京证券交易所股票列表/相关公告,https://www.bse.cn/products/neeq_listed_companies/related_announcement.html?companyCode=920403,https://www.bse.cn/disclosure/2024/2024-01-04/1704358458_753829.pdf,,team-star/outputs/week3_sample_outputs/parsed_texts/W3-2024-BSE003_920403.txt,已有页码化解析文本,A-官方URL+页码化文本,180,,23,创业投资:9；私募:1；股权转让:4；备案:9,北交所优先扩样,直接从页码化文本定位历史沿革、股本形成和股东情况章节。
BSE-920496,bse_week3_extended_text,W3-2024-BSE004,920496,许昌智能,许昌智能,BSE,北交所,2024-01-26,2024,2024-01-15,北京证券交易所股票列表/相关公告,https://www.bse.cn/products/neeq_listed_companies/related_announcement.html?companyCode=920496,https://www.bse.cn/disclosure/2024/2024-01-15/1705306344_537463.pdf,,team-star/outputs/week3_sample_outputs/parsed_texts/W3-2024-BSE004_920496.txt,已有页码化解析文本,A-官方URL+页码化文本,180,,11,创业投资:1；私募:1；股权转让:2；备案:7,北交所优先扩样,直接从页码化文本定位历史沿革、股本形成和股东情况章节。
BSE-920656,bse_week3_extended_text,W3-2024-BSE005,920656,海昇药业,海昇药业,BSE,北交所,2024-02-02,2024,2024-01-22,北京证券交易所股票列表/相关公告,https://www.bse.cn/products/neeq_listed_companies/related_announcement.html?companyCode=920656,https://www.bse.cn/disclosure/2024/2024-01-22/1705908668_541758.pdf,,team-star/outputs/week3_sample_outputs/parsed_texts/W3-2024-BSE005_920656.txt,已有页码化解析文本,A-官方URL+页码化文本,180,,23,创业投资:1；私募:4；增资:2；备案:16,北交所优先扩样,直接从页码化文本定位历史沿革、股本形成和股东情况章节。
BSE-920706,bse_week3_extended_text,W3-2024-BSE006,920706,铁拓机械,铁拓机械,BSE,北交所,2024-03-08,2024,2024-02-26,北京证券交易所股票列表/相关公告,https://www.bse.cn/products/neeq_listed_companies/related_announcement.html?companyCode=920706,https://www.bse.cn/disclosure/2024/2024-02-26/1708939688_889260.pdf,,team-star/outputs/week3_sample_outputs/parsed_texts/W3-2024-BSE006_920706.txt,已有页码化解析文本,A-官方URL+页码化文本,180,,20,创业投资:1；增资:2；股权转让:8；备案:9,北交所优先扩样,直接从页码化文本定位历史沿革、股本形成和股东情况章节。
BSE-920438,bse_week3_extended_text,W3-2024-BSE007,920438,戈碧迦,戈碧迦,BSE,北交所,2024-03-25,2024,2024-03-11,北京证券交易所股票列表/相关公告,https://www.bse.cn/products/neeq_listed_companies/related_announcement.html?companyCode=920438,https://www.bse.cn/disclosure/2024/2024-03-11/1710153861_037009.pdf,,team-star/outputs/week3_sample_outputs/parsed_texts/W3-2024-BSE007_920438.txt,已有页码化解析文本,A-官方URL+页码化文本,180,,34,创业投资:19；备案:15,北交所优先扩样,直接从页码化文本定位历史沿革、股本形成和股东情况章节。
BSE-920123,bse_week3_extended_text,W3-2024-BSE008,920123,芭薇股份,芭薇股份,BSE,北交所,2024-03-29,2024,2024-03-18,北京证券交易所股票列表/相关公告,https://www.bse.cn/products/neeq_listed_companies/related_announcement.html?companyCode=920123,https://www.bse.cn/disclosure/2024/2024-03-18/1710747067_403240.pdf,,team-star/outputs/week3_sample_outputs/parsed_texts/W3-2024-BSE008_920123.txt,已有页码化解析文本,A-官方URL+页码化文本,180,,101,创业投资:4；私募:10；增资:23；股权转让:5；备案:59,北交所优先扩样,直接从页码化文本定位历史沿革、股本形成和股东情况章节。
BSE-920931,bse_week3_extended_text,W3-2024-BSE009,920931,无锡鼎邦,无锡鼎邦,BSE,北交所,2024-04-08,2024,2024-03-25,北京证券交易所股票列表/相关公告,https://www.bse.cn/products/neeq_listed_companies/related_announcement.html?companyCode=920931,https://www.bse.cn/disclosure/2024/2024-03-25/1711358661_224661.pdf,,team-star/outputs/week3_sample_outputs/parsed_texts/W3-2024-BSE009_920931.txt,已有页码化解析文本,A-官方URL+页码化文本,180,,4,备案:4,北交所优先扩样,直接从页码化文本定位历史沿革、股本形成和股东情况章节。
BSE-920002,bse_week3_extended_text,W3-2024-BSE010,920002,万达轴承,万达轴承,BSE,北交所,2024-05-30,2024,2024-05-17,北京证券交易所股票列表/相关公告,https://www.bse.cn/products/neeq_listed_companies/related_announcement.html?companyCode=920002,https://www.bse.cn/disclosure/2024/2024-05-17/1715934142_513244.pdf,,team-star/outputs/week3_sample_outputs/parsed_texts/W3-2024-BSE010_920002.txt,已有页码化解析文本,A-官方URL+页码化文本,180,,4,增资:1；备案:3,北交所优先扩样,直接从页码化文本定位历史沿革、股本形成和股东情况章节。
BSE-920118,bse_week3_extended_text,W3-2024-BSE011,920118,太湖远大,太湖远大,BSE,北交所,2024-08-22,2024,2024-08-09,北京证券交易所股票列表/相关公告,https://www.bse.cn/products/neeq_listed_companies/related_announcement.html?companyCode=920118,https://www.bse.cn/disclosure/2024/2024-08-09/1723199304_455800.pdf,,team-star/outputs/week3_sample_outputs/parsed_texts/W3-2024-BSE011_920118.txt,已有页码化解析文本,A-官方URL+页码化文本,180,,39,创业投资:24；私募:6；增资:4；股权转让:1；备案:4,北交所优先扩样,直接从页码化文本定位历史沿革、股本形成和股东情况章节。
BSE-920008,bse_week3_extended_text,W3-2024-BSE012,920008,成电光信,成电光信,BSE,北交所,2024-08-29,2024,2024-08-16,北京证券交易所股票列表/相关公告,https://www.bse.cn/products/neeq_listed_companies/related_announcement.html?companyCode=920008,https://www.bse.cn/disclosure/2024/2024-08-16/1723796660_838279.pdf,,team-star/outputs/week3_sample_outputs/parsed_texts/W3-2024-BSE012_920008.txt,已有页码化解析文本,A-官方URL+页码化文本,180,,26,创业投资:4；股权转让:6；备案:16,北交所优先扩样,直接从页码化文本定位历史沿革、股本形成和股东情况章节。
BSE-920016,bse_week3_extended_text,W3-2024-BSE013,920016,中草香料,中草香料,BSE,北交所,2024-09-13,2024,2024-08-30,北京证券交易所股票列表/相关公告,https://www.bse.cn/products/neeq_listed_companies/related_announcement.html?companyCode=920016,https://www.bse.cn/disclosure/2024/2024-08-30/1725017664_266165.pdf,,team-star/outputs/week3_sample_outputs/parsed_texts/W3-2024-BSE013_920016.txt,已有页码化解析文本,A-官方URL+页码化文本,180,,32,创业投资:5；私募:14；增资:2；股权转让:5；备案:6,北交所优先扩样,直接从页码化文本定位历史沿革、股本形成和股东情况章节。
BSE-920099,bse_week3_extended_text,W3-2024-BSE014,920099,瑞华技术,瑞华技术,BSE,北交所,2024-09-25,2024,2024-09-06,北京证券交易所股票列表/相关公告,https://www.bse.cn/products/neeq_listed_companies/related_announcement.html?companyCode=920099,https://www.bse.cn/disclosure/2024/2024-09-06/1725619244_825140.pdf,,team-star/outputs/week3_sample_outputs/parsed_texts/W3-2024-BSE014_920099.txt,已有页码化解析文本,A-官方URL+页码化文本,180,,39,创业投资:15；私募:9；股权转让:7；备案:8,北交所优先扩样,直接从页码化文本定位历史沿革、股本形成和股东情况章节。
BSE-920019,bse_week3_extended_text,W3-2024-BSE015,920019,铜冠矿建,铜冠矿建,BSE,北交所,2024-10-11,2024,2024-09-12,北京证券交易所股票列表/相关公告,https://www.bse.cn/products/neeq_listed_companies/related_announcement.html?companyCode=920019,https://www.bse.cn/disclosure/2024/2024-09-12/1726140978_749903.pdf,,team-star/outputs/week3_sample_outputs/parsed_texts/W3-2024-BSE015_920019.txt,已有页码化解析文本,A-官方URL+页码化文本,180,,7,私募:1；增资:1；备案:5,北交所优先扩样,直接从页码化文本定位历史沿革、股本形成和股东情况章节。
BSE-920088,bse_week3_extended_text,W3-2024-BSE016,920088,科力股份,科力股份,BSE,北交所,2024-10-29,2024,2024-10-16,北京证券交易所股票列表/相关公告,https://www.bse.cn/products/neeq_listed_companies/related_announcement.html?companyCode=920088,https://www.bse.cn/disclosure/2024/2024-10-16/1729073664_569671.pdf,,team-star/outputs/week3_sample_outputs/parsed_texts/W3-2024-BSE016_920088.txt,已有页码化解析文本,A-官方URL+页码化文本,180,,13,股权转让:4；备案:9,北交所优先扩样,直接从页码化文本定位历史沿革、股本形成和股东情况章节。
BSE-920066,bse_week3_extended_text,W3-2024-BSE017,920066,科拜尔,科拜尔,BSE,北交所,2024-10-31,2024,2024-10-18,北京证券交易所股票列表/相关公告,https://www.bse.cn/products/neeq_listed_companies/related_announcement.html?companyCode=920066,https://www.bse.cn/disclosure/2024/2024-10-18/1729245991_542173.pdf,,team-star/outputs/week3_sample_outputs/parsed_texts/W3-2024-BSE017_920066.txt,已有页码化解析文本,A-官方URL+页码化文本,180,,65,创业投资:2；私募:2；增资:18；股权转让:28；备案:15,北交所优先扩样,直接从页码化文本定位历史沿革、股本形成和股东情况章节。
BSE-920111,bse_week3_extended_text,W3-2024-BSE018,920111,聚星科技,聚星科技,BSE,北交所,2024-11-11,2024,2024-10-25,北京证券交易所股票列表/相关公告,https://www.bse.cn/products/neeq_listed_companies/related_announcement.html?companyCode=920111,https://www.bse.cn/disclosure/2024/2024-10-25/1729850545_432948.pdf,,team-star/outputs/week3_sample_outputs/parsed_texts/W3-2024-BSE018_920111.txt,已有页码化解析文本,A-官方URL+页码化文本,180,,1,备案:1,北交所优先扩样,直接从页码化文本定位历史沿革、股本形成和股东情况章节。
BSE-920060,bse_week3_extended_text,W3-2024-BSE019,920060,万源通,万源通,BSE,北交所,2024-11-19,2024,2024-11-06,北京证券交易所股票列表/相关公告,https://www.bse.cn/products/neeq_listed_companies/related_announcement.html?companyCode=920060,https://www.bse.cn/disclosure/2024/2024-11-06/1730889849_088507.pdf,,team-star/outputs/week3_sample_outputs/parsed_texts/W3-2024-BSE019_920060.txt,已有页码化解析文本,A-官方URL+页码化文本,180,,9,增资:5；备案:4,北交所优先扩样,直接从页码化文本定位历史沿革、股本形成和股东情况章节。
BSE-920128,bse_week3_extended_text,W3-2024-BSE020,920128,XD胜业电,XD胜业电,BSE,北交所,2024-11-29,2024,2024-11-14,北京证券交易所股票列表/相关公告,https://www.bse.cn/products/neeq_listed_companies/related_announcement.html?companyCode=920128,https://www.bse.cn/disclosure/2024/2024-11-14/1731576503_844407.pdf,,team-star/outputs/week3_sample_outputs/parsed_texts/W3-2024-BSE020_920128.txt,已有页码化解析文本,A-官方URL+页码化文本,180,,26,私募:2；增资:2；股权转让:1；备案:21,北交所优先扩样,直接从页码化文本定位历史沿革、股本形成和股东情况章节。
BSE-920098,bse_week3_extended_text,W3-2024-BSE021,920098,科隆新材,科隆新材,BSE,北交所,2024-12-05,2024,2024-11-22,北京证券交易所股票列表/相关公告,https://www.bse.cn/products/neeq_listed_companies/related_announcement.html?companyCode=920098,https://www.bse.cn/disclosure/2024/2024-11-22/1732267256_073253.pdf,,team-star/outputs/week3_sample_outputs/parsed_texts/W3-2024-BSE021_920098.txt,已有页码化解析文本,A-官方URL+页码化文本,180,,39,创业投资:18；私募:1；增资:6；股权转让:4；备案:10,北交所优先扩样,直接从页码化文本定位历史沿革、股本形成和股东情况章节。
BSE-920106,bse_week3_extended_text,W3-2024-BSE022,920106,林泰新材,林泰新材,BSE,北交所,2024-12-18,2024,2024-12-06,北京证券交易所股票列表/相关公告,https://www.bse.cn/products/neeq_listed_companies/related_announcement.html?companyCode=920106,https://www.bse.cn/disclosure/2024/2024-12-06/1733479850_319910.pdf,,team-star/outputs/week3_sample_outputs/parsed_texts/W3-2024-BSE022_920106.txt,已有页码化解析文本,A-官方URL+页码化文本,180,,83,创业投资:67；私募:6；股权转让:1；备案:9,北交所优先扩样,直接从页码化文本定位历史沿革、股本形成和股东情况章节。
BSE-920082,bse_week3_extended_text,W3-2024-BSE023,920082,方正阀门,方正阀门,BSE,北交所,2024-12-26,2024,2024-12-13,北京证券交易所股票列表/相关公告,https://www.bse.cn/products/neeq_listed_companies/related_announcement.html?companyCode=920082,https://www.bse.cn/disclosure/2024/2024-12-13/1734087391_841895.pdf,,team-star/outputs/week3_sample_outputs/parsed_texts/W3-2024-BSE023_920082.txt,已有页码化解析文本,A-官方URL+页码化文本,180,,10,股权转让:4；备案:6,北交所优先扩样,直接从页码化文本定位历史沿革、股本形成和股东情况章节。
BSE-920950,bse_week3_extended_text,W3-2023-BSE001,920950,迅安科技,迅安科技,BSE,北交所,2023-01-11,2023,2022-12-22,北京证券交易所股票列表/相关公告,https://www.bse.cn/products/neeq_listed_companies/related_announcement.html?companyCode=920950,https://www.bse.cn/disclosure/2022/2022-12-22/1671694441_779022.pdf,,team-star/outputs/week3_sample_outputs/parsed_texts/W3-2023-BSE001_920950.txt,已有页码化解析文本,A-官方URL+页码化文本,180,,26,创业投资:3；私募:7；备案:16,北交所优先扩样,直接从页码化文本定位历史沿革、股本形成和股东情况章节。
BSE-920249,bse_week3_extended_text,W3-2023-BSE002,920249,利尔达,利尔达,BSE,北交所,2023-02-17,2023,2023-01-30,北京证券交易所股票列表/相关公告,https://www.bse.cn/products/neeq_listed_companies/related_announcement.html?companyCode=920249,https://www.bse.cn/disclosure/2023/2023-01-30/1675066930_267828.pdf,,team-star/outputs/week3_sample_outputs/parsed_texts/W3-2023-BSE002_920249.txt,已有页码化解析文本,A-官方URL+页码化文本,180,,34,创业投资:4；增资:16；股权转让:12；备案:2,北交所优先扩样,直接从页码化文本定位历史沿革、股本形成和股东情况章节。
BSE-920575,bse_week3_extended_text,W3-2023-BSE003,920575,*ST康乐,*ST康乐,BSE,北交所,2023-03-15,2023,2023-02-28,北京证券交易所股票列表/相关公告,https://www.bse.cn/products/neeq_listed_companies/related_announcement.html?companyCode=920575,https://www.bse.cn/disclosure/2023/2023-02-28/1677578647_721315.pdf,,team-star/outputs/week3_sample_outputs/parsed_texts/W3-2023-BSE003_920575.txt,已有页码化解析文本,A-官方URL+页码化文本,180,,78,创业投资:6；私募:1；增资:40；股权转让:28；备案:3,北交所优先扩样,直接从页码化文本定位历史沿革、股本形成和股东情况章节。
BSE-920304,bse_week3_extended_text,W3-2023-BSE004,920304,迪尔化工,迪尔化工,BSE,北交所,2023-04-18,2023,2023-03-30,北京证券交易所股票列表/相关公告,https://www.bse.cn/products/neeq_listed_companies/related_announcement.html?companyCode=920304,https://www.bse.cn/disclosure/2023/2023-03-30/1680171127_157748.pdf,,team-star/outputs/week3_sample_outputs/parsed_texts/W3-2023-BSE004_920304.txt,已有页码化解析文本,A-官方URL+页码化文本,180,,27,增资:16；备案:11,北交所优先扩样,直接从页码化文本定位历史沿革、股本形成和股东情况章节。
BSE-920719,bse_week3_extended_text,W3-2023-BSE005,920719,宁新新材,宁新新材,BSE,北交所,2023-05-26,2023,2023-05-08,北京证券交易所股票列表/相关公告,https://www.bse.cn/products/neeq_listed_companies/related_announcement.html?companyCode=920719,https://www.bse.cn/disclosure/2023/2023-05-08/1683539772_634679.pdf,,team-star/outputs/week3_sample_outputs/parsed_texts/W3-2023-BSE005_920719.txt,已有页码化解析文本,A-官方URL+页码化文本,180,,54,创业投资:17；私募:16；增资:1；股权转让:4；备案:16,北交所优先扩样,直接从页码化文本定位历史沿革、股本形成和股东情况章节。
BSE-920717,bse_week3_extended_text,W3-2023-BSE006,920717,瑞星股份,瑞星股份,BSE,北交所,2023-07-03,2023,2023-06-13,北京证券交易所股票列表/相关公告,https://www.bse.cn/products/neeq_listed_companies/related_announcement.html?companyCode=920717,https://www.bse.cn/disclosure/2023/2023-06-13/1686641891_422903.pdf,,team-star/outputs/week3_sample_outputs/parsed_texts/W3-2023-BSE006_920717.txt,已有页码化解析文本,A-官方URL+页码化文本,180,,8,私募:1；备案:7,北交所优先扩样,直接从页码化文本定位历史沿革、股本形成和股东情况章节。
BSE-920504,bse_week3_extended_text,W3-2023-BSE007,920504,博迅生物,博迅生物,BSE,北交所,2023-08-17,2023,2023-08-03,北京证券交易所股票列表/相关公告,https://www.bse.cn/products/neeq_listed_companies/related_announcement.html?companyCode=920504,https://www.bse.cn/disclosure/2023/2023-08-03/1691052981_968995.pdf,,team-star/outputs/week3_sample_outputs/parsed_texts/W3-2023-BSE007_920504.txt,已有页码化解析文本,A-官方URL+页码化文本,180,,20,私募:12；备案:8,北交所优先扩样,直接从页码化文本定位历史沿革、股本形成和股东情况章节。
BSE-920978,bse_week3_extended_text,W3-2023-BSE008,920978,开特股份,开特股份,BSE,北交所,2023-09-28,2023,2023-09-18,北京证券交易所股票列表/相关公告,https://www.bse.cn/products/neeq_listed_companies/related_announcement.html?companyCode=920978,https://www.bse.cn/disclosure/2023/2023-09-18/1695034338_206672.pdf,,team-star/outputs/week3_sample_outputs/parsed_texts/W3-2023-BSE008_920978.txt,已有页码化解析文本,A-官方URL+页码化文本,180,,14,创业投资:8；股权转让:2；备案:4,北交所优先扩样,直接从页码化文本定位历史沿革、股本形成和股东情况章节。
BSE-920522,bse_week3_extended_text,W3-2023-BSE009,920522,纳科诺尔,纳科诺尔,BSE,北交所,2023-11-16,2023,2023-10-30,北京证券交易所股票列表/相关公告,https://www.bse.cn/products/neeq_listed_companies/related_announcement.html?companyCode=920522,https://www.bse.cn/disclosure/2023/2023-10-30/1698659303_685783.pdf,,team-star/outputs/week3_sample_outputs/parsed_texts/W3-2023-BSE009_920522.txt,已有页码化解析文本,A-官方URL+页码化文本,180,,42,创业投资:2；私募:2；增资:2；股权转让:21；备案:15,北交所优先扩样,直接从页码化文本定位历史沿革、股本形成和股东情况章节。
BSE-920363,bse_week3_extended_text,W3-2023-BSE010,920363,莱赛激光,莱赛激光,BSE,北交所,2023-12-28,2023,2023-12-14,北京证券交易所股票列表/相关公告,https://www.bse.cn/products/neeq_listed_companies/related_announcement.html?companyCode=920363,https://www.bse.cn/disclosure/2023/2023-12-14/1702542036_328079.pdf,,team-star/outputs/week3_sample_outputs/parsed_texts/W3-2023-BSE010_920363.txt,已有页码化解析文本,A-官方URL+页码化文本,180,,3,备案:3,北交所优先扩样,直接从页码化文本定位历史沿革、股本形成和股东情况章节。
STAR-688031,cninfo_star_pdf_log,STAR-688031,688031,星环信息科技(上海)股份有限公司,星环科技,SSE,科创板,2022-10-18,2022,2022-10-13,巨潮资讯网CNInfo抓取日志,,https://static.cninfo.com.cn/finalpage/2022-10-13/1214758691.PDF,任务一_招股书抓取_科创板_2021-2025/PDF库/科创板/2022/688031_星环科技/688031_星环科技_招股说明书_1214758691.pdf,,本地PDF存在,A-CNInfo URL+本地PDF,,10.54,,,科创板跨板块推广,先PDF转Markdown，再用同一套TOC+关键词规则定位PE/VC与股本变动章节。
STAR-688035,cninfo_star_pdf_log,STAR-688035,688035,烟台德邦科技股份有限公司,德邦科技,SSE,科创板,2022-09-19,2022,2022-09-14,巨潮资讯网CNInfo抓取日志,,https://static.cninfo.com.cn/finalpage/2022-09-14/1214586526.PDF,任务一_招股书抓取_科创板_2021-2025/PDF库/科创板/2022/688035_德邦科技/688035_德邦科技_招股说明书_1214586526.pdf,,本地PDF存在,A-CNInfo URL+本地PDF,,6.07,,,科创板跨板块推广,先PDF转Markdown，再用同一套TOC+关键词规则定位PE/VC与股本变动章节。
STAR-688041,cninfo_star_pdf_log,STAR-688041,688041,海光信息技术股份有限公司,海光信息,SSE,科创板,2022-08-12,2022,2022-08-09,巨潮资讯网CNInfo抓取日志,,https://static.cninfo.com.cn/finalpage/2022-08-09/1214251824.PDF,任务一_招股书抓取_科创板_2021-2025/PDF库/科创板/2022/688041_海光信息/688041_海光信息_招股说明书_1214251824.pdf,,本地PDF存在,A-CNInfo URL+本地PDF,,8.91,,,科创板跨板块推广,先PDF转Markdown，再用同一套TOC+关键词规则定位PE/VC与股本变动章节。
STAR-688045,cninfo_star_pdf_log,STAR-688045,688045,深圳市必易微电子股份有限公司,必易微,SSE,科创板,2022-05-26,2022,2022-05-23,巨潮资讯网CNInfo抓取日志,,https://static.cninfo.com.cn/finalpage/2022-05-23/1213447130.PDF,任务一_招股书抓取_科创板_2021-2025/PDF库/科创板/2022/688045_必易微/688045_必易微_招股说明书_1213447130.pdf,,本地PDF存在,A-CNInfo URL+本地PDF,,4.85,,,科创板跨板块推广,先PDF转Markdown，再用同一套TOC+关键词规则定位PE/VC与股本变动章节。
STAR-688046,cninfo_star_pdf_log,STAR-688046,688046,江苏集萃药康生物科技股份有限公司,药康生物,SSE,科创板,2022-04-25,2022,2022-04-18,巨潮资讯网CNInfo抓取日志,,https://static.cninfo.com.cn/finalpage/2022-04-18/1212951583.PDF,任务一_招股书抓取_科创板_2021-2025/PDF库/科创板/2022/688046_药康生物/688046_药康生物_招股说明书_1212951583.pdf,,本地PDF存在,A-CNInfo URL+本地PDF,,12.57,,,科创板跨板块推广,先PDF转Markdown，再用同一套TOC+关键词规则定位PE/VC与股本变动章节。
STAR-688047,cninfo_star_pdf_log,STAR-688047,688047,龙芯中科技术股份有限公司,龙芯中科,SSE,科创板,2022-06-24,2022,2022-06-21,巨潮资讯网CNInfo抓取日志,,https://static.cninfo.com.cn/finalpage/2022-06-21/1213762762.PDF,任务一_招股书抓取_科创板_2021-2025/PDF库/科创板/2022/688047_龙芯中科/688047_龙芯中科_招股说明书_1213762762.pdf,,本地PDF存在,A-CNInfo URL+本地PDF,,7.95,,,科创板跨板块推广,先PDF转Markdown，再用同一套TOC+关键词规则定位PE/VC与股本变动章节。
STAR-688048,cninfo_star_pdf_log,STAR-688048,688048,苏州长光华芯光电技术股份有限公司,长光华芯,SSE,科创板,2022-04-01,2022,2022-03-29,巨潮资讯网CNInfo抓取日志,,https://static.cninfo.com.cn/finalpage/2022-03-29/1212709018.PDF,任务一_招股书抓取_科创板_2021-2025/PDF库/科创板/2022/688048_长光华芯/688048_长光华芯_招股说明书_1212709018.pdf,,本地PDF存在,A-CNInfo URL+本地PDF,,5.99,,,科创板跨板块推广,先PDF转Markdown，再用同一套TOC+关键词规则定位PE/VC与股本变动章节。
STAR-688049,cninfo_star_pdf_log,STAR-688049,688049,炬芯科技股份有限公司,炬芯科技,SSE,科创板,2021-11-29,2021,2021-11-24,巨潮资讯网CNInfo抓取日志,,https://static.cninfo.com.cn/finalpage/2021-11-24/1211684965.PDF,任务一_招股书抓取_科创板_2021-2025/PDF库/科创板/2021/688049_炬芯科技/688049_炬芯科技_招股说明书_1211684965.pdf,,本地PDF存在,A-CNInfo URL+本地PDF,,9.77,,,科创板跨板块推广,先PDF转Markdown，再用同一套TOC+关键词规则定位PE/VC与股本变动章节。
STAR-688052,cninfo_star_pdf_log,STAR-688052,688052,苏州纳芯微电子股份有限公司,纳芯微,SSE,科创板,2022-04-22,2022,2022-04-18,巨潮资讯网CNInfo抓取日志,,https://static.cninfo.com.cn/finalpage/2022-04-18/1212951585.PDF,任务一_招股书抓取_科创板_2021-2025/PDF库/科创板/2022/688052_纳芯微/688052_纳芯微_招股说明书_1212951585.pdf,,本地PDF存在,A-CNInfo URL+本地PDF,,7.00,,,科创板跨板块推广,先PDF转Markdown，再用同一套TOC+关键词规则定位PE/VC与股本变动章节。
STAR-688053,cninfo_star_pdf_log,STAR-688053,688053,成都思科瑞微电子股份有限公司,ST思科瑞,SSE,科创板,2022-07-08,2022,2022-07-05,巨潮资讯网CNInfo抓取日志,,https://static.cninfo.com.cn/finalpage/2022-07-05/1213942187.PDF,任务一_招股书抓取_科创板_2021-2025/PDF库/科创板/2022/688053_ST思科瑞/688053_ST思科瑞_招股说明书_1213942187.pdf,,本地PDF存在,A-CNInfo URL+本地PDF,,4.82,,,科创板跨板块推广,先PDF转Markdown，再用同一套TOC+关键词规则定位PE/VC与股本变动章节。
STAR-688061,cninfo_star_pdf_log,STAR-688061,688061,上海灿瑞科技股份有限公司,灿瑞科技,SSE,科创板,2022-10-18,2022,2022-10-13,巨潮资讯网CNInfo抓取日志,,https://static.cninfo.com.cn/finalpage/2022-10-13/1214757954.PDF,任务一_招股书抓取_科创板_2021-2025/PDF库/科创板/2022/688061_灿瑞科技/688061_灿瑞科技_招股说明书_1214757954.pdf,,本地PDF存在,A-CNInfo URL+本地PDF,,5.65,,,科创板跨板块推广,先PDF转Markdown，再用同一套TOC+关键词规则定位PE/VC与股本变动章节。
STAR-688062,cninfo_star_pdf_log,STAR-688062,688062,迈威(上海)生物科技股份有限公司,迈威生物,SSE,科创板,2022-01-18,2022,2026-04-20,巨潮资讯网CNInfo抓取日志,,https://static.cninfo.com.cn/finalpage/2026-04-20/1225124343.PDF,任务一_招股书抓取_科创板_2021-2025/PDF库/科创板/2022/688062_迈威生物/688062_迈威生物_招股说明书_1225124343.pdf,,本地PDF存在,A-CNInfo URL+本地PDF,,0.13,,,科创板跨板块推广,先PDF转Markdown，再用同一套TOC+关键词规则定位PE/VC与股本变动章节。
STAR-688072,cninfo_star_pdf_log,STAR-688072,688072,拓荆科技股份有限公司,拓荆科技,SSE,科创板,2022-04-20,2022,2022-04-14,巨潮资讯网CNInfo抓取日志,,https://static.cninfo.com.cn/finalpage/2022-04-14/1212913465.PDF,任务一_招股书抓取_科创板_2021-2025/PDF库/科创板/2022/688072_拓荆科技/688072_拓荆科技_招股说明书_1212913465.pdf,,本地PDF存在,A-CNInfo URL+本地PDF,,5.70,,,科创板跨板块推广,先PDF转Markdown，再用同一套TOC+关键词规则定位PE/VC与股本变动章节。
STAR-688073,cninfo_star_pdf_log,STAR-688073,688073,上海毕得医药科技股份有限公司,毕得医药,SSE,科创板,2022-10-11,2022,2022-09-29,巨潮资讯网CNInfo抓取日志,,https://static.cninfo.com.cn/finalpage/2022-09-29/1214704181.PDF,任务一_招股书抓取_科创板_2021-2025/PDF库/科创板/2022/688073_毕得医药/688073_毕得医药_招股说明书_1214704181.pdf,,本地PDF存在,A-CNInfo URL+本地PDF,,6.49,,,科创板跨板块推广,先PDF转Markdown，再用同一套TOC+关键词规则定位PE/VC与股本变动章节。
STAR-688084,cninfo_star_pdf_log,STAR-688084,688084,北京晶品特装科技股份有限公司,晶品特装,SSE,科创板,2022-12-08,2022,2022-12-05,巨潮资讯网CNInfo抓取日志,,https://static.cninfo.com.cn/finalpage/2022-12-05/1215276237.PDF,任务一_招股书抓取_科创板_2021-2025/PDF库/科创板/2022/688084_晶品特装/688084_晶品特装_招股说明书_1215276237.pdf,,本地PDF存在,A-CNInfo URL+本地PDF,,12.00,,,科创板跨板块推广,先PDF转Markdown，再用同一套TOC+关键词规则定位PE/VC与股本变动章节。
STAR-688091,cninfo_star_pdf_log,STAR-688091,688091,上海谊众药业股份有限公司,上海谊众,SSE,科创板,2021-09-09,2021,2021-09-03,巨潮资讯网CNInfo抓取日志,,https://static.cninfo.com.cn/finalpage/2021-09-03/1210965185.PDF,任务一_招股书抓取_科创板_2021-2025/PDF库/科创板/2021/688091_上海谊众/688091_上海谊众_招股说明书_1210965185.pdf,,本地PDF存在,A-CNInfo URL+本地PDF,,3.85,,,科创板跨板块推广,先PDF转Markdown，再用同一套TOC+关键词规则定位PE/VC与股本变动章节。
STAR-688102,cninfo_star_pdf_log,STAR-688102,688102,陕西斯瑞新材料股份有限公司,斯瑞新材,SSE,科创板,2022-03-16,2022,2022-03-11,巨潮资讯网CNInfo抓取日志,,https://static.cninfo.com.cn/finalpage/2022-03-11/1212541085.PDF,任务一_招股书抓取_科创板_2021-2025/PDF库/科创板/2022/688102_斯瑞新材/688102_斯瑞新材_招股说明书_1212541085.pdf,,本地PDF存在,A-CNInfo URL+本地PDF,,5.62,,,科创板跨板块推广,先PDF转Markdown，再用同一套TOC+关键词规则定位PE/VC与股本变动章节。
STAR-688103,cninfo_star_pdf_log,STAR-688103,688103,昆山国力电子科技股份有限公司,国力电子,SSE,科创板,2021-09-10,2021,2021-09-06,巨潮资讯网CNInfo抓取日志,,https://static.cninfo.com.cn/finalpage/2021-09-06/1210971091.PDF,任务一_招股书抓取_科创板_2021-2025/PDF库/科创板/2021/688103_国力电子/688103_国力电子_招股说明书_1210971091.pdf,,本地PDF存在,A-CNInfo URL+本地PDF,,10.43,,,科创板跨板块推广,先PDF转Markdown，再用同一套TOC+关键词规则定位PE/VC与股本变动章节。
STAR-688107,cninfo_star_pdf_log,STAR-688107,688107,上海安路信息科技股份有限公司,安路科技,SSE,科创板,2021-11-12,2021,2021-11-09,巨潮资讯网CNInfo抓取日志,,https://static.cninfo.com.cn/finalpage/2021-11-09/1211530537.PDF,任务一_招股书抓取_科创板_2021-2025/PDF库/科创板/2021/688107_安路科技/688107_安路科技_招股说明书_1211530537.pdf,,本地PDF存在,A-CNInfo URL+本地PDF,,11.39,,,科创板跨板块推广,先PDF转Markdown，再用同一套TOC+关键词规则定位PE/VC与股本变动章节。
STAR-688110,cninfo_star_pdf_log,STAR-688110,688110,东芯半导体股份有限公司,东芯股份,SSE,科创板,2021-12-10,2021,2021-12-07,巨潮资讯网CNInfo抓取日志,,https://static.cninfo.com.cn/finalpage/2021-12-07/1211821881.PDF,任务一_招股书抓取_科创板_2021-2025/PDF库/科创板/2021/688110_东芯股份/688110_东芯股份_招股说明书_1211821881.pdf,,本地PDF存在,A-CNInfo URL+本地PDF,,5.22,,,科创板跨板块推广,先PDF转Markdown，再用同一套TOC+关键词规则定位PE/VC与股本变动章节。
STAR-688112,cninfo_star_pdf_log,STAR-688112,688112,深圳市鼎阳科技股份有限公司,鼎阳科技,SSE,科创板,2021-12-01,2021,2021-11-26,巨潮资讯网CNInfo抓取日志,,https://static.cninfo.com.cn/finalpage/2021-11-26/1211705071.PDF,任务一_招股书抓取_科创板_2021-2025/PDF库/科创板/2021/688112_鼎阳科技/688112_鼎阳科技_招股说明书_1211705071.pdf,,本地PDF存在,A-CNInfo URL+本地PDF,,8.94,,,科创板跨板块推广,先PDF转Markdown，再用同一套TOC+关键词规则定位PE/VC与股本变动章节。
STAR-688113,cninfo_star_pdf_log,STAR-688113,688113,江苏联测机电科技股份有限公司,联测科技,SSE,科创板,2021-05-06,2021,2021-04-28,巨潮资讯网CNInfo抓取日志,,https://static.cninfo.com.cn/finalpage/2021-04-28/1209845039.PDF,任务一_招股书抓取_科创板_2021-2025/PDF库/科创板/2021/688113_联测科技/688113_联测科技_招股说明书_1209845039.pdf,,本地PDF存在,A-CNInfo URL+本地PDF,,4.18,,,科创板跨板块推广,先PDF转Markdown，再用同一套TOC+关键词规则定位PE/VC与股本变动章节。
STAR-688114,cninfo_star_pdf_log,STAR-688114,688114,深圳华大智造科技股份有限公司,华大智造,SSE,科创板,2022-09-09,2022,2022-09-06,巨潮资讯网CNInfo抓取日志,,https://static.cninfo.com.cn/finalpage/2022-09-06/1214541077.PDF,任务一_招股书抓取_科创板_2021-2025/PDF库/科创板/2022/688114_华大智造/688114_华大智造_招股说明书_1214541077.pdf,,本地PDF存在,A-CNInfo URL+本地PDF,,8.64,,,科创板跨板块推广,先PDF转Markdown，再用同一套TOC+关键词规则定位PE/VC与股本变动章节。
STAR-688115,cninfo_star_pdf_log,STAR-688115,688115,广州思林杰科技股份有限公司,思林杰,SSE,科创板,2022-03-14,2022,2022-03-09,巨潮资讯网CNInfo抓取日志,,https://static.cninfo.com.cn/finalpage/2022-03-09/1212528996.PDF,任务一_招股书抓取_科创板_2021-2025/PDF库/科创板/2022/688115_思林杰/688115_思林杰_招股说明书_1212528996.pdf,,本地PDF存在,A-CNInfo URL+本地PDF,,5.69,,,科创板跨板块推广,先PDF转Markdown，再用同一套TOC+关键词规则定位PE/VC与股本变动章节。
STAR-688119,cninfo_star_pdf_log,STAR-688119,688119,中钢洛耐科技股份有限公司,中钢洛耐,SSE,科创板,2022-06-06,2022,2022-05-31,巨潮资讯网CNInfo抓取日志,,https://static.cninfo.com.cn/finalpage/2022-05-31/1213551199.PDF,任务一_招股书抓取_科创板_2021-2025/PDF库/科创板/2022/688119_中钢洛耐/688119_中钢洛耐_招股说明书_1213551199.pdf,,本地PDF存在,A-CNInfo URL+本地PDF,,14.89,,,科创板跨板块推广,先PDF转Markdown，再用同一套TOC+关键词规则定位PE/VC与股本变动章节。
STAR-688120,cninfo_star_pdf_log,STAR-688120,688120,华海清科股份有限公司,华海清科,SSE,科创板,2022-06-08,2022,2022-06-01,巨潮资讯网CNInfo抓取日志,,https://static.cninfo.com.cn/finalpage/2022-06-01/1213572777.PDF,任务一_招股书抓取_科创板_2021-2025/PDF库/科创板/2022/688120_华海清科/688120_华海清科_招股说明书_1213572777.pdf,,本地PDF存在,A-CNInfo URL+本地PDF,,8.67,,,科创板跨板块推广,先PDF转Markdown，再用同一套TOC+关键词规则定位PE/VC与股本变动章节。
STAR-688125,cninfo_star_pdf_log,STAR-688125,688125,广东安达智能装备股份有限公司,安达智能,SSE,科创板,2022-04-15,2022,2022-04-12,巨潮资讯网CNInfo抓取日志,,https://static.cninfo.com.cn/finalpage/2022-04-12/1212886399.PDF,任务一_招股书抓取_科创板_2021-2025/PDF库/科创板/2022/688125_安达智能/688125_安达智能_招股说明书_1212886399.pdf,,本地PDF存在,A-CNInfo URL+本地PDF,,7.13,,,科创板跨板块推广,先PDF转Markdown，再用同一套TOC+关键词规则定位PE/VC与股本变动章节。
STAR-688130,cninfo_star_pdf_log,STAR-688130,688130,杭州晶华微电子股份有限公司,晶华微,SSE,科创板,2022-07-29,2022,2022-07-26,巨潮资讯网CNInfo抓取日志,,https://static.cninfo.com.cn/finalpage/2022-07-26/1214129814.PDF,任务一_招股书抓取_科创板_2021-2025/PDF库/科创板/2022/688130_晶华微/688130_晶华微_招股说明书_1214129814.pdf,,本地PDF存在,A-CNInfo URL+本地PDF,,8.13,,,科创板跨板块推广,先PDF转Markdown，再用同一套TOC+关键词规则定位PE/VC与股本变动章节。
STAR-688131,cninfo_star_pdf_log,STAR-688131,688131,上海皓元医药股份有限公司,皓元医药,SSE,科创板,2021-06-08,2021,2021-06-03,巨潮资讯网CNInfo抓取日志,,https://static.cninfo.com.cn/finalpage/2021-06-03/1210152092.PDF,任务一_招股书抓取_科创板_2021-2025/PDF库/科创板/2021/688131_皓元医药/688131_皓元医药_招股说明书_1210152092.pdf,,本地PDF存在,A-CNInfo URL+本地PDF,,10.78,,,科创板跨板块推广,先PDF转Markdown，再用同一套TOC+关键词规则定位PE/VC与股本变动章节。
STAR-688132,cninfo_star_pdf_log,STAR-688132,688132,邦彦技术股份有限公司,邦彦技术,SSE,科创板,2022-09-23,2022,2022-09-20,巨潮资讯网CNInfo抓取日志,,https://static.cninfo.com.cn/finalpage/2022-09-20/1214629804.PDF,任务一_招股书抓取_科创板_2021-2025/PDF库/科创板/2022/688132_邦彦技术/688132_邦彦技术_招股说明书_1214629804.pdf,,本地PDF存在,A-CNInfo URL+本地PDF,,12.59,,,科创板跨板块推广,先PDF转Markdown，再用同一套TOC+关键词规则定位PE/VC与股本变动章节。
STAR-688137,cninfo_star_pdf_log,STAR-688137,688137,苏州近岸蛋白质科技股份有限公司,近岸蛋白,SSE,科创板,2022-09-29,2022,2022-09-26,巨潮资讯网CNInfo抓取日志,,https://static.cninfo.com.cn/finalpage/2022-09-26/1214675210.PDF,任务一_招股书抓取_科创板_2021-2025/PDF库/科创板/2022/688137_近岸蛋白/688137_近岸蛋白_招股说明书_1214675210.pdf,,本地PDF存在,A-CNInfo URL+本地PDF,,8.89,,,科创板跨板块推广,先PDF转Markdown，再用同一套TOC+关键词规则定位PE/VC与股本变动章节。
STAR-688141,cninfo_star_pdf_log,STAR-688141,688141,杰华特微电子股份有限公司,杰华特,SSE,科创板,2022-12-23,2022,2022-12-20,巨潮资讯网CNInfo抓取日志,,https://static.cninfo.com.cn/finalpage/2022-12-20/1215398751.PDF,任务一_招股书抓取_科创板_2021-2025/PDF库/科创板/2022/688141_杰华特/688141_杰华特_招股说明书_1215398751.pdf,,本地PDF存在,A-CNInfo URL+本地PDF,,8.74,,,科创板跨板块推广,先PDF转Markdown，再用同一套TOC+关键词规则定位PE/VC与股本变动章节。
STAR-688143,cninfo_star_pdf_log,STAR-688143,688143,武汉长盈通光电技术股份有限公司,长盈通,SSE,科创板,2022-12-12,2022,2022-12-05,巨潮资讯网CNInfo抓取日志,,https://static.cninfo.com.cn/finalpage/2022-12-05/1215276238.PDF,任务一_招股书抓取_科创板_2021-2025/PDF库/科创板/2022/688143_长盈通/688143_长盈通_招股说明书_1215276238.pdf,,本地PDF存在,A-CNInfo URL+本地PDF,,5.42,,,科创板跨板块推广,先PDF转Markdown，再用同一套TOC+关键词规则定位PE/VC与股本变动章节。
STAR-688146,cninfo_star_pdf_log,STAR-688146,688146,中船(邯郸)派瑞特种气体股份有限公司,中船特气,SSE,科创板,2023-04-21,2023,2023-04-17,巨潮资讯网CNInfo抓取日志,,https://static.cninfo.com.cn/finalpage/2023-04-17/1216427840.PDF,任务一_招股书抓取_科创板_2021-2025/PDF库/科创板/2023/688146_中船特气/688146_中船特气_招股说明书_1216427840.pdf,,本地PDF存在,A-CNInfo URL+本地PDF,,11.61,,,科创板跨板块推广,先PDF转Markdown，再用同一套TOC+关键词规则定位PE/VC与股本变动章节。
STAR-688147,cninfo_star_pdf_log,STAR-688147,688147,江苏微导纳米科技股份有限公司,微导纳米,SSE,科创板,2022-12-23,2022,2022-12-20,巨潮资讯网CNInfo抓取日志,,https://static.cninfo.com.cn/finalpage/2022-12-20/1215398754.PDF,任务一_招股书抓取_科创板_2021-2025/PDF库/科创板/2022/688147_微导纳米/688147_微导纳米_招股说明书_1215398754.pdf,,本地PDF存在,A-CNInfo URL+本地PDF,,8.82,,,科创板跨板块推广,先PDF转Markdown，再用同一套TOC+关键词规则定位PE/VC与股本变动章节。
STAR-688150,cninfo_star_pdf_log,STAR-688150,688150,陕西莱特光电材料股份有限公司,莱特光电,SSE,科创板,2022-03-18,2022,2022-03-14,巨潮资讯网CNInfo抓取日志,,https://static.cninfo.com.cn/finalpage/2022-03-14/1212557851.PDF,任务一_招股书抓取_科创板_2021-2025/PDF库/科创板/2022/688150_莱特光电/688150_莱特光电_招股说明书_1212557851.pdf,,本地PDF存在,A-CNInfo URL+本地PDF,,11.53,,,科创板跨板块推广,先PDF转Markdown，再用同一套TOC+关键词规则定位PE/VC与股本变动章节。
STAR-688151,cninfo_star_pdf_log,STAR-688151,688151,湖北华强科技股份有限公司,华强科技,SSE,科创板,2021-12-06,2021,2021-12-01,巨潮资讯网CNInfo抓取日志,,https://static.cninfo.com.cn/finalpage/2021-12-01/1211746808.PDF,任务一_招股书抓取_科创板_2021-2025/PDF库/科创板/2021/688151_华强科技/688151_华强科技_招股说明书_1211746808.pdf,,本地PDF存在,A-CNInfo URL+本地PDF,,9.04,,,科创板跨板块推广,先PDF转Markdown，再用同一套TOC+关键词规则定位PE/VC与股本变动章节。
STAR-688152,cninfo_star_pdf_log,STAR-688152,688152,湖南麒麟信安科技股份有限公司,麒麟信安,SSE,科创板,2022-10-28,2022,2022-10-20,巨潮资讯网CNInfo抓取日志,,https://static.cninfo.com.cn/finalpage/2022-10-20/1214842435.PDF,任务一_招股书抓取_科创板_2021-2025/PDF库/科创板/2022/688152_麒麟信安/688152_麒麟信安_招股说明书_1214842435.pdf,,本地PDF存在,A-CNInfo URL+本地PDF,,9.50,,,科创板跨板块推广,先PDF转Markdown，再用同一套TOC+关键词规则定位PE/VC与股本变动章节。
STAR-688153,cninfo_star_pdf_log,STAR-688153,688153,唯捷创芯(天津)电子技术股份有限公司,唯捷创芯,SSE,科创板,2022-04-12,2022,2022-04-07,巨潮资讯网CNInfo抓取日志,,https://static.cninfo.com.cn/finalpage/2022-04-07/1212827460.PDF,任务一_招股书抓取_科创板_2021-2025/PDF库/科创板/2022/688153_唯捷创芯/688153_唯捷创芯_招股说明书_1212827460.pdf,,本地PDF存在,A-CNInfo URL+本地PDF,,4.98,,,科创板跨板块推广,先PDF转Markdown，再用同一套TOC+关键词规则定位PE/VC与股本变动章节。
STAR-688162,cninfo_star_pdf_log,STAR-688162,688162,安徽巨一科技股份有限公司,巨一科技,SSE,科创板,2021-11-10,2021,2021-11-05,巨潮资讯网CNInfo抓取日志,,https://static.cninfo.com.cn/finalpage/2021-11-05/1211492657.PDF,任务一_招股书抓取_科创板_2021-2025/PDF库/科创板/2021/688162_巨一科技/688162_巨一科技_招股说明书_1211492657.pdf,,本地PDF存在,A-CNInfo URL+本地PDF,,13.41,,,科创板跨板块推广,先PDF转Markdown，再用同一套TOC+关键词规则定位PE/VC与股本变动章节。
STAR-688163,cninfo_star_pdf_log,STAR-688163,688163,上海赛伦生物技术股份有限公司,赛伦生物,SSE,科创板,2022-03-11,2022,2022-03-04,巨潮资讯网CNInfo抓取日志,,https://static.cninfo.com.cn/finalpage/2022-03-04/1212503267.PDF,任务一_招股书抓取_科创板_2021-2025/PDF库/科创板/2022/688163_赛伦生物/688163_赛伦生物_招股说明书_1212503267.pdf,,本地PDF存在,A-CNInfo URL+本地PDF,,9.07,,,科创板跨板块推广,先PDF转Markdown，再用同一套TOC+关键词规则定位PE/VC与股本变动章节。
STAR-688167,cninfo_star_pdf_log,STAR-688167,688167,西安炬光科技股份有限公司,炬光科技,SSE,科创板,2021-12-24,2021,2021-12-21,巨潮资讯网CNInfo抓取日志,,https://static.cninfo.com.cn/finalpage/2021-12-21/1211971166.PDF,任务一_招股书抓取_科创板_2021-2025/PDF库/科创板/2021/688167_炬光科技/688167_炬光科技_招股说明书_1211971166.pdf,,本地PDF存在,A-CNInfo URL+本地PDF,,12.54,,,科创板跨板块推广,先PDF转Markdown，再用同一套TOC+关键词规则定位PE/VC与股本变动章节。
STAR-688170,cninfo_star_pdf_log,STAR-688170,688170,苏州德龙激光股份有限公司,德龙激光,SSE,科创板,2022-04-29,2022,2022-04-26,巨潮资讯网CNInfo抓取日志,,https://static.cninfo.com.cn/finalpage/2022-04-26/1213106687.PDF,任务一_招股书抓取_科创板_2021-2025/PDF库/科创板/2022/688170_德龙激光/688170_德龙激光_招股说明书_1213106687.pdf,,本地PDF存在,A-CNInfo URL+本地PDF,,8.57,,,科创板跨板块推广,先PDF转Markdown，再用同一套TOC+关键词规则定位PE/VC与股本变动章节。
STAR-688171,cninfo_star_pdf_log,STAR-688171,688171,广东纬德信息科技股份有限公司,纬德信息,SSE,科创板,2022-01-27,2022,2022-01-24,巨潮资讯网CNInfo抓取日志,,https://static.cninfo.com.cn/finalpage/2022-01-24/1212251255.PDF,任务一_招股书抓取_科创板_2021-2025/PDF库/科创板/2022/688171_纬德信息/688171_纬德信息_招股说明书_1212251255.pdf,,本地PDF存在,A-CNInfo URL+本地PDF,,6.77,,,科创板跨板块推广,先PDF转Markdown，再用同一套TOC+关键词规则定位PE/VC与股本变动章节。
STAR-688172,cninfo_star_pdf_log,STAR-688172,688172,北京燕东微电子股份有限公司,燕东微,SSE,科创板,2022-12-16,2022,2022-12-13,巨潮资讯网CNInfo抓取日志,,https://static.cninfo.com.cn/finalpage/2022-12-13/1215333346.PDF,任务一_招股书抓取_科创板_2021-2025/PDF库/科创板/2022/688172_燕东微/688172_燕东微_招股说明书_1215333346.pdf,,本地PDF存在,A-CNInfo URL+本地PDF,,11.17,,,科创板跨板块推广,先PDF转Markdown，再用同一套TOC+关键词规则定位PE/VC与股本变动章节。
STAR-688175,cninfo_star_pdf_log,STAR-688175,688175,珠海高凌信息科技股份有限公司,高凌信息,SSE,科创板,2022-03-15,2022,2022-03-10,巨潮资讯网CNInfo抓取日志,,https://static.cninfo.com.cn/finalpage/2022-03-10/1212535107.PDF,任务一_招股书抓取_科创板_2021-2025/PDF库/科创板/2022/688175_高凌信息/688175_高凌信息_招股说明书_1212535107.pdf,,本地PDF存在,A-CNInfo URL+本地PDF,,7.33,,,科创板跨板块推广,先PDF转Markdown，再用同一套TOC+关键词规则定位PE/VC与股本变动章节。
STAR-688182,cninfo_star_pdf_log,STAR-688182,688182,江苏灿勤科技股份有限公司,灿勤科技,SSE,科创板,2021-11-16,2021,2021-11-11,巨潮资讯网CNInfo抓取日志,,https://static.cninfo.com.cn/finalpage/2021-11-11/1211553275.PDF,任务一_招股书抓取_科创板_2021-2025/PDF库/科创板/2021/688182_灿勤科技/688182_灿勤科技_招股说明书_1211553275.pdf,,本地PDF存在,A-CNInfo URL+本地PDF,,5.35,,,科创板跨板块推广,先PDF转Markdown，再用同一套TOC+关键词规则定位PE/VC与股本变动章节。
STAR-688184,cninfo_star_pdf_log,STAR-688184,688184,浙江帕瓦新能源股份有限公司,ST帕瓦,SSE,科创板,2022-09-19,2022,2022-09-14,巨潮资讯网CNInfo抓取日志,,https://static.cninfo.com.cn/finalpage/2022-09-14/1214586539.PDF,任务一_招股书抓取_科创板_2021-2025/PDF库/科创板/2022/688184_ST帕瓦/688184_ST帕瓦_招股说明书_1214586539.pdf,,本地PDF存在,A-CNInfo URL+本地PDF,,4.94,,,科创板跨板块推广,先PDF转Markdown，再用同一套TOC+关键词规则定位PE/VC与股本变动章节。
STAR-688187,cninfo_star_pdf_log,STAR-688187,688187,株洲中车时代电气股份有限公司,时代电气,SSE,科创板,2021-09-07,2021,2021-09-01,巨潮资讯网CNInfo抓取日志,,https://static.cninfo.com.cn/finalpage/2021-09-01/1210948907.PDF,任务一_招股书抓取_科创板_2021-2025/PDF库/科创板/2021/688187_时代电气/688187_时代电气_招股说明书_1210948907.pdf,,本地PDF存在,A-CNInfo URL+本地PDF,,14.67,,,科创板跨板块推广,先PDF转Markdown，再用同一套TOC+关键词规则定位PE/VC与股本变动章节。
STAR-688191,cninfo_star_pdf_log,STAR-688191,688191,智洋创新科技股份有限公司,智洋创新,SSE,科创板,2021-04-08,2021,2021-04-01,巨潮资讯网CNInfo抓取日志,,https://static.cninfo.com.cn/finalpage/2021-04-01/1209567481.PDF,任务一_招股书抓取_科创板_2021-2025/PDF库/科创板/2021/688191_智洋创新/688191_智洋创新_招股说明书_1209567481.pdf,,本地PDF存在,A-CNInfo URL+本地PDF,,11.10,,,科创板跨板块推广,先PDF转Markdown，再用同一套TOC+关键词规则定位PE/VC与股本变动章节。
STAR-688193,cninfo_star_pdf_log,STAR-688193,688193,上海仁度生物科技股份有限公司,仁度生物,SSE,科创板,2022-03-30,2022,2022-03-25,巨潮资讯网CNInfo抓取日志,,https://static.cninfo.com.cn/finalpage/2022-03-25/1212670339.PDF,任务一_招股书抓取_科创板_2021-2025/PDF库/科创板/2022/688193_仁度生物/688193_仁度生物_招股说明书_1212670339.pdf,,本地PDF存在,A-CNInfo URL+本地PDF,,7.65,,,科创板跨板块推广,先PDF转Markdown，再用同一套TOC+关键词规则定位PE/VC与股本变动章节。
STAR-688197,cninfo_star_pdf_log,STAR-688197,688197,首药控股(北京)股份有限公司,首药控股,SSE,科创板,2022-03-23,2022,2022-03-18,巨潮资讯网CNInfo抓取日志,,https://static.cninfo.com.cn/finalpage/2022-03-18/1212608677.PDF,任务一_招股书抓取_科创板_2021-2025/PDF库/科创板/2022/688197_首药控股/688197_首药控股_招股说明书_1212608677.pdf,,本地PDF存在,A-CNInfo URL+本地PDF,,8.59,,,科创板跨板块推广,先PDF转Markdown，再用同一套TOC+关键词规则定位PE/VC与股本变动章节。
STAR-688203,cninfo_star_pdf_log,STAR-688203,688203,浙江海正生物材料股份有限公司,海正生材,SSE,科创板,2022-08-16,2022,2022-08-11,巨潮资讯网CNInfo抓取日志,,https://static.cninfo.com.cn/finalpage/2022-08-11/1214267813.PDF,任务一_招股书抓取_科创板_2021-2025/PDF库/科创板/2022/688203_海正生材/688203_海正生材_招股说明书_1214267813.pdf,,本地PDF存在,A-CNInfo URL+本地PDF,,12.05,,,科创板跨板块推广,先PDF转Markdown，再用同一套TOC+关键词规则定位PE/VC与股本变动章节。
STAR-688205,cninfo_star_pdf_log,STAR-688205,688205,无锡市德科立光电子技术股份有限公司,德科立,SSE,科创板,2022-08-09,2022,2022-08-04,巨潮资讯网CNInfo抓取日志,,https://static.cninfo.com.cn/finalpage/2022-08-04/1214214007.PDF,任务一_招股书抓取_科创板_2021-2025/PDF库/科创板/2022/688205_德科立/688205_德科立_招股说明书_1214214007.pdf,,本地PDF存在,A-CNInfo URL+本地PDF,,5.95,,,科创板跨板块推广,先PDF转Markdown，再用同一套TOC+关键词规则定位PE/VC与股本变动章节。
STAR-688206,cninfo_star_pdf_log,STAR-688206,688206,上海概伦电子股份有限公司,概伦电子,SSE,科创板,2021-12-28,2021,2021-12-22,巨潮资讯网CNInfo抓取日志,,https://static.cninfo.com.cn/finalpage/2021-12-22/1211981251.PDF,任务一_招股书抓取_科创板_2021-2025/PDF库/科创板/2021/688206_概伦电子/688206_概伦电子_招股说明书_1211981251.pdf,,本地PDF存在,A-CNInfo URL+本地PDF,,7.26,,,科创板跨板块推广,先PDF转Markdown，再用同一套TOC+关键词规则定位PE/VC与股本变动章节。
STAR-688207,cninfo_star_pdf_log,STAR-688207,688207,北京格灵深瞳信息技术股份有限公司,格灵深瞳,SSE,科创板,2022-03-17,2022,2022-03-11,巨潮资讯网CNInfo抓取日志,,https://static.cninfo.com.cn/finalpage/2022-03-11/1212541092.PDF,任务一_招股书抓取_科创板_2021-2025/PDF库/科创板/2022/688207_格灵深瞳/688207_格灵深瞳_招股说明书_1212541092.pdf,,本地PDF存在,A-CNInfo URL+本地PDF,,6.54,,,科创板跨板块推广,先PDF转Markdown，再用同一套TOC+关键词规则定位PE/VC与股本变动章节。
STAR-688209,cninfo_star_pdf_log,STAR-688209,688209,深圳英集芯科技股份有限公司,英集芯,SSE,科创板,2022-04-19,2022,2022-04-14,巨潮资讯网CNInfo抓取日志,,https://static.cninfo.com.cn/finalpage/2022-04-14/1212913471.PDF,任务一_招股书抓取_科创板_2021-2025/PDF库/科创板/2022/688209_英集芯/688209_英集芯_招股说明书_1212913471.pdf,,本地PDF存在,A-CNInfo URL+本地PDF,,12.31,,,科创板跨板块推广,先PDF转Markdown，再用同一套TOC+关键词规则定位PE/VC与股本变动章节。
STAR-688211,cninfo_star_pdf_log,STAR-688211,688211,中科微至科技股份有限公司,中科微至,SSE,科创板,2021-10-26,2021,2021-10-20,巨潮资讯网CNInfo抓取日志,,https://static.cninfo.com.cn/finalpage/2021-10-20/1211324358.PDF,任务一_招股书抓取_科创板_2021-2025/PDF库/科创板/2021/688211_中科微至/688211_中科微至_招股说明书_1211324358.pdf,,本地PDF存在,A-CNInfo URL+本地PDF,,9.12,,,科创板跨板块推广,先PDF转Markdown，再用同一套TOC+关键词规则定位PE/VC与股本变动章节。
STAR-688212,cninfo_star_pdf_log,STAR-688212,688212,上海澳华内镜股份有限公司,澳华内镜,SSE,科创板,2021-11-15,2021,2021-11-10,巨潮资讯网CNInfo抓取日志,,https://static.cninfo.com.cn/finalpage/2021-11-10/1211541088.PDF,任务一_招股书抓取_科创板_2021-2025/PDF库/科创板/2021/688212_澳华内镜/688212_澳华内镜_招股说明书_1211541088.pdf,,本地PDF存在,A-CNInfo URL+本地PDF,,10.43,,,科创板跨板块推广,先PDF转Markdown，再用同一套TOC+关键词规则定位PE/VC与股本变动章节。
STAR-688213,cninfo_star_pdf_log,STAR-688213,688213,思特威(上海)电子科技股份有限公司,思特威,SSE,科创板,2022-05-20,2022,2022-05-17,巨潮资讯网CNInfo抓取日志,,https://static.cninfo.com.cn/finalpage/2022-05-17/1213369665.PDF,任务一_招股书抓取_科创板_2021-2025/PDF库/科创板/2022/688213_思特威/688213_思特威_招股说明书_1213369665.pdf,,本地PDF存在,A-CNInfo URL+本地PDF,,11.37,,,科创板跨板块推广,先PDF转Markdown，再用同一套TOC+关键词规则定位PE/VC与股本变动章节。
STAR-688220,cninfo_star_pdf_log,STAR-688220,688220,翱捷科技股份有限公司,翱捷科技,SSE,科创板,2022-01-14,2022,2022-01-10,巨潮资讯网CNInfo抓取日志,,https://static.cninfo.com.cn/finalpage/2022-01-10/1212127080.PDF,任务一_招股书抓取_科创板_2021-2025/PDF库/科创板/2022/688220_翱捷科技/688220_翱捷科技_招股说明书_1212127080.pdf,,本地PDF存在,A-CNInfo URL+本地PDF,,7.27,,,科创板跨板块推广,先PDF转Markdown，再用同一套TOC+关键词规则定位PE/VC与股本变动章节。
STAR-688227,cninfo_star_pdf_log,STAR-688227,688227,广州市品高软件股份有限公司,品高股份,SSE,科创板,2021-12-30,2021,2021-12-27,巨潮资讯网CNInfo抓取日志,,https://static.cninfo.com.cn/finalpage/2021-12-27/1212022275.PDF,任务一_招股书抓取_科创板_2021-2025/PDF库/科创板/2021/688227_品高股份/688227_品高股份_招股说明书_1212022275.pdf,,本地PDF存在,A-CNInfo URL+本地PDF,,5.10,,,科创板跨板块推广,先PDF转Markdown，再用同一套TOC+关键词规则定位PE/VC与股本变动章节。
STAR-688230,cninfo_star_pdf_log,STAR-688230,688230,上海芯导电子科技股份有限公司,芯导科技,SSE,科创板,2021-12-01,2021,2021-11-26,巨潮资讯网CNInfo抓取日志,,https://static.cninfo.com.cn/finalpage/2021-11-26/1211705074.PDF,任务一_招股书抓取_科创板_2021-2025/PDF库/科创板/2021/688230_芯导科技/688230_芯导科技_招股说明书_1211705074.pdf,,本地PDF存在,A-CNInfo URL+本地PDF,,7.13,,,科创板跨板块推广,先PDF转Markdown，再用同一套TOC+关键词规则定位PE/VC与股本变动章节。
STAR-688231,cninfo_star_pdf_log,STAR-688231,688231,江苏隆达超合金股份有限公司,隆达股份,SSE,科创板,2022-07-22,2022,2022-07-15,巨潮资讯网CNInfo抓取日志,,https://static.cninfo.com.cn/finalpage/2022-07-15/1214044108.PDF,任务一_招股书抓取_科创板_2021-2025/PDF库/科创板/2022/688231_隆达股份/688231_隆达股份_招股说明书_1214044108.pdf,,本地PDF存在,A-CNInfo URL+本地PDF,,21.12,,,科创板跨板块推广,先PDF转Markdown，再用同一套TOC+关键词规则定位PE/VC与股本变动章节。
STAR-688232,cninfo_star_pdf_log,STAR-688232,688232,国泰新点软件股份有限公司,新点软件,SSE,科创板,2021-11-17,2021,2021-11-12,巨潮资讯网CNInfo抓取日志,,https://static.cninfo.com.cn/finalpage/2021-11-12/1211562105.PDF,任务一_招股书抓取_科创板_2021-2025/PDF库/科创板/2021/688232_新点软件/688232_新点软件_招股说明书_1211562105.pdf,,本地PDF存在,A-CNInfo URL+本地PDF,,11.98,,,科创板跨板块推广,先PDF转Markdown，再用同一套TOC+关键词规则定位PE/VC与股本变动章节。
STAR-688234,cninfo_star_pdf_log,STAR-688234,688234,山东天岳先进科技股份有限公司,天岳先进,SSE,科创板,2022-01-12,2022,2022-01-07,巨潮资讯网CNInfo抓取日志,,https://static.cninfo.com.cn/finalpage/2022-01-07/1212110959.PDF,任务一_招股书抓取_科创板_2021-2025/PDF库/科创板/2022/688234_天岳先进/688234_天岳先进_招股说明书_1212110959.pdf,,本地PDF存在,A-CNInfo URL+本地PDF,,2.65,,,科创板跨板块推广,先PDF转Markdown，再用同一套TOC+关键词规则定位PE/VC与股本变动章节。
STAR-688235,cninfo_star_pdf_log,STAR-688235,688235,百济神州有限公司,百济神州,SSE,科创板,2021-12-15,2021,2021-12-08,巨潮资讯网CNInfo抓取日志,,https://static.cninfo.com.cn/finalpage/2021-12-08/1211837229.PDF,任务一_招股书抓取_科创板_2021-2025/PDF库/科创板/2021/688235_百济神州/688235_百济神州_招股说明书_1211837229.pdf,,本地PDF存在,A-CNInfo URL+本地PDF,,12.69,,,科创板跨板块推广,先PDF转Markdown，再用同一套TOC+关键词规则定位PE/VC与股本变动章节。
STAR-688237,cninfo_star_pdf_log,STAR-688237,688237,湖北超卓航空科技股份有限公司,超卓航科,SSE,科创板,2022-07-01,2022,2022-06-28,巨潮资讯网CNInfo抓取日志,,https://static.cninfo.com.cn/finalpage/2022-06-28/1213836489.PDF,任务一_招股书抓取_科创板_2021-2025/PDF库/科创板/2022/688237_超卓航科/688237_超卓航科_招股说明书_1213836489.pdf,,本地PDF存在,A-CNInfo URL+本地PDF,,6.11,,,科创板跨板块推广,先PDF转Markdown，再用同一套TOC+关键词规则定位PE/VC与股本变动章节。
STAR-688238,cninfo_star_pdf_log,STAR-688238,688238,上海和元生物技术(集团)股份有限公司,和元生物,SSE,科创板,2022-03-22,2022,2022-03-17,巨潮资讯网CNInfo抓取日志,,https://static.cninfo.com.cn/finalpage/2022-03-17/1212593721.PDF,任务一_招股书抓取_科创板_2021-2025/PDF库/科创板/2022/688238_和元生物/688238_和元生物_招股说明书_1212593721.pdf,,本地PDF存在,A-CNInfo URL+本地PDF,,13.07,,,科创板跨板块推广,先PDF转Markdown，再用同一套TOC+关键词规则定位PE/VC与股本变动章节。
STAR-688244,cninfo_star_pdf_log,STAR-688244,688244,永信至诚科技集团股份有限公司,永信至诚,SSE,科创板,2022-10-19,2022,2022-10-14,巨潮资讯网CNInfo抓取日志,,https://static.cninfo.com.cn/finalpage/2022-10-14/1214774536.PDF,任务一_招股书抓取_科创板_2021-2025/PDF库/科创板/2022/688244_永信至诚/688244_永信至诚_招股说明书_1214774536.pdf,,本地PDF存在,A-CNInfo URL+本地PDF,,7.36,,,科创板跨板块推广,先PDF转Markdown，再用同一套TOC+关键词规则定位PE/VC与股本变动章节。
STAR-688246,cninfo_star_pdf_log,STAR-688246,688246,嘉和美康(北京)科技股份有限公司,嘉和美康,SSE,科创板,2021-12-14,2021,2021-12-09,巨潮资讯网CNInfo抓取日志,,https://static.cninfo.com.cn/finalpage/2021-12-09/1211849938.PDF,任务一_招股书抓取_科创板_2021-2025/PDF库/科创板/2021/688246_嘉和美康/688246_嘉和美康_招股说明书_1211849938.pdf,,本地PDF存在,A-CNInfo URL+本地PDF,,5.49,,,科创板跨板块推广,先PDF转Markdown，再用同一套TOC+关键词规则定位PE/VC与股本变动章节。
STAR-688247,cninfo_star_pdf_log,STAR-688247,688247,上海宣泰医药科技股份有限公司,宣泰医药,SSE,科创板,2022-08-25,2022,2022-08-22,巨潮资讯网CNInfo抓取日志,,https://static.cninfo.com.cn/finalpage/2022-08-22/1214346784.PDF,任务一_招股书抓取_科创板_2021-2025/PDF库/科创板/2022/688247_宣泰医药/688247_宣泰医药_招股说明书_1214346784.pdf,,本地PDF存在,A-CNInfo URL+本地PDF,,18.59,,,科创板跨板块推广,先PDF转Markdown，再用同一套TOC+关键词规则定位PE/VC与股本变动章节。
STAR-688248,cninfo_star_pdf_log,STAR-688248,688248,南方电网电力科技股份有限公司,南网科技,SSE,科创板,2021-12-22,2021,2021-12-16,巨潮资讯网CNInfo抓取日志,,https://static.cninfo.com.cn/finalpage/2021-12-16/1211922430.PDF,任务一_招股书抓取_科创板_2021-2025/PDF库/科创板/2021/688248_南网科技/688248_南网科技_招股说明书_1211922430.pdf,,本地PDF存在,A-CNInfo URL+本地PDF,,6.82,,,科创板跨板块推广,先PDF转Markdown，再用同一套TOC+关键词规则定位PE/VC与股本变动章节。
STAR-688249,cninfo_star_pdf_log,STAR-688249,688249,合肥晶合集成电路股份有限公司,晶合集成,SSE,科创板,2023-05-05,2023,2023-04-26,巨潮资讯网CNInfo抓取日志,,https://static.cninfo.com.cn/finalpage/2023-04-26/1216593341.PDF,任务一_招股书抓取_科创板_2021-2025/PDF库/科创板/2023/688249_晶合集成/688249_晶合集成_招股说明书_1216593341.pdf,,本地PDF存在,A-CNInfo URL+本地PDF,,14.38,,,科创板跨板块推广,先PDF转Markdown，再用同一套TOC+关键词规则定位PE/VC与股本变动章节。
STAR-688251,cninfo_star_pdf_log,STAR-688251,688251,合肥井松智能科技股份有限公司,井松智能,SSE,科创板,2022-06-06,2022,2022-05-31,巨潮资讯网CNInfo抓取日志,,https://static.cninfo.com.cn/finalpage/2022-05-31/1213551201.PDF,任务一_招股书抓取_科创板_2021-2025/PDF库/科创板/2022/688251_井松智能/688251_井松智能_招股说明书_1213551201.pdf,,本地PDF存在,A-CNInfo URL+本地PDF,,8.57,,,科创板跨板块推广,先PDF转Markdown，再用同一套TOC+关键词规则定位PE/VC与股本变动章节。
STAR-688252,cninfo_star_pdf_log,STAR-688252,688252,深圳天德钰科技股份有限公司,天德钰,SSE,科创板,2022-09-27,2022,2022-09-22,巨潮资讯网CNInfo抓取日志,,https://static.cninfo.com.cn/finalpage/2022-09-22/1214641592.PDF,任务一_招股书抓取_科创板_2021-2025/PDF库/科创板/2022/688252_天德钰/688252_天德钰_招股说明书_1214641592.pdf,,本地PDF存在,A-CNInfo URL+本地PDF,,10.80,,,科创板跨板块推广,先PDF转Markdown，再用同一套TOC+关键词规则定位PE/VC与股本变动章节。
STAR-688253,cninfo_star_pdf_log,STAR-688253,688253,北京英诺特生物技术股份有限公司,英诺特,SSE,科创板,2022-07-28,2022,2022-07-25,巨潮资讯网CNInfo抓取日志,,https://static.cninfo.com.cn/finalpage/2022-07-25/1214123670.PDF,任务一_招股书抓取_科创板_2021-2025/PDF库/科创板/2022/688253_英诺特/688253_英诺特_招股说明书_1214123670.pdf,,本地PDF存在,A-CNInfo URL+本地PDF,,10.01,,,科创板跨板块推广,先PDF转Markdown，再用同一套TOC+关键词规则定位PE/VC与股本变动章节。
STAR-688265,cninfo_star_pdf_log,STAR-688265,688265,上海南方模式生物科技股份有限公司,南模生物,SSE,科创板,2021-12-28,2021,2021-12-23,巨潮资讯网CNInfo抓取日志,,https://static.cninfo.com.cn/finalpage/2021-12-23/1211990956.PDF,任务一_招股书抓取_科创板_2021-2025/PDF库/科创板/2021/688265_南模生物/688265_南模生物_招股说明书_1211990956.pdf,,本地PDF存在,A-CNInfo URL+本地PDF,,9.61,,,科创板跨板块推广,先PDF转Markdown，再用同一套TOC+关键词规则定位PE/VC与股本变动章节。
STAR-688271,cninfo_star_pdf_log,STAR-688271,688271,上海联影医疗科技股份有限公司,联影医疗,SSE,科创板,2022-08-22,2022,2022-08-16,巨潮资讯网CNInfo抓取日志,,https://static.cninfo.com.cn/finalpage/2022-08-16/1214298793.PDF,任务一_招股书抓取_科创板_2021-2025/PDF库/科创板/2022/688271_联影医疗/688271_联影医疗_招股说明书_1214298793.pdf,,本地PDF存在,A-CNInfo URL+本地PDF,,9.93,,,科创板跨板块推广,先PDF转Markdown，再用同一套TOC+关键词规则定位PE/VC与股本变动章节。
STAR-688273,cninfo_star_pdf_log,STAR-688273,688273,南京麦澜德医疗科技股份有限公司,麦澜德,SSE,科创板,2022-08-11,2022,2022-08-08,巨潮资讯网CNInfo抓取日志,,https://static.cninfo.com.cn/finalpage/2022-08-08/1214240799.PDF,任务一_招股书抓取_科创板_2021-2025/PDF库/科创板/2022/688273_麦澜德/688273_麦澜德_招股说明书_1214240799.pdf,,本地PDF存在,A-CNInfo URL+本地PDF,,5.08,,,科创板跨板块推广,先PDF转Markdown，再用同一套TOC+关键词规则定位PE/VC与股本变动章节。
STAR-688275,cninfo_star_pdf_log,STAR-688275,688275,湖北万润新能源科技股份有限公司,万润新能,SSE,科创板,2022-09-29,2022,2022-09-23,巨潮资讯网CNInfo抓取日志,,https://static.cninfo.com.cn/finalpage/2022-09-23/1214651552.PDF,任务一_招股书抓取_科创板_2021-2025/PDF库/科创板/2022/688275_万润新能/688275_万润新能_招股说明书_1214651552.pdf,,本地PDF存在,A-CNInfo URL+本地PDF,,11.87,,,科创板跨板块推广,先PDF转Markdown，再用同一套TOC+关键词规则定位PE/VC与股本变动章节。
STAR-688279,cninfo_star_pdf_log,STAR-688279,688279,峰岹科技(深圳)股份有限公司,峰岹科技,SSE,科创板,2022-04-20,2022,2022-04-15,巨潮资讯网CNInfo抓取日志,,https://static.cninfo.com.cn/finalpage/2022-04-15/1212923902.PDF,任务一_招股书抓取_科创板_2021-2025/PDF库/科创板/2022/688279_峰岹科技/688279_峰岹科技_招股说明书_1212923902.pdf,,本地PDF存在,A-CNInfo URL+本地PDF,,8.99,,,科创板跨板块推广,先PDF转Markdown，再用同一套TOC+关键词规则定位PE/VC与股本变动章节。
STAR-688280,cninfo_star_pdf_log,STAR-688280,688280,精进电动科技股份有限公司,精进电动,SSE,科创板,2021-10-27,2021,2021-10-21,巨潮资讯网CNInfo抓取日志,,https://static.cninfo.com.cn/finalpage/2021-10-21/1211339290.PDF,任务一_招股书抓取_科创板_2021-2025/PDF库/科创板/2021/688280_精进电动/688280_精进电动_招股说明书_1211339290.pdf,,本地PDF存在,A-CNInfo URL+本地PDF,,13.69,,,科创板跨板块推广,先PDF转Markdown，再用同一套TOC+关键词规则定位PE/VC与股本变动章节。
STAR-688281,cninfo_star_pdf_log,STAR-688281,688281,陕西华秦科技实业股份有限公司,华秦科技,SSE,科创板,2022-03-07,2022,2022-03-02,巨潮资讯网CNInfo抓取日志,,https://static.cninfo.com.cn/finalpage/2022-03-02/1212482414.PDF,任务一_招股书抓取_科创板_2021-2025/PDF库/科创板/2022/688281_华秦科技/688281_华秦科技_招股说明书_1212482414.pdf,,本地PDF存在,A-CNInfo URL+本地PDF,,8.60,,,科创板跨板块推广,先PDF转Markdown，再用同一套TOC+关键词规则定位PE/VC与股本变动章节。
STAR-688282,cninfo_star_pdf_log,STAR-688282,688282,北京理工导航控制科技股份有限公司,理工导航,SSE,科创板,2022-03-18,2022,2022-03-14,巨潮资讯网CNInfo抓取日志,,https://static.cninfo.com.cn/finalpage/2022-03-14/1212557859.PDF,任务一_招股书抓取_科创板_2021-2025/PDF库/科创板/2022/688282_理工导航/688282_理工导航_招股说明书_1212557859.pdf,,本地PDF存在,A-CNInfo URL+本地PDF,,5.08,,,科创板跨板块推广,先PDF转Markdown，再用同一套TOC+关键词规则定位PE/VC与股本变动章节。
STAR-688285,cninfo_star_pdf_log,STAR-688285,688285,中铁高铁电气装备股份有限公司,高铁电气,SSE,科创板,2021-10-20,2021,2021-10-14,巨潮资讯网CNInfo抓取日志,,https://static.cninfo.com.cn/finalpage/2021-10-14/1211256035.PDF,任务一_招股书抓取_科创板_2021-2025/PDF库/科创板/2021/688285_高铁电气/688285_高铁电气_招股说明书_1211256035.pdf,,本地PDF存在,A-CNInfo URL+本地PDF,,11.82,,,科创板跨板块推广,先PDF转Markdown，再用同一套TOC+关键词规则定位PE/VC与股本变动章节。
STAR-688290,cninfo_star_pdf_log,STAR-688290,688290,杭州景业智能科技股份有限公司,景业智能,SSE,科创板,2022-04-29,2022,2022-04-25,巨潮资讯网CNInfo抓取日志,,https://static.cninfo.com.cn/finalpage/2022-04-25/1213087076.PDF,任务一_招股书抓取_科创板_2021-2025/PDF库/科创板/2022/688290_景业智能/688290_景业智能_招股说明书_1213087076.pdf,,本地PDF存在,A-CNInfo URL+本地PDF,,6.76,,,科创板跨板块推广,先PDF转Markdown，再用同一套TOC+关键词规则定位PE/VC与股本变动章节。
STAR-688291,cninfo_star_pdf_log,STAR-688291,688291,北京金橙子科技股份有限公司,金橙子,SSE,科创板,2022-10-26,2022,2022-10-19,巨潮资讯网CNInfo抓取日志,,https://static.cninfo.com.cn/finalpage/2022-10-19/1214825183.PDF,任务一_招股书抓取_科创板_2021-2025/PDF库/科创板/2022/688291_金橙子/688291_金橙子_招股说明书_1214825183.pdf,,本地PDF存在,A-CNInfo URL+本地PDF,,6.77,,,科创板跨板块推广,先PDF转Markdown，再用同一套TOC+关键词规则定位PE/VC与股本变动章节。
STAR-688292,cninfo_star_pdf_log,STAR-688292,688292,北京浩瀚深度信息技术股份有限公司,浩瀚深度,SSE,科创板,2022-08-18,2022,2022-08-11,巨潮资讯网CNInfo抓取日志,,https://static.cninfo.com.cn/finalpage/2022-08-11/1214267815.PDF,任务一_招股书抓取_科创板_2021-2025/PDF库/科创板/2022/688292_浩瀚深度/688292_浩瀚深度_招股说明书_1214267815.pdf,,本地PDF存在,A-CNInfo URL+本地PDF,,5.70,,,科创板跨板块推广,先PDF转Markdown，再用同一套TOC+关键词规则定位PE/VC与股本变动章节。
STAR-688293,cninfo_star_pdf_log,STAR-688293,688293,上海奥浦迈生物科技股份有限公司,奥浦迈,SSE,科创板,2022-09-02,2022,2022-08-30,巨潮资讯网CNInfo抓取日志,,https://static.cninfo.com.cn/finalpage/2022-08-30/1214449566.PDF,任务一_招股书抓取_科创板_2021-2025/PDF库/科创板/2022/688293_奥浦迈/688293_奥浦迈_招股说明书_1214449566.pdf,,本地PDF存在,A-CNInfo URL+本地PDF,,5.94,,,科创板跨板块推广,先PDF转Markdown，再用同一套TOC+关键词规则定位PE/VC与股本变动章节。
STAR-688295,cninfo_star_pdf_log,STAR-688295,688295,中复神鹰碳纤维股份有限公司,中复神鹰,SSE,科创板,2022-04-06,2022,2022-03-30,巨潮资讯网CNInfo抓取日志,,https://static.cninfo.com.cn/finalpage/2022-03-30/1212728566.PDF,任务一_招股书抓取_科创板_2021-2025/PDF库/科创板/2022/688295_中复神鹰/688295_中复神鹰_招股说明书_1212728566.pdf,,本地PDF存在,A-CNInfo URL+本地PDF,,9.52,,,科创板跨板块推广,先PDF转Markdown，再用同一套TOC+关键词规则定位PE/VC与股本变动章节。
STAR-688297,cninfo_star_pdf_log,STAR-688297,688297,中航(成都)无人机系统股份有限公司,中无人机,SSE,科创板,2022-06-29,2022,2022-06-21,巨潮资讯网CNInfo抓取日志,,https://static.cninfo.com.cn/finalpage/2022-06-21/1213762770.PDF,任务一_招股书抓取_科创板_2021-2025/PDF库/科创板/2022/688297_中无人机/688297_中无人机_招股说明书_1213762770.pdf,,本地PDF存在,A-CNInfo URL+本地PDF,,6.31,,,科创板跨板块推广,先PDF转Markdown，再用同一套TOC+关键词规则定位PE/VC与股本变动章节。
STAR-688302,cninfo_star_pdf_log,STAR-688302,688302,海创药业股份有限公司,海创药业,SSE,科创板,2022-04-12,2022,2022-04-07,巨潮资讯网CNInfo抓取日志,,https://static.cninfo.com.cn/finalpage/2022-04-07/1212827583.PDF,任务一_招股书抓取_科创板_2021-2025/PDF库/科创板/2022/688302_海创药业/688302_海创药业_招股说明书_1212827583.pdf,,本地PDF存在,A-CNInfo URL+本地PDF,,13.96,,,科创板跨板块推广,先PDF转Markdown，再用同一套TOC+关键词规则定位PE/VC与股本变动章节。
STAR-688306,cninfo_star_pdf_log,STAR-688306,688306,宁波均普智能制造股份有限公司,均普智能,SSE,科创板,2022-03-22,2022,2022-03-17,巨潮资讯网CNInfo抓取日志,,https://static.cninfo.com.cn/finalpage/2022-03-17/1212593749.PDF,任务一_招股书抓取_科创板_2021-2025/PDF库/科创板/2022/688306_均普智能/688306_均普智能_招股说明书_1212593749.pdf,,本地PDF存在,A-CNInfo URL+本地PDF,,12.82,,,科创板跨板块推广,先PDF转Markdown，再用同一套TOC+关键词规则定位PE/VC与股本变动章节。
STAR-688307,cninfo_star_pdf_log,STAR-688307,688307,嘉兴中润光学科技股份有限公司,中润光学,SSE,科创板,2023-02-16,2023,2023-02-10,巨潮资讯网CNInfo抓取日志,,https://static.cninfo.com.cn/finalpage/2023-02-10/1215817595.PDF,任务一_招股书抓取_科创板_2021-2025/PDF库/科创板/2023/688307_中润光学/688307_中润光学_招股说明书_1215817595.pdf,,本地PDF存在,A-CNInfo URL+本地PDF,,20.43,,,科创板跨板块推广,先PDF转Markdown，再用同一套TOC+关键词规则定位PE/VC与股本变动章节。
STAR-688315,cninfo_star_pdf_log,STAR-688315,688315,北京诺禾致源科技股份有限公司,诺禾致源,SSE,科创板,2021-04-13,2021,2021-04-07,巨潮资讯网CNInfo抓取日志,,https://static.cninfo.com.cn/finalpage/2021-04-07/1209642695.PDF,任务一_招股书抓取_科创板_2021-2025/PDF库/科创板/2021/688315_诺禾致源/688315_诺禾致源_招股说明书_1209642695.pdf,,本地PDF存在,A-CNInfo URL+本地PDF,,9.00,,,科创板跨板块推广,先PDF转Markdown，再用同一套TOC+关键词规则定位PE/VC与股本变动章节。
STAR-688320,cninfo_star_pdf_log,STAR-688320,688320,浙江禾川科技股份有限公司,禾川科技,SSE,科创板,2022-04-28,2022,2022-04-25,巨潮资讯网CNInfo抓取日志,,https://static.cninfo.com.cn/finalpage/2022-04-25/1213087080.PDF,任务一_招股书抓取_科创板_2021-2025/PDF库/科创板/2022/688320_禾川科技/688320_禾川科技_招股说明书_1213087080.pdf,,本地PDF存在,A-CNInfo URL+本地PDF,,6.30,,,科创板跨板块推广,先PDF转Markdown，再用同一套TOC+关键词规则定位PE/VC与股本变动章节。
STAR-688322,cninfo_star_pdf_log,STAR-688322,688322,奥比中光科技集团股份有限公司,奥比中光,SSE,科创板,2022-07-07,2022,2022-07-04,巨潮资讯网CNInfo抓取日志,,https://static.cninfo.com.cn/finalpage/2022-07-04/1213929854.PDF,任务一_招股书抓取_科创板_2021-2025/PDF库/科创板/2022/688322_奥比中光/688322_奥比中光_招股说明书_1213929854.pdf,,本地PDF存在,A-CNInfo URL+本地PDF,,14.09,,,科创板跨板块推广,先PDF转Markdown，再用同一套TOC+关键词规则定位PE/VC与股本变动章节。
STAR-688325,cninfo_star_pdf_log,STAR-688325,688325,广东赛微微电子股份有限公司,赛微微电,SSE,科创板,2022-04-22,2022,2022-04-19,巨潮资讯网CNInfo抓取日志,,https://static.cninfo.com.cn/finalpage/2022-04-19/1212962982.PDF,任务一_招股书抓取_科创板_2021-2025/PDF库/科创板/2022/688325_赛微微电/688325_赛微微电_招股说明书_1212962982.pdf,,本地PDF存在,A-CNInfo URL+本地PDF,,4.72,,,科创板跨板块推广,先PDF转Markdown，再用同一套TOC+关键词规则定位PE/VC与股本变动章节。
STAR-688326,cninfo_star_pdf_log,STAR-688326,688326,北京经纬恒润科技股份有限公司,经纬恒润,SSE,科创板,2022-04-19,2022,2022-04-13,巨潮资讯网CNInfo抓取日志,,https://static.cninfo.com.cn/finalpage/2022-04-13/1212898544.PDF,任务一_招股书抓取_科创板_2021-2025/PDF库/科创板/2022/688326_经纬恒润/688326_经纬恒润_招股说明书_1212898544.pdf,,本地PDF存在,A-CNInfo URL+本地PDF,,9.05,,,科创板跨板块推广,先PDF转Markdown，再用同一套TOC+关键词规则定位PE/VC与股本变动章节。
STAR-688327,cninfo_star_pdf_log,STAR-688327,688327,云从科技集团股份有限公司,云从科技,SSE,科创板,2022-05-27,2022,2022-05-24,巨潮资讯网CNInfo抓取日志,,https://static.cninfo.com.cn/finalpage/2022-05-24/1213463498.PDF,任务一_招股书抓取_科创板_2021-2025/PDF库/科创板/2022/688327_云从科技/688327_云从科技_招股说明书_1213463498.pdf,,本地PDF存在,A-CNInfo URL+本地PDF,,15.83,,,科创板跨板块推广,先PDF转Markdown，再用同一套TOC+关键词规则定位PE/VC与股本变动章节。
STAR-688331,cninfo_star_pdf_log,STAR-688331,688331,荣昌生物制药(烟台)股份有限公司,荣昌生物,SSE,科创板,2022-03-31,2022,2022-03-28,巨潮资讯网CNInfo抓取日志,,https://static.cninfo.com.cn/finalpage/2022-03-28/1212699093.PDF,任务一_招股书抓取_科创板_2021-2025/PDF库/科创板/2022/688331_荣昌生物/688331_荣昌生物_招股说明书_1212699093.pdf,,本地PDF存在,A-CNInfo URL+本地PDF,,11.77,,,科创板跨板块推广,先PDF转Markdown，再用同一套TOC+关键词规则定位PE/VC与股本变动章节。
STAR-688332,cninfo_star_pdf_log,STAR-688332,688332,深圳市中科蓝讯科技股份有限公司,中科蓝讯,SSE,科创板,2022-07-15,2022,2022-07-12,巨潮资讯网CNInfo抓取日志,,https://static.cninfo.com.cn/finalpage/2022-07-12/1214007909.PDF,任务一_招股书抓取_科创板_2021-2025/PDF库/科创板/2022/688332_中科蓝讯/688332_中科蓝讯_招股说明书_1214007909.pdf,,本地PDF存在,A-CNInfo URL+本地PDF,,5.47,,,科创板跨板块推广,先PDF转Markdown，再用同一套TOC+关键词规则定位PE/VC与股本变动章节。
STAR-688334,cninfo_star_pdf_log,STAR-688334,688334,西安高压电器研究院股份有限公司,西高院,SSE,科创板,2023-06-19,2023,2023-06-13,巨潮资讯网CNInfo抓取日志,,https://static.cninfo.com.cn/finalpage/2023-06-13/1217044754.PDF,任务一_招股书抓取_科创板_2021-2025/PDF库/科创板/2023/688334_西高院/688334_西高院_招股说明书_1217044754.pdf,,本地PDF存在,A-CNInfo URL+本地PDF,,12.90,,,科创板跨板块推广,先PDF转Markdown，再用同一套TOC+关键词规则定位PE/VC与股本变动章节。
STAR-688337,cninfo_star_pdf_log,STAR-688337,688337,普源精电科技股份有限公司,普源精电,SSE,科创板,2022-04-08,2022,2022-04-01,巨潮资讯网CNInfo抓取日志,,https://static.cninfo.com.cn/finalpage/2022-04-01/1212768296.PDF,任务一_招股书抓取_科创板_2021-2025/PDF库/科创板/2022/688337_普源精电/688337_普源精电_招股说明书_1212768296.pdf,,本地PDF存在,A-CNInfo URL+本地PDF,,12.03,,,科创板跨板块推广,先PDF转Markdown，再用同一套TOC+关键词规则定位PE/VC与股本变动章节。
STAR-688343,cninfo_star_pdf_log,STAR-688343,688343,深圳云天励飞技术股份有限公司,云天励飞,SSE,科创板,2023-04-04,2023,2023-03-30,巨潮资讯网CNInfo抓取日志,,https://static.cninfo.com.cn/finalpage/2023-03-30/1216260511.PDF,任务一_招股书抓取_科创板_2021-2025/PDF库/科创板/2023/688343_云天励飞/688343_云天励飞_招股说明书_1216260511.pdf,,本地PDF存在,A-CNInfo URL+本地PDF,,8.87,,,科创板跨板块推广,先PDF转Markdown，再用同一套TOC+关键词规则定位PE/VC与股本变动章节。
STAR-688347,cninfo_star_pdf_log,STAR-688347,688347,华虹半导体有限公司,华虹公司,SSE,科创板,2023-08-07,2023,2023-07-31,巨潮资讯网CNInfo抓取日志,,https://static.cninfo.com.cn/finalpage/2023-07-31/1217423536.PDF,任务一_招股书抓取_科创板_2021-2025/PDF库/科创板/2023/688347_华虹公司/688347_华虹公司_招股说明书_1217423536.pdf,,本地PDF存在,A-CNInfo URL+本地PDF,,5.82,,,科创板跨板块推广,先PDF转Markdown，再用同一套TOC+关键词规则定位PE/VC与股本变动章节。
STAR-688348,cninfo_star_pdf_log,STAR-688348,688348,昱能科技股份有限公司,昱能科技,SSE,科创板,2022-06-08,2022,2022-06-02,巨潮资讯网CNInfo抓取日志,,https://static.cninfo.com.cn/finalpage/2022-06-02/1213590358.PDF,任务一_招股书抓取_科创板_2021-2025/PDF库/科创板/2022/688348_昱能科技/688348_昱能科技_招股说明书_1213590358.pdf,,本地PDF存在,A-CNInfo URL+本地PDF,,10.49,,,科创板跨板块推广,先PDF转Markdown，再用同一套TOC+关键词规则定位PE/VC与股本变动章节。
STAR-688349,cninfo_star_pdf_log,STAR-688349,688349,三一重能股份有限公司,三一重能,SSE,科创板,2022-06-22,2022,2022-06-17,巨潮资讯网CNInfo抓取日志,,https://static.cninfo.com.cn/finalpage/2022-06-17/1213733236.PDF,任务一_招股书抓取_科创板_2021-2025/PDF库/科创板/2022/688349_三一重能/688349_三一重能_招股说明书_1213733236.pdf,,本地PDF存在,A-CNInfo URL+本地PDF,,12.37,,,科创板跨板块推广,先PDF转Markdown，再用同一套TOC+关键词规则定位PE/VC与股本变动章节。
STAR-688351,cninfo_star_pdf_log,STAR-688351,688351,上海微创电生理医疗科技股份有限公司,微电生理,SSE,科创板,2022-08-31,2022,2022-08-25,巨潮资讯网CNInfo抓取日志,,https://static.cninfo.com.cn/finalpage/2022-08-25/1214389512.PDF,任务一_招股书抓取_科创板_2021-2025/PDF库/科创板/2022/688351_微电生理/688351_微电生理_招股说明书_1214389512.pdf,,本地PDF存在,A-CNInfo URL+本地PDF,,7.41,,,科创板跨板块推广,先PDF转Markdown，再用同一套TOC+关键词规则定位PE/VC与股本变动章节。
STAR-688352,cninfo_star_pdf_log,STAR-688352,688352,合肥颀中科技股份有限公司,颀中科技,SSE,科创板,2023-04-20,2023,2023-04-13,巨潮资讯网CNInfo抓取日志,,https://static.cninfo.com.cn/finalpage/2023-04-13/1216392028.PDF,任务一_招股书抓取_科创板_2021-2025/PDF库/科创板/2023/688352_颀中科技/688352_颀中科技_招股说明书_1216392028.pdf,,本地PDF存在,A-CNInfo URL+本地PDF,,9.95,,,科创板跨板块推广,先PDF转Markdown，再用同一套TOC+关键词规则定位PE/VC与股本变动章节。
STAR-688353,cninfo_star_pdf_log,STAR-688353,688353,江苏华盛锂电材料股份有限公司,华盛锂电,SSE,科创板,2022-07-13,2022,2022-07-08,巨潮资讯网CNInfo抓取日志,,https://static.cninfo.com.cn/finalpage/2022-07-08/1213985352.PDF,任务一_招股书抓取_科创板_2021-2025/PDF库/科创板/2022/688353_华盛锂电/688353_华盛锂电_招股说明书_1213985352.pdf,,本地PDF存在,A-CNInfo URL+本地PDF,,5.32,,,科创板跨板块推广,先PDF转Markdown，再用同一套TOC+关键词规则定位PE/VC与股本变动章节。
STAR-688361,cninfo_star_pdf_log,STAR-688361,688361,深圳中科飞测科技股份有限公司,中科飞测,SSE,科创板,2023-05-19,2023,2023-05-16,巨潮资讯网CNInfo抓取日志,,https://static.cninfo.com.cn/finalpage/2023-05-16/1216821050.PDF,任务一_招股书抓取_科创板_2021-2025/PDF库/科创板/2023/688361_中科飞测/688361_中科飞测_招股说明书_1216821050.pdf,,本地PDF存在,A-CNInfo URL+本地PDF,,5.46,,,科创板跨板块推广,先PDF转Markdown，再用同一套TOC+关键词规则定位PE/VC与股本变动章节。
STAR-688362,cninfo_star_pdf_log,STAR-688362,688362,甬矽电子(宁波)股份有限公司,甬矽电子,SSE,科创板,2022-11-16,2022,2022-11-11,巨潮资讯网CNInfo抓取日志,,https://static.cninfo.com.cn/finalpage/2022-11-11/1215071646.PDF,任务一_招股书抓取_科创板_2021-2025/PDF库/科创板/2022/688362_甬矽电子/688362_甬矽电子_招股说明书_1215071646.pdf,,本地PDF存在,A-CNInfo URL+本地PDF,,10.90,,,科创板跨板块推广,先PDF转Markdown，再用同一套TOC+关键词规则定位PE/VC与股本变动章节。
STAR-688370,cninfo_star_pdf_log,STAR-688370,688370,上海丛麟环保科技股份有限公司,丛麟科技,SSE,科创板,2022-08-25,2022,2022-08-19,巨潮资讯网CNInfo抓取日志,,https://static.cninfo.com.cn/finalpage/2022-08-19/1214332350.PDF,任务一_招股书抓取_科创板_2021-2025/PDF库/科创板/2022/688370_丛麟科技/688370_丛麟科技_招股说明书_1214332350.pdf,,本地PDF存在,A-CNInfo URL+本地PDF,,11.00,,,科创板跨板块推广,先PDF转Markdown，再用同一套TOC+关键词规则定位PE/VC与股本变动章节。
STAR-688371,cninfo_star_pdf_log,STAR-688371,688371,江苏菲沃泰纳米科技股份有限公司,菲沃泰,SSE,科创板,2022-08-02,2022,2022-07-28,巨潮资讯网CNInfo抓取日志,,https://static.cninfo.com.cn/finalpage/2022-07-28/1214148416.PDF,任务一_招股书抓取_科创板_2021-2025/PDF库/科创板/2022/688371_菲沃泰/688371_菲沃泰_招股说明书_1214148416.pdf,,本地PDF存在,A-CNInfo URL+本地PDF,,6.47,,,科创板跨板块推广,先PDF转Markdown，再用同一套TOC+关键词规则定位PE/VC与股本变动章节。
STAR-688372,cninfo_star_pdf_log,STAR-688372,688372,上海伟测半导体科技股份有限公司,伟测科技,SSE,科创板,2022-10-26,2022,2022-10-21,巨潮资讯网CNInfo抓取日志,,https://static.cninfo.com.cn/finalpage/2022-10-21/1214853897.PDF,任务一_招股书抓取_科创板_2021-2025/PDF库/科创板/2022/688372_伟测科技/688372_伟测科技_招股说明书_1214853897.pdf,,本地PDF存在,A-CNInfo URL+本地PDF,,5.60,,,科创板跨板块推广,先PDF转Markdown，再用同一套TOC+关键词规则定位PE/VC与股本变动章节。
STAR-688373,cninfo_star_pdf_log,STAR-688373,688373,上海盟科药业股份有限公司,盟科药业,SSE,科创板,2022-08-05,2022,2022-08-02,巨潮资讯网CNInfo抓取日志,,https://static.cninfo.com.cn/finalpage/2022-08-02/1214190799.PDF,任务一_招股书抓取_科创板_2021-2025/PDF库/科创板/2022/688373_盟科药业/688373_盟科药业_招股说明书_1214190799.pdf,,本地PDF存在,A-CNInfo URL+本地PDF,,8.71,,,科创板跨板块推广,先PDF转Markdown，再用同一套TOC+关键词规则定位PE/VC与股本变动章节。
STAR-688375,cninfo_star_pdf_log,STAR-688375,688375,南京国博电子股份有限公司,国博电子,SSE,科创板,2022-07-22,2022,2022-07-15,巨潮资讯网CNInfo抓取日志,,https://static.cninfo.com.cn/finalpage/2022-07-15/1214044112.PDF,任务一_招股书抓取_科创板_2021-2025/PDF库/科创板/2022/688375_国博电子/688375_国博电子_招股说明书_1214044112.pdf,,本地PDF存在,A-CNInfo URL+本地PDF,,4.97,,,科创板跨板块推广,先PDF转Markdown，再用同一套TOC+关键词规则定位PE/VC与股本变动章节。
STAR-688376,cninfo_star_pdf_log,STAR-688376,688376,美埃(中国)环境科技股份有限公司,美埃科技,SSE,科创板,2022-11-18,2022,2022-11-14,巨潮资讯网CNInfo抓取日志,,https://static.cninfo.com.cn/finalpage/2022-11-14/1215099200.PDF,任务一_招股书抓取_科创板_2021-2025/PDF库/科创板/2022/688376_美埃科技/688376_美埃科技_招股说明书_1215099200.pdf,,本地PDF存在,A-CNInfo URL+本地PDF,,7.84,,,科创板跨板块推广,先PDF转Markdown，再用同一套TOC+关键词规则定位PE/VC与股本变动章节。
STAR-688380,cninfo_star_pdf_log,STAR-688380,688380,中微半导体(深圳)股份有限公司,中微半导,SSE,科创板,2022-08-05,2022,2022-08-02,巨潮资讯网CNInfo抓取日志,,https://static.cninfo.com.cn/finalpage/2022-08-02/1214190801.PDF,任务一_招股书抓取_科创板_2021-2025/PDF库/科创板/2022/688380_中微半导/688380_中微半导_招股说明书_1214190801.pdf,,本地PDF存在,A-CNInfo URL+本地PDF,,6.18,,,科创板跨板块推广,先PDF转Markdown，再用同一套TOC+关键词规则定位PE/VC与股本变动章节。
STAR-688381,cninfo_star_pdf_log,STAR-688381,688381,江苏帝奥微电子股份有限公司,帝奥微,SSE,科创板,2022-08-23,2022,2022-08-17,巨潮资讯网CNInfo抓取日志,,https://static.cninfo.com.cn/finalpage/2022-08-17/1214310361.PDF,任务一_招股书抓取_科创板_2021-2025/PDF库/科创板/2022/688381_帝奥微/688381_帝奥微_招股说明书_1214310361.pdf,,本地PDF存在,A-CNInfo URL+本地PDF,,5.41,,,科创板跨板块推广,先PDF转Markdown，再用同一套TOC+关键词规则定位PE/VC与股本变动章节。
STAR-688382,cninfo_star_pdf_log,STAR-688382,688382,益方生物科技(上海)股份有限公司,益方生物,SSE,科创板,2022-07-25,2022,2022-07-20,巨潮资讯网CNInfo抓取日志,,https://static.cninfo.com.cn/finalpage/2022-07-20/1214083110.PDF,任务一_招股书抓取_科创板_2021-2025/PDF库/科创板/2022/688382_益方生物/688382_益方生物_招股说明书_1214083110.pdf,,本地PDF存在,A-CNInfo URL+本地PDF,,11.90,,,科创板跨板块推广,先PDF转Markdown，再用同一套TOC+关键词规则定位PE/VC与股本变动章节。
STAR-688387,cninfo_star_pdf_log,STAR-688387,688387,中信科移动通信技术股份有限公司,信科移动,SSE,科创板,2022-09-26,2022,2022-09-21,巨潮资讯网CNInfo抓取日志,,https://static.cninfo.com.cn/finalpage/2022-09-21/1215652190.PDF,任务一_招股书抓取_科创板_2021-2025/PDF库/科创板/2022/688387_信科移动/688387_信科移动_招股说明书_1215652190.pdf,,本地PDF存在,A-CNInfo URL+本地PDF,,11.52,,,科创板跨板块推广,先PDF转Markdown，再用同一套TOC+关键词规则定位PE/VC与股本变动章节。
STAR-688391,cninfo_star_pdf_log,STAR-688391,688391,钜泉光电科技(上海)股份有限公司,钜泉科技,SSE,科创板,2022-09-13,2022,2022-09-07,巨潮资讯网CNInfo抓取日志,,https://static.cninfo.com.cn/finalpage/2022-09-07/1214548765.PDF,任务一_招股书抓取_科创板_2021-2025/PDF库/科创板/2022/688391_钜泉科技/688391_钜泉科技_招股说明书_1214548765.pdf,,本地PDF存在,A-CNInfo URL+本地PDF,,10.21,,,科创板跨板块推广,先PDF转Markdown，再用同一套TOC+关键词规则定位PE/VC与股本变动章节。
STAR-688392,cninfo_star_pdf_log,STAR-688392,688392,上海骄成超声波技术股份有限公司,骄成超声,SSE,科创板,2022-09-27,2022,2022-09-21,巨潮资讯网CNInfo抓取日志,,https://static.cninfo.com.cn/finalpage/2022-09-21/1214636269.PDF,任务一_招股书抓取_科创板_2021-2025/PDF库/科创板/2022/688392_骄成超声/688392_骄成超声_招股说明书_1214636269.pdf,,本地PDF存在,A-CNInfo URL+本地PDF,,6.17,,,科创板跨板块推广,先PDF转Markdown，再用同一套TOC+关键词规则定位PE/VC与股本变动章节。
STAR-688400,cninfo_star_pdf_log,STAR-688400,688400,凌云光技术股份有限公司,凌云光,SSE,科创板,2022-07-06,2022,2022-06-29,巨潮资讯网CNInfo抓取日志,,https://static.cninfo.com.cn/finalpage/2022-06-29/1213855394.PDF,任务一_招股书抓取_科创板_2021-2025/PDF库/科创板/2022/688400_凌云光/688400_凌云光_招股说明书_1213855394.pdf,,本地PDF存在,A-CNInfo URL+本地PDF,,15.05,,,科创板跨板块推广,先PDF转Markdown，再用同一套TOC+关键词规则定位PE/VC与股本变动章节。
STAR-688401,cninfo_star_pdf_log,STAR-688401,688401,深圳市路维光电股份有限公司,路维光电,SSE,科创板,2022-08-17,2022,2022-08-12,巨潮资讯网CNInfo抓取日志,,https://static.cninfo.com.cn/finalpage/2022-08-12/1214276793.PDF,任务一_招股书抓取_科创板_2021-2025/PDF库/科创板/2022/688401_路维光电/688401_路维光电_招股说明书_1214276793.pdf,,本地PDF存在,A-CNInfo URL+本地PDF,,9.96,,,科创板跨板块推广,先PDF转Markdown，再用同一套TOC+关键词规则定位PE/VC与股本变动章节。
STAR-688403,cninfo_star_pdf_log,STAR-688403,688403,合肥新汇成微电子股份有限公司,汇成股份,SSE,科创板,2022-08-18,2022,2022-08-12,巨潮资讯网CNInfo抓取日志,,https://static.cninfo.com.cn/finalpage/2022-08-12/1214276795.PDF,任务一_招股书抓取_科创板_2021-2025/PDF库/科创板/2022/688403_汇成股份/688403_汇成股份_招股说明书_1214276795.pdf,,本地PDF存在,A-CNInfo URL+本地PDF,,6.75,,,科创板跨板块推广,先PDF转Markdown，再用同一套TOC+关键词规则定位PE/VC与股本变动章节。
STAR-688409,cninfo_star_pdf_log,STAR-688409,688409,沈阳富创精密设备股份有限公司,富创精密,SSE,科创板,2022-10-10,2022,2022-09-28,巨潮资讯网CNInfo抓取日志,,https://static.cninfo.com.cn/finalpage/2022-09-28/1214696476.PDF,任务一_招股书抓取_科创板_2021-2025/PDF库/科创板/2022/688409_富创精密/688409_富创精密_招股说明书_1214696476.pdf,,本地PDF存在,A-CNInfo URL+本地PDF,,6.83,,,科创板跨板块推广,先PDF转Markdown，再用同一套TOC+关键词规则定位PE/VC与股本变动章节。
STAR-688410,cninfo_star_pdf_log,STAR-688410,688410,重庆山外山血液净化技术股份有限公司,山外山,SSE,科创板,2022-12-26,2022,2022-12-21,巨潮资讯网CNInfo抓取日志,,https://static.cninfo.com.cn/finalpage/2022-12-21/1215409271.PDF,任务一_招股书抓取_科创板_2021-2025/PDF库/科创板/2022/688410_山外山/688410_山外山_招股说明书_1215409271.pdf,,本地PDF存在,A-CNInfo URL+本地PDF,,7.26,,,科创板跨板块推广,先PDF转Markdown，再用同一套TOC+关键词规则定位PE/VC与股本变动章节。
STAR-688411,cninfo_star_pdf_log,STAR-688411,688411,北京海博思创科技股份有限公司,海博思创,SSE,科创板,2025-01-27,2025,2025-01-22,巨潮资讯网CNInfo抓取日志,,https://static.cninfo.com.cn/finalpage/2025-01-22/1222389596.PDF,任务一_招股书抓取_科创板_2021-2025/PDF库/科创板/2025/688411_海博思创/688411_海博思创_招股说明书_1222389596.pdf,,本地PDF存在,A-CNInfo URL+本地PDF,,11.91,,,科创板跨板块推广,先PDF转Markdown，再用同一套TOC+关键词规则定位PE/VC与股本变动章节。
STAR-688416,cninfo_star_pdf_log,STAR-688416,688416,恒烁半导体(合肥)股份有限公司,恒烁股份,SSE,科创板,2022-08-29,2022,2022-08-24,巨潮资讯网CNInfo抓取日志,,https://static.cninfo.com.cn/finalpage/2022-08-24/1214372490.PDF,任务一_招股书抓取_科创板_2021-2025/PDF库/科创板/2022/688416_恒烁股份/688416_恒烁股份_招股说明书_1214372490.pdf,,本地PDF存在,A-CNInfo URL+本地PDF,,8.75,,,科创板跨板块推广,先PDF转Markdown，再用同一套TOC+关键词规则定位PE/VC与股本变动章节。
STAR-688419,cninfo_star_pdf_log,STAR-688419,688419,安徽耐科装备科技股份有限公司,耐科装备,SSE,科创板,2022-11-07,2022,2022-11-02,巨潮资讯网CNInfo抓取日志,,https://static.cninfo.com.cn/finalpage/2022-11-02/1215002412.PDF,任务一_招股书抓取_科创板_2021-2025/PDF库/科创板/2022/688419_耐科装备/688419_耐科装备_招股说明书_1215002412.pdf,,本地PDF存在,A-CNInfo URL+本地PDF,,5.23,,,科创板跨板块推广,先PDF转Markdown，再用同一套TOC+关键词规则定位PE/VC与股本变动章节。
STAR-688420,cninfo_star_pdf_log,STAR-688420,688420,天津美腾科技股份有限公司,美腾科技,SSE,科创板,2022-12-09,2022,2022-12-05,巨潮资讯网CNInfo抓取日志,,https://static.cninfo.com.cn/finalpage/2022-12-05/1215276249.PDF,任务一_招股书抓取_科创板_2021-2025/PDF库/科创板/2022/688420_美腾科技/688420_美腾科技_招股说明书_1215276249.pdf,,本地PDF存在,A-CNInfo URL+本地PDF,,7.96,,,科创板跨板块推广,先PDF转Markdown，再用同一套TOC+关键词规则定位PE/VC与股本变动章节。
STAR-688426,cninfo_star_pdf_log,STAR-688426,688426,江苏康为世纪生物科技股份有限公司,康为世纪,SSE,科创板,2022-10-25,2022,2022-10-20,巨潮资讯网CNInfo抓取日志,,https://static.cninfo.com.cn/finalpage/2022-10-20/1214842439.PDF,任务一_招股书抓取_科创板_2021-2025/PDF库/科创板/2022/688426_康为世纪/688426_康为世纪_招股说明书_1214842439.pdf,,本地PDF存在,A-CNInfo URL+本地PDF,,9.37,,,科创板跨板块推广,先PDF转Markdown，再用同一套TOC+关键词规则定位PE/VC与股本变动章节。
STAR-688428,cninfo_star_pdf_log,STAR-688428,688428,诺诚健华医药有限公司,诺诚健华,SSE,科创板,2022-09-21,2022,2022-09-16,巨潮资讯网CNInfo抓取日志,,https://static.cninfo.com.cn/finalpage/2022-09-16/1214602715.PDF,任务一_招股书抓取_科创板_2021-2025/PDF库/科创板/2022/688428_诺诚健华/688428_诺诚健华_招股说明书_1214602715.pdf,,本地PDF存在,A-CNInfo URL+本地PDF,,11.10,,,科创板跨板块推广,先PDF转Markdown，再用同一套TOC+关键词规则定位PE/VC与股本变动章节。
STAR-688429,cninfo_star_pdf_log,STAR-688429,688429,常州时创能源股份有限公司,时创能源,SSE,科创板,2023-06-29,2023,2023-06-26,巨潮资讯网CNInfo抓取日志,,https://static.cninfo.com.cn/finalpage/2023-06-26/1217133012.PDF,任务一_招股书抓取_科创板_2021-2025/PDF库/科创板/2023/688429_时创能源/688429_时创能源_招股说明书_1217133012.pdf,,本地PDF存在,A-CNInfo URL+本地PDF,,6.10,,,科创板跨板块推广,先PDF转Markdown，再用同一套TOC+关键词规则定位PE/VC与股本变动章节。
STAR-688432,cninfo_star_pdf_log,STAR-688432,688432,有研半导体硅材料股份公司,有研硅,SSE,科创板,2022-11-10,2022,2022-11-07,巨潮资讯网CNInfo抓取日志,,https://static.cninfo.com.cn/finalpage/2022-11-07/1215037429.PDF,任务一_招股书抓取_科创板_2021-2025/PDF库/科创板/2022/688432_有研硅/688432_有研硅_招股说明书_1215037429.pdf,,本地PDF存在,A-CNInfo URL+本地PDF,,9.05,,,科创板跨板块推广,先PDF转Markdown，再用同一套TOC+关键词规则定位PE/VC与股本变动章节。
STAR-688433,cninfo_star_pdf_log,STAR-688433,688433,湖南华曙高科技股份有限公司,华曙高科,SSE,科创板,2023-04-17,2023,2023-04-11,巨潮资讯网CNInfo抓取日志,,https://static.cninfo.com.cn/finalpage/2023-04-11/1216371320.PDF,任务一_招股书抓取_科创板_2021-2025/PDF库/科创板/2023/688433_华曙高科/688433_华曙高科_招股说明书_1216371320.pdf,,本地PDF存在,A-CNInfo URL+本地PDF,,7.89,,,科创板跨板块推广,先PDF转Markdown，再用同一套TOC+关键词规则定位PE/VC与股本变动章节。
STAR-688435,cninfo_star_pdf_log,STAR-688435,688435,上海英方软件股份有限公司,英方软件,SSE,科创板,2023-01-19,2023,2023-01-16,巨潮资讯网CNInfo抓取日志,,https://static.cninfo.com.cn/finalpage/2023-01-16/1215617814.PDF,任务一_招股书抓取_科创板_2021-2025/PDF库/科创板/2023/688435_英方软件/688435_英方软件_招股说明书_1215617814.pdf,,本地PDF存在,A-CNInfo URL+本地PDF,,9.27,,,科创板跨板块推广,先PDF转Markdown，再用同一套TOC+关键词规则定位PE/VC与股本变动章节。
STAR-688439,cninfo_star_pdf_log,STAR-688439,688439,贵州振华风光半导体股份有限公司,振华风光,SSE,科创板,2022-08-26,2022,2022-08-23,巨潮资讯网CNInfo抓取日志,,https://static.cninfo.com.cn/finalpage/2022-08-23/1214357109.PDF,任务一_招股书抓取_科创板_2021-2025/PDF库/科创板/2022/688439_振华风光/688439_振华风光_招股说明书_1214357109.pdf,,本地PDF存在,A-CNInfo URL+本地PDF,,6.93,,,科创板跨板块推广,先PDF转Markdown，再用同一套TOC+关键词规则定位PE/VC与股本变动章节。
STAR-688443,cninfo_star_pdf_log,STAR-688443,688443,重庆智翔金泰生物制药股份有限公司,智翔金泰,SSE,科创板,2023-06-20,2023,2023-06-15,巨潮资讯网CNInfo抓取日志,,https://static.cninfo.com.cn/finalpage/2023-06-15/1217067129.PDF,任务一_招股书抓取_科创板_2021-2025/PDF库/科创板/2023/688443_智翔金泰/688443_智翔金泰_招股说明书_1217067129.pdf,,本地PDF存在,A-CNInfo URL+本地PDF,,5.59,,,科创板跨板块推广,先PDF转Markdown，再用同一套TOC+关键词规则定位PE/VC与股本变动章节。
STAR-688448,cninfo_star_pdf_log,STAR-688448,688448,南京磁谷科技股份有限公司,磁谷科技,SSE,科创板,2022-09-21,2022,2022-09-15,巨潮资讯网CNInfo抓取日志,,https://static.cninfo.com.cn/finalpage/2022-09-15/1214594848.PDF,任务一_招股书抓取_科创板_2021-2025/PDF库/科创板/2022/688448_磁谷科技/688448_磁谷科技_招股说明书_1214594848.pdf,,本地PDF存在,A-CNInfo URL+本地PDF,,6.96,,,科创板跨板块推广,先PDF转Markdown，再用同一套TOC+关键词规则定位PE/VC与股本变动章节。
STAR-688449,cninfo_star_pdf_log,STAR-688449,688449,联芸科技(杭州)股份有限公司,联芸科技,SSE,科创板,2024-11-29,2024,2024-11-22,巨潮资讯网CNInfo抓取日志,,https://static.cninfo.com.cn/finalpage/2024-11-22/1221804429.PDF,任务一_招股书抓取_科创板_2021-2025/PDF库/科创板/2024/688449_联芸科技/688449_联芸科技_招股说明书_1221804429.pdf,,本地PDF存在,A-CNInfo URL+本地PDF,,6.57,,,科创板跨板块推广,先PDF转Markdown，再用同一套TOC+关键词规则定位PE/VC与股本变动章节。
STAR-688450,cninfo_star_pdf_log,STAR-688450,688450,苏州光格科技股份有限公司,光格科技,SSE,科创板,2023-07-24,2023,2023-07-19,巨潮资讯网CNInfo抓取日志,,https://static.cninfo.com.cn/finalpage/2023-07-19/1217323906.PDF,任务一_招股书抓取_科创板_2021-2025/PDF库/科创板/2023/688450_光格科技/688450_光格科技_招股说明书_1217323906.pdf,,本地PDF存在,A-CNInfo URL+本地PDF,,5.22,,,科创板跨板块推广,先PDF转Markdown，再用同一套TOC+关键词规则定位PE/VC与股本变动章节。
STAR-688455,cninfo_star_pdf_log,STAR-688455,688455,科捷智能科技股份有限公司,科捷智能,SSE,科创板,2022-09-15,2022,2022-09-09,巨潮资讯网CNInfo抓取日志,,https://static.cninfo.com.cn/finalpage/2022-09-09/1214569631.PDF,任务一_招股书抓取_科创板_2021-2025/PDF库/科创板/2022/688455_科捷智能/688455_科捷智能_招股说明书_1214569631.pdf,,本地PDF存在,A-CNInfo URL+本地PDF,,6.99,,,科创板跨板块推广,先PDF转Markdown，再用同一套TOC+关键词规则定位PE/VC与股本变动章节。
STAR-688458,cninfo_star_pdf_log,STAR-688458,688458,美芯晟科技(北京)股份有限公司,美芯晟,SSE,科创板,2023-05-22,2023,2023-05-17,巨潮资讯网CNInfo抓取日志,,https://static.cninfo.com.cn/finalpage/2023-05-17/1216831251.PDF,任务一_招股书抓取_科创板_2021-2025/PDF库/科创板/2023/688458_美芯晟/688458_美芯晟_招股说明书_1216831251.pdf,,本地PDF存在,A-CNInfo URL+本地PDF,,9.99,,,科创板跨板块推广,先PDF转Markdown，再用同一套TOC+关键词规则定位PE/VC与股本变动章节。
STAR-688459,cninfo_star_pdf_log,STAR-688459,688459,哈尔滨国铁科技集团股份有限公司,哈铁科技,SSE,科创板,2022-10-12,2022,2022-09-30,巨潮资讯网CNInfo抓取日志,,https://static.cninfo.com.cn/finalpage/2022-09-30/1214711941.PDF,任务一_招股书抓取_科创板_2021-2025/PDF库/科创板/2022/688459_哈铁科技/688459_哈铁科技_招股说明书_1214711941.pdf,,本地PDF存在,A-CNInfo URL+本地PDF,,10.42,,,科创板跨板块推广,先PDF转Markdown，再用同一套TOC+关键词规则定位PE/VC与股本变动章节。
STAR-688469,cninfo_star_pdf_log,STAR-688469,688469,芯联集成电路制造股份有限公司,芯联集成,SSE,科创板,2023-05-10,2023,2023-05-05,巨潮资讯网CNInfo抓取日志,,https://static.cninfo.com.cn/finalpage/2023-05-05/1216748225.PDF,任务一_招股书抓取_科创板_2021-2025/PDF库/科创板/2023/688469_芯联集成/688469_芯联集成_招股说明书_1216748225.pdf,,本地PDF存在,A-CNInfo URL+本地PDF,,5.39,,,科创板跨板块推广,先PDF转Markdown，再用同一套TOC+关键词规则定位PE/VC与股本变动章节。
STAR-688472,cninfo_star_pdf_log,STAR-688472,688472,阿特斯阳光电力集团股份有限公司,阿特斯,SSE,科创板,2023-06-09,2023,2023-06-06,巨潮资讯网CNInfo抓取日志,,https://static.cninfo.com.cn/finalpage/2023-06-06/1216994275.PDF,任务一_招股书抓取_科创板_2021-2025/PDF库/科创板/2023/688472_阿特斯/688472_阿特斯_招股说明书_1216994275.pdf,,本地PDF存在,A-CNInfo URL+本地PDF,,10.14,,,科创板跨板块推广,先PDF转Markdown，再用同一套TOC+关键词规则定位PE/VC与股本变动章节。
STAR-688475,cninfo_star_pdf_log,STAR-688475,688475,杭州萤石网络股份有限公司,萤石网络,SSE,科创板,2022-12-28,2022,2022-12-22,巨潮资讯网CNInfo抓取日志,,https://static.cninfo.com.cn/finalpage/2022-12-22/1215417858.PDF,任务一_招股书抓取_科创板_2021-2025/PDF库/科创板/2022/688475_萤石网络/688475_萤石网络_招股说明书_1215417858.pdf,,本地PDF存在,A-CNInfo URL+本地PDF,,15.46,,,科创板跨板块推广,先PDF转Markdown，再用同一套TOC+关键词规则定位PE/VC与股本变动章节。
STAR-688478,cninfo_star_pdf_log,STAR-688478,688478,南京晶升装备股份有限公司,晶升股份,SSE,科创板,2023-04-24,2023,2023-04-17,巨潮资讯网CNInfo抓取日志,,https://static.cninfo.com.cn/finalpage/2023-04-17/1216427847.PDF,任务一_招股书抓取_科创板_2021-2025/PDF库/科创板/2023/688478_晶升股份/688478_晶升股份_招股说明书_1216427847.pdf,,本地PDF存在,A-CNInfo URL+本地PDF,,9.08,,,科创板跨板块推广,先PDF转Markdown，再用同一套TOC+关键词规则定位PE/VC与股本变动章节。
STAR-688479,cninfo_star_pdf_log,STAR-688479,688479,用友汽车信息科技(上海)股份有限公司,友车科技,SSE,科创板,2023-05-11,2023,2023-05-08,巨潮资讯网CNInfo抓取日志,,https://static.cninfo.com.cn/finalpage/2023-05-08/1216760717.PDF,任务一_招股书抓取_科创板_2021-2025/PDF库/科创板/2023/688479_友车科技/688479_友车科技_招股说明书_1216760717.pdf,,本地PDF存在,A-CNInfo URL+本地PDF,,6.24,,,科创板跨板块推广,先PDF转Markdown，再用同一套TOC+关键词规则定位PE/VC与股本变动章节。
STAR-688480,cninfo_star_pdf_log,STAR-688480,688480,赛恩斯环保股份有限公司,赛恩斯,SSE,科创板,2022-11-25,2022,2022-11-22,巨潮资讯网CNInfo抓取日志,,https://static.cninfo.com.cn/finalpage/2022-11-22/1215168308.PDF,任务一_招股书抓取_科创板_2021-2025/PDF库/科创板/2022/688480_赛恩斯/688480_赛恩斯_招股说明书_1215168308.pdf,,本地PDF存在,A-CNInfo URL+本地PDF,,7.01,,,科创板跨板块推广,先PDF转Markdown，再用同一套TOC+关键词规则定位PE/VC与股本变动章节。
STAR-688484,cninfo_star_pdf_log,STAR-688484,688484,上海南芯半导体科技股份有限公司,南芯科技,SSE,科创板,2023-04-07,2023,2023-03-30,巨潮资讯网CNInfo抓取日志,,https://static.cninfo.com.cn/finalpage/2023-03-30/1216260515.PDF,任务一_招股书抓取_科创板_2021-2025/PDF库/科创板/2023/688484_南芯科技/688484_南芯科技_招股说明书_1216260515.pdf,,本地PDF存在,A-CNInfo URL+本地PDF,,5.96,,,科创板跨板块推广,先PDF转Markdown，再用同一套TOC+关键词规则定位PE/VC与股本变动章节。
STAR-688485,cninfo_star_pdf_log,STAR-688485,688485,北京九州一轨环境科技股份有限公司,九州一轨,SSE,科创板,2023-01-18,2023,2023-01-13,巨潮资讯网CNInfo抓取日志,,https://static.cninfo.com.cn/finalpage/2023-01-13/1215592327.PDF,任务一_招股书抓取_科创板_2021-2025/PDF库/科创板/2023/688485_九州一轨/688485_九州一轨_招股说明书_1215592327.pdf,,本地PDF存在,A-CNInfo URL+本地PDF,,9.22,,,科创板跨板块推广,先PDF转Markdown，再用同一套TOC+关键词规则定位PE/VC与股本变动章节。
STAR-688486,cninfo_star_pdf_log,STAR-688486,688486,龙迅半导体(合肥)股份有限公司,龙迅股份,SSE,科创板,2023-02-21,2023,2023-02-14,巨潮资讯网CNInfo抓取日志,,https://static.cninfo.com.cn/finalpage/2023-02-14/1215857090.PDF,任务一_招股书抓取_科创板_2021-2025/PDF库/科创板/2023/688486_龙迅股份/688486_龙迅股份_招股说明书_1215857090.pdf,,本地PDF存在,A-CNInfo URL+本地PDF,,8.71,,,科创板跨板块推广,先PDF转Markdown，再用同一套TOC+关键词规则定位PE/VC与股本变动章节。
STAR-688489,cninfo_star_pdf_log,STAR-688489,688489,三未信安科技股份有限公司,三未信安,SSE,科创板,2022-12-02,2022,2022-11-29,巨潮资讯网CNInfo抓取日志,,https://static.cninfo.com.cn/finalpage/2022-11-29/1215222558.PDF,任务一_招股书抓取_科创板_2021-2025/PDF库/科创板/2022/688489_三未信安/688489_三未信安_招股说明书_1215222558.pdf,,本地PDF存在,A-CNInfo URL+本地PDF,,6.30,,,科创板跨板块推广,先PDF转Markdown，再用同一套TOC+关键词规则定位PE/VC与股本变动章节。
STAR-688496,cninfo_star_pdf_log,STAR-688496,688496,苏州清越光电科技股份有限公司,*ST清越,SSE,科创板,2022-12-28,2022,2022-12-23,巨潮资讯网CNInfo抓取日志,,https://static.cninfo.com.cn/finalpage/2022-12-23/1215430371.PDF,任务一_招股书抓取_科创板_2021-2025/PDF库/科创板/2022/688496_ST清越/688496_ST清越_招股说明书_1215430371.pdf,,本地PDF存在,A-CNInfo URL+本地PDF,,9.51,,,科创板跨板块推广,先PDF转Markdown，再用同一套TOC+关键词规则定位PE/VC与股本变动章节。
STAR-688498,cninfo_star_pdf_log,STAR-688498,688498,陕西源杰半导体科技股份有限公司,源杰科技,SSE,科创板,2022-12-21,2022,2022-12-16,巨潮资讯网CNInfo抓取日志,,https://static.cninfo.com.cn/finalpage/2022-12-16/1215368028.PDF,任务一_招股书抓取_科创板_2021-2025/PDF库/科创板/2022/688498_源杰科技/688498_源杰科技_招股说明书_1215368028.pdf,,本地PDF存在,A-CNInfo URL+本地PDF,,9.62,,,科创板跨板块推广,先PDF转Markdown，再用同一套TOC+关键词规则定位PE/VC与股本变动章节。
STAR-688499,cninfo_star_pdf_log,STAR-688499,688499,广东利元亨智能装备股份有限公司,利元亨,SSE,科创板,2021-07-01,2021,2021-06-25,巨潮资讯网CNInfo抓取日志,,https://static.cninfo.com.cn/finalpage/2021-06-25/1210330088.PDF,任务一_招股书抓取_科创板_2021-2025/PDF库/科创板/2021/688499_利元亨/688499_利元亨_招股说明书_1210330088.pdf,,本地PDF存在,A-CNInfo URL+本地PDF,,10.51,,,科创板跨板块推广,先PDF转Markdown，再用同一套TOC+关键词规则定位PE/VC与股本变动章节。
STAR-688502,cninfo_star_pdf_log,STAR-688502,688502,南京茂莱光学科技股份有限公司,茂莱光学,SSE,科创板,2023-03-09,2023,2023-03-02,巨潮资讯网CNInfo抓取日志,,https://static.cninfo.com.cn/finalpage/2023-03-02/1216025734.PDF,任务一_招股书抓取_科创板_2021-2025/PDF库/科创板/2023/688502_茂莱光学/688502_茂莱光学_招股说明书_1216025734.pdf,,本地PDF存在,A-CNInfo URL+本地PDF,,5.98,,,科创板跨板块推广,先PDF转Markdown，再用同一套TOC+关键词规则定位PE/VC与股本变动章节。
STAR-688503,cninfo_star_pdf_log,STAR-688503,688503,常州聚和新材料股份有限公司,聚和材料,SSE,科创板,2022-12-09,2022,2022-12-06,巨潮资讯网CNInfo抓取日志,,https://static.cninfo.com.cn/finalpage/2022-12-06/1215283900.PDF,任务一_招股书抓取_科创板_2021-2025/PDF库/科创板/2022/688503_聚和材料/688503_聚和材料_招股说明书_1215283900.pdf,,本地PDF存在,A-CNInfo URL+本地PDF,,4.83,,,科创板跨板块推广,先PDF转Markdown，再用同一套TOC+关键词规则定位PE/VC与股本变动章节。
STAR-688506,cninfo_star_pdf_log,STAR-688506,688506,四川百利天恒药业股份有限公司,百利天恒,SSE,科创板,2023-01-06,2023,2022-12-30,巨潮资讯网CNInfo抓取日志,,https://static.cninfo.com.cn/finalpage/2022-12-30/1215485053.PDF,任务一_招股书抓取_科创板_2021-2025/PDF库/科创板/2023/688506_百利天恒/688506_百利天恒_招股说明书_1215485053.pdf,,本地PDF存在,A-CNInfo URL+本地PDF,,9.68,,,科创板跨板块推广,先PDF转Markdown，再用同一套TOC+关键词规则定位PE/VC与股本变动章节。
STAR-688507,cninfo_star_pdf_log,STAR-688507,688507,上海索辰信息科技股份有限公司,索辰科技,SSE,科创板,2023-04-18,2023,2023-04-12,巨潮资讯网CNInfo抓取日志,,https://static.cninfo.com.cn/finalpage/2023-04-12/1216381193.PDF,任务一_招股书抓取_科创板_2021-2025/PDF库/科创板/2023/688507_索辰科技/688507_索辰科技_招股说明书_1216381193.pdf,,本地PDF存在,A-CNInfo URL+本地PDF,,6.24,,,科创板跨板块推广,先PDF转Markdown，再用同一套TOC+关键词规则定位PE/VC与股本变动章节。
STAR-688512,cninfo_star_pdf_log,STAR-688512,688512,广州慧智微电子股份有限公司,慧智微,SSE,科创板,2023-05-16,2023,2023-05-10,巨潮资讯网CNInfo抓取日志,,https://static.cninfo.com.cn/finalpage/2023-05-10/1216782350.PDF,任务一_招股书抓取_科创板_2021-2025/PDF库/科创板/2023/688512_慧智微/688512_慧智微_招股说明书_1216782350.pdf,,本地PDF存在,A-CNInfo URL+本地PDF,,8.77,,,科创板跨板块推广,先PDF转Markdown，再用同一套TOC+关键词规则定位PE/VC与股本变动章节。
STAR-688515,cninfo_star_pdf_log,STAR-688515,688515,裕太微电子股份有限公司,裕太微,SSE,科创板,2023-02-10,2023,2023-02-03,巨潮资讯网CNInfo抓取日志,,https://static.cninfo.com.cn/finalpage/2023-02-03/1215756518.PDF,任务一_招股书抓取_科创板_2021-2025/PDF库/科创板/2023/688515_裕太微/688515_裕太微_招股说明书_1215756518.pdf,,本地PDF存在,A-CNInfo URL+本地PDF,,9.23,,,科创板跨板块推广,先PDF转Markdown，再用同一套TOC+关键词规则定位PE/VC与股本变动章节。
STAR-688522,cninfo_star_pdf_log,STAR-688522,688522,广东纳睿雷达科技股份有限公司,纳睿雷达,SSE,科创板,2023-03-01,2023,2023-02-24,巨潮资讯网CNInfo抓取日志,,https://static.cninfo.com.cn/finalpage/2023-02-24/1215952495.PDF,任务一_招股书抓取_科创板_2021-2025/PDF库/科创板/2023/688522_纳睿雷达/688522_纳睿雷达_招股说明书_1215952495.pdf,,本地PDF存在,A-CNInfo URL+本地PDF,,3.36,,,科创板跨板块推广,先PDF转Markdown，再用同一套TOC+关键词规则定位PE/VC与股本变动章节。
STAR-688523,cninfo_star_pdf_log,STAR-688523,688523,湖南航天环宇通信科技股份有限公司,航天环宇,SSE,科创板,2023-06-02,2023,2023-05-30,巨潮资讯网CNInfo抓取日志,,https://static.cninfo.com.cn/finalpage/2023-05-30/1216934822.PDF,任务一_招股书抓取_科创板_2021-2025/PDF库/科创板/2023/688523_航天环宇/688523_航天环宇_招股说明书_1216934822.pdf,,本地PDF存在,A-CNInfo URL+本地PDF,,11.21,,,科创板跨板块推广,先PDF转Markdown，再用同一套TOC+关键词规则定位PE/VC与股本变动章节。
STAR-688525,cninfo_star_pdf_log,STAR-688525,688525,深圳佰维存储科技股份有限公司,佰维存储,SSE,科创板,2022-12-30,2022,2022-12-27,巨潮资讯网CNInfo抓取日志,,https://static.cninfo.com.cn/finalpage/2022-12-27/1215456727.PDF,任务一_招股书抓取_科创板_2021-2025/PDF库/科创板/2022/688525_佰维存储/688525_佰维存储_招股说明书_1215456727.pdf,,本地PDF存在,A-CNInfo URL+本地PDF,,12.94,,,科创板跨板块推广,先PDF转Markdown，再用同一套TOC+关键词规则定位PE/VC与股本变动章节。
STAR-688530,cninfo_star_pdf_log,STAR-688530,688530,广东欧莱高新材料股份有限公司,欧莱新材,SSE,科创板,2024-05-09,2024,2024-05-06,巨潮资讯网CNInfo抓取日志,,https://static.cninfo.com.cn/finalpage/2024-05-06/1219973328.PDF,任务一_招股书抓取_科创板_2021-2025/PDF库/科创板/2024/688530_欧莱新材/688530_欧莱新材_招股说明书_1219973328.pdf,,本地PDF存在,A-CNInfo URL+本地PDF,,7.59,,,科创板跨板块推广,先PDF转Markdown，再用同一套TOC+关键词规则定位PE/VC与股本变动章节。
STAR-688531,cninfo_star_pdf_log,STAR-688531,688531,日联科技集团股份有限公司,日联科技,SSE,科创板,2023-03-31,2023,2023-03-28,巨潮资讯网CNInfo抓取日志,,https://static.cninfo.com.cn/finalpage/2023-03-28/1216236962.PDF,任务一_招股书抓取_科创板_2021-2025/PDF库/科创板/2023/688531_日联科技/688531_日联科技_招股说明书_1216236962.pdf,,本地PDF存在,A-CNInfo URL+本地PDF,,12.07,,,科创板跨板块推广,先PDF转Markdown，再用同一套TOC+关键词规则定位PE/VC与股本变动章节。
STAR-688535,cninfo_star_pdf_log,STAR-688535,688535,江苏华海诚科新材料股份有限公司,华海诚科,SSE,科创板,2023-04-04,2023,2023-03-30,巨潮资讯网CNInfo抓取日志,,https://static.cninfo.com.cn/finalpage/2023-03-30/1216260520.PDF,任务一_招股书抓取_科创板_2021-2025/PDF库/科创板/2023/688535_华海诚科/688535_华海诚科_招股说明书_1216260520.pdf,,本地PDF存在,A-CNInfo URL+本地PDF,,5.38,,,科创板跨板块推广,先PDF转Markdown，再用同一套TOC+关键词规则定位PE/VC与股本变动章节。
STAR-688539,cninfo_star_pdf_log,STAR-688539,688539,南京高华科技股份有限公司,高华科技,SSE,科创板,2023-04-18,2023,2023-04-13,巨潮资讯网CNInfo抓取日志,,https://static.cninfo.com.cn/finalpage/2023-04-13/1216392058.PDF,任务一_招股书抓取_科创板_2021-2025/PDF库/科创板/2023/688539_高华科技/688539_高华科技_招股说明书_1216392058.pdf,,本地PDF存在,A-CNInfo URL+本地PDF,,5.15,,,科创板跨板块推广,先PDF转Markdown，再用同一套TOC+关键词规则定位PE/VC与股本变动章节。
STAR-688543,cninfo_star_pdf_log,STAR-688543,688543,江西国科军工集团股份有限公司,DR国科军,SSE,科创板,2023-06-21,2023,2023-06-16,巨潮资讯网CNInfo抓取日志,,https://static.cninfo.com.cn/finalpage/2023-06-16/1217075582.PDF,任务一_招股书抓取_科创板_2021-2025/PDF库/科创板/2023/688543_DR国科军/688543_DR国科军_招股说明书_1217075582.pdf,,本地PDF存在,A-CNInfo URL+本地PDF,,9.56,,,科创板跨板块推广,先PDF转Markdown，再用同一套TOC+关键词规则定位PE/VC与股本变动章节。
STAR-688545,cninfo_star_pdf_log,STAR-688545,688545,湖北兴福电子材料股份有限公司,兴福电子,SSE,科创板,2025-01-22,2025,2025-01-17,巨潮资讯网CNInfo抓取日志,,https://static.cninfo.com.cn/finalpage/2025-01-17/1222355547.PDF,任务一_招股书抓取_科创板_2021-2025/PDF库/科创板/2025/688545_兴福电子/688545_兴福电子_招股说明书_1222355547.pdf,,本地PDF存在,A-CNInfo URL+本地PDF,,6.49,,,科创板跨板块推广,先PDF转Markdown，再用同一套TOC+关键词规则定位PE/VC与股本变动章节。
STAR-688548,cninfo_star_pdf_log,STAR-688548,688548,广州广钢气体能源股份有限公司,广钢气体,SSE,科创板,2023-08-15,2023,2023-08-10,巨潮资讯网CNInfo抓取日志,,https://static.cninfo.com.cn/finalpage/2023-08-10/1217501793.PDF,任务一_招股书抓取_科创板_2021-2025/PDF库/科创板/2023/688548_广钢气体/688548_广钢气体_招股说明书_1217501793.pdf,,本地PDF存在,A-CNInfo URL+本地PDF,,5.00,,,科创板跨板块推广,先PDF转Markdown，再用同一套TOC+关键词规则定位PE/VC与股本变动章节。
STAR-688549,cninfo_star_pdf_log,STAR-688549,688549,中巨芯科技股份有限公司,中巨芯,SSE,科创板,2023-09-08,2023,2023-09-01,巨潮资讯网CNInfo抓取日志,,https://static.cninfo.com.cn/finalpage/2023-09-01/1217736410.PDF,任务一_招股书抓取_科创板_2021-2025/PDF库/科创板/2023/688549_中巨芯/688549_中巨芯_招股说明书_1217736410.pdf,,本地PDF存在,A-CNInfo URL+本地PDF,,6.41,,,科创板跨板块推广,先PDF转Markdown，再用同一套TOC+关键词规则定位PE/VC与股本变动章节。
STAR-688552,cninfo_star_pdf_log,STAR-688552,688552,航天南湖电子信息技术股份有限公司,航天南湖,SSE,科创板,2023-05-18,2023,2023-05-10,巨潮资讯网CNInfo抓取日志,,https://static.cninfo.com.cn/finalpage/2023-05-10/1216782354.PDF,任务一_招股书抓取_科创板_2021-2025/PDF库/科创板/2023/688552_航天南湖/688552_航天南湖_招股说明书_1216782354.pdf,,本地PDF存在,A-CNInfo URL+本地PDF,,8.51,,,科创板跨板块推广,先PDF转Markdown，再用同一套TOC+关键词规则定位PE/VC与股本变动章节。
STAR-688562,cninfo_star_pdf_log,STAR-688562,688562,北京神舟航天软件技术股份有限公司,航天软件,SSE,科创板,2023-05-24,2023,2023-05-17,巨潮资讯网CNInfo抓取日志,,https://static.cninfo.com.cn/finalpage/2023-05-17/1216831258.PDF,任务一_招股书抓取_科创板_2021-2025/PDF库/科创板/2023/688562_航天软件/688562_航天软件_招股说明书_1216831258.pdf,,本地PDF存在,A-CNInfo URL+本地PDF,,12.93,,,科创板跨板块推广,先PDF转Markdown，再用同一套TOC+关键词规则定位PE/VC与股本变动章节。
STAR-688563,cninfo_star_pdf_log,STAR-688563,688563,北京航空材料研究院股份有限公司,航材股份,SSE,科创板,2023-07-19,2023,2023-07-14,巨潮资讯网CNInfo抓取日志,,https://static.cninfo.com.cn/finalpage/2023-07-14/1217293347.PDF,任务一_招股书抓取_科创板_2021-2025/PDF库/科创板/2023/688563_航材股份/688563_航材股份_招股说明书_1217293347.pdf,,本地PDF存在,A-CNInfo URL+本地PDF,,8.80,,,科创板跨板块推广,先PDF转Markdown，再用同一套TOC+关键词规则定位PE/VC与股本变动章节。
STAR-688570,cninfo_star_pdf_log,STAR-688570,688570,北京天玛智控科技股份有限公司,天玛智控,SSE,科创板,2023-06-05,2023,2023-05-31,巨潮资讯网CNInfo抓取日志,,https://static.cninfo.com.cn/finalpage/2023-05-31/1216945571.PDF,任务一_招股书抓取_科创板_2021-2025/PDF库/科创板/2023/688570_天玛智控/688570_天玛智控_招股说明书_1216945571.pdf,,本地PDF存在,A-CNInfo URL+本地PDF,,8.59,,,科创板跨板块推广,先PDF转Markdown，再用同一套TOC+关键词规则定位PE/VC与股本变动章节。
STAR-688573,cninfo_star_pdf_log,STAR-688573,688573,深圳市信宇人科技股份有限公司,信宇人,SSE,科创板,2023-08-17,2023,2023-08-11,巨潮资讯网CNInfo抓取日志,,https://static.cninfo.com.cn/finalpage/2023-08-11/1217512606.PDF,任务一_招股书抓取_科创板_2021-2025/PDF库/科创板/2023/688573_信宇人/688573_信宇人_招股说明书_1217512606.pdf,,本地PDF存在,A-CNInfo URL+本地PDF,,8.63,,,科创板跨板块推广,先PDF转Markdown，再用同一套TOC+关键词规则定位PE/VC与股本变动章节。
STAR-688576,cninfo_star_pdf_log,STAR-688576,688576,重庆西山科技股份有限公司,西山科技,SSE,科创板,2023-06-06,2023,2023-06-01,巨潮资讯网CNInfo抓取日志,,https://static.cninfo.com.cn/finalpage/2023-06-01/1216958561.PDF,任务一_招股书抓取_科创板_2021-2025/PDF库/科创板/2023/688576_西山科技/688576_西山科技_招股说明书_1216958561.pdf,,本地PDF存在,A-CNInfo URL+本地PDF,,10.98,,,科创板跨板块推广,先PDF转Markdown，再用同一套TOC+关键词规则定位PE/VC与股本变动章节。
STAR-688581,cninfo_star_pdf_log,STAR-688581,688581,杭州安杰思医学科技股份有限公司,安杰思,SSE,科创板,2023-05-19,2023,2023-05-16,巨潮资讯网CNInfo抓取日志,,https://static.cninfo.com.cn/finalpage/2023-05-16/1216821069.PDF,任务一_招股书抓取_科创板_2021-2025/PDF库/科创板/2023/688581_安杰思/688581_安杰思_招股说明书_1216821069.pdf,,本地PDF存在,A-CNInfo URL+本地PDF,,9.08,,,科创板跨板块推广,先PDF转Markdown，再用同一套TOC+关键词规则定位PE/VC与股本变动章节。
STAR-688582,cninfo_star_pdf_log,STAR-688582,688582,安徽芯动联科微系统股份有限公司,芯动联科,SSE,科创板,2023-06-30,2023,2023-06-27,巨潮资讯网CNInfo抓取日志,,https://static.cninfo.com.cn/finalpage/2023-06-27/1217140982.PDF,任务一_招股书抓取_科创板_2021-2025/PDF库/科创板/2023/688582_芯动联科/688582_芯动联科_招股说明书_1217140982.pdf,,本地PDF存在,A-CNInfo URL+本地PDF,,8.65,,,科创板跨板块推广,先PDF转Markdown，再用同一套TOC+关键词规则定位PE/VC与股本变动章节。
STAR-688583,cninfo_star_pdf_log,STAR-688583,688583,思看科技(杭州)股份有限公司,思看科技,SSE,科创板,2025-01-15,2025,2025-01-10,巨潮资讯网CNInfo抓取日志,,https://static.cninfo.com.cn/finalpage/2025-01-10/1222285798.PDF,任务一_招股书抓取_科创板_2021-2025/PDF库/科创板/2025/688583_思看科技/688583_思看科技_招股说明书_1222285798.pdf,,本地PDF存在,A-CNInfo URL+本地PDF,,12.74,,,科创板跨板块推广,先PDF转Markdown，再用同一套TOC+关键词规则定位PE/VC与股本变动章节。
STAR-688584,cninfo_star_pdf_log,STAR-688584,688584,上海合晶硅材料股份有限公司,上海合晶,SSE,科创板,2024-02-08,2024,2024-02-05,巨潮资讯网CNInfo抓取日志,,https://static.cninfo.com.cn/finalpage/2024-02-05/1219089320.PDF,任务一_招股书抓取_科创板_2021-2025/PDF库/科创板/2024/688584_上海合晶/688584_上海合晶_招股说明书_1219089320.pdf,,本地PDF存在,A-CNInfo URL+本地PDF,,7.33,,,科创板跨板块推广,先PDF转Markdown，再用同一套TOC+关键词规则定位PE/VC与股本变动章节。
STAR-688591,cninfo_star_pdf_log,STAR-688591,688591,泰凌微电子(上海)股份有限公司,泰凌微,SSE,科创板,2023-08-25,2023,2023-08-22,巨潮资讯网CNInfo抓取日志,,https://static.cninfo.com.cn/finalpage/2023-08-22/1217597420.PDF,任务一_招股书抓取_科创板_2021-2025/PDF库/科创板/2023/688591_泰凌微/688591_泰凌微_招股说明书_1217597420.pdf,,本地PDF存在,A-CNInfo URL+本地PDF,,7.06,,,科创板跨板块推广,先PDF转Markdown，再用同一套TOC+关键词规则定位PE/VC与股本变动章节。
STAR-688592,cninfo_star_pdf_log,STAR-688592,688592,上海司南导航技术股份有限公司,司南导航,SSE,科创板,2023-08-16,2023,2023-08-09,巨潮资讯网CNInfo抓取日志,,https://static.cninfo.com.cn/finalpage/2023-08-09/1217491807.PDF,任务一_招股书抓取_科创板_2021-2025/PDF库/科创板/2023/688592_司南导航/688592_司南导航_招股说明书_1217491807.pdf,,本地PDF存在,A-CNInfo URL+本地PDF,,7.76,,,科创板跨板块推广,先PDF转Markdown，再用同一套TOC+关键词规则定位PE/VC与股本变动章节。
STAR-688593,cninfo_star_pdf_log,STAR-688593,688593,上海新相微电子股份有限公司,新相微,SSE,科创板,2023-06-01,2023,2023-05-29,巨潮资讯网CNInfo抓取日志,,https://static.cninfo.com.cn/finalpage/2023-05-29/1216926351.PDF,任务一_招股书抓取_科创板_2021-2025/PDF库/科创板/2023/688593_新相微/688593_新相微_招股说明书_1216926351.pdf,,本地PDF存在,A-CNInfo URL+本地PDF,,7.58,,,科创板跨板块推广,先PDF转Markdown，再用同一套TOC+关键词规则定位PE/VC与股本变动章节。
STAR-688602,cninfo_star_pdf_log,STAR-688602,688602,上海康鹏科技股份有限公司,康鹏科技,SSE,科创板,2023-07-20,2023,2023-07-17,巨潮资讯网CNInfo抓取日志,,https://static.cninfo.com.cn/finalpage/2023-07-17/1217309097.PDF,任务一_招股书抓取_科创板_2021-2025/PDF库/科创板/2023/688602_康鹏科技/688602_康鹏科技_招股说明书_1217309097.pdf,,本地PDF存在,A-CNInfo URL+本地PDF,,6.36,,,科创板跨板块推广,先PDF转Markdown，再用同一套TOC+关键词规则定位PE/VC与股本变动章节。
STAR-688603,cninfo_star_pdf_log,STAR-688603,688603,上海天承科技股份有限公司,天承科技,SSE,科创板,2023-07-10,2023,2023-07-04,巨潮资讯网CNInfo抓取日志,,https://static.cninfo.com.cn/finalpage/2023-07-04/1217203607.PDF,任务一_招股书抓取_科创板_2021-2025/PDF库/科创板/2023/688603_天承科技/688603_天承科技_招股说明书_1217203607.pdf,,本地PDF存在,A-CNInfo URL+本地PDF,,7.10,,,科创板跨板块推广,先PDF转Markdown，再用同一套TOC+关键词规则定位PE/VC与股本变动章节。
STAR-688605,cninfo_star_pdf_log,STAR-688605,688605,江苏先锋精密科技股份有限公司,先锋精科,SSE,科创板,2024-12-12,2024,2024-12-06,巨潮资讯网CNInfo抓取日志,,https://static.cninfo.com.cn/finalpage/2024-12-06/1221941142.PDF,任务一_招股书抓取_科创板_2021-2025/PDF库/科创板/2024/688605_先锋精科/688605_先锋精科_招股说明书_1221941142.pdf,,本地PDF存在,A-CNInfo URL+本地PDF,,5.93,,,科创板跨板块推广,先PDF转Markdown，再用同一套TOC+关键词规则定位PE/VC与股本变动章节。
STAR-688609,cninfo_star_pdf_log,STAR-688609,688609,广东九联科技股份有限公司,九联科技,SSE,科创板,2021-03-23,2021,2021-03-17,巨潮资讯网CNInfo抓取日志,,https://static.cninfo.com.cn/finalpage/2021-03-17/1209393690.PDF,任务一_招股书抓取_科创板_2021-2025/PDF库/科创板/2021/688609_九联科技/688609_九联科技_招股说明书_1209393690.pdf,,本地PDF存在,A-CNInfo URL+本地PDF,,12.66,,,科创板跨板块推广,先PDF转Markdown，再用同一套TOC+关键词规则定位PE/VC与股本变动章节。
STAR-688610,cninfo_star_pdf_log,STAR-688610,688610,合肥埃科光电科技股份有限公司,埃科光电,SSE,科创板,2023-07-19,2023,2023-07-12,巨潮资讯网CNInfo抓取日志,,https://static.cninfo.com.cn/finalpage/2023-07-12/1217274650.PDF,任务一_招股书抓取_科创板_2021-2025/PDF库/科创板/2023/688610_埃科光电/688610_埃科光电_招股说明书_1217274650.pdf,,本地PDF存在,A-CNInfo URL+本地PDF,,5.57,,,科创板跨板块推广,先PDF转Markdown，再用同一套TOC+关键词规则定位PE/VC与股本变动章节。
STAR-688612,cninfo_star_pdf_log,STAR-688612,688612,深圳威迈斯新能源(集团)股份有限公司,威迈斯,SSE,科创板,2023-07-26,2023,2023-07-21,巨潮资讯网CNInfo抓取日志,,https://static.cninfo.com.cn/finalpage/2023-07-21/1217347548.PDF,任务一_招股书抓取_科创板_2021-2025/PDF库/科创板/2023/688612_威迈斯/688612_威迈斯_招股说明书_1217347548.pdf,,本地PDF存在,A-CNInfo URL+本地PDF,,12.00,,,科创板跨板块推广,先PDF转Markdown，再用同一套TOC+关键词规则定位PE/VC与股本变动章节。
STAR-688615,cninfo_star_pdf_log,STAR-688615,688615,上海合合信息科技股份有限公司,合合信息,SSE,科创板,2024-09-26,2024,2024-09-23,巨潮资讯网CNInfo抓取日志,,https://static.cninfo.com.cn/finalpage/2024-09-23/1221268662.PDF,任务一_招股书抓取_科创板_2021-2025/PDF库/科创板/2024/688615_合合信息/688615_合合信息_招股说明书_1221268662.pdf,,本地PDF存在,A-CNInfo URL+本地PDF,,8.74,,,科创板跨板块推广,先PDF转Markdown，再用同一套TOC+关键词规则定位PE/VC与股本变动章节。
STAR-688620,cninfo_star_pdf_log,STAR-688620,688620,广州安凯微电子股份有限公司,安凯微,SSE,科创板,2023-06-27,2023,2023-06-19,巨潮资讯网CNInfo抓取日志,,https://static.cninfo.com.cn/finalpage/2023-06-19/1217090148.PDF,任务一_招股书抓取_科创板_2021-2025/PDF库/科创板/2023/688620_安凯微/688620_安凯微_招股说明书_1217090148.pdf,,本地PDF存在,A-CNInfo URL+本地PDF,,11.01,,,科创板跨板块推广,先PDF转Markdown，再用同一套TOC+关键词规则定位PE/VC与股本变动章节。
STAR-688621,cninfo_star_pdf_log,STAR-688621,688621,北京阳光诺和药物研究股份有限公司,阳光诺和,SSE,科创板,2021-06-21,2021,2021-06-16,巨潮资讯网CNInfo抓取日志,,https://static.cninfo.com.cn/finalpage/2021-06-16/1210239031.PDF,任务一_招股书抓取_科创板_2021-2025/PDF库/科创板/2021/688621_阳光诺和/688621_阳光诺和_招股说明书_1210239031.pdf,,本地PDF存在,A-CNInfo URL+本地PDF,,7.11,,,科创板跨板块推广,先PDF转Markdown，再用同一套TOC+关键词规则定位PE/VC与股本变动章节。
STAR-688622,cninfo_star_pdf_log,STAR-688622,688622,广州禾信仪器股份有限公司,*ST禾信,SSE,科创板,2021-09-13,2021,2021-09-07,巨潮资讯网CNInfo抓取日志,,https://static.cninfo.com.cn/finalpage/2021-09-07/1210977644.PDF,任务一_招股书抓取_科创板_2021-2025/PDF库/科创板/2021/688622_ST禾信/688622_ST禾信_招股说明书_1210977644.pdf,,本地PDF存在,A-CNInfo URL+本地PDF,,10.24,,,科创板跨板块推广,先PDF转Markdown，再用同一套TOC+关键词规则定位PE/VC与股本变动章节。
STAR-688623,cninfo_star_pdf_log,STAR-688623,688623,浙江双元科技股份有限公司,双元科技,SSE,科创板,2023-06-08,2023,2023-06-02,巨潮资讯网CNInfo抓取日志,,https://static.cninfo.com.cn/finalpage/2023-06-02/1216967574.PDF,任务一_招股书抓取_科创板_2021-2025/PDF库/科创板/2023/688623_双元科技/688623_双元科技_招股说明书_1216967574.pdf,,本地PDF存在,A-CNInfo URL+本地PDF,,8.51,,,科创板跨板块推广,先PDF转Markdown，再用同一套TOC+关键词规则定位PE/VC与股本变动章节。
STAR-688627,cninfo_star_pdf_log,STAR-688627,688627,深圳精智达技术股份有限公司,精智达,SSE,科创板,2023-07-18,2023,2023-07-13,巨潮资讯网CNInfo抓取日志,,https://static.cninfo.com.cn/finalpage/2023-07-13/1217284214.PDF,任务一_招股书抓取_科创板_2021-2025/PDF库/科创板/2023/688627_精智达/688627_精智达_招股说明书_1217284214.pdf,,本地PDF存在,A-CNInfo URL+本地PDF,,5.17,,,科创板跨板块推广,先PDF转Markdown，再用同一套TOC+关键词规则定位PE/VC与股本变动章节。
STAR-688629,cninfo_star_pdf_log,STAR-688629,688629,四川华丰科技股份有限公司,华丰科技,SSE,科创板,2023-06-27,2023,2023-06-20,巨潮资讯网CNInfo抓取日志,,https://static.cninfo.com.cn/finalpage/2023-06-20/1217100343.PDF,任务一_招股书抓取_科创板_2021-2025/PDF库/科创板/2023/688629_华丰科技/688629_华丰科技_招股说明书_1217100343.pdf,,本地PDF存在,A-CNInfo URL+本地PDF,,8.54,,,科创板跨板块推广,先PDF转Markdown，再用同一套TOC+关键词规则定位PE/VC与股本变动章节。
STAR-688630,cninfo_star_pdf_log,STAR-688630,688630,合肥芯碁微电子装备股份有限公司,芯碁微装,SSE,科创板,2021-04-01,2021,2026-03-14,巨潮资讯网CNInfo抓取日志,,https://static.cninfo.com.cn/finalpage/2026-03-14/1225007986.PDF,任务一_招股书抓取_科创板_2021-2025/PDF库/科创板/2021/688630_芯碁微装/688630_芯碁微装_招股说明书_1225007986.pdf,,本地PDF存在,A-CNInfo URL+本地PDF,,0.10,,,科创板跨板块推广,先PDF转Markdown，再用同一套TOC+关键词规则定位PE/VC与股本变动章节。
STAR-688631,cninfo_star_pdf_log,STAR-688631,688631,南京莱斯信息技术股份有限公司,莱斯信息,SSE,科创板,2023-06-28,2023,2023-06-21,巨潮资讯网CNInfo抓取日志,,https://static.cninfo.com.cn/finalpage/2023-06-21/1217107918.PDF,任务一_招股书抓取_科创板_2021-2025/PDF库/科创板/2023/688631_莱斯信息/688631_莱斯信息_招股说明书_1217107918.pdf,,本地PDF存在,A-CNInfo URL+本地PDF,,8.65,,,科创板跨板块推广,先PDF转Markdown，再用同一套TOC+关键词规则定位PE/VC与股本变动章节。
STAR-688638,cninfo_star_pdf_log,STAR-688638,688638,深圳市誉辰智能装备股份有限公司,誉辰智能,SSE,科创板,2023-07-12,2023,2023-07-06,巨潮资讯网CNInfo抓取日志,,https://static.cninfo.com.cn/finalpage/2023-07-06/1217218983.PDF,任务一_招股书抓取_科创板_2021-2025/PDF库/科创板/2023/688638_誉辰智能/688638_誉辰智能_招股说明书_1217218983.pdf,,本地PDF存在,A-CNInfo URL+本地PDF,,9.79,,,科创板跨板块推广,先PDF转Markdown，再用同一套TOC+关键词规则定位PE/VC与股本变动章节。
STAR-688646,cninfo_star_pdf_log,STAR-688646,688646,武汉逸飞激光股份有限公司,ST逸飞,SSE,科创板,2023-07-28,2023,2023-07-25,巨潮资讯网CNInfo抓取日志,,https://static.cninfo.com.cn/finalpage/2023-07-25/1217376797.PDF,任务一_招股书抓取_科创板_2021-2025/PDF库/科创板/2023/688646_ST逸飞/688646_ST逸飞_招股说明书_1217376797.pdf,,本地PDF存在,A-CNInfo URL+本地PDF,,10.04,,,科创板跨板块推广,先PDF转Markdown，再用同一套TOC+关键词规则定位PE/VC与股本变动章节。
STAR-688648,cninfo_star_pdf_log,STAR-688648,688648,中邮科技股份有限公司,中邮科技,SSE,科创板,2023-11-13,2023,2023-11-08,巨潮资讯网CNInfo抓取日志,,https://static.cninfo.com.cn/finalpage/2023-11-08/1218274715.PDF,任务一_招股书抓取_科创板_2021-2025/PDF库/科创板/2023/688648_中邮科技/688648_中邮科技_招股说明书_1218274715.pdf,,本地PDF存在,A-CNInfo URL+本地PDF,,7.78,,,科创板跨板块推广,先PDF转Markdown，再用同一套TOC+关键词规则定位PE/VC与股本变动章节。
STAR-688651,cninfo_star_pdf_log,STAR-688651,688651,远江盛邦安全科技集团股份有限公司,盛邦安全,SSE,科创板,2023-07-26,2023,2023-07-21,巨潮资讯网CNInfo抓取日志,,https://static.cninfo.com.cn/finalpage/2023-07-21/1217347553.PDF,任务一_招股书抓取_科创板_2021-2025/PDF库/科创板/2023/688651_盛邦安全/688651_盛邦安全_招股说明书_1217347553.pdf,,本地PDF存在,A-CNInfo URL+本地PDF,,5.52,,,科创板跨板块推广,先PDF转Markdown，再用同一套TOC+关键词规则定位PE/VC与股本变动章节。
STAR-688652,cninfo_star_pdf_log,STAR-688652,688652,北京京仪自动化装备技术股份有限公司,京仪装备,SSE,科创板,2023-11-29,2023,2023-11-24,巨潮资讯网CNInfo抓取日志,,https://static.cninfo.com.cn/finalpage/2023-11-24/1218421098.PDF,任务一_招股书抓取_科创板_2021-2025/PDF库/科创板/2023/688652_京仪装备/688652_京仪装备_招股说明书_1218421098.pdf,,本地PDF存在,A-CNInfo URL+本地PDF,,9.25,,,科创板跨板块推广,先PDF转Markdown，再用同一套TOC+关键词规则定位PE/VC与股本变动章节。
STAR-688653,cninfo_star_pdf_log,STAR-688653,688653,格兰康希通信科技(上海)股份有限公司,康希通信,SSE,科创板,2023-11-17,2023,2023-11-14,巨潮资讯网CNInfo抓取日志,,https://static.cninfo.com.cn/finalpage/2023-11-14/1218325965.PDF,任务一_招股书抓取_科创板_2021-2025/PDF库/科创板/2023/688653_康希通信/688653_康希通信_招股说明书_1218325965.pdf,,本地PDF存在,A-CNInfo URL+本地PDF,,6.35,,,科创板跨板块推广,先PDF转Markdown，再用同一套TOC+关键词规则定位PE/VC与股本变动章节。
STAR-688657,cninfo_star_pdf_log,STAR-688657,688657,苏州浩辰软件股份有限公司,浩辰软件,SSE,科创板,2023-10-10,2023,2023-09-27,巨潮资讯网CNInfo抓取日志,,https://static.cninfo.com.cn/finalpage/2023-09-27/1217961178.PDF,任务一_招股书抓取_科创板_2021-2025/PDF库/科创板/2023/688657_浩辰软件/688657_浩辰软件_招股说明书_1217961178.pdf,,本地PDF存在,A-CNInfo URL+本地PDF,,11.47,,,科创板跨板块推广,先PDF转Markdown，再用同一套TOC+关键词规则定位PE/VC与股本变动章节。
STAR-688671,cninfo_star_pdf_log,STAR-688671,688671,碧兴物联科技(深圳)股份有限公司,碧兴物联,SSE,科创板,2023-08-09,2023,2023-08-04,巨潮资讯网CNInfo抓取日志,,https://static.cninfo.com.cn/finalpage/2023-08-04/1217460813.PDF,任务一_招股书抓取_科创板_2021-2025/PDF库/科创板/2023/688671_碧兴物联/688671_碧兴物联_招股说明书_1217460813.pdf,,本地PDF存在,A-CNInfo URL+本地PDF,,6.53,,,科创板跨板块推广,先PDF转Markdown，再用同一套TOC+关键词规则定位PE/VC与股本变动章节。
STAR-688680,cninfo_star_pdf_log,STAR-688680,688680,上海海优威新材料股份有限公司,海优新材,SSE,科创板,2021-01-22,2021,2021-01-19,巨潮资讯网CNInfo抓取日志,,https://static.cninfo.com.cn/finalpage/2021-01-19/1209135684.PDF,任务一_招股书抓取_科创板_2021-2025/PDF库/科创板/2021/688680_海优新材/688680_海优新材_招股说明书_1209135684.pdf,,本地PDF存在,A-CNInfo URL+本地PDF,,8.89,,,科创板跨板块推广,先PDF转Markdown，再用同一套TOC+关键词规则定位PE/VC与股本变动章节。
STAR-688691,cninfo_star_pdf_log,STAR-688691,688691,灿芯半导体(上海)股份有限公司,灿芯股份,SSE,科创板,2024-04-11,2024,2024-04-08,巨潮资讯网CNInfo抓取日志,,https://static.cninfo.com.cn/finalpage/2024-04-08/1219528631.PDF,任务一_招股书抓取_科创板_2021-2025/PDF库/科创板/2024/688691_灿芯股份/688691_灿芯股份_招股说明书_1219528631.pdf,,本地PDF存在,A-CNInfo URL+本地PDF,,5.84,,,科创板跨板块推广,先PDF转Markdown，再用同一套TOC+关键词规则定位PE/VC与股本变动章节。
STAR-688692,cninfo_star_pdf_log,STAR-688692,688692,武汉达梦数据库股份有限公司,达梦数据,SSE,科创板,2024-06-12,2024,2024-06-06,巨潮资讯网CNInfo抓取日志,,https://static.cninfo.com.cn/finalpage/2024-06-06/1220272659.PDF,任务一_招股书抓取_科创板_2021-2025/PDF库/科创板/2024/688692_达梦数据/688692_达梦数据_招股说明书_1220272659.pdf,,本地PDF存在,A-CNInfo URL+本地PDF,,4.62,,,科创板跨板块推广,先PDF转Markdown，再用同一套TOC+关键词规则定位PE/VC与股本变动章节。
STAR-688693,cninfo_star_pdf_log,STAR-688693,688693,苏州锴威特半导体股份有限公司,锴威特,SSE,科创板,2023-08-18,2023,2023-08-14,巨潮资讯网CNInfo抓取日志,,https://static.cninfo.com.cn/finalpage/2023-08-14/1217524556.PDF,任务一_招股书抓取_科创板_2021-2025/PDF库/科创板/2023/688693_锴威特/688693_锴威特_招股说明书_1217524556.pdf,,本地PDF存在,A-CNInfo URL+本地PDF,,7.23,,,科创板跨板块推广,先PDF转Markdown，再用同一套TOC+关键词规则定位PE/VC与股本变动章节。
STAR-688695,cninfo_star_pdf_log,STAR-688695,688695,山东中创软件商用中间件股份有限公司,中创股份,SSE,科创板,2024-03-13,2024,2024-03-08,巨潮资讯网CNInfo抓取日志,,https://static.cninfo.com.cn/finalpage/2024-03-08/1219255767.PDF,任务一_招股书抓取_科创板_2021-2025/PDF库/科创板/2024/688695_中创股份/688695_中创股份_招股说明书_1219255767.pdf,,本地PDF存在,A-CNInfo URL+本地PDF,,8.04,,,科创板跨板块推广,先PDF转Markdown，再用同一套TOC+关键词规则定位PE/VC与股本变动章节。
STAR-688697,cninfo_star_pdf_log,STAR-688697,688697,纽威数控装备(苏州)股份有限公司,纽威数控,SSE,科创板,2021-09-17,2021,2021-09-13,巨潮资讯网CNInfo抓取日志,,https://static.cninfo.com.cn/finalpage/2021-09-13/1211029779.PDF,任务一_招股书抓取_科创板_2021-2025/PDF库/科创板/2021/688697_纽威数控/688697_纽威数控_招股说明书_1211029779.pdf,,本地PDF存在,A-CNInfo URL+本地PDF,,8.28,,,科创板跨板块推广,先PDF转Markdown，再用同一套TOC+关键词规则定位PE/VC与股本变动章节。
STAR-688700,cninfo_star_pdf_log,STAR-688700,688700,昆山东威科技股份有限公司,东威科技,SSE,科创板,2021-06-15,2021,2023-06-08,巨潮资讯网CNInfo抓取日志,,https://static.cninfo.com.cn/finalpage/2023-06-08/1217011982.PDF,任务一_招股书抓取_科创板_2021-2025/PDF库/科创板/2021/688700_东威科技/688700_东威科技_招股说明书_1217011982.pdf,,本地PDF存在,A-CNInfo URL+本地PDF,,0.22,,,科创板跨板块推广,先PDF转Markdown，再用同一套TOC+关键词规则定位PE/VC与股本变动章节。
STAR-688701,cninfo_star_pdf_log,STAR-688701,688701,浙江卓锦环保科技股份有限公司,卓锦股份,SSE,科创板,2021-09-16,2021,2021-09-10,巨潮资讯网CNInfo抓取日志,,https://static.cninfo.com.cn/finalpage/2021-09-10/1210996138.PDF,任务一_招股书抓取_科创板_2021-2025/PDF库/科创板/2021/688701_卓锦股份/688701_卓锦股份_招股说明书_1210996138.pdf,,本地PDF存在,A-CNInfo URL+本地PDF,,10.18,,,科创板跨板块推广,先PDF转Markdown，再用同一套TOC+关键词规则定位PE/VC与股本变动章节。
STAR-688702,cninfo_star_pdf_log,STAR-688702,688702,苏州盛科通信股份有限公司,盛科通信,SSE,科创板,2023-09-14,2023,2023-09-08,巨潮资讯网CNInfo抓取日志,,https://static.cninfo.com.cn/finalpage/2023-09-08/1217805493.PDF,任务一_招股书抓取_科创板_2021-2025/PDF库/科创板/2023/688702_盛科通信/688702_盛科通信_招股说明书_1217805493.pdf,,本地PDF存在,A-CNInfo URL+本地PDF,,6.64,,,科创板跨板块推广,先PDF转Markdown，再用同一套TOC+关键词规则定位PE/VC与股本变动章节。
STAR-688707,cninfo_star_pdf_log,STAR-688707,688707,贵州振华新材料股份有限公司,振华新材,SSE,科创板,2021-09-14,2021,2021-09-08,巨潮资讯网CNInfo抓取日志,,https://static.cninfo.com.cn/finalpage/2021-09-08/1210983093.PDF,任务一_招股书抓取_科创板_2021-2025/PDF库/科创板/2021/688707_振华新材/688707_振华新材_招股说明书_1210983093.pdf,,本地PDF存在,A-CNInfo URL+本地PDF,,5.98,,,科创板跨板块推广,先PDF转Markdown，再用同一套TOC+关键词规则定位PE/VC与股本变动章节。
STAR-688708,cninfo_star_pdf_log,STAR-688708,688708,成都佳驰电子科技股份有限公司,佳驰科技,SSE,科创板,2024-12-05,2024,2024-11-29,巨潮资讯网CNInfo抓取日志,,https://static.cninfo.com.cn/finalpage/2024-11-29/1221880356.PDF,任务一_招股书抓取_科创板_2021-2025/PDF库/科创板/2024/688708_佳驰科技/688708_佳驰科技_招股说明书_1221880356.pdf,,本地PDF存在,A-CNInfo URL+本地PDF,,5.66,,,科创板跨板块推广,先PDF转Markdown，再用同一套TOC+关键词规则定位PE/VC与股本变动章节。
STAR-688709,cninfo_star_pdf_log,STAR-688709,688709,成都华微电子科技股份有限公司,成都华微,SSE,科创板,2024-02-07,2024,2024-02-02,巨潮资讯网CNInfo抓取日志,,https://static.cninfo.com.cn/finalpage/2024-02-02/1219066981.PDF,任务一_招股书抓取_科创板_2021-2025/PDF库/科创板/2024/688709_成都华微/688709_成都华微_招股说明书_1219066981.pdf,,本地PDF存在,A-CNInfo URL+本地PDF,,10.51,,,科创板跨板块推广,先PDF转Markdown，再用同一套TOC+关键词规则定位PE/VC与股本变动章节。
STAR-688710,cninfo_star_pdf_log,STAR-688710,688710,上海益诺思生物技术股份有限公司,益诺思,SSE,科创板,2024-09-03,2024,2024-08-29,巨潮资讯网CNInfo抓取日志,,https://static.cninfo.com.cn/finalpage/2024-08-29/1221031246.PDF,任务一_招股书抓取_科创板_2021-2025/PDF库/科创板/2024/688710_益诺思/688710_益诺思_招股说明书_1221031246.pdf,,本地PDF存在,A-CNInfo URL+本地PDF,,7.88,,,科创板跨板块推广,先PDF转Markdown，再用同一套TOC+关键词规则定位PE/VC与股本变动章节。
STAR-688711,cninfo_star_pdf_log,STAR-688711,688711,江苏宏微科技股份有限公司,宏微科技,SSE,科创板,2021-09-01,2021,2021-08-27,巨潮资讯网CNInfo抓取日志,,https://static.cninfo.com.cn/finalpage/2021-08-27/1210876546.PDF,任务一_招股书抓取_科创板_2021-2025/PDF库/科创板/2021/688711_宏微科技/688711_宏微科技_招股说明书_1210876546.pdf,,本地PDF存在,A-CNInfo URL+本地PDF,,9.92,,,科创板跨板块推广,先PDF转Markdown，再用同一套TOC+关键词规则定位PE/VC与股本变动章节。
STAR-688716,cninfo_star_pdf_log,STAR-688716,688716,吉林省中研高分子材料股份有限公司,中研股份,SSE,科创板,2023-09-20,2023,2023-09-15,巨潮资讯网CNInfo抓取日志,,https://static.cninfo.com.cn/finalpage/2023-09-15/1217859708.PDF,任务一_招股书抓取_科创板_2021-2025/PDF库/科创板/2023/688716_中研股份/688716_中研股份_招股说明书_1217859708.pdf,,本地PDF存在,A-CNInfo URL+本地PDF,,5.97,,,科创板跨板块推广,先PDF转Markdown，再用同一套TOC+关键词规则定位PE/VC与股本变动章节。
STAR-688717,cninfo_star_pdf_log,STAR-688717,688717,浙江艾罗网络能源技术股份有限公司,艾罗能源,SSE,科创板,2024-01-03,2024,2023-12-28,巨潮资讯网CNInfo抓取日志,,https://static.cninfo.com.cn/finalpage/2023-12-28/1218746774.PDF,任务一_招股书抓取_科创板_2021-2025/PDF库/科创板/2024/688717_艾罗能源/688717_艾罗能源_招股说明书_1218746774.pdf,,本地PDF存在,A-CNInfo URL+本地PDF,,7.64,,,科创板跨板块推广,先PDF转Markdown，再用同一套TOC+关键词规则定位PE/VC与股本变动章节。
STAR-688719,cninfo_star_pdf_log,STAR-688719,688719,西安爱科赛博电气股份有限公司,爱科赛博,SSE,科创板,2023-09-28,2023,2023-09-22,巨潮资讯网CNInfo抓取日志,,https://static.cninfo.com.cn/finalpage/2023-09-22/1217918490.PDF,任务一_招股书抓取_科创板_2021-2025/PDF库/科创板/2023/688719_爱科赛博/688719_爱科赛博_招股说明书_1217918490.pdf,,本地PDF存在,A-CNInfo URL+本地PDF,,7.17,,,科创板跨板块推广,先PDF转Markdown，再用同一套TOC+关键词规则定位PE/VC与股本变动章节。
STAR-688720,cninfo_star_pdf_log,STAR-688720,688720,江苏艾森半导体材料股份有限公司,艾森股份,SSE,科创板,2023-12-06,2023,2023-12-01,巨潮资讯网CNInfo抓取日志,,https://static.cninfo.com.cn/finalpage/2023-12-01/1218484952.PDF,任务一_招股书抓取_科创板_2021-2025/PDF库/科创板/2023/688720_艾森股份/688720_艾森股份_招股说明书_1218484952.pdf,,本地PDF存在,A-CNInfo URL+本地PDF,,5.07,,,科创板跨板块推广,先PDF转Markdown，再用同一套TOC+关键词规则定位PE/VC与股本变动章节。
STAR-688721,cninfo_star_pdf_log,STAR-688721,688721,深圳市龙图光罩股份有限公司,龙图光罩,SSE,科创板,2024-08-06,2024,2024-08-01,巨潮资讯网CNInfo抓取日志,,https://static.cninfo.com.cn/finalpage/2024-08-01/1220766276.PDF,任务一_招股书抓取_科创板_2021-2025/PDF库/科创板/2024/688721_龙图光罩/688721_龙图光罩_招股说明书_1220766276.pdf,,本地PDF存在,A-CNInfo URL+本地PDF,,6.02,,,科创板跨板块推广,先PDF转Markdown，再用同一套TOC+关键词规则定位PE/VC与股本变动章节。
STAR-688722,cninfo_star_pdf_log,STAR-688722,688722,北京同益中新材料科技股份有限公司,同益中,SSE,科创板,2021-10-19,2021,2021-10-12,巨潮资讯网CNInfo抓取日志,,https://static.cninfo.com.cn/finalpage/2021-10-12/1211237433.PDF,任务一_招股书抓取_科创板_2021-2025/PDF库/科创板/2021/688722_同益中/688722_同益中_招股说明书_1211237433.pdf,,本地PDF存在,A-CNInfo URL+本地PDF,,9.54,,,科创板跨板块推广,先PDF转Markdown，再用同一套TOC+关键词规则定位PE/VC与股本变动章节。
STAR-688726,cninfo_star_pdf_log,STAR-688726,688726,拉普拉斯新能源科技股份有限公司,拉普拉斯,SSE,科创板,2024-10-29,2024,2024-10-24,巨潮资讯网CNInfo抓取日志,,https://static.cninfo.com.cn/finalpage/2024-10-24/1221490280.PDF,任务一_招股书抓取_科创板_2021-2025/PDF库/科创板/2024/688726_拉普拉斯/688726_拉普拉斯_招股说明书_1221490280.pdf,,本地PDF存在,A-CNInfo URL+本地PDF,,11.86,,,科创板跨板块推广,先PDF转Markdown，再用同一套TOC+关键词规则定位PE/VC与股本变动章节。
STAR-688727,cninfo_star_pdf_log,STAR-688727,688727,厦门恒坤新材料科技股份有限公司,恒坤新材,SSE,科创板,2025-11-18,2025,2025-11-13,巨潮资讯网CNInfo抓取日志,,https://static.cninfo.com.cn/finalpage/2025-11-13/1224802223.PDF,任务一_招股书抓取_科创板_2021-2025/PDF库/科创板/2025/688727_恒坤新材/688727_恒坤新材_招股说明书_1224802223.pdf,,本地PDF存在,A-CNInfo URL+本地PDF,,7.22,,,科创板跨板块推广,先PDF转Markdown，再用同一套TOC+关键词规则定位PE/VC与股本变动章节。
STAR-688728,cninfo_star_pdf_log,STAR-688728,688728,格科微有限公司,格科微,SSE,科创板,2021-08-18,2021,2021-08-13,巨潮资讯网CNInfo抓取日志,,https://static.cninfo.com.cn/finalpage/2021-08-13/1210736170.PDF,任务一_招股书抓取_科创板_2021-2025/PDF库/科创板/2021/688728_格科微/688728_格科微_招股说明书_1210736170.pdf,,本地PDF存在,A-CNInfo URL+本地PDF,,6.20,,,科创板跨板块推广,先PDF转Markdown，再用同一套TOC+关键词规则定位PE/VC与股本变动章节。
STAR-688729,cninfo_star_pdf_log,STAR-688729,688729,北京屹唐半导体科技股份有限公司,屹唐股份,SSE,科创板,2025-07-08,2025,2025-07-03,巨潮资讯网CNInfo抓取日志,,https://static.cninfo.com.cn/finalpage/2025-07-03/1224068769.PDF,任务一_招股书抓取_科创板_2021-2025/PDF库/科创板/2025/688729_屹唐股份/688729_屹唐股份_招股说明书_1224068769.pdf,,本地PDF存在,A-CNInfo URL+本地PDF,,9.29,,,科创板跨板块推广,先PDF转Markdown，再用同一套TOC+关键词规则定位PE/VC与股本变动章节。
STAR-688737,cninfo_star_pdf_log,STAR-688737,688737,中自科技股份有限公司,中自科技,SSE,科创板,2021-10-22,2021,2021-10-18,巨潮资讯网CNInfo抓取日志,,https://static.cninfo.com.cn/finalpage/2021-10-18/1211301617.PDF,任务一_招股书抓取_科创板_2021-2025/PDF库/科创板/2021/688737_中自科技/688737_中自科技_招股说明书_1211301617.pdf,,本地PDF存在,A-CNInfo URL+本地PDF,,6.58,,,科创板跨板块推广,先PDF转Markdown，再用同一套TOC+关键词规则定位PE/VC与股本变动章节。
STAR-688739,cninfo_star_pdf_log,STAR-688739,688739,辽宁成大生物股份有限公司,成大生物,SSE,科创板,2021-10-28,2021,2021-10-25,巨潮资讯网CNInfo抓取日志,,https://static.cninfo.com.cn/finalpage/2021-10-25/1211364711.PDF,任务一_招股书抓取_科创板_2021-2025/PDF库/科创板/2021/688739_成大生物/688739_成大生物_招股说明书_1211364711.pdf,,本地PDF存在,A-CNInfo URL+本地PDF,,12.28,,,科创板跨板块推广,先PDF转Markdown，再用同一套TOC+关键词规则定位PE/VC与股本变动章节。
STAR-688750,cninfo_star_pdf_log,STAR-688750,688750,湖南湘投金天钛业科技股份有限公司,金天钛业,SSE,科创板,2024-11-20,2024,2024-11-14,巨潮资讯网CNInfo抓取日志,,https://static.cninfo.com.cn/finalpage/2024-11-14/1221712885.PDF,任务一_招股书抓取_科创板_2021-2025/PDF库/科创板/2024/688750_金天钛业/688750_金天钛业_招股说明书_1221712885.pdf,,本地PDF存在,A-CNInfo URL+本地PDF,,5.18,,,科创板跨板块推广,先PDF转Markdown，再用同一套TOC+关键词规则定位PE/VC与股本变动章节。
STAR-688755,cninfo_star_pdf_log,STAR-688755,688755,江苏汉邦科技股份有限公司,汉邦科技,SSE,科创板,2025-05-16,2025,2025-05-13,巨潮资讯网CNInfo抓取日志,,https://static.cninfo.com.cn/finalpage/2025-05-13/1223528584.PDF,任务一_招股书抓取_科创板_2021-2025/PDF库/科创板/2025/688755_汉邦科技/688755_汉邦科技_招股说明书_1223528584.pdf,,本地PDF存在,A-CNInfo URL+本地PDF,,7.43,,,科创板跨板块推广,先PDF转Markdown，再用同一套TOC+关键词规则定位PE/VC与股本变动章节。
STAR-688757,cninfo_star_pdf_log,STAR-688757,688757,胜科纳米(苏州)股份有限公司,胜科纳米,SSE,科创板,2025-03-25,2025,2025-03-20,巨潮资讯网CNInfo抓取日志,,https://static.cninfo.com.cn/finalpage/2025-03-20/1222846384.PDF,任务一_招股书抓取_科创板_2021-2025/PDF库/科创板/2025/688757_胜科纳米/688757_胜科纳米_招股说明书_1222846384.pdf,,本地PDF存在,A-CNInfo URL+本地PDF,,6.64,,,科创板跨板块推广,先PDF转Markdown，再用同一套TOC+关键词规则定位PE/VC与股本变动章节。
STAR-688758,cninfo_star_pdf_log,STAR-688758,688758,苏州赛分科技股份有限公司,赛分科技,SSE,科创板,2025-01-10,2025,2025-01-06,巨潮资讯网CNInfo抓取日志,,https://static.cninfo.com.cn/finalpage/2025-01-06/1222238930.PDF,任务一_招股书抓取_科创板_2021-2025/PDF库/科创板/2025/688758_赛分科技/688758_赛分科技_招股说明书_1222238930.pdf,,本地PDF存在,A-CNInfo URL+本地PDF,,8.09,,,科创板跨板块推广,先PDF转Markdown，再用同一套TOC+关键词规则定位PE/VC与股本变动章节。
STAR-688759,cninfo_star_pdf_log,STAR-688759,688759,广州必贝特医药股份有限公司,必贝特,SSE,科创板,2025-10-28,2025,2025-10-23,巨潮资讯网CNInfo抓取日志,,https://static.cninfo.com.cn/finalpage/2025-10-23/1224726268.PDF,任务一_招股书抓取_科创板_2021-2025/PDF库/科创板/2025/688759_必贝特/688759_必贝特_招股说明书_1224726268.pdf,,本地PDF存在,A-CNInfo URL+本地PDF,,10.70,,,科创板跨板块推广,先PDF转Markdown，再用同一套TOC+关键词规则定位PE/VC与股本变动章节。
STAR-688765,cninfo_star_pdf_log,STAR-688765,688765,武汉禾元生物科技股份有限公司,禾元生物,SSE,科创板,2025-10-28,2025,2025-10-20,巨潮资讯网CNInfo抓取日志,,https://static.cninfo.com.cn/finalpage/2025-10-20/1224719933.PDF,任务一_招股书抓取_科创板_2021-2025/PDF库/科创板/2025/688765_禾元生物/688765_禾元生物_招股说明书_1224719933.pdf,,本地PDF存在,A-CNInfo URL+本地PDF,,7.16,,,科创板跨板块推广,先PDF转Markdown，再用同一套TOC+关键词规则定位PE/VC与股本变动章节。
STAR-688767,cninfo_star_pdf_log,STAR-688767,688767,杭州博拓生物科技股份有限公司,博拓生物,SSE,科创板,2021-09-08,2021,2021-09-03,巨潮资讯网CNInfo抓取日志,,https://static.cninfo.com.cn/finalpage/2021-09-03/1210965195.PDF,任务一_招股书抓取_科创板_2021-2025/PDF库/科创板/2021/688767_博拓生物/688767_博拓生物_招股说明书_1210965195.pdf,,本地PDF存在,A-CNInfo URL+本地PDF,,11.11,,,科创板跨板块推广,先PDF转Markdown，再用同一套TOC+关键词规则定位PE/VC与股本变动章节。
STAR-688772,cninfo_star_pdf_log,STAR-688772,688772,珠海冠宇电池股份有限公司,珠海冠宇,SSE,科创板,2021-10-15,2021,2021-10-11,巨潮资讯网CNInfo抓取日志,,https://static.cninfo.com.cn/finalpage/2021-10-11/1211229308.PDF,任务一_招股书抓取_科创板_2021-2025/PDF库/科创板/2021/688772_珠海冠宇/688772_珠海冠宇_招股说明书_1211229308.pdf,,本地PDF存在,A-CNInfo URL+本地PDF,,19.23,,,科创板跨板块推广,先PDF转Markdown，再用同一套TOC+关键词规则定位PE/VC与股本变动章节。
STAR-688775,cninfo_star_pdf_log,STAR-688775,688775,影石创新科技股份有限公司,影石创新,SSE,科创板,2025-06-11,2025,2025-06-06,巨潮资讯网CNInfo抓取日志,,https://static.cninfo.com.cn/finalpage/2025-06-06/1223788474.PDF,任务一_招股书抓取_科创板_2021-2025/PDF库/科创板/2025/688775_影石创新/688775_影石创新_招股说明书_1223788474.pdf,,本地PDF存在,A-CNInfo URL+本地PDF,,9.58,,,科创板跨板块推广,先PDF转Markdown，再用同一套TOC+关键词规则定位PE/VC与股本变动章节。
STAR-688776,cninfo_star_pdf_log,STAR-688776,688776,成都国光电气股份有限公司,国光电气,SSE,科创板,2021-08-31,2021,2021-08-26,巨潮资讯网CNInfo抓取日志,,https://static.cninfo.com.cn/finalpage/2021-08-26/1210861196.PDF,任务一_招股书抓取_科创板_2021-2025/PDF库/科创板/2021/688776_国光电气/688776_国光电气_招股说明书_1210861196.pdf,,本地PDF存在,A-CNInfo URL+本地PDF,,10.15,,,科创板跨板块推广,先PDF转Markdown，再用同一套TOC+关键词规则定位PE/VC与股本变动章节。
STAR-688783,cninfo_star_pdf_log,STAR-688783,688783,西安奕斯伟材料科技股份有限公司,西安奕材,SSE,科创板,2025-10-28,2025,2025-10-22,巨潮资讯网CNInfo抓取日志,,https://static.cninfo.com.cn/finalpage/2025-10-22/1224723727.PDF,任务一_招股书抓取_科创板_2021-2025/PDF库/科创板/2025/688783_西安奕材/688783_西安奕材_招股说明书_1224723727.pdf,,本地PDF存在,A-CNInfo URL+本地PDF,,7.79,,,科创板跨板块推广,先PDF转Markdown，再用同一套TOC+关键词规则定位PE/VC与股本变动章节。
STAR-688790,cninfo_star_pdf_log,STAR-688790,688790,北京昂瑞微电子技术股份有限公司,昂瑞微,SSE,科创板,2025-12-16,2025,2025-12-11,巨潮资讯网CNInfo抓取日志,,https://static.cninfo.com.cn/finalpage/2025-12-11/1224867086.PDF,任务一_招股书抓取_科创板_2021-2025/PDF库/科创板/2025/688790_昂瑞微/688790_昂瑞微_招股说明书_1224867086.pdf,,本地PDF存在,A-CNInfo URL+本地PDF,,15.46,,,科创板跨板块推广,先PDF转Markdown，再用同一套TOC+关键词规则定位PE/VC与股本变动章节。
STAR-688795,cninfo_star_pdf_log,STAR-688795,688795,摩尔线程智能科技(北京)股份有限公司,摩尔线程,SSE,科创板,2025-12-05,2025,2025-11-28,巨潮资讯网CNInfo抓取日志,,https://static.cninfo.com.cn/finalpage/2025-11-28/1224831699.PDF,任务一_招股书抓取_科创板_2021-2025/PDF库/科创板/2025/688795_摩尔线程/688795_摩尔线程_招股说明书_1224831699.pdf,,本地PDF存在,A-CNInfo URL+本地PDF,,12.11,,,科创板跨板块推广,先PDF转Markdown，再用同一套TOC+关键词规则定位PE/VC与股本变动章节。
STAR-688796,cninfo_star_pdf_log,STAR-688796,688796,百奥赛图(北京)医药科技股份有限公司,百奥赛图,SSE,科创板,2025-12-10,2025,2025-12-04,巨潮资讯网CNInfo抓取日志,,https://static.cninfo.com.cn/finalpage/2025-12-04/1224848797.PDF,任务一_招股书抓取_科创板_2021-2025/PDF库/科创板/2025/688796_百奥赛图/688796_百奥赛图_招股说明书_1224848797.pdf,,本地PDF存在,A-CNInfo URL+本地PDF,,9.98,,,科创板跨板块推广,先PDF转Markdown，再用同一套TOC+关键词规则定位PE/VC与股本变动章节。
STAR-688802,cninfo_star_pdf_log,STAR-688802,688802,沐曦集成电路(上海)股份有限公司,沐曦股份,SSE,科创板,2025-12-17,2025,2025-12-11,巨潮资讯网CNInfo抓取日志,,https://static.cninfo.com.cn/finalpage/2025-12-11/1224867078.PDF,任务一_招股书抓取_科创板_2021-2025/PDF库/科创板/2025/688802_沐曦股份/688802_沐曦股份_招股说明书_1224867078.pdf,,本地PDF存在,A-CNInfo URL+本地PDF,,10.13,,,科创板跨板块推广,先PDF转Markdown，再用同一套TOC+关键词规则定位PE/VC与股本变动章节。
STAR-688805,cninfo_star_pdf_log,STAR-688805,688805,宁波健信超导科技股份有限公司,健信超导,SSE,科创板,2025-12-24,2025,2025-12-19,巨潮资讯网CNInfo抓取日志,,https://static.cninfo.com.cn/finalpage/2025-12-19/1224886206.PDF,任务一_招股书抓取_科创板_2021-2025/PDF库/科创板/2025/688805_健信超导/688805_健信超导_招股说明书_1224886206.pdf,,本地PDF存在,A-CNInfo URL+本地PDF,,5.31,,,科创板跨板块推广,先PDF转Markdown，再用同一套TOC+关键词规则定位PE/VC与股本变动章节。
STAR-688807,cninfo_star_pdf_log,STAR-688807,688807,厦门优迅芯片股份有限公司,优迅股份,SSE,科创板,2025-12-19,2025,2025-12-12,巨潮资讯网CNInfo抓取日志,,https://static.cninfo.com.cn/finalpage/2025-12-12/1224870082.PDF,任务一_招股书抓取_科创板_2021-2025/PDF库/科创板/2025/688807_优迅股份/688807_优迅股份_招股说明书_1224870082.pdf,,本地PDF存在,A-CNInfo URL+本地PDF,,5.56,,,科创板跨板块推广,先PDF转Markdown，再用同一套TOC+关键词规则定位PE/VC与股本变动章节。
STAR-688809,cninfo_star_pdf_log,STAR-688809,688809,强一半导体(苏州)股份有限公司,强一股份,SSE,科创板,2025-12-30,2025,2025-12-25,巨潮资讯网CNInfo抓取日志,,https://static.cninfo.com.cn/finalpage/2025-12-25/1224897120.PDF,任务一_招股书抓取_科创板_2021-2025/PDF库/科创板/2025/688809_强一股份/688809_强一股份_招股说明书_1224897120.pdf,,本地PDF存在,A-CNInfo URL+本地PDF,,5.35,,,科创板跨板块推广,先PDF转Markdown，再用同一套TOC+关键词规则定位PE/VC与股本变动章节。
